# 3ds Max Wavefront OBJ Exporter v0.99 - (c)2007 guruware
# File Created: 27.11.2025 20:34:41

#
# object BASE
#

v  31.6701 27.3750 2.0000
v  66.0020 27.3750 2.0000
v  66.0020 -27.3749 2.0000
v  31.6701 -0.0000 4.0001
v  58.2020 7.4220 4.0001
v  66.0020 27.3750 4.0001
v  66.0020 -0.4000 4.0001
v  75.5333 -27.3749 4.0000
v  75.5333 27.3750 4.0001
v  66.0020 -27.3749 4.0001
v  58.2020 -0.4000 4.0001
v  23.8020 -9.8000 4.0001
v  23.8020 -20.0180 4.0001
v  31.6701 -27.3750 4.0001
v  23.8020 27.3750 2.0000
v  31.6701 -27.3750 2.0000
v  20.4656 -6.0000 2.0000
v  99.7000 11.2557 3.4275
v  99.7000 9.2925 6.1689
v  99.7000 8.1627 3.4275
v  97.7000 -24.9621 6.4500
v  97.7000 8.1627 6.4500
v  94.1258 24.9642 6.4500
v  99.7000 1.0619 8.0100
v  99.7000 -6.0381 8.0100
v  99.7000 -6.0372 3.4275
v  81.0000 -16.5000 2.0000
v  99.7000 27.3750 2.0000
v  99.7000 -27.3749 2.0000
v  20.4656 6.0500 2.0000
v  17.4000 6.0500 4.0001
v  17.4000 -6.0500 4.0001
v  97.7000 25.4980 17.3971
v  97.7000 22.7902 12.3372
v  97.7000 11.2557 12.3372
v  98.7000 13.8521 11.4250
v  98.7000 20.1921 11.4250
v  98.7000 20.2130 13.4250
v  3.7441 -27.3750 4.0001
v  16.8445 -9.8000 4.0001
v  20.4020 -13.6180 4.0001
v  81.0000 16.5000 2.0000
v  94.1258 24.9658 4.0000
v  81.0000 16.5000 4.0000
v  81.0000 -16.5000 4.0000
v  97.7000 27.3750 4.0000
v  75.5333 27.3750 2.0000
v  99.7000 25.4979 3.4275
v  99.7000 14.8000 3.4275
v  99.7000 17.0221 6.2650
v  98.7000 20.2130 6.2650
v  98.7000 13.8311 6.2650
v  3.7441 27.3750 2.0000
v  17.0020 27.3750 2.0000
v  14.8974 6.0500 2.0000
v  5.8634 17.3000 5.4392
v  13.2595 17.3000 7.8126
v  16.8445 17.3000 4.0001
v  98.7000 13.8311 13.4250
v  97.7000 8.1619 19.2745
v  3.7441 -27.3750 2.0000
v  5.8634 -17.3000 5.4392
v  13.2595 -17.3000 8.2369
v  16.1895 -17.3000 15.7665
v  5.8634 -9.8000 5.4392
v  16.1251 -9.8000 15.7021
v  13.2595 -9.8000 8.2369
v  17.4854 -17.3000 4.0001
v  13.2595 -17.3000 7.8126
v  4.7320 9.8000 6.5706
v  4.7320 17.3000 6.5706
v  10.7261 13.4792 12.5648
v  1.7441 17.3000 4.0001
v  1.7441 9.8000 4.0001
v  1.7441 9.8000 10.8252
v  8.8971 6.0000 2.0000
v  1.7441 8.5000 2.0000
v  1.7441 25.3750 2.0000
v  5.8634 9.8000 5.4392
v  11.8565 13.4792 11.4339
v  16.1251 17.3000 15.7021
v  13.2595 17.3000 8.2369
v  13.2595 9.8000 8.2369
v  16.1251 9.8000 15.7021
v  99.7000 -8.2843 3.4275
v  99.7000 -14.7996 3.4275
v  19.1185 17.3000 20.9621
v  1.7441 17.3000 10.8252
v  99.7000 25.4980 17.3951
v  99.7000 24.7487 13.5650
v  99.7000 22.0575 18.2942
v  99.7000 17.0879 16.7441
v  99.7000 18.2912 16.7441
v  99.7000 -26.4000 4.0000
v  99.7000 -18.1315 4.5600
v  97.7000 -6.0380 8.0100
v  97.7000 8.1619 8.0100
v  99.7000 -25.4983 17.3971
v  99.7000 -26.4000 5.5000
v  99.7000 -22.4850 8.0100
v  99.7000 -22.4859 17.3960
v  97.7000 -22.4849 8.0100
v  31.6701 27.3750 4.0001
v  23.8020 19.5320 4.0001
v  16.8445 9.8000 4.0001
v  99.7000 0.1281 5.7499
v  99.7000 0.9756 5.7499
v  99.7000 -1.5978 5.6458
v  97.7000 24.9634 8.2000
v  97.7000 24.9629 12.3372
v  97.7000 27.3748 17.3965
v  98.7000 20.1921 8.2650
v  98.7000 23.3524 8.6033
v  98.7000 23.4054 8.7993
v  98.7000 21.4550 9.2486
v  97.7000 22.7902 8.0100
v  97.7000 24.9642 6.4500
v  62.1020 -0.4000 4.0001
v  62.1020 7.4220 4.0001
v  66.0020 7.4220 4.0001
v  99.7000 -1.9282 4.2886
v  99.7000 -1.9322 4.3639
v  99.7000 2.8425 3.6135
v  99.7000 3.7542 5.6891
v  100.1995 -0.1959 3.6135
v  100.1995 0.1281 4.5460
v  100.1995 -0.1959 5.7499
v  99.7000 0.9756 3.6135
v  99.7000 0.1281 3.6135
v  16.8445 -17.3000 5.5334
v  20.4020 -19.6180 4.0001
v  17.0850 -20.0180 4.0001
v  99.7000 12.0236 5.7484
v  99.7000 13.8311 6.2650
v  99.7000 14.1369 3.6677
v  99.7000 12.8861 3.6000
v  11.8565 -13.4758 11.4339
v  4.7320 -9.8000 6.5706
v  10.7261 -13.4758 12.5648
v  4.7320 -17.3000 6.5706
v  5.1597 -9.8000 9.8526
v  5.1597 -16.0000 9.8526
v  8.4117 -13.4758 13.1046
v  14.8974 -6.0000 2.0000
v  1.7441 -25.3750 2.0000
v  1.7441 -8.5000 2.0000
v  14.3940 17.3000 23.5321
v  14.4225 13.9386 23.5036
v  19.0724 17.3000 23.5322
v  3.0317 9.8000 9.8459
v  15.5560 9.8000 22.3702
v  13.0636 11.0038 19.8778
v  10.1844 11.4842 16.9986
v  9.9070 11.2413 16.7212
v  11.6102 12.2292 13.4485
v  19.1185 9.8000 20.9621
v  19.1185 -9.8000 20.9621
v  11.6102 -12.2258 13.4485
v  10.3426 -15.9753 15.0355
v  6.4131 -17.2987 11.0970
v  13.5128 -17.2938 18.2227
v  10.0164 -10.9864 14.7093
v  16.5951 -9.8000 21.3310
v  11.1681 -14.5583 13.0066
v  11.3814 -14.6832 13.2198
v  12.5117 12.2718 12.0890
v  17.5726 9.8000 12.5496
v  15.9202 13.4792 10.8973
v  17.5726 17.3000 12.5496
v  58.2020 3.5165 4.0001
v  62.5588 0.0520 6.5001
v  62.3043 1.9853 6.5001
v  62.1020 1.9720 6.5001
v  17.8283 -9.8000 14.9078
v  17.8283 -16.6180 14.9078
v  17.5726 -16.6180 12.5496
v  12.5117 -14.6832 12.0890
v  11.8169 11.3537 15.0959
v  7.3814 13.9386 14.1956
v  9.1854 14.1634 12.4656
v  7.4707 14.3823 14.2849
v  10.7563 13.8027 12.5949
v  11.8390 12.2718 13.6772
v  12.0522 12.3967 13.8904
v  94.1258 -24.9619 4.0000
v  97.7000 -27.3749 4.0000
v  21.9020 -14.0199 4.0001
v  22.2282 -14.2379 4.0001
v  18.8520 -16.6180 6.5001
v  18.8520 -16.6180 4.0001
v  18.8652 -16.4157 4.0001
v  16.8445 -9.8000 5.5334
v  13.2595 -13.5500 7.8126
v  16.8445 -14.2379 5.5334
v  17.5726 -9.8000 12.5496
v  15.0363 12.2292 10.0135
v  16.8445 9.8000 5.5334
v  16.8445 17.3000 5.5334
v  13.2595 13.5500 7.8126
v  99.7000 -12.6382 3.6091
v  99.7000 -17.2800 3.6002
v  99.7000 -8.2852 8.0100
v  99.7000 -15.2191 3.6135
v  99.7000 -16.0666 3.6135
v  20.4020 19.9320 6.5001
v  20.4020 19.9320 4.0001
v  20.7935 19.9577 4.0001
v  21.9520 22.9320 4.0001
v  21.9520 22.9320 6.5001
v  21.9387 23.1343 6.5001
v  99.7000 18.7401 14.6043
v  99.7000 16.1304 14.6077
v  99.7000 14.8519 14.6079
v  99.7000 9.2926 13.5650
v  99.7000 8.1619 19.2745
v  99.7000 8.1619 8.0100
v  17.6303 24.0801 6.5001
v  17.6303 24.0801 4.0001
v  17.5042 23.7085 4.0001
v  17.0020 22.9320 4.0001
v  17.0020 27.3750 4.0001
v  3.7441 27.3750 4.0001
v  1.7441 -17.3000 4.0001
v  1.7441 -25.3750 4.0001
v  1.7441 -9.8000 4.0001
v  62.1020 1.9720 4.0001
v  62.8770 4.8644 4.0001
v  62.8770 4.8644 6.5001
v  62.6951 4.9540 6.5001
v  99.7000 21.2346 3.6120
v  99.7000 20.5073 3.6120
v  99.7000 19.0498 3.6120
v  99.7000 20.6306 16.7471
v  99.7000 21.0705 14.6092
v  11.8390 -12.2684 13.6772
v  11.2448 -11.4807 15.9377
v  11.4859 -11.7915 16.1788
v  12.5117 -12.2684 12.0890
v  13.6244 -13.4758 13.2016
v  16.1251 -16.6180 15.7021
v  13.6244 13.4792 13.2016
v  12.5117 14.6866 12.0890
v  99.7000 24.7850 6.2088
v  99.7000 23.4921 10.1460
v  99.7000 22.0083 5.0884
v  99.7000 22.0126 5.0307
v  99.7000 18.7258 3.6120
v  99.7000 17.1252 3.9687
v  99.7000 17.0909 3.8982
v  99.7000 15.0896 5.2777
v  99.7000 15.2695 4.4890
v  99.7000 15.6738 5.7484
v  97.7000 11.2557 8.0100
v  97.7000 13.8521 8.2650
v  98.7000 13.8521 8.2650
v  98.7000 10.6917 11.0868
v  98.7000 10.6387 10.8907
v  98.7000 12.5891 10.4415
v  11.6102 14.7292 13.4485
v  15.7554 11.4106 17.5963
v  12.4942 13.4792 14.3322
v  10.6633 -15.8803 15.3562
v  13.5166 -15.9929 18.2277
v  19.1185 -17.3000 20.9621
v  12.4942 -13.4758 14.3322
v  11.6102 -14.7258 13.4485
v  11.9473 -13.4758 16.6402
v  16.2649 -16.0000 21.0007
v  17.6590 -17.3000 12.6360
v  13.2595 -13.5500 8.2369
v  13.2058 -11.6750 8.1725
v  23.1736 -17.7660 4.0001
v  23.0000 -18.1180 4.0001
v  23.4020 -16.6180 4.0001
v  21.6317 -17.5615 6.5001
v  21.6317 -17.5615 4.0001
v  21.4980 -17.7140 4.0001
v  21.8340 -16.0248 4.0001
v  21.8340 -16.0248 6.5001
v  21.7443 -15.8430 6.5001
v  13.2595 -9.8000 7.8126
v  63.4413 6.7556 6.5001
v  58.8684 4.8614 6.5001
v  58.8684 4.8614 4.0001
v  58.7212 4.4279 4.0001
v  14.8974 6.0500 4.0001
v  8.6353 15.8838 15.4495
v  10.5612 15.9367 13.8407
v  8.9560 15.9686 15.7702
v  99.7000 12.0236 4.3349
v  100.2000 13.5428 5.7484
v  100.2000 13.5428 4.3349
v  99.7000 13.5428 4.3349
v  1.7441 25.3750 4.0001
v  99.7000 -18.1229 4.2886
v  99.7000 -18.1269 4.3639
v  100.1995 -16.3907 5.7499
v  100.1995 -16.3907 3.6135
v  100.1995 -16.0666 4.5460
v  8.4418 -13.0164 13.1347
v  10.4739 -14.1008 13.0466
v  9.8617 -14.4579 13.1415
v  10.6144 -14.3597 13.1870
v  12.3758 14.1042 14.2138
v  12.2353 14.3631 14.0734
v  9.2822 15.9686 16.0964
v  10.8861 15.9792 14.1655
v  11.2110 15.9367 14.4902
v  99.7000 13.6120 16.6385
v  99.7000 14.6224 16.7587
v  100.2000 14.3995 16.1298
v  100.2000 14.3995 15.2221
v  99.7000 14.3995 15.2221
v  23.8020 27.3750 4.0001
v  23.8020 22.9320 4.0001
v  99.7000 18.7258 5.7484
v  99.7000 20.2130 6.2650
v  99.7000 20.2051 5.1993
v  99.7000 20.5073 5.7484
v  18.9699 22.3389 6.5001
v  18.9699 22.3389 4.0001
v  18.9048 22.5309 4.0001
v  20.4020 21.3820 4.0001
v  20.4020 21.3820 6.5001
v  20.6043 21.3953 6.5001
v  15.0363 14.7292 10.0135
v  13.2595 13.5500 8.2369
v  13.2058 14.4875 8.1725
v  13.2058 15.4250 8.1725
v  11.5248 11.1480 14.8039
v  9.1255 13.2485 12.4056
v  9.1255 13.7099 12.4056
v  7.3513 13.4792 14.1655
v  17.8039 24.4320 6.5001
v  20.7935 25.9064 4.0001
v  20.7935 25.9064 6.5001
v  21.1784 25.8298 6.5001
v  17.5042 -17.3944 4.0001
v  17.5042 -17.3944 6.5001
v  17.4854 -17.3000 5.5334
v  20.7935 -19.5923 6.5001
v  20.4020 -19.6180 6.5001
v  62.1020 0.0220 4.0001
v  62.1020 0.0220 6.5001
v  61.6451 0.0520 6.5001
v  78.8667 -16.5000 4.0000
v  78.8667 16.5000 4.0000
v  81.0000 -23.5000 2.0000
v  75.5333 -27.3749 2.0000
v  75.5333 16.5000 2.0000
v  75.5333 -16.5000 2.0000
v  81.0000 -23.5000 4.0000
v  99.7000 -12.6382 5.7499
v  99.7000 -14.8951 5.7499
v  99.7000 -12.9460 5.7499
v  98.7000 21.1989 10.9513
v  98.7000 21.2376 10.9006
v  98.7000 22.8674 12.0619
v  97.7000 22.7902 8.2000
v  95.7000 22.7902 8.2000
v  99.7000 16.6539 3.6165
v  99.7000 15.9978 3.9170
v  99.7000 15.9978 4.5607
v  100.2000 15.9978 4.5607
v  99.7000 18.5581 15.1444
v  99.7000 18.2912 15.5887
v  99.7000 21.4107 14.6092
v  21.1784 20.0342 4.0001
v  75.5333 23.5000 2.0000
v  20.0008 -15.1208 4.0001
v  20.0008 -15.1208 6.5001
v  19.8088 -15.1860 6.5001
v  18.5757 -14.2379 4.0001
v  16.8445 -14.2379 4.0001
v  98.7000 12.8453 8.7387
v  98.7000 12.8065 8.7894
v  98.7000 11.1767 7.6281
v  97.7000 12.5521 9.5650
v  63.6520 3.5220 6.5001
v  63.6520 3.5220 4.0001
v  63.6387 3.3197 4.0001
v  61.0059 4.6180 6.5001
v  61.0059 4.6180 4.0001
v  61.1584 4.7517 4.0001
v  22.7820 24.7583 6.5001
v  22.7820 24.7583 4.0001
v  22.5233 25.0533 4.0001
v  22.5233 20.8107 4.0001
v  22.5233 20.8107 6.5001
v  22.2282 20.5520 6.5001
v  99.7000 3.9724 4.8351
v  99.7000 4.0610 3.9184
v  99.7000 1.2997 5.7499
v  99.7000 2.8876 5.3923
v  1.7441 -17.3000 10.8252
v  99.7000 14.4068 14.6611
v  99.7000 13.8520 14.6077
v  99.7000 18.8763 14.5901
v  99.7000 14.7001 14.5901
v  1.7441 -9.8000 10.8252
v  19.1723 23.8756 4.0001
v  19.1723 23.8756 6.5001
v  19.0596 23.7070 6.5001
v  21.4980 24.0280 6.5001
v  21.4980 24.0280 4.0001
v  21.6317 23.8756 4.0001
v  81.0000 23.5000 2.0000
v  81.0000 23.5000 4.0000
v  99.7000 -27.3749 17.3975
v  97.7000 -27.3751 17.3954
v  97.7000 -27.3750 5.5000
v  98.7000 10.9385 8.0077
v  98.7000 11.0388 7.8345
v  98.7000 12.7354 8.8958
v  99.7000 12.2948 6.6515
v  99.7000 12.1216 6.7518
v  99.7000 23.1056 8.0077
v  99.7000 23.0053 7.8345
v  78.8667 -23.5000 4.0000
v  75.5333 -23.5000 2.0000
v  21.3455 -17.8477 4.0001
v  21.3455 -17.8477 6.5001
v  21.4980 -17.7140 6.5001
v  18.8652 -16.8203 6.5001
v  60.7596 4.2970 4.0001
v  60.7596 4.2970 6.5001
v  60.6699 4.1152 6.5001
v  59.3252 1.3914 4.0001
v  59.3252 1.3914 6.5001
v  59.0709 1.7720 6.5001
v  9.2822 10.9899 16.0964
v  3.0317 13.9386 9.8459
v  99.7000 11.6024 18.2942
v  99.7000 13.1499 16.7583
v  99.7000 12.6334 16.1473
v  97.7000 -8.2851 8.0100
v  97.7000 -24.9626 12.3372
v  22.2282 -14.2379 6.5001
v  22.5233 -14.4966 6.5001
v  22.5233 -14.4966 4.0001
v  23.1736 -17.7660 6.5001
v  99.7000 -16.9605 5.1355
v  99.7000 -17.8074 4.5774
v  99.7000 -17.6824 4.0543
v  65.5720 3.0652 4.0001
v  65.5720 3.0652 6.5001
v  65.4827 2.6162 6.5001
v  64.5768 5.9969 6.5001
v  64.5768 5.9969 4.0001
v  64.2326 6.2988 4.0001
v  12.0773 -11.6283 15.3562
v  11.4684 -14.6832 14.0406
v  11.0199 -15.2155 14.2992
v  11.2813 -15.1342 14.5605
v  8.8971 -6.0000 2.0000
v  8.8971 6.0000 4.0001
v  8.8971 -6.0000 4.0001
v  14.8974 -6.0500 4.0001
v  14.4225 9.8000 23.5036
v  19.0724 9.8000 23.5322
v  11.8866 -13.1523 11.4640
v  14.1825 -13.1523 9.1597
v  14.2708 -12.8508 9.2480
v  15.8901 -13.7993 10.8672
v  15.8018 -14.1008 10.7789
v  13.5059 -14.1008 13.0832
v  99.7000 25.4980 19.2745
v  97.7000 25.4980 19.2745
v  97.7000 27.3749 5.5000
v  99.7000 27.3748 17.3965
v  100.2000 19.5837 14.6092
v  100.2000 20.3637 16.7471
v  99.7000 20.3637 16.7471
v  100.2000 20.6306 16.7471
v  95.7000 24.9634 8.2000
v  95.7000 22.7902 10.2000
v  99.7000 20.2130 13.4250
v  99.7000 23.3524 11.0868
v  99.7000 23.4054 10.8907
v  7.8225 16.0247 16.9036
v  1.8983 16.0000 10.9793
v  7.5019 15.8838 16.5830
v  6.2480 13.9386 15.3291
v  20.7935 19.9577 6.5001
v  18.5757 20.5520 4.0001
v  18.5757 20.5520 6.5001
v  18.2806 20.8107 6.5001
v  11.2396 -12.2258 13.8118
v  11.4684 -12.2684 14.0406
v  11.1522 -11.7667 14.4314
v  12.0052 -14.1008 14.5771
v  11.9105 -14.4579 15.1895
v  12.0359 -14.1235 15.3148
v  99.7000 12.8109 16.5850
v  99.7000 12.8714 16.6395
v  100.2000 14.0930 15.2045
v  100.2000 14.0930 16.1473
v  99.7000 14.0930 16.1473
v  99.7000 19.9253 14.6092
v  100.2000 20.7032 15.6876
v  100.2000 20.8095 15.3775
v  59.9713 6.2988 4.0001
v  59.9713 6.2988 6.5001
v  60.3520 6.5531 6.5001
v  63.4413 6.7556 4.0001
v  63.8520 6.5531 6.5001
v  99.7000 21.5197 3.6573
v  99.7000 21.4543 3.6375
v  99.7000 21.6964 4.6677
v  99.7000 21.6961 4.5742
v  100.2000 21.6961 4.5742
v  99.7000 12.9837 3.6169
v  100.2000 14.9780 4.3588
v  100.2000 14.9393 4.4130
v  99.7000 14.9393 4.4130
v  19.2539 -13.8463 6.5001
v  19.6255 -13.7202 6.5001
v  19.6255 -13.7202 4.0001
v  21.9020 -14.0199 6.5001
v  99.7000 0.1281 4.5460
v  99.7000 2.5888 4.5973
v  99.7000 3.6783 4.9463
v  99.7000 2.8425 5.1531
v  98.7000 23.1056 11.6823
v  98.7000 23.0053 11.8555
v  98.7000 21.3087 10.7942
v  99.7000 21.7493 13.0385
v  99.7000 21.9225 12.9383
v  1.7441 8.5000 4.0001
v  61.7008 2.0248 6.5001
v  61.7008 2.0248 4.0001
v  61.5088 2.0900 4.0001
v  62.1020 3.5220 4.0001
v  12.7404 14.7292 12.3177
v  15.2651 14.6866 10.2422
v  12.9692 12.2718 12.5465
v  15.4783 12.3967 10.4554
v  15.2651 12.2718 10.2422
v  15.9202 -13.4758 10.8973
v  13.5942 -13.1523 13.1715
v  13.5942 13.8027 13.1715
v  11.8866 13.1557 11.4640
v  14.1825 13.1557 9.1597
v  11.2396 12.2292 13.8118
v  11.0199 11.7395 14.2992
v  11.4684 12.2718 14.0406
v  11.2396 14.7292 13.8118
v  11.4684 14.6866 14.0406
v  11.1522 15.1883 14.4314
v  99.7000 15.0774 4.7177
v  99.7000 15.0080 4.7579
v  100.2000 15.0080 4.7579
v  99.7000 14.6264 6.1689
v  99.7000 15.1164 5.6329
v  97.7000 -25.4983 19.2745
v  99.7000 -25.4983 19.2745
v  99.7000 -22.4859 19.2745
v  97.7000 -25.4983 17.3960
v  97.7000 -22.4859 17.3960
v  18.5757 -18.9980 4.0001
v  18.2806 -18.7393 4.0001
v  18.5757 -18.9980 6.5001
v  10.8861 -11.7258 14.1655
v  10.3856 -13.1523 12.9583
v  9.7926 -12.6561 13.0724
v  9.6935 -13.0076 12.9734
v  3.0317 -17.3000 9.8459
v  3.0317 -9.8000 9.8459
v  4.0981 -16.0000 10.9123
v  99.7000 -12.9460 3.6091
v  99.7000 -14.8951 3.6135
v  99.7000 -14.5107 4.5973
v  99.7000 20.9063 15.0916
v  99.7000 20.0954 15.0916
v  100.2000 20.5001 16.3042
v  99.7000 20.5001 16.3042
v  99.7000 20.5778 16.0623
v  10.8718 13.9386 17.6860
v  10.7675 14.3823 17.5817
v  12.5867 14.1634 15.8654
v  9.7383 13.9386 18.8194
v  20.4020 -16.6180 4.0001
v  20.6043 -15.0812 6.5001
v  20.6043 -15.0812 4.0001
v  20.8031 -15.1208 4.0001
v  97.7000 24.9658 4.0000
v  97.7000 26.4000 4.0000
v  99.7000 27.3749 5.5000
v  99.7000 18.3430 4.5959
v  99.7000 20.1658 5.3479
v  99.7000 20.1826 5.3007
v  99.7000 15.3072 15.2045
v  99.7000 15.3072 16.1473
v  100.2000 15.3072 16.1473
v  99.7000 14.4068 16.6918
v  99.7000 14.3409 16.6517
v  100.2000 14.3409 16.6517
v  12.4641 -13.7993 14.3021
v  12.0935 -13.1523 14.6654
v  12.1236 -13.4758 14.6955
v  12.1220 -13.3810 15.4008
v  94.1258 -24.9621 6.4500
v  100.2000 15.9978 4.8481
v  100.2000 15.6738 5.7484
v  100.2000 15.6738 3.6120
v  99.7000 17.0955 5.4044
v  97.7000 13.8521 11.4250
v  97.7000 20.1921 11.4250
v  97.7000 21.1989 10.9513
v  63.5991 3.1209 6.5001
v  11.2110 -15.9332 14.4902
v  9.1255 -13.2451 12.4056
v  99.7000 -1.0765 5.7638
v  99.7000 -0.9841 5.7482
v  99.7000 -1.6075 4.4089
v  99.7000 -1.6107 4.4867
v  100.1995 -1.6107 4.4867
v  97.7000 12.8453 10.9513
v  97.7000 12.8065 10.9006
v  65.1330 1.7720 6.5001
v  65.1330 1.7720 4.0001
v  65.3355 2.1826 4.0001
v  62.5588 0.0520 4.0001
v  17.4276 -17.0095 6.5001
v  17.4020 -16.6180 6.5001
v  17.4020 -16.6180 5.5334
v  18.9020 -14.0199 4.0001
v  18.5757 -14.2379 5.5334
v  18.5757 -14.2379 6.5001
v  13.2595 9.8000 7.8126
v  61.8996 1.9853 6.5001
v  60.7596 2.7470 6.5001
v  99.7000 -17.2713 5.7638
v  99.7000 -17.9394 5.5186
v  99.7000 -17.8958 5.5619
v  97.7000 20.1921 8.2650
v  97.7000 12.8453 8.7387
v  17.6308 17.3000 15.5968
v  17.4615 17.3000 15.7721
v  17.6308 13.5500 15.5968
v  15.5337 -17.2916 22.3925
v  14.4225 -9.8000 23.5036
v  14.4225 -17.2916 23.5036
v  19.0724 -17.2973 23.5322
v  100.2000 12.6334 14.8951
v  100.2000 13.4693 15.9406
v  99.7000 13.4693 15.9406
v  99.7000 12.6334 14.8951
v  20.8031 24.4292 6.5001
v  97.7000 21.2376 8.7894
v  97.7000 21.1989 8.7387
v  98.7000 21.1989 8.7387
v  99.7000 13.8311 13.4250
v  99.7000 10.9385 11.6823
v  99.7000 11.0388 11.8555
v  98.7000 10.9385 11.6823
v  99.7000 10.5521 10.1460
v  99.7000 10.6917 8.6033
v  99.7000 10.6388 8.7993
v  99.7000 -1.2566 3.5992
v  99.7000 -1.3339 3.6093
v  100.1995 -1.5577 4.1593
v  100.1995 -1.5423 4.1303
v  99.7000 -1.5423 4.1303
v  22.5233 -18.7393 6.5001
v  23.3763 -16.2264 6.5001
v  23.4020 -16.6180 6.5001
v  23.4020 22.9320 4.0001
v  23.4020 22.9320 6.5001
v  23.3763 22.5404 6.5001
v  23.3763 23.3236 6.5001
v  99.7000 23.3524 8.6033
v  98.7000 23.1056 8.0077
v  21.4980 21.8360 4.0001
v  21.6317 21.9884 4.0001
v  20.4020 22.9320 4.0001
v  21.6317 21.9884 6.5001
v  99.7000 19.5837 14.6092
v  99.7000 18.9284 14.5921
v  99.7000 19.4705 15.4148
v  99.7000 19.4716 15.3306
v  99.7000 13.5428 5.7484
v  99.7000 13.8839 5.0670
v  99.7000 13.8799 5.1428
v  99.7000 14.2822 5.7235
v  99.7000 14.3720 5.7479
v  98.7000 12.8453 10.9513
v  99.7000 3.2458 3.9184
v  99.7000 3.9335 4.7806
v  100.1995 3.9335 4.7806
v  99.7000 3.7495 5.0931
v  99.7000 3.7459 5.0763
v  100.1995 3.7459 5.0763
v  99.7000 -17.6014 3.6261
v  99.7000 -17.6697 3.6496
v  99.7000 -17.6995 4.0753
v  100.1995 -17.6995 4.0753
v  99.7000 -27.3749 5.5000
v  97.7000 -26.4000 4.0000
v  97.7000 -24.9619 4.0000
v  100.2000 17.1498 4.0454
v  100.2000 17.1252 3.9687
v  100.2000 17.1357 5.1751
v  100.2000 17.1339 5.1314
v  99.7000 17.1339 5.1314
v  12.0935 13.8027 14.6654
v  12.0787 13.9474 15.3575
v  11.9796 14.2989 15.2585
v  12.6467 13.7099 15.9253
v  10.4909 11.8208 13.7705
v  10.7523 11.7395 14.0317
v  11.0107 12.2718 13.5831
v  9.8617 12.4971 13.1415
v  10.4739 12.8542 13.0466
v  9.7363 12.8315 13.0162
v  100.2000 12.9837 3.6169
v  100.2000 12.3477 5.7484
v  100.2000 12.3477 4.3715
v  99.7000 12.3477 4.3715
v  10.3856 13.1557 12.9583
v  10.3555 13.4792 12.9282
v  9.6647 13.1961 12.9446
v  10.8861 15.2292 14.1655
v  78.8667 23.5000 4.0000
v  100.1995 -17.3696 5.7690
v  100.1995 -17.2713 5.7638
v  100.1995 -17.6995 5.2880
v  100.1995 -17.7194 5.2602
v  99.7000 -17.7194 5.2602
v  99.7000 16.5756 3.6120
v  99.7000 15.6738 3.6120
v  100.2000 14.4725 3.9235
v  100.2000 14.5284 3.9186
v  99.7000 14.5284 3.9186
v  61.3270 4.8644 6.5001
v  8.5311 -12.5727 13.2240
v  9.1854 -12.7916 12.4656
v  9.3033 -12.3614 12.5834
v  10.9674 -11.2379 15.6604
v  11.5248 -11.1446 14.8039
v  11.8169 -11.3502 15.0959
v  100.2000 19.4705 15.4148
v  99.7000 19.4291 16.7441
v  15.0363 -14.7258 10.0135
v  19.0724 -9.8000 23.5322
v  20.4020 -18.1680 6.5001
v  99.7000 16.3826 14.6077
v  99.7000 18.2516 15.1444
v  17.8283 17.3000 14.9078
v  17.8283 9.8000 14.9078
v  100.2000 20.5073 3.6120
v  100.2000 20.5073 5.7484
v  99.7000 21.2551 5.7484
v  99.7000 13.6738 16.5836
v  99.7000 13.0367 14.9127
v  99.7000 13.7244 15.7749
v  100.2000 13.7244 15.7749
v  10.8868 13.4792 17.7011
v  15.5560 13.9386 22.3702
v  19.3059 21.8360 6.5001
v  97.7000 21.4921 10.1250
v  99.7000 19.8730 5.2150
v  99.7000 19.8847 5.1590
v  100.2000 19.8847 5.1590
v  99.7000 19.7798 5.7113
v  99.7000 19.8190 5.6966
v  99.7000 -13.6060 4.2909
v  4.0991 -9.8000 10.9133
v  19.6255 25.8298 6.5001
v  19.6255 25.8298 4.0001
v  19.2539 25.7037 4.0001
v  17.2548 -13.2090 15.9013
v  17.2548 -16.6180 15.9013
v  17.4615 -13.2090 15.7721
v  17.9175 -17.3000 15.0253
v  15.0363 -12.2258 10.0134
v  12.9692 -12.2684 12.5465
v  15.2651 -12.2684 10.2422
v  15.4783 -12.3932 10.4554
v  99.7000 18.6732 14.6220
v  99.7000 18.6071 14.6468
v  99.7000 19.0809 14.9635
v  99.7000 19.0423 14.9336
v  100.2000 19.0423 14.9336
v  99.7000 14.8374 5.3965
v  99.7000 14.8819 5.3806
v  100.2000 14.8819 5.3806
v  98.7000 10.6917 8.6033
v  99.7000 10.6917 11.0868
v  8.1487 16.0247 17.2298
v  14.0923 16.0000 23.1734
v  100.1995 -1.0765 5.7638
v  100.1995 -1.5047 5.2880
v  100.1995 -1.5246 5.2602
v  99.7000 -1.5246 5.2602
v  11.8279 -12.5727 16.5208
v  12.4689 -12.3614 15.7476
v  12.5867 -12.7916 15.8654
v  11.2448 -15.4708 15.9377
v  12.0773 -15.3233 15.3562
v  11.8169 -15.6013 15.0959
v  99.7000 23.1056 11.6823
v  98.7000 23.3524 11.0868
v  21.4980 -15.5220 6.5001
v  95.7000 -24.9634 8.2000
v  97.7000 -24.9627 8.2000
v  95.7000 -22.7902 10.2000
v  97.7000 -22.7902 12.3372
v  97.7000 -22.7902 8.2000
v  97.7000 -26.4000 5.5000
v  5.3444 -17.2987 12.1657
v  21.9387 22.7297 6.5001
v  21.3455 21.7023 6.5001
v  19.4584 24.1617 6.5001
v  19.4584 24.1617 4.0001
v  19.6270 24.2744 4.0001
v  99.7000 -8.2852 19.2745
v  97.7000 -6.0380 19.2745
v  23.1736 21.7840 4.0001
v  23.2997 22.1556 6.5001
v  23.2997 22.1556 4.0001
v  23.3763 22.5404 4.0001
v  99.7000 10.9385 8.0077
v  98.7000 12.2948 6.6515
v  100.2000 19.1384 15.5639
v  100.2000 19.1234 15.6080
v  99.7000 19.1234 15.6080
v  9.6949 11.6317 12.9748
v  7.8127 11.7950 14.6269
v  8.0537 11.4842 14.8680
v  100.2000 22.0097 4.3051
v  100.2000 22.0037 4.2448
v  99.7000 22.0037 4.2448
v  100.2000 22.0083 5.0884
v  100.1995 -1.8435 3.9786
v  100.1995 -1.2566 3.5992
v  59.6271 1.0472 4.0001
v  99.7000 0.9756 4.8349
v  100.1995 0.9756 4.5460
v  100.1995 1.2997 3.6135
v  100.1995 1.2997 5.7499
v  1.8983 13.9386 10.9794
v  100.1995 -17.5287 3.6093
v  100.1995 -17.6014 3.6261
v  100.1995 -17.9777 3.8870
v  100.1995 -17.7194 4.1023
v  18.0219 21.1057 6.5001
v  18.0219 21.1057 4.0001
v  18.2806 20.8107 4.0001
v  100.2000 14.5773 14.9165
v  100.2000 14.6152 14.9046
v  99.7000 14.6152 14.9046
v  99.7000 15.0007 15.2221
v  100.2000 15.0007 15.2221
v  100.2000 15.0007 16.1298
v  100.2000 16.8079 4.3939
v  100.2000 16.7868 4.4289
v  99.7000 16.7868 4.4289
v  100.2000 15.9978 3.9170
v  100.2000 16.4964 3.9170
v  99.7000 16.4964 3.9170
v  99.7000 -17.7370 5.2315
v  98.7000 21.7494 6.6515
v  98.7000 21.9225 6.7518
v  98.7000 20.8612 8.4483
v  99.7000 21.7494 6.6515
v  98.7000 12.2948 13.0385
v  98.7000 12.1216 12.9383
v  98.7000 13.1829 11.2417
v  99.7000 12.2948 13.0385
v  99.7000 -17.0115 5.6859
v  99.7000 -16.3907 5.7499
v  99.7000 -16.3907 3.6135
v  99.7000 -16.6188 5.1355
v  9.3915 -15.7137 14.0844
v  10.2474 -15.8070 13.5270
v  9.9553 -15.6013 13.2351
v  99.7000 16.4671 5.4610
v  99.7000 15.9978 5.4610
v  99.7000 15.9978 4.8481
v  100.2000 16.8092 5.1947
v  100.2000 16.8021 5.2332
v  99.7000 16.8021 5.2332
v  99.7000 14.5852 3.9170
v  99.7000 14.1365 4.6488
v  99.7000 14.2032 4.6114
v  100.2000 14.2032 4.6114
v  60.3520 6.5531 4.0001
v  99.7000 15.0007 16.1298
v  99.7000 14.3995 16.1298
v  100.2000 13.8839 5.0670
v  100.2000 14.2300 5.2704
v  100.2000 14.2155 5.2301
v  99.7000 14.2155 5.2301
v  100.2000 12.8109 16.5850
v  100.2000 13.3368 16.4461
v  100.2000 13.2961 16.4541
v  99.7000 13.2961 16.4541
v  99.7000 1.6840 4.2909
v  99.7000 1.2997 3.6135
v  65.5720 3.9789 6.5001
v  63.6387 3.7243 6.5001
v  100.2000 21.6930 4.4212
v  100.2000 21.6949 4.4920
v  99.7000 21.6949 4.4920
v  100.2000 20.8313 5.4419
v  100.2000 20.8313 3.9170
v  99.7000 20.8313 3.9170
v  19.8088 -18.0500 4.0001
v  20.0008 -18.1152 4.0001
v  20.0008 -18.1152 6.5001
v  99.7000 13.8520 14.9127
v  99.7000 12.6334 14.6077
v  99.7000 -13.6060 4.5973
v  99.7000 -12.9460 5.4258
v  99.7000 -13.2510 5.5284
v  62.5031 5.0192 6.5001
v  62.5031 5.0192 4.0001
v  62.6951 4.9540 4.0001
v  100.2000 12.8431 3.9202
v  100.2000 12.8998 3.9299
v  99.7000 12.8998 3.9299
v  99.7000 13.2187 5.7484
v  99.7000 13.2187 4.3715
v  100.2000 13.2187 4.3715
v  100.2000 20.2051 5.1993
v  100.2000 20.2107 5.1451
v  99.7000 20.2107 5.1451
v  100.2000 19.8266 5.3098
v  100.2000 19.7918 5.3487
v  99.7000 19.7918 5.3487
v  99.7000 19.0258 14.6081
v  99.7000 18.9783 14.5981
v  100.2000 18.6732 14.6220
v  21.9520 -16.6180 6.5001
v  23.0000 -15.1180 6.5001
v  17.5042 -15.8415 5.5334
v  17.4276 -16.2264 5.5334
v  17.4276 -16.2264 6.5001
v  98.7000 21.7493 13.0385
v  99.7000 -1.0773 5.4331
v  99.7000 -1.0324 5.4203
v  100.1995 -1.0324 5.4203
v  99.7000 -0.7657 5.1355
v  99.7000 -1.6126 4.5774
v  99.7000 -1.4876 4.0543
v  98.7000 20.9676 8.5194
v  98.7000 21.0183 8.5582
v  97.7000 21.0183 8.5582
v  98.7000 22.1289 6.8897
v  97.7000 13.0258 8.5582
v  97.7000 13.0765 8.5194
v  98.7000 13.0258 8.5582
v  97.7000 21.0183 11.1318
v  97.7000 20.9676 11.1706
v  98.7000 21.0183 11.1318
v  98.7000 13.0765 11.1706
v  98.7000 13.0258 11.1318
v  97.7000 13.0258 11.1318
v  98.7000 11.9152 12.8003
v  99.7000 -6.0381 19.2745
v  97.7000 -8.2851 19.2745
v  99.7000 19.6476 4.4521
v  100.2000 18.7258 5.7484
v  100.2000 18.7258 3.6120
v  100.2000 19.0498 4.4463
v  100.2000 19.0258 14.6081
v  100.2000 19.4707 15.2618
v  100.2000 19.4681 15.1992
v  99.7000 19.4681 15.1992
v  100.1995 -1.1748 5.7690
v  99.7000 -1.9367 4.5600
v  100.1995 -1.9367 4.5600
v  100.1995 -1.9373 4.6810
v  99.7000 3.4378 5.7690
v  99.7000 3.5243 5.7640
v  100.1995 3.4378 5.7690
v  100.1995 3.5459 5.4518
v  100.1995 3.5052 5.4598
v  99.7000 3.5052 5.4598
v  100.1995 3.2839 5.7492
v  100.1995 3.3590 5.7640
v  99.7000 3.3590 5.7640
v  14.2708 12.8542 9.2480
v  15.5306 -16.0000 22.3955
v  99.7000 -1.4246 3.9975
v  99.7000 -0.8731 4.0481
v  99.7000 -0.9376 3.9914
v  100.1995 -0.9376 3.9914
v  9.9553 11.3537 13.2351
v  8.3311 11.2413 15.1453
v  10.2474 11.1480 13.5270
v  9.3033 12.3649 12.5834
v  9.1142 -11.4807 13.8071
v  9.3915 -11.2379 14.0844
v  9.9553 -11.3502 13.2351
v  12.4641 13.1557 14.3021
v  12.1236 13.4792 14.6955
v  12.1220 13.5740 15.4008
v  100.2000 16.4671 5.4610
v  99.7000 16.9751 5.5878
v  99.7000 16.9174 5.6369
v  100.2000 16.9174 5.6369
v  99.7000 15.7668 16.7441
v  99.7000 16.7462 16.7441
v  99.7000 16.2565 15.1180
v  99.7000 17.4383 4.5959
v  99.7000 18.3430 4.2894
v  99.7000 17.4383 4.2894
v  95.7000 24.9629 10.2000
v  95.7000 -24.9629 10.2000
v  95.7000 -22.7902 8.2000
v  100.2000 13.3968 16.7432
v  100.2000 13.8322 16.3112
v  100.2000 13.8470 16.2328
v  99.7000 13.8470 16.2328
v  99.7000 -27.3749 4.0000
v  100.2000 15.2424 3.8803
v  100.2000 15.1915 3.8151
v  99.7000 15.1915 3.8151
v  100.2000 15.1900 4.6135
v  100.2000 15.2337 4.5523
v  99.7000 15.2337 4.5523
v  12.7404 -12.2258 12.3177
v  12.2985 -14.5583 11.8758
v  14.8075 -14.6832 9.7847
v  15.8901 13.8027 10.8672
v  99.7000 2.8478 5.2373
v  100.1995 -17.9394 5.5186
v  100.1995 -18.1315 4.5600
v  100.1995 -18.1321 4.6810
v  99.7000 15.1292 3.7571
v  99.7000 13.8811 3.7980
v  99.7000 14.0049 3.7247
v  100.2000 14.0049 3.7247
v  100.2000 21.2199 5.4419
v  99.7000 20.8313 5.4419
v  9.9070 15.7171 16.7213
v  11.8169 15.6048 15.0959
v  10.1844 15.4743 16.9986
v  8.7736 15.7171 17.8547
v  9.0509 15.4743 18.1320
v  12.7404 12.2292 12.3177
v  100.2000 15.3072 15.2045
v  100.2000 14.4068 14.6611
v  100.2000 14.3409 14.7011
v  99.7000 14.3409 14.7011
v  20.0104 -19.5923 4.0001
v  97.7000 -22.4859 19.2745
v  99.7000 21.7393 5.5887
v  99.7000 26.4000 4.0000
v  99.7000 26.4000 5.5000
v  97.7000 26.4000 5.5000
v  11.9172 -13.9352 16.6101
v  12.6467 -13.7065 15.9253
v  100.2000 21.3825 3.9377
v  100.2000 21.4523 3.9635
v  99.7000 21.4523 3.9635
v  100.2000 21.5197 3.6573
v  10.9851 -12.5919 12.8236
v  10.8446 -12.8508 12.6832
v  10.7975 -12.3932 13.3700
v  10.1371 -12.0826 13.4168
v  10.6144 -12.5919 13.1870
v  11.8390 -14.6832 13.6772
v  12.0522 -14.5583 13.8904
v  11.8647 -14.3597 14.4367
v  11.6816 -14.5583 14.2537
v  11.7373 -14.7463 15.0163
v  20.1996 24.4688 4.0001
v  20.1996 24.4688 6.5001
v  20.0008 24.4292 6.5001
v  100.1995 -15.2191 4.5460
v  100.1995 -14.8951 3.6135
v  100.1995 -14.8951 5.7499
v  99.7000 -16.0666 4.5460
v  99.7000 4.0610 3.6135
v  12.4486 -15.9914 19.2957
v  99.7000 13.9796 4.1311
v  99.7000 13.7655 3.8877
v  100.2000 13.7655 3.8877
v  99.7000 -26.6978 18.8416
v  97.7000 -26.6978 18.8416
v  97.7000 -26.7841 18.7652
v  97.7000 26.7837 18.7652
v  97.7000 26.6974 18.8416
v  99.7000 26.6974 18.8416
v  10.2474 -11.1446 13.5270
v  11.2110 -11.0183 14.4902
v  5.3445 -15.9914 12.1656
v  6.4109 -15.9936 11.0992
v  9.6957 -15.8803 14.3886
v  100.2000 14.3720 5.7479
v  100.2000 14.4701 5.7626
v  99.7000 14.4701 5.7626
v  100.2000 15.2699 5.5446
v  100.2000 15.0896 5.2777
v  100.2000 16.8204 4.7132
v  100.2000 16.4671 4.8481
v  99.7000 16.4671 4.8481
v  64.5768 1.0472 4.0001
v  64.5768 1.0472 6.5001
v  64.2326 0.7453 6.5001
v  63.0455 2.2923 6.5001
v  100.2000 18.8557 15.7661
v  100.2000 18.7988 15.7612
v  99.7000 18.7988 15.7612
v  100.2000 19.3030 15.9157
v  100.2000 19.3310 15.8834
v  99.7000 19.3310 15.8834
v  100.2000 21.6370 5.6586
v  100.2000 21.7393 5.5887
v  100.2000 14.9924 16.6918
v  100.2000 15.0584 16.6517
v  99.7000 15.0584 16.6517
v  100.2000 14.8220 16.4351
v  100.2000 14.7843 16.4471
v  99.7000 14.7843 16.4471
v  1.7441 -8.5000 4.0001
v  99.7000 13.1020 16.4199
v  99.7000 13.1366 16.4360
v  100.2000 13.1366 16.4360
v  10.3856 13.8027 12.9583
v  9.7926 14.2989 13.0724
v  9.6935 13.9474 12.9734
v  7.8127 15.1635 14.6269
v  9.4751 14.9858 12.7551
v  9.6949 15.3267 12.9748
v  99.7000 19.4615 15.5577
v  100.2000 19.4291 16.4377
v  100.2000 18.5801 16.4377
v  99.7000 18.5801 16.4377
v  14.4113 -14.3597 9.3885
v  14.5943 -14.5583 9.5715
v  12.1154 -14.3597 11.6928
v  12.4441 -17.2938 19.2913
v  99.7000 3.1490 5.1531
v  100.1995 3.1490 5.1531
v  100.1995 -1.9282 4.2886
v  100.1995 -1.3339 3.6093
v  100.1995 -1.4067 3.6261
v  99.7000 -1.4067 3.6261
v  99.7000 12.3477 5.7484
v  99.7000 19.5425 4.4463
v  99.7000 19.0498 4.4463
v  100.2000 19.5425 4.4463
v  8.8731 -15.1600 13.5660
v  8.6765 -14.7919 13.3694
v  9.4751 -14.9824 12.7551
v  19.1723 21.9884 6.5001
v  19.1723 21.9884 4.0001
v  99.7000 -16.6188 4.2103
v  100.2000 18.7184 14.9228
v  100.2000 18.7860 14.9020
v  99.7000 18.7860 14.9020
v  100.2000 18.6071 14.6468
v  100.2000 18.5419 14.6787
v  99.7000 18.5419 14.6787
v  4.0960 -15.9914 10.9125
v  1.8983 9.8000 10.9793
v  99.7000 14.2778 14.7499
v  99.7000 14.0930 15.2045
v  18.2806 -18.7393 6.5001
v  18.0219 -18.4443 6.5001
v  18.0219 -18.4443 4.0001
v  19.1723 -17.5615 6.5001
v  100.2000 12.0236 4.3349
v  100.2000 12.6798 3.6000
v  100.2000 12.5819 3.6169
v  99.7000 12.5819 3.6169
v  19.8088 21.5000 4.0001
v  20.0008 21.4348 4.0001
v  20.0008 21.4348 6.5001
v  100.2000 13.8799 5.1428
v  100.2000 13.8850 5.2310
v  99.7000 13.8850 5.2310
v  100.2000 14.2822 5.7235
v  100.2000 14.2069 5.1857
v  100.1995 4.0412 5.3169
v  100.1995 4.0561 5.2385
v  99.7000 4.0561 5.2385
v  100.1995 3.6059 5.7490
v  22.2282 -18.9980 6.5001
v  22.2282 -18.9980 4.0001
v  97.7000 12.5521 10.1250
v  98.7000 12.5521 10.1250
v  98.7000 21.4921 9.5650
v  98.7000 21.4921 10.1250
v  98.7000 23.4921 9.5440
v  98.7000 12.5521 9.5650
v  98.7000 10.5521 10.1460
v  97.7000 21.4921 9.5650
v  100.1995 -18.1229 4.2886
v  99.7000 19.0498 5.4419
v  99.7000 19.0498 4.7528
v  99.7000 19.5191 5.4419
v  100.2000 19.5191 5.4419
v  20.1996 21.3953 6.5001
v  20.0104 19.9577 6.5001
v  21.7443 23.7070 6.5001
v  23.0000 24.4320 6.5001
v  99.7000 13.7282 16.5217
v  100.2000 13.6738 16.5836
v  100.2000 13.0748 16.7434
v  100.2000 13.1499 16.7583
v  16.5398 -9.8000 15.9513
v  16.5398 -13.2090 15.9513
v  16.7798 -9.8000 15.9936
v  10.8567 13.0198 17.6710
v  12.6467 13.2486 15.9253
v  20.4020 25.9320 4.0001
v  99.7000 12.7233 3.9202
v  99.7000 12.6666 3.9299
v  100.2000 12.6666 3.9299
v  20.6043 -18.1547 6.5001
v  20.4020 -18.1680 4.0001
v  60.5652 3.7243 6.5001
v  58.6319 3.9789 6.5001
v  58.6020 3.5220 6.5001
v  58.6020 3.5220 4.0001
v  99.7000 -26.6069 18.9126
v  99.7000 26.6065 18.9126
v  99.7000 -16.0666 5.7499
v  99.7000 -15.2191 4.8349
v  99.7000 -15.2191 5.7499
v  11.6816 12.3967 14.2537
v  11.5242 11.9797 14.8033
v  11.7373 12.2087 15.0163
v  10.6220 12.1631 17.4363
v  12.4689 12.3649 15.7476
v  12.2971 11.9726 15.5759
v  99.7000 -17.2272 5.4203
v  99.7000 -17.8023 4.9519
v  99.7000 -17.2721 5.4331
v  100.1995 -17.2272 5.4203
v  11.3814 14.6866 13.2198
v  11.8390 14.6866 13.6772
v  100.2000 20.1658 5.3479
v  100.2000 19.7798 5.7113
v  99.7000 17.1285 5.0882
v  99.7000 17.0516 4.5700
v  99.7000 17.0712 4.9214
v  99.7000 17.0909 4.9622
v  100.2000 17.0909 4.9622
v  100.2000 20.0954 15.0916
v  100.2000 20.9063 15.0916
v  11.9749 14.1042 11.5523
v  14.2708 14.1042 9.2480
v  14.4113 14.3631 9.3885
v  13.3655 -14.3597 12.9427
v  13.1824 -14.5583 12.7597
v  15.6613 -14.3597 10.6384
v  99.7000 21.1538 6.4046
v  99.7000 20.9577 6.3517
v  98.7000 21.1538 6.4046
v  100.2000 16.5756 3.6120
v  99.7000 27.3750 4.0000
v  1.8983 -9.8000 10.9793
v  1.8983 -17.3000 10.9793
v  21.9520 -16.6180 4.0001
v  21.9387 -16.8203 4.0001
v  61.0059 2.4260 4.0001
v  61.0059 2.4260 6.5001
v  61.1584 2.2923 6.5001
v  59.9713 0.7453 6.5001
v  60.5520 3.5220 6.5001
v  60.5520 3.5220 4.0001
v  60.5652 3.7243 4.0001
v  16.5398 9.8000 15.9513
v  16.7798 9.8000 15.9936
v  16.7798 13.5500 15.9936
v  99.7000 -0.4738 5.3005
v  99.7000 -0.5111 5.3769
v  100.1995 -0.5111 5.3769
v  99.7000 -0.6105 5.5176
v  99.7000 -0.1959 5.7499
v  100.2000 21.4107 14.6092
v  10.6144 12.5953 13.1870
v  11.1681 12.3967 13.0066
v  10.9851 12.5953 12.8236
v  100.1995 -17.8023 4.9519
v  100.1995 -17.8055 4.8743
v  99.7000 -17.8055 4.8743
v  100.1995 -18.0382 5.3833
v  100.1995 -18.0106 5.4293
v  99.7000 -18.0106 5.4293
v  10.7975 -14.5583 13.3700
v  10.0349 -14.7463 13.3147
v  10.2480 -14.9753 13.5277
v  8.5311 -14.3789 13.2240
v  9.3033 -14.5901 12.5834
v  9.1854 -14.1599 12.4656
v  12.0773 15.3267 15.3562
v  7.6161 14.7953 14.4303
v  6.4826 14.7953 15.5637
v  6.6792 15.1635 15.7603
v  99.7000 1.6840 4.5973
v  99.7000 2.5888 4.2909
v  99.7000 -13.2510 5.2029
v  99.7000 -14.5107 4.2909
v  100.1995 -0.6938 3.7535
v  100.1995 -0.7646 3.7053
v  99.7000 -0.7646 3.7053
v  100.1995 -0.7657 4.2103
v  100.1995 -0.4240 4.2103
v  99.7000 -0.4240 4.2103
v  100.1995 -16.8886 3.7535
v  100.1995 -16.9594 3.7053
v  99.7000 -16.9594 3.7053
v  100.1995 -16.9605 4.2103
v  100.1995 -16.6188 4.2103
v  99.7000 14.9235 14.6301
v  100.2000 14.9235 14.6301
v  65.6020 3.5220 4.0001
v  65.4827 4.4279 4.0001
v  65.5720 3.9789 4.0001
v  63.5340 4.1152 6.5001
v  65.3355 4.8614 6.5001
v  65.1330 5.2720 6.5001
v  65.1330 5.2720 4.0001
v  100.2000 18.7971 16.0595
v  100.2000 18.2912 15.5887
v  99.7000 -16.7059 5.3769
v  99.7000 -16.6686 5.3005
v  100.1995 -16.7059 5.3769
v  100.1995 -1.8435 5.3833
v  100.1995 -1.8159 5.4293
v  99.7000 -1.8159 5.4293
v  100.1995 -1.6075 4.9519
v  100.1995 -1.6107 4.8743
v  99.7000 -1.6107 4.8743
v  99.7000 0.9756 4.5460
v  99.7000 0.1281 4.8349
v  99.7000 -15.2191 4.5460
v  99.7000 -16.0666 4.8349
v  10.7563 -13.7993 12.5949
v  10.8446 -14.1008 12.6832
v  10.3555 -13.4758 12.9282
v  9.6647 -13.7589 12.9446
v  10.3856 -13.7993 12.9583
v  99.7000 15.3273 4.1201
v  99.7000 -0.4240 5.1355
v  99.7000 -0.7657 4.2103
v  23.0000 -15.1180 4.0001
v  23.1736 -15.4699 4.0001
v  100.2000 21.7416 3.7871
v  100.2000 21.6920 3.7492
v  99.7000 21.6920 3.7492
v  100.2000 21.6868 4.3137
v  100.1995 -0.9901 5.4024
v  100.1995 -0.6726 5.5820
v  100.1995 -0.6105 5.5176
v  100.1995 -17.1848 5.4024
v  100.1995 -16.8674 5.5820
v  100.1995 -16.8053 5.5176
v  99.7000 -16.8053 5.5176
v  100.2000 14.4671 5.4335
v  100.2000 13.9002 5.3139
v  100.2000 19.0498 4.7528
v  100.2000 19.5308 4.7528
v  99.7000 19.5308 4.7528
v  100.1995 0.1281 3.6135
v  99.7000 -0.1959 3.6135
v  100.1995 -12.9460 3.6091
v  100.1995 -12.9460 5.4258
v  16.5765 -17.3000 16.0153
v  16.4360 -17.3000 15.9510
v  16.3171 -13.2090 15.8522
v  99.7000 14.9254 5.3631
v  99.7000 14.8433 4.8143
v  99.7000 14.2040 5.1369
v  99.7000 14.2069 5.1857
v  99.7000 16.5293 5.7484
v  100.2000 16.5022 5.7484
v  100.2000 22.0178 4.4656
v  100.2000 21.4995 5.3624
v  21.9020 20.3340 6.5001
v  21.9020 20.3340 4.0001
v  22.2282 20.5520 4.0001
v  8.9560 10.9899 15.7702
v  8.6353 11.0747 15.4495
v  10.5612 11.0218 13.8407
v  11.4859 -15.1600 16.1788
v  100.2000 20.2126 5.0885
v  100.2000 19.8885 5.0973
v  11.6816 -12.3932 14.2537
v  11.6351 -12.0826 14.9142
v  11.4058 -11.8875 14.6850
v  12.0787 -13.0076 15.3575
v  99.7000 14.9235 16.7231
v  99.7000 15.4251 16.7441
v  99.7000 15.1217 16.6026
v  99.7000 -16.9605 4.2103
v  100.2000 14.5823 3.5944
v  100.2000 14.4256 3.6025
v  99.7000 14.4256 3.6025
v  21.3455 24.1617 6.5001
v  22.2282 25.3121 6.5001
v  100.2000 18.5801 15.9553
v  100.2000 18.2912 16.7441
v  100.2000 19.4291 16.7441
v  10.6144 14.3631 13.1870
v  10.7975 14.5618 13.3700
v  10.1371 14.8724 13.4168
v  99.7000 14.5940 4.5211
v  99.7000 14.9780 4.3588
v  99.7000 15.0012 4.2927
v  100.2000 15.0012 4.2927
v  100.1995 2.8425 3.9008
v  100.1995 3.6783 4.9463
v  100.1995 2.8425 3.6135
v  62.5031 2.0248 4.0001
v  62.6951 2.0900 4.0001
v  62.6951 2.0900 6.5001
v  99.7000 13.5405 16.0874
v  99.7000 13.5368 16.0705
v  100.2000 13.5368 16.0705
v  99.7000 13.4845 15.9608
v  99.7000 13.5433 16.1041
v  99.7000 12.9698 16.2758
v  100.2000 18.7401 14.6043
v  100.2000 19.1609 15.2531
v  100.2000 21.2346 3.6120
v  17.4615 -9.8000 15.7721
v  17.6308 -13.2090 15.5968
v  17.6308 -9.8000 15.5968
v  100.2000 15.1292 3.7571
v  100.2000 14.9306 4.0279
v  100.2000 15.2695 4.4890
v  100.2000 14.2778 16.6026
v  100.2000 14.4758 14.6301
v  100.2000 12.7571 16.5234
v  100.2000 12.9399 16.1473
v  100.2000 12.6334 16.1473
v  100.1995 2.8425 5.1531
v  100.1995 2.9661 5.5291
v  100.1995 3.0199 5.5908
v  99.7000 3.0199 5.5908
v  99.7000 19.4291 16.4377
v  99.7000 19.2062 15.9926
v  99.7000 17.1310 4.4264
v  99.7000 17.1093 4.4761
v  100.2000 17.1093 4.4761
v  15.2651 -14.6832 10.2422
v  17.5943 -16.9612 12.5713
v  12.7404 -14.7258 12.3177
v  63.0078 6.9028 4.0001
v  99.7000 -1.7010 5.5619
v  99.7000 -1.7446 5.5186
v  100.1995 -1.7446 5.5186
v  9.9428 14.6121 13.2226
v  99.7000 18.6618 14.9574
v  99.7000 19.1091 15.0020
v  99.7000 19.1635 15.4115
v  99.7000 19.1651 15.3541
v  99.7000 19.1641 15.3036
v  100.2000 19.1641 15.3036
v  100.1995 -1.2815 3.9300
v  100.1995 -17.1324 3.9914
v  100.1995 -17.4762 3.9300
v  99.7000 -1.1748 3.5958
v  100.2000 19.5014 5.7484
v  99.7000 19.5014 5.7484
v  99.7000 16.8079 4.0827
v  99.7000 16.7868 4.0478
v  100.2000 16.7868 4.0478
v  99.7000 16.4964 4.5607
v  100.2000 16.4964 4.5607
v  100.2000 17.0516 4.5700
v  100.2000 16.8243 4.3572
v  100.2000 17.0829 4.5248
v  98.7000 12.8903 6.4046
v  98.7000 13.0864 6.3517
v  98.7000 13.5356 8.3020
v  99.7000 12.8903 6.4046
v  12.5868 -14.1599 15.8654
v  12.4689 -14.5901 15.7476
v  11.8279 -14.3789 16.5208
v  100.2000 13.5382 16.2258
v  100.2000 13.0367 14.9127
v  100.1995 3.2458 3.9184
v  100.1995 3.7472 5.2315
v  99.7000 18.7971 16.0595
v  99.7000 18.7388 16.0432
v  100.2000 18.7388 16.0432
v  99.7000 20.8095 15.3775
v  99.7000 20.1907 15.3775
v  100.2000 20.1907 15.3775
v  100.2000 20.4180 16.0513
v  99.7000 20.4180 16.0513
v  10.3664 -11.8875 13.6460
v  99.7000 14.5773 16.4351
v  99.7000 14.6152 16.4471
v  100.2000 14.6152 16.4471
v  99.7000 14.9984 16.1792
v  99.7000 14.5105 16.3967
v  99.7000 14.5424 14.9332
v  99.7000 -17.1789 5.7482
v  11.9105 12.4971 15.1895
v  7.3814 13.0198 14.1956
v  99.7000 13.0864 13.3383
v  99.7000 12.8903 13.2854
v  98.7000 12.8903 13.2854
v  98.7000 21.1538 13.2854
v  98.7000 20.9577 13.3383
v  98.7000 20.5085 11.3880
v  99.7000 21.1538 13.2854
v  19.3059 -15.5220 6.5001
v  19.3059 -15.5220 4.0001
v  19.4584 -15.3883 4.0001
v  100.2000 16.8243 4.1191
v  100.2000 12.8861 3.6000
v  100.2000 15.9978 5.4610
v  100.2000 17.1312 5.2566
v  19.6270 24.2744 6.5001
v  18.9020 25.5301 6.5001
v  18.5757 25.3121 6.5001
v  18.5757 25.3121 4.0001
v  18.2806 -14.4966 6.5001
v  19.4584 -15.3883 6.5001
v  18.9048 22.5309 6.5001
v  17.5042 22.1556 6.5001
v  17.6303 21.7840 6.5001
v  17.6303 21.7840 4.0001
v  100.2000 12.0236 5.7484
v  9.7363 -14.1235 13.0162
v  99.7000 3.6935 4.9666
v  99.7000 3.7524 5.1098
v  99.7000 3.1788 5.2816
v  99.7000 3.3111 5.4257
v  99.7000 3.3456 5.4418
v  100.1995 3.3456 5.4418
v  61.1961 6.9028 6.5001
v  61.7008 5.0192 6.5001
v  61.8996 5.0588 6.5001
v  61.8996 5.0588 4.0001
v  19.1723 -17.5615 4.0001
v  19.3059 -17.7140 6.5001
v  100.2000 16.1304 14.6077
v  100.2000 15.4251 16.7441
v  100.2000 17.0879 16.7441
v  100.2000 16.3826 14.6077
v  100.2000 13.9796 4.1311
v  100.2000 16.8116 5.1545
v  100.2000 16.9310 4.7761
v  100.2000 16.8791 4.7450
v  99.7000 16.8791 4.7450
v  99.7000 16.8092 5.1947
v  99.7000 16.8116 5.1545
v  99.7000 16.5227 4.8506
v  100.2000 15.7668 16.7441
v  99.7000 13.9162 4.9267
v  100.1995 -17.8074 4.5774
v  100.1995 -18.1298 4.9076
v  17.4615 13.5500 15.7721
v  21.1784 25.8298 4.0001
v  21.5500 25.7037 4.0001
v  21.5500 25.7037 6.5001
v  21.9020 -19.2160 4.0001
v  100.2000 14.5105 16.3967
v  100.2000 14.9235 16.7231
v  19.2539 -13.8463 4.0001
v  12.0935 13.1557 14.6654
v  11.8647 12.5953 14.4367
v  63.4414 0.2884 4.0001
v  63.8520 0.4909 6.5001
v  63.8520 0.4909 4.0001
v  64.2326 0.7453 4.0001
v  62.1020 5.0720 6.5001
v  62.1020 7.0220 6.5001
v  61.6451 6.9921 6.5001
v  61.6451 6.9921 4.0001
v  99.7000 -1.6075 4.9519
v  99.7000 -1.5423 5.2315
v  9.6949 -15.3233 12.9748
v  12.4689 14.5936 15.7476
v  11.6351 14.8724 14.9142
v  11.2396 -14.7258 13.8118
v  61.3270 2.1797 6.5001
v  60.3520 0.4909 6.5001
v  60.7626 0.2884 6.5001
v  60.7626 0.2884 4.0001
v  60.3520 0.4909 4.0001
v  59.0709 5.2720 6.5001
v  99.7000 20.7032 15.6876
v  99.7000 21.3825 3.9377
v  99.7000 21.3050 3.9221
v  99.7000 15.2699 5.5446
v  99.7000 14.5105 14.9547
v  99.7000 14.4816 14.9809
v  100.2000 14.4816 14.9809
v  99.7000 12.9399 16.1473
v  100.2000 20.1367 4.7934
v  100.2000 20.0940 4.7226
v  99.7000 20.0940 4.7226
v  100.2000 19.8491 4.9358
v  11.8647 14.3631 14.4367
v  100.2000 14.8568 16.4183
v  99.7000 -17.0339 3.6659
v  17.4686 -17.3000 15.9445
v  17.3309 -17.3000 16.0130
v  17.8198 -13.2090 15.1514
v  17.7526 -16.6180 15.3857
v  17.8198 -16.6180 15.1514
v  99.7000 21.8290 5.4989
v  99.7000 21.9061 5.3892
v  100.2000 21.8290 5.4989
v  100.2000 19.3814 14.8779
v  100.2000 19.3615 14.8472
v  99.7000 19.3615 14.8472
v  100.2000 19.1091 15.0020
v  10.2480 11.9797 13.5277
v  100.2000 14.5424 14.9332
v  100.1995 -1.1748 5.4434
v  100.1995 -0.8975 5.7222
v  100.1995 -17.3696 5.4434
v  100.1995 -17.0922 5.7222
v  10.3426 -10.9864 15.0355
v  10.6633 -11.0712 15.3562
v  100.2000 19.7025 5.7301
v  100.2000 19.0498 5.4419
v  100.2000 19.9396 5.6291
v  100.2000 19.9809 5.5988
v  99.7000 19.9809 5.5988
v  99.7000 2.8425 3.9008
v  99.7000 23.4921 9.5440
v  98.7000 23.4921 10.1460
v  98.7000 10.5521 9.5440
v  99.7000 10.5521 9.5440
v  100.2000 13.8520 14.6077
v  100.2000 12.6334 14.6077
v  9.4886 14.7953 18.5697
v  9.6340 14.3823 18.7151
v  10.6221 14.7953 17.4363
v  99.7000 18.6544 15.6872
v  99.7000 18.6981 15.7217
v  100.2000 18.6981 15.7217
v  99.7000 19.1501 15.5165
v  99.7000 18.5801 15.5887
v  18.0219 -14.7917 5.5334
v  18.2806 -14.4966 5.5334
v  18.0219 -14.7917 6.5001
v  99.7000 20.0418 4.6531
v  100.2000 14.5075 4.8627
v  100.2000 14.6101 4.8473
v  99.7000 14.6101 4.8473
v  100.2000 14.4474 4.5416
v  100.2000 18.2516 15.1444
v  11.1681 14.5618 13.0066
v  11.0108 14.6866 13.5831
v  99.7000 -17.7922 4.2920
v  99.7000 -17.8023 4.4089
v  99.7000 -17.8055 4.4867
v  100.1995 -17.8055 4.4867
v  99.7000 -1.5047 4.0753
v  100.1995 -1.5047 4.0753
v  99.7000 -1.5974 4.2920
v  100.2000 13.8520 14.9127
v  100.1995 3.2206 5.3503
v  100.1995 3.2124 5.7244
v  100.1995 3.3822 5.4533
v  100.2000 13.0033 16.7187
v  100.2000 13.1731 16.4475
v  100.2000 13.0115 16.3446
v  100.2000 15.0584 14.7011
v  100.2000 15.1217 14.7499
v  100.2000 14.8888 14.9547
v  99.7000 15.0584 14.7011
v  99.7000 21.4995 5.3624
v  99.7000 21.5535 5.3177
v  100.2000 21.5535 5.3177
v  10.0164 -15.9753 14.7093
v  21.3455 21.7023 4.0001
v  21.4980 21.8360 6.5001
v  63.0455 2.2923 4.0001
v  63.1980 2.4260 6.5001
v  18.2806 25.0533 4.0001
v  99.7000 13.8378 16.0121
v  99.7000 13.8484 16.0796
v  100.2000 13.8484 16.0796
v  99.7000 14.2778 16.6026
v  10.4739 -12.8508 13.0466
v  100.1995 -1.9350 4.9076
v  100.1995 -1.6126 4.5774
v  99.7000 15.3330 4.2146
v  99.7000 15.3290 4.2864
v  100.2000 15.3290 4.2864
v  12.0935 -13.7993 14.6654
v  12.2353 -14.3597 14.0734
v  11.5242 -14.9753 14.8033
v  99.7000 4.0575 5.0853
v  99.7000 4.0469 5.0179
v  100.1995 4.0575 5.0853
v  100.2000 19.9253 14.6092
v  100.2000 21.2551 5.7484
v  12.2985 12.3967 11.8758
v  12.1154 12.5953 11.6928
v  14.5943 12.3967 9.5715
v  100.2000 17.4383 4.2894
v  100.2000 17.4383 4.5959
v  13.3655 12.5953 12.9427
v  13.5059 12.8542 13.0832
v  15.8018 12.8542 10.7789
v  20.4020 24.4820 6.5001
v  20.4020 24.4820 4.0001
v  20.6043 24.4688 4.0001
v  21.6317 -15.6744 4.0001
v  21.4980 -15.5220 4.0001
v  21.9387 23.1343 4.0001
v  21.8991 23.3332 4.0001
v  21.8991 23.3332 6.5001
v  21.3455 -15.3883 4.0001
v  21.3455 -15.3883 6.5001
v  21.1770 -15.2756 6.5001
v  58.8684 2.1826 4.0001
v  58.6319 3.0652 4.0001
v  11.1681 -12.3932 13.0066
v  100.2000 21.5145 3.9997
v  100.2000 21.3118 3.6148
v  100.1995 -17.0738 5.3194
v  100.1995 -16.6188 5.1355
v  100.1995 -16.9605 5.1355
v  100.1995 -0.8791 5.3194
v  100.1995 -0.4240 5.1355
v  100.1995 -0.7657 5.1355
v  18.8520 22.9320 4.0001
v  18.8520 22.9320 6.5001
v  18.8652 22.7297 6.5001
v  17.4276 22.5404 6.5001
v  19.1723 -15.6744 4.0001
v  19.1723 -15.6744 6.5001
v  19.0596 -15.8430 6.5001
v  17.8039 -15.1180 6.5001
v  58.6319 3.0652 6.5001
v  60.5652 3.3197 6.5001
v  63.1980 4.6180 6.5001
v  63.1980 4.6180 4.0001
v  63.3317 4.4656 4.0001
v  60.8723 2.5784 4.0001
v  18.9699 23.5252 4.0001
v  18.9048 23.3332 4.0001
v  18.9048 23.3332 6.5001
v  9.6502 13.5740 12.9301
v  9.3033 14.5936 12.5834
v  100.1995 -16.0666 5.7499
v  100.1995 0.9756 4.8349
v  100.1995 0.9756 5.7499
v  100.1995 -15.2191 4.8349
v  100.1995 -15.2191 5.7499
v  100.1995 0.1281 5.7499
v  99.7000 -0.8158 4.1211
v  100.2000 14.6549 5.4369
v  100.2000 14.6085 5.4407
v  99.7000 14.6085 5.4407
v  100.2000 14.6417 5.7657
v  100.1995 -13.2510 5.5284
v  100.1995 -12.9460 5.7499
v  100.1995 -13.2510 5.2029
v  100.2000 18.5581 15.1444
v  100.2000 18.6618 14.9574
v  100.2000 18.4774 14.7177
v  99.7000 16.5538 4.5580
v  12.0773 11.6317 15.3562
v  17.0230 13.5500 15.9766
v  17.0230 17.3000 15.9766
v  16.7798 17.3000 15.9936
v  99.7000 13.5118 16.2949
v  99.7000 13.5272 16.2608
v  100.2000 13.5272 16.2608
v  99.7000 13.2117 16.4544
v  99.7000 3.7209 5.3007
v  99.7000 3.7363 5.2665
v  100.1995 3.7363 5.2665
v  99.7000 3.4207 5.4602
v  99.7000 22.1289 6.8897
v  99.7000 22.2878 7.0113
v  98.7000 22.2878 7.0113
v  98.7000 11.7563 7.0113
v  98.7000 11.9152 6.8897
v  98.7000 13.0765 8.5194
v  99.7000 11.7563 7.0113
v  99.7000 11.7563 12.6787
v  99.7000 11.9152 12.8003
v  98.7000 11.7563 12.6787
v  99.7000 11.2984 7.4692
v  99.7000 11.1767 7.6281
v  98.7000 11.2984 7.4692
v  98.7000 22.2878 12.6787
v  98.7000 22.1289 12.8003
v  98.7000 20.9676 11.1706
v  99.7000 22.2878 12.6787
v  98.7000 22.7457 7.4692
v  98.7000 22.8674 7.6281
v  98.7000 21.2376 8.7894
v  99.7000 22.7457 7.4692
v  98.7000 11.2984 12.2208
v  98.7000 11.1767 12.0619
v  98.7000 12.8065 10.9006
v  99.7000 11.2984 12.2208
v  99.7000 22.8674 12.0619
v  99.7000 22.7457 12.2208
v  98.7000 22.7457 12.2208
v  17.6303 -17.7660 4.0001
v  17.6303 -17.7660 6.5001
v  100.2000 19.4165 15.7451
v  100.2000 19.0814 15.6846
v  99.7000 3.0804 5.6452
v  99.7000 19.8491 4.9358
v  99.7000 19.8269 4.8980
v  100.2000 19.8269 4.8980
v  99.7000 19.6882 4.7799
v  99.7000 19.8861 5.0554
v  99.7000 19.5646 5.4403
v  100.2000 16.2565 15.1180
v  100.2000 16.7462 16.7441
v  100.2000 19.0498 3.6120
v  100.2000 13.2187 5.7484
v  100.1995 0.9756 3.6135
v  100.1995 -15.2191 3.6135
v  100.1995 -16.0666 3.6135
v  100.2000 21.0705 14.6092
v  99.7000 -1.0853 3.6002
v  99.7000 -0.9995 3.6134
v  100.1995 -0.9995 3.6134
v  99.7000 -27.2386 18.1022
v  97.7000 -27.2386 18.1022
v  97.7000 -27.2792 17.9921
v  97.7000 27.2789 17.9921
v  97.7000 27.2383 18.1022
v  99.7000 27.2383 18.1022
v  100.1995 -12.6382 5.7499
v  100.1995 -12.6382 3.6091
v  100.2000 18.3430 4.2894
v  100.2000 18.3430 4.5959
v  100.1995 2.5888 4.2909
v  100.1995 1.6840 4.2909
v  100.1995 1.6840 4.5973
v  100.1995 2.5888 4.5973
v  100.1995 -14.5107 4.5973
v  100.1995 -13.6060 4.5973
v  100.1995 -13.6060 4.2909
v  100.1995 -14.5107 4.2909
v  100.1995 4.0610 3.6135
v  100.1995 4.0610 3.9184
v  100.1995 -1.1748 3.9184
v  100.1995 -1.0885 3.9265
v  99.7000 -1.0885 3.9265
v  17.4020 22.9320 6.5001
v  17.4020 22.9320 4.0001
v  17.4276 22.5404 4.0001
v  20.9951 -15.1860 6.5001
v  21.5500 -13.8463 6.5001
v  21.1784 -13.7202 6.5001
v  21.5500 -13.8463 4.0001
v  100.2000 13.4443 3.9475
v  100.2000 13.3890 3.8688
v  99.7000 13.3890 3.8688
v  100.2000 13.1316 4.0753
v  99.7000 21.9229 4.0028
v  99.7000 21.9003 3.9654
v  100.2000 21.9229 4.0028
v  99.7000 12.3206 3.7354
v  99.7000 12.2443 3.7975
v  100.2000 12.3206 3.7354
v  100.1995 0.1281 4.8349
v  100.1995 -16.0666 4.8349
v  99.7000 14.7923 5.4104
v  99.7000 14.4235 5.4229
v  99.7000 14.3004 4.9420
v  99.7000 14.4671 5.4335
v  99.7000 14.5131 5.4398
v  100.2000 14.5131 5.4398
v  100.1995 -17.3696 3.9184
v  100.1995 -17.2833 3.9265
v  99.7000 -17.2833 3.9265
v  100.1995 -17.1942 3.6134
v  100.2000 14.3587 4.5578
v  99.7000 14.3587 4.5578
v  100.2000 14.4558 4.8726
v  11.4058 15.0675 14.6850
v  11.6816 14.5618 14.2537
v  100.1995 -17.9777 5.4744
v  100.1995 -1.7829 5.4744
v  99.7000 -1.6521 3.7577
v  99.7000 -1.7010 3.7997
v  100.1995 -1.6521 3.7577
v  100.2000 18.6303 15.9911
v  100.2000 18.6832 16.0204
v  99.7000 13.3213 3.7975
v  99.7000 13.4443 3.9475
v  99.7000 13.4874 4.0334
v  100.2000 13.4874 4.0334
v  100.2000 19.8989 5.6555
v  12.2353 12.5953 14.0734
v  61.1961 6.9028 4.0001
v  60.7626 6.7556 4.0001
v  11.9796 -12.6561 15.2585
v  99.7000 19.3030 15.9157
v  10.7563 13.1557 12.5949
v  15.8901 -13.1523 10.8672
v  12.1154 14.3631 11.6928
v  12.2353 -12.5919 14.0734
v  12.3758 -12.8508 14.2138
v  11.8647 -12.5919 14.4367
v  99.7000 15.0574 3.7074
v  99.7000 14.2771 3.6270
v  100.2000 13.5118 16.2949
v  100.2000 13.4920 16.3282
v  99.7000 13.4920 16.3282
v  100.2000 13.7728 16.4556
v  100.1995 3.9819 5.4614
v  100.1995 3.7011 5.3340
v  100.1995 3.7209 5.3007
v  99.7000 3.7011 5.3340
v  10.5612 -15.9332 13.8407
v  100.1995 -1.8159 3.9322
v  99.7000 -1.8435 3.9786
v  100.1995 -18.0382 3.9786
v  100.1995 -18.0106 3.9322
v  100.1995 -17.7370 4.1303
v  99.7000 -18.0382 3.9786
v  13.1771 -14.4875 7.9289
v  13.1635 -13.5500 7.9690
v  13.1635 -14.4875 7.9690
v  13.1865 -17.3000 7.9092
v  13.1644 -17.3000 7.9653
v  23.2997 -17.3944 6.5001
v  21.8991 -17.0191 6.5001
v  21.8340 -17.2111 6.5001
v  21.8340 -17.2111 4.0001
v  19.4584 -17.8477 6.5001
v  19.4584 -17.8477 4.0001
v  19.3059 -17.7140 4.0001
v  99.7000 13.3153 16.7582
v  99.7000 13.2288 16.7632
v  100.2000 13.2288 16.7632
v  99.7000 14.9178 14.9809
v  99.7000 14.8888 14.9547
v  99.7000 14.8568 14.9332
v  99.7000 14.9639 15.0458
v  99.7000 19.3396 14.8174
v  15.8901 13.1557 10.8672
v  99.7000 -27.1915 18.2089
v  99.7000 27.1911 18.2089
v  10.9851 14.3631 12.8236
v  10.8446 14.1042 12.6832
v  10.4739 14.1042 13.0466
v  11.5248 -15.8070 14.8039
v  9.4751 11.9726 12.7551
v  7.6161 12.1631 14.4303
v  99.7000 15.2608 16.4085
v  23.1736 24.0801 4.0001
v  23.2997 23.7085 6.5001
v  23.2997 23.7085 4.0001
v  21.1784 -13.7202 4.0001
v  20.7935 -13.6436 4.0001
v  20.7935 -13.6436 6.5001
v  17.5042 -15.8415 6.5001
v  17.6303 -15.4699 6.5001
v  17.6303 -15.4699 5.5334
v  18.9699 -16.0248 6.5001
v  23.3763 -17.0095 4.0001
v  19.6255 20.0343 4.0001
v  19.2539 20.1604 4.0001
v  19.2539 20.1604 6.5001
v  19.8088 -18.0500 6.5001
v  19.2539 -19.3896 6.5001
v  19.6255 -19.5157 6.5001
v  19.2539 -19.3896 4.0001
v  100.2000 19.7998 4.8613
v  99.7000 -17.0678 4.0481
v  99.7000 -17.1324 3.9914
v  63.4443 2.7470 6.5001
v  63.4443 2.7470 4.0001
v  63.3317 2.5784 4.0001
v  20.8031 -18.1152 4.0001
v  20.9951 -18.0500 4.0001
v  20.9951 -18.0500 6.5001
v  20.8031 21.4348 4.0001
v  20.9951 21.5000 4.0001
v  20.9951 21.5000 6.5001
v  10.9851 -14.3597 12.8236
v  100.2000 16.7738 5.0014
v  100.2000 17.0463 4.8819
v  100.2000 16.5227 4.8506
v  100.2000 16.5538 4.5580
v  20.8031 21.4348 6.5001
v  21.1784 20.0342 6.5001
v  21.5500 20.1604 6.5001
v  21.5500 20.1604 4.0001
v  20.0104 25.9064 6.5001
v  18.8652 23.1343 6.5001
v  17.4276 23.3236 6.5001
v  98.7000 12.7354 10.7942
v  98.7000 12.7034 10.7390
v  97.7000 12.7034 10.7390
v  98.7000 11.0388 11.8555
v  98.7000 21.3087 8.8958
v  98.7000 21.3407 8.9510
v  97.7000 21.3407 8.9510
v  98.7000 23.0053 7.8345
v  97.7000 21.3087 10.7942
v  97.7000 21.3407 10.7390
v  98.7000 21.3407 10.7390
v  97.7000 12.7354 8.8958
v  97.7000 12.7034 8.9510
v  98.7000 12.7034 8.9510
v  98.7000 13.1829 8.4483
v  98.7000 13.2381 8.4164
v  97.7000 13.2381 8.4164
v  98.7000 12.1216 6.7518
v  98.7000 20.8612 11.2417
v  98.7000 20.8060 11.2737
v  97.7000 20.8060 11.2737
v  98.7000 21.9225 12.9383
v  97.7000 20.8060 8.4164
v  97.7000 20.8612 8.4483
v  98.7000 20.8060 8.4164
v  97.7000 13.2381 11.2737
v  97.7000 13.1829 11.2417
v  98.7000 13.2381 11.2737
v  17.7888 -17.3000 15.6194
v  17.8109 -17.1475 15.4484
v  17.7378 -17.1330 15.5846
v  17.4089 -17.1342 15.9080
v  17.5346 -17.1263 15.8172
v  17.5083 -16.9548 15.7792
v  13.1824 -12.3932 12.7597
v  12.9692 14.6866 12.5465
v  13.1824 14.5618 12.7597
v  15.4783 14.5618 10.4554
v  14.8075 12.2718 9.7847
v  14.8075 -12.2684 9.7847
v  10.8861 10.9792 14.1655
v  11.2110 11.0218 14.4902
v  8.3311 15.7171 15.1453
v  9.9553 15.6048 13.2351
v  10.2474 15.8104 13.5270
v  10.3664 15.0675 13.6460
v  8.6765 -12.1597 13.3694
v  10.5612 -11.0183 13.8407
v  10.8861 -10.9758 14.1655
v  100.2000 21.6011 5.2630
v  17.0230 -13.2090 15.9766
v  16.7798 -16.6180 15.9936
v  17.0230 -16.6180 15.9766
v  16.8771 -17.3000 16.0815
v  16.7245 -17.3000 16.0591
v  99.7000 16.7610 4.4625
v  99.7000 16.6942 3.9603
v  99.7000 16.8453 4.2381
v  11.8866 -13.7993 11.4640
v  14.2708 -14.1008 9.2480
v  14.1825 -13.7993 9.1597
v  100.2000 16.7610 4.0145
v  100.2000 17.0467 3.8341
v  100.2000 19.1482 15.1514
v  100.2000 19.1556 15.2023
v  99.7000 19.1556 15.2023
v  100.2000 19.4637 15.1427
v  100.2000 15.0062 5.6825
v  100.2000 14.9488 5.7044
v  99.7000 15.0062 5.6825
v  99.7000 3.9373 5.5274
v  99.7000 3.8829 5.5893
v  100.1995 3.8829 5.5893
v  99.7000 18.6832 16.0204
v  99.7000 18.5801 15.9553
v  13.1771 10.5031 7.9289
v  13.1635 10.7375 7.9690
v  13.1635 10.5031 7.9690
v  13.1865 9.8000 7.9092
v  13.1644 9.8000 7.9653
v  63.4443 4.2970 4.0001
v  63.4443 4.2970 6.5001
v  63.3317 4.4656 6.5001
v  64.8787 5.6527 6.5001
v  11.9749 -12.8508 11.5523
v  12.1154 -12.5919 11.6928
v  14.4113 -12.5919 9.3885
v  19.8088 -15.1860 4.0001
v  63.5340 2.9289 6.5001
v  65.3355 2.1826 6.5001
v  21.7443 22.1570 4.0001
v  21.7443 22.1570 6.5001
v  21.8340 22.3389 6.5001
v  23.1736 21.7840 6.5001
v  19.4584 21.7023 6.5001
v  19.4584 21.7023 4.0001
v  19.3059 21.8360 4.0001
v  100.2000 14.8561 3.9740
v  100.2000 14.8961 3.9991
v  99.7000 14.8961 3.9991
v  100.2000 15.0574 3.7074
v  100.2000 18.6150 15.6429
v  100.2000 18.5801 15.5887
v  100.2000 16.9751 5.5878
v  100.2000 17.0242 5.5318
v  99.7000 17.0242 5.5318
v  100.2000 16.7525 5.3379
v  100.2000 14.2744 4.9669
v  100.2000 14.3004 4.9420
v  100.2000 14.0771 4.6932
v  99.7000 21.2199 5.4419
v  99.7000 21.6947 4.8396
v  99.7000 -0.4820 4.0266
v  99.7000 -0.4491 4.1145
v  100.1995 -0.4491 4.1145
v  99.7000 18.9675 15.7531
v  99.7000 19.0126 15.7368
v  100.2000 19.0126 15.7368
v  99.7000 18.6150 15.6429
v  99.7000 20.0969 5.4740
v  9.6028 15.8838 16.4171
v  8.1487 15.9686 17.2298
v  8.4694 15.8838 17.5505
v  8.0537 15.4743 14.8680
v  6.9203 15.4743 16.0014
v  7.1977 15.7171 16.2788
v  99.7000 13.7953 15.8870
v  99.7000 17.1694 4.2176
v  12.0052 12.8542 14.5771
v  12.0359 12.8315 15.3148
v  99.7000 15.1783 14.8070
v  99.7000 15.1217 14.7499
v  100.2000 15.1783 14.8070
v  100.2000 12.4730 4.0335
v  100.2000 12.5165 3.9979
v  99.7000 12.5165 3.9979
v  99.7000 12.4034 4.1229
v  99.7000 12.7832 3.9170
v  99.7000 13.0933 4.0335
v  99.7000 13.0499 3.9979
v  100.2000 13.0499 3.9979
v  6.3372 14.3823 15.4183
v  9.6949 -11.6283 12.9748
v  9.9428 -12.3429 13.2226
v  99.7000 20.6357 15.8863
v  99.7000 20.2926 15.6722
v  100.2000 20.2926 15.6722
v  99.7000 -18.0106 3.9322
v  13.1644 17.3000 8.0842
v  13.1566 17.3000 8.0250
v  13.1615 14.4875 8.0717
v  13.1569 13.5500 8.0375
v  13.1569 14.4875 8.0375
v  100.2000 12.0788 4.0334
v  100.2000 12.1217 3.9475
v  100.2000 12.4034 4.1229
v  99.7000 12.0788 4.0334
v  99.7000 15.1691 5.6054
v  100.2000 15.1164 5.6329
v  63.0078 0.1413 6.5001
v  63.0078 0.1413 4.0001
v  99.7000 16.7525 4.9684
v  99.7000 16.7265 4.9375
v  100.2000 16.7265 4.9375
v  99.7000 16.6599 5.4203
v  11.9749 -14.1008 11.5523
v  100.2000 14.4816 16.3702
v  99.7000 14.4816 16.3702
v  99.7000 14.9588 4.0595
v  99.7000 15.0090 4.2146
v  99.7000 14.8851 4.4551
v  99.7000 14.9808 4.0940
v  100.2000 14.9588 4.0595
v  100.1995 3.9373 5.5274
v  100.1995 3.6769 5.3664
v  100.2000 13.7282 16.5217
v  100.2000 13.4678 16.3607
v  61.7008 5.0192 4.0001
v  61.5088 4.9540 4.0001
v  61.5088 4.9540 6.5001
v  100.1995 3.2479 5.3796
v  99.7000 3.2206 5.3503
v  100.2000 13.0389 16.3739
v  99.7000 13.0115 16.3446
v  99.7000 16.8204 4.7132
v  100.2000 18.8645 14.8951
v  100.2000 18.8763 14.5901
v  100.2000 18.9783 14.5981
v  100.2000 18.9284 14.5921
v  100.2000 14.9178 14.9809
v  99.7000 14.8888 16.3967
v  99.7000 14.9178 16.3702
v  100.2000 14.9178 16.3702
v  99.7000 14.8220 16.4351
v  100.2000 14.0624 5.5915
v  100.2000 14.1274 5.6453
v  99.7000 14.1274 5.6453
v  100.2000 14.3081 5.3657
v  100.2000 14.0067 5.5302
v  99.7000 -16.6438 4.1145
v  99.7000 -16.6768 4.0266
v  100.1995 -16.6438 4.1145
v  65.6020 3.5220 6.5001
v  58.7212 2.6162 6.5001
v  58.7212 2.6162 4.0001
v  64.8787 5.6527 4.0001
v  63.3317 2.5784 6.5001
v  64.8787 1.3914 6.5001
v  59.0709 5.2720 4.0001
v  59.3252 5.6527 4.0001
v  59.3252 5.6527 6.5001
v  59.0709 1.7720 4.0001
v  58.8684 2.1826 6.5001
v  100.2000 15.3273 4.1201
v  100.2000 15.3330 4.2146
v  100.2000 15.0058 4.1716
v  99.7000 14.2213 14.8070
v  99.7000 18.6162 15.0059
v  99.7000 18.5816 15.0682
v  100.2000 18.5816 15.0682
v  15.6613 14.3631 10.6384
v  17.3822 -16.9600 15.8710
v  16.9205 -17.2106 16.0622
v  17.0687 -16.9880 16.0002
v  16.8873 -17.0118 16.0244
v  22.7820 -14.7917 6.5001
v  23.0000 21.4320 4.0001
v  23.0000 21.4320 6.5001
v  22.7820 21.1057 6.5001
v  22.5233 25.0533 6.5001
v  22.2282 25.3121 4.0001
v  99.7000 13.9255 5.3914
v  99.7000 13.9610 5.4635
v  100.2000 13.9255 5.3914
v  97.7000 25.9790 19.2126
v  97.7000 26.0921 19.1789
v  99.7000 25.9790 19.2126
v  97.7000 -25.9793 19.2126
v  97.7000 -26.0924 19.1789
v  99.7000 -25.9793 19.2126
v  10.7675 12.5761 17.5817
v  11.6825 -12.1597 16.3754
v  99.7000 17.1178 5.3330
v  100.2000 17.0955 5.4044
v  11.0107 -14.6832 13.5831
v  10.4909 -15.1342 13.7704
v  10.7975 12.3967 13.3700
v  11.3814 12.2718 13.2198
v  99.7000 14.1562 4.0190
v  99.7000 14.1090 4.0438
v  100.2000 14.1090 4.0438
v  99.7000 14.2055 3.9962
v  99.7000 14.2773 4.5811
v  99.7000 18.2673 15.0495
v  99.7000 18.2917 14.9640
v  100.2000 18.2917 14.9640
v  98.7000 20.5085 8.3020
v  98.7000 20.5701 8.3187
v  97.7000 20.5701 8.3187
v  98.7000 20.9577 6.3517
v  98.7000 13.5356 11.3880
v  98.7000 13.4740 11.3714
v  97.7000 13.4740 11.3714
v  98.7000 13.0864 13.3383
v  97.7000 12.6057 10.5031
v  97.7000 12.5891 10.4415
v  98.7000 12.6057 10.5031
v  97.7000 20.5085 11.3880
v  97.7000 20.5701 11.3714
v  98.7000 20.5701 11.3714
v  98.7000 21.4550 10.4415
v  98.7000 21.4384 10.5031
v  97.7000 21.4384 10.5031
v  98.7000 23.4054 10.8907
v  97.7000 21.4384 9.1869
v  97.7000 21.4550 9.2486
v  98.7000 21.4384 9.1869
v  98.7000 12.5891 9.2486
v  98.7000 12.6057 9.1869
v  97.7000 12.6057 9.1869
v  98.7000 10.6387 8.7993
v  97.7000 13.5356 8.3020
v  97.7000 13.4740 8.3187
v  98.7000 13.4740 8.3187
v  17.0230 -9.8000 15.9766
v  17.2548 -9.8000 15.9013
v  100.2000 14.2216 5.0490
v  100.2000 13.9162 4.9267
v  100.2000 13.9444 4.8622
v  100.2000 13.8811 3.7980
v  100.2000 14.1562 4.0190
v  17.8198 13.5500 15.1514
v  17.7526 13.5500 15.3857
v  17.8198 9.8000 15.1514
v  17.6308 9.8000 15.5968
v  17.4615 9.8000 15.7721
v  99.7000 21.6158 4.1032
v  99.7000 21.5689 4.0463
v  100.2000 21.5689 4.0463
v  100.2000 16.7525 4.9684
v  100.2000 14.2055 3.9962
v  21.8991 22.5309 6.5001
v  21.8991 22.5309 4.0001
v  21.8340 22.3389 4.0001
v  18.9699 -17.2111 6.5001
v  18.9699 -17.2111 4.0001
v  18.9048 -17.0191 4.0001
v  20.6043 24.4688 6.5001
v  20.8031 24.4292 4.0001
v  20.4020 -15.0680 6.5001
v  20.4020 -13.6180 6.5001
v  19.8088 21.5000 6.5001
v  19.6255 20.0343 6.5001
v  61.1584 4.7517 6.5001
v  59.6271 5.9969 6.5001
v  21.5500 -19.3896 6.5001
v  21.9020 -19.2160 6.5001
v  21.5500 -19.3896 4.0001
v  18.9020 -19.2160 4.0001
v  17.8039 -18.1180 6.5001
v  19.6270 21.5897 6.5001
v  18.9020 20.3340 6.5001
v  17.8039 21.4320 4.0001
v  20.7935 -19.5923 4.0001
v  21.1784 -19.5157 4.0001
v  21.1784 -19.5157 6.5001
v  20.0104 25.9064 4.0001
v  20.4020 25.9320 6.5001
v  20.0104 -13.6436 6.5001
v  99.7000 19.1439 16.0256
v  99.7000 19.1098 16.0400
v  100.2000 19.1098 16.0400
v  100.1995 -0.8158 4.1211
v  100.1995 -0.8731 4.0481
v  100.1995 -17.0105 4.1211
v  100.1995 -17.0678 4.0481
v  99.7000 -17.0105 4.1211
v  100.2000 14.7001 16.7632
v  100.2000 14.6224 16.7587
v  100.2000 14.7001 16.4567
v  99.7000 14.7001 16.7632
v  99.7000 14.7774 16.7587
v  100.2000 21.9521 5.3002
v  100.2000 21.9699 5.2572
v  99.7000 21.9699 5.2572
v  100.2000 21.6534 5.1696
v  99.7000 -1.4067 5.7382
v  99.7000 -1.3339 5.7553
v  100.1995 -1.4067 5.7382
v  99.7000 -17.6014 5.7382
v  99.7000 -17.5287 5.7553
v  100.1995 -17.6014 5.7382
v  100.2000 14.7001 14.5901
v  100.2000 14.7774 14.5945
v  100.2000 14.7001 14.8951
v  20.9951 24.3640 6.5001
v  20.9951 24.3640 4.0001
v  21.1770 24.2744 4.0001
v  21.8991 -16.2168 4.0001
v  21.9387 -16.4157 6.5001
v  21.8340 23.5252 6.5001
v  21.8340 23.5252 4.0001
v  100.2000 18.6162 15.0059
v  100.2000 18.2673 15.0495
v  99.7000 14.4558 4.8726
v  99.7000 14.5075 4.8627
v  16.3171 17.3000 15.8522
v  16.5398 17.3000 15.9513
v  16.3171 9.8000 15.8522
v  16.5398 13.5500 15.9513
v  16.3171 13.5500 15.8522
v  13.1771 -13.5500 7.9289
v  13.1643 -9.8000 7.9656
v  13.1863 -9.8000 7.9096
v  100.2000 15.2608 16.4085
v  100.2000 14.9639 16.3051
v  100.2000 14.9800 16.2668
v  99.7000 14.9639 16.3051
v  15.4783 -14.5583 10.4554
v  12.9692 -14.6832 12.5465
v  12.3758 12.8542 14.2138
v  12.0522 14.5617 13.8904
v  15.8018 -12.8508 10.7789
v  15.6613 -12.5919 10.6384
v  13.3655 -12.5919 12.9427
v  14.5943 -12.3932 9.5715
v  11.3814 -12.2684 13.2198
v  12.3758 -14.1008 14.2138
v  13.3655 14.3631 12.9427
v  15.8018 14.1042 10.7789
v  13.5059 14.1042 13.0832
v  14.5943 14.5618 9.5715
v  14.8075 14.6866 9.7847
v  12.2985 14.5618 11.8758
v  14.4113 12.5953 9.3885
v  13.5059 -12.8508 13.0832
v  14.1825 13.8027 9.1597
v  11.8866 13.8027 11.4640
v  12.4641 -13.1523 14.3021
v  12.4641 13.8027 14.3021
v  17.8507 -16.9612 14.9373
v  17.8632 -17.1687 15.3036
v  17.8310 -16.9850 15.2570
v  99.7000 -0.8392 3.6659
v  100.2000 14.4200 15.0841
v  100.2000 14.4360 15.0458
v  99.7000 14.4360 15.0458
v  100.2000 14.1752 14.8715
v  100.2000 16.8001 3.6530
v  100.2000 16.9320 3.7260
v  100.2000 16.6942 3.9603
v  100.2000 16.8678 3.6850
v  99.7000 16.8001 3.6530
v  99.7000 14.4200 16.2668
v  99.7000 14.4360 16.3051
v  100.2000 14.4360 16.3051
v  100.2000 19.0381 16.0608
v  100.2000 19.0745 16.0517
v  100.1995 -0.4820 4.0266
v  100.1995 -0.5230 3.9465
v  99.7000 -0.5230 3.9465
v  100.1995 -0.5720 3.8743
v  100.1995 -16.7667 3.8743
v  100.1995 -16.6768 4.0266
v  100.1995 -16.7178 3.9465
v  99.7000 -16.7178 3.9465
v  99.7000 -1.1748 3.9184
v  99.7000 -1.3136 3.9390
v  99.7000 -1.3441 3.9505
v  100.1995 -1.3441 3.9505
v  99.7000 -17.6193 3.9975
v  99.7000 -17.3696 3.9184
v  99.7000 -17.5084 3.9390
v  99.7000 -17.5388 3.9505
v  100.1995 -17.5388 3.9505
v  17.4276 -17.0095 5.5334
v  99.7000 2.8629 5.3171
v  100.1995 2.8478 5.2373
v  99.7000 12.6538 16.3113
v  99.7000 12.6388 16.2316
v  100.2000 12.6388 16.2316
v  100.2000 13.0761 3.6451
v  100.2000 12.9531 3.9461
v  10.8861 -15.9754 14.1655
v  10.7523 -15.2155 14.0317
v  10.8506 -15.9753 14.1877
v  9.6028 11.0747 16.4171
v  7.4707 12.5761 14.2849
v  9.4751 -11.9692 12.7551
v  8.8731 -11.7915 13.5660
v  9.6957 -11.0712 14.3886
v  11.6825 -14.7919 16.3754
v  11.8294 -12.3429 15.1084
v  12.2971 -11.9692 15.5759
v  8.4418 -13.9352 13.1347
v  9.1255 -13.7064 12.4056
v  9.6502 -13.3810 12.9301
v  12.6467 -13.2451 15.9253
v  100.1995 -1.3136 5.4226
v  100.1995 -1.3441 5.4108
v  99.7000 -1.3441 5.4108
v  100.1995 -1.4749 5.7142
v  100.1995 -17.5388 5.4108
v  100.1995 -17.5084 5.4225
v  100.1995 -17.6697 5.7142
v  99.7000 -17.5388 5.4108
v  9.1142 -15.4708 13.8071
v  12.2971 14.9858 15.5759
v  12.5867 12.7951 15.8654
v  12.1075 13.1961 15.3863
v  99.7000 26.2022 19.1383
v  99.7000 26.3101 19.0906
v  97.7000 26.3101 19.0906
v  97.7000 -26.3104 19.0906
v  99.7000 -26.3104 19.0906
v  99.7000 -26.2025 19.1383
v  99.7000 -16.9756 5.1757
v  99.7000 -17.0436 5.2860
v  99.7000 -17.0171 5.2510
v  100.1995 -17.0171 5.2510
v  99.7000 -0.8488 5.2860
v  99.7000 -0.8224 5.2510
v  100.1995 -0.8224 5.2510
v  99.7000 -0.7808 5.1757
v  9.1854 12.7951 12.4656
v  10.4255 11.7950 17.2397
v  11.9172 -13.0164 16.6101
v  12.2971 -14.9824 15.5759
v  100.2000 19.7440 4.4693
v  100.2000 19.9104 4.5382
v  100.2000 19.6882 4.7799
v  100.2000 19.8316 4.4980
v  99.7000 19.8316 4.4980
v  99.7000 12.3790 4.1763
v  100.2000 12.3790 4.1763
v  100.2000 13.1873 4.1763
v  100.2000 13.1630 4.1229
v  99.7000 13.1873 4.1763
v  99.7000 18.9342 14.8994
v  99.7000 18.8645 14.8951
v  100.2000 14.8905 3.6351
v  100.2000 14.9778 3.6667
v  100.2000 14.8114 3.9535
v  99.7000 14.8905 3.6351
v  100.2000 17.0153 4.6096
v  100.2000 16.9278 4.6714
v  100.2000 16.9740 4.6434
v  99.7000 16.9740 4.6434
v  99.7000 14.4474 4.5416
v  100.2000 14.5940 4.5211
v  99.7000 12.1217 3.9475
v  100.1995 2.8629 5.3171
v  100.1995 2.8876 5.3923
v  100.1995 3.1788 5.2816
v  100.2000 12.6785 16.3865
v  100.2000 12.6538 16.3113
v  100.2000 12.9698 16.2758
v  99.7000 12.6785 16.3865
v  99.7000 16.8678 3.6850
v  99.7000 16.9320 3.7260
v  13.1615 -13.5500 8.0717
v  13.1615 -14.4875 8.0717
v  13.1569 -14.4875 8.0375
v  13.1566 -17.3000 8.0246
v  13.1644 -17.3000 8.0839
v  100.2000 14.9679 5.3441
v  100.2000 15.0094 5.3235
v  99.7000 14.9679 5.3441
v  13.5942 -13.7993 13.1715
v  14.1524 13.4792 9.1296
v  10.8446 12.8542 12.6832
v  10.7563 -13.1523 12.5949
v  100.2000 15.0774 4.7177
v  100.2000 14.9300 4.7901
v  100.2000 14.8851 4.4551
v  100.2000 14.1392 14.9435
v  99.7000 14.1392 14.9435
v  100.2000 14.1136 15.0230
v  100.2000 15.1783 16.5454
v  100.2000 15.2247 16.4807
v  99.7000 13.8074 16.3854
v  99.7000 14.1392 16.4085
v  99.7000 14.1752 16.4807
v  100.2000 14.1392 16.4085
v  99.7000 19.9104 4.5382
v  100.2000 21.2199 3.9170
v  99.7000 21.2199 3.9170
v  98.7000 12.7036 13.2218
v  98.7000 13.4136 11.3508
v  98.7000 21.3405 6.4682
v  98.7000 20.6305 8.3392
v  99.7000 21.3405 13.2218
v  99.7000 10.7553 11.2734
v  98.7000 10.7553 8.4166
v  98.7000 12.6263 9.1265
v  99.7000 23.2888 8.4166
v  98.7000 23.2888 11.2734
v  98.7000 21.4178 10.5635
v  17.7814 -16.9702 15.4045
v  17.7102 -16.9600 15.5431
v  100.2000 19.2282 14.7112
v  100.2000 19.1930 14.6862
v  99.7000 19.1930 14.6862
v  100.2000 19.2604 14.7367
v  99.7000 -18.0829 5.2851
v  99.7000 -18.0698 5.3188
v  100.1995 -18.0829 5.2851
v  99.7000 -1.8882 5.2851
v  99.7000 -1.8751 5.3188
v  100.1995 -1.8882 5.2851
v  17.1838 -17.3000 16.0588
v  17.0315 -17.3000 16.0816
v  17.0988 -17.1756 16.0369
v  17.2437 -16.9701 15.9430
v  100.1995 -1.4749 3.6496
v  100.1995 -1.3728 3.9646
v  99.7000 3.1546 5.1993
v  99.7000 3.1645 5.2421
v  99.7000 12.9555 16.2364
v  99.7000 12.9455 16.1935
v  59.9713 0.7453 4.0001
v  59.6271 1.0472 6.5001
v  63.4414 0.2884 6.5001
v  61.6451 0.0520 4.0001
v  61.1961 0.1413 4.0001
v  61.1961 0.1413 6.5001
v  62.5588 6.9921 6.5001
v  62.5588 6.9921 4.0001
v  62.1020 7.0220 4.0001
v  60.7626 6.7556 6.5001
v  63.0078 6.9028 6.5001
v  64.8787 1.3914 4.0001
v  100.2000 21.9429 4.0407
v  100.2000 21.6466 4.1583
v  100.2000 15.0090 4.2146
v  100.2000 15.3171 4.3561
v  99.7000 12.7036 6.4682
v  16.4941 -17.0816 15.9565
v  16.7798 -13.2090 15.9936
v  16.5398 -16.6180 15.9513
v  99.7000 14.2216 5.0490
v  99.7000 14.2744 4.9669
v  99.7000 14.2529 4.9936
v  100.2000 14.2529 4.9936
v  13.1712 -11.6750 8.1057
v  13.2058 -10.7375 8.1725
v  13.2193 -9.8000 8.1913
v  13.1865 -9.8000 8.1404
v  17.2548 17.3000 15.9013
v  17.2548 13.5500 15.9013
v  100.2000 15.2247 14.8715
v  100.2000 15.2608 14.9435
v  100.2000 14.9639 15.0458
v  99.7000 15.2247 14.8715
v  99.7000 15.2247 16.4807
v  100.1995 3.6825 5.7241
v  99.7000 3.6825 5.7241
v  100.2000 13.4735 16.7183
v  99.7000 13.4735 16.7183
v  99.7000 -17.6193 5.3636
v  99.7000 -17.5944 5.3804
v  100.1995 -17.5944 5.3804
v  99.7000 -1.4246 5.3636
v  99.7000 -1.3996 5.3804
v  100.1995 -1.3996 5.3804
v  99.7000 14.1752 14.8715
v  100.2000 14.1752 16.4807
v  99.7000 14.6562 14.8975
v  100.1995 -17.0436 5.2860
v  99.7000 -17.0738 5.3194
v  100.1995 -0.8488 5.2860
v  99.7000 -0.8791 5.3194
v  99.7000 16.7265 5.3694
v  99.7000 16.7525 5.3379
v  99.7000 16.7738 5.3048
v  99.7000 20.2126 5.0885
v  99.7000 3.6177 5.4198
v  99.7000 3.6489 5.3958
v  100.1995 3.6489 5.3958
v  99.7000 13.4087 16.4140
v  99.7000 13.4398 16.3900
v  100.2000 13.4398 16.3900
v  100.2000 18.9934 14.9122
v  99.7000 14.7955 3.6125
v  17.2548 9.8000 15.9013
v  17.0230 9.8000 15.9766
v  13.1615 13.5500 8.0717
v  13.1566 9.8000 8.0246
v  13.1644 9.8000 8.0839
v  99.7000 -16.8674 5.5820
v  99.7000 -16.9365 5.6391
v  100.1995 -16.9365 5.6391
v  99.7000 -0.6726 5.5820
v  99.7000 -0.7417 5.6391
v  100.1995 -0.7417 5.6391
v  100.2000 18.6544 15.6872
v  99.7000 14.7058 5.7605
v  99.7000 14.6417 5.7657
v  10.4255 15.1635 17.2397
v  9.2920 15.1635 18.3731
v  100.1995 -17.3696 3.5958
v  100.1995 -17.2800 3.6002
v  100.1995 -1.0853 3.6002
v  100.1995 -1.1748 3.5958
v  60.7596 2.7470 4.0001
v  60.8723 2.5784 6.5001
v  60.8723 4.4656 4.0001
v  63.5991 3.9232 6.5001
v  63.5991 3.9232 4.0001
v  63.6387 3.7243 4.0001
v  60.6048 3.1209 6.5001
v  60.6048 3.1209 4.0001
v  60.5652 3.3197 4.0001
v  19.0596 -15.8430 4.0001
v  19.3059 24.0280 6.5001
v  18.2806 25.0533 6.5001
v  99.7000 19.8266 5.3098
v  99.7000 19.8537 5.2653
v  99.7000 19.7180 5.4002
v  99.7000 4.0412 5.3169
v  99.7000 4.0165 5.3912
v  100.1995 4.0165 5.3912
v  99.7000 13.8322 16.3112
v  99.7000 14.1136 16.3289
v  100.2000 13.8074 16.3854
v  100.2000 16.6599 5.4203
v  100.2000 16.6192 5.4381
v  99.7000 16.6192 5.4381
v  100.2000 16.7766 5.7083
v  22.7820 -18.4443 4.0001
v  22.5233 -18.7393 4.0001
v  22.7820 -18.4443 6.5001
v  18.0219 24.7583 6.5001
v  18.0219 24.7583 4.0001
v  17.8039 24.4320 4.0001
v  23.3763 -16.2264 4.0001
v  23.2997 -15.8415 4.0001
v  23.2997 -15.8415 6.5001
v  18.9020 20.3340 4.0001
v  23.3763 23.3236 4.0001
v  21.8991 -16.2168 6.5001
v  23.1736 -15.4699 6.5001
v  17.8039 -18.1180 4.0001
v  20.0104 -13.6436 4.0001
v  22.7820 21.1057 4.0001
v  21.1770 24.2744 6.5001
v  21.9020 25.5301 6.5001
v  18.9020 -19.2160 6.5001
v  19.0596 22.1570 6.5001
v  17.8039 21.4320 6.5001
v  17.8039 -15.1180 5.5334
v  22.7820 -14.7917 4.0001
v  23.0000 -18.1180 6.5001
v  21.9020 25.5301 4.0001
v  17.7526 -13.2090 15.3857
v  99.7000 -1.0094 3.9509
v  99.7000 -17.2042 3.9509
v  100.1995 -0.4738 5.3005
v  100.1995 -0.4448 5.2200
v  99.7000 -0.4448 5.2200
v  100.1995 -0.7808 5.1757
v  100.1995 -16.9756 5.1757
v  100.1995 -16.6686 5.3005
v  100.1995 -16.6396 5.2200
v  99.7000 -16.6396 5.2200
v  100.2000 17.1070 5.0037
v  100.2000 16.8021 5.0737
v  100.2000 17.1195 5.0457
v  100.2000 21.6588 4.1870
v  99.7000 21.6588 4.1870
v  100.2000 14.1365 4.6488
v  99.7000 14.0771 4.6932
v  100.2000 16.8512 5.6770
v  99.7000 16.8512 5.6770
v  99.7000 19.1050 15.6488
v  99.7000 19.0814 15.6846
v  99.7000 18.9152 15.7628
v  99.7000 13.9444 4.8622
v  99.7000 13.9807 4.8016
v  100.2000 13.9807 4.8016
v  99.7000 14.3081 5.3657
v  99.7000 14.3440 5.3890
v  100.2000 14.3440 5.3890
v  11.8294 14.6121 15.1084
v  99.7000 11.4305 12.3711
v  99.7000 22.6136 7.3189
v  98.7000 22.6136 12.3711
v  98.7000 21.1567 10.9992
v  98.7000 11.4305 7.3189
v  98.7000 12.8874 8.6908
v  99.7000 11.6060 7.1434
v  98.7000 22.4381 7.1434
v  98.7000 21.0662 8.6003
v  99.7000 22.4381 12.5466
v  98.7000 11.6060 12.5466
v  98.7000 12.9779 11.0897
v  99.7000 12.4743 13.1268
v  99.7000 21.5698 6.5632
v  98.7000 12.4743 6.5632
v  98.7000 13.2954 8.3882
v  98.7000 21.5698 13.1268
v  98.7000 20.7488 11.3018
v  98.7000 10.8502 11.5027
v  98.7000 12.6752 10.6817
v  99.7000 10.8502 8.1873
v  98.7000 23.1939 8.1873
v  98.7000 21.3689 9.0083
v  99.7000 23.1939 11.5027
v  21.7443 -17.3930 4.0001
v  62.8770 2.1797 6.5001
v  62.8770 2.1797 4.0001
v  21.1770 -15.2756 4.0001
v  21.1770 -17.9603 6.5001
v  21.1770 21.5897 6.5001
v  19.0596 -17.3930 6.5001
v  62.3043 5.0588 6.5001
v  62.3043 5.0588 4.0001
v  62.1020 5.0720 4.0001
v  61.8996 1.9853 4.0001
v  20.0008 24.4292 4.0001
v  18.9048 -16.2168 4.0001
v  18.9048 -16.2168 6.5001
v  18.8652 -16.4157 6.5001
v  20.1996 21.3953 4.0001
v  20.1996 -18.1547 4.0001
v  18.8652 23.1343 4.0001
v  19.3059 24.0280 4.0001
v  100.2000 14.2763 5.3382
v  99.7000 14.2763 5.3382
v  99.7000 16.8766 4.6937
v  99.7000 16.9278 4.6714
v  100.2000 16.8766 4.6937
v  99.7000 16.8430 4.2794
v  100.2000 16.8453 4.2381
v  99.7000 16.8079 4.3939
v  10.0349 12.2087 13.3147
v  100.2000 17.1694 4.2176
v  100.2000 16.8430 4.1969
v  100.2000 19.0506 15.7140
v  100.2000 19.1439 16.0256
v  100.1995 -1.5974 5.0685
v  100.1995 -1.9230 5.1332
v  100.1995 -1.9282 5.0732
v  99.7000 -1.9230 5.1332
v  100.1995 -18.1229 5.0732
v  100.1995 -18.1178 5.1332
v  99.7000 -18.1178 5.1332
v  100.1995 -17.7922 5.0685
v  99.7000 -17.3696 3.5958
v  17.7526 17.3000 15.3857
v  11.0108 -12.2684 13.5831
v  10.6200 -11.7667 13.8995
v  10.6200 15.1883 13.8995
v  13.1643 17.3000 7.9656
v  13.1863 17.3000 7.9096
v  13.1771 11.6750 7.9289
v  13.1635 11.6750 7.9690
v  13.1771 11.2063 7.9289
v  12.1075 -13.7589 15.3863
v  11.2813 11.8208 14.5605
v  99.7000 21.6385 3.7139
v  16.3171 -9.8000 15.8522
v  99.7000 22.0097 4.3051
v  99.7000 22.0144 4.3787
v  100.2000 22.0144 4.3787
v  100.2000 12.4023 3.6846
v  99.7000 13.1631 3.6846
v  99.7000 13.2449 3.7354
v  100.2000 13.2449 3.7354
v  99.7000 19.4313 15.7082
v  99.7000 19.4436 15.6665
v  100.2000 19.4313 15.7082
v  99.7000 12.4894 3.6451
v  99.7000 21.6810 5.0651
v  99.7000 21.6387 5.2019
v  99.7000 21.6653 5.1360
v  99.7000 21.6745 5.1011
v  100.2000 21.6745 5.1011
v  99.7000 27.3393 17.7630
v  99.7000 27.3587 17.6443
v  97.7000 27.3587 17.6443
v  99.7000 -27.3590 17.6443
v  99.7000 -27.3396 17.7630
v  97.7000 -27.3590 17.6443
v  99.7000 17.1670 4.2713
v  100.2000 17.1670 4.2713
v  100.2000 13.5470 16.1532
v  100.2000 13.5448 16.1899
v  99.7000 13.5448 16.1899
v  100.2000 13.8520 16.1503
v  100.1995 3.7560 5.1590
v  100.1995 3.7538 5.1957
v  99.7000 3.7538 5.1957
v  100.1995 4.0610 5.1560
v  99.7000 21.6370 5.6586
v  100.2000 22.0126 5.0307
v  100.2000 22.0161 4.9610
v  99.7000 22.0161 4.9610
v  100.2000 21.6896 4.9721
v  100.2000 13.8378 16.0121
v  100.2000 13.8201 15.9479
v  99.7000 13.8201 15.9479
v  100.1995 4.0469 5.0179
v  100.1995 4.0291 4.9537
v  99.7000 4.0291 4.9537
v  17.7009 -17.3000 15.7450
v  17.8933 -17.1961 15.1536
v  17.8577 -17.0041 15.1042
v  99.7000 20.5110 13.4103
v  99.7000 20.6811 13.3901
v  98.7000 20.5110 13.4103
v  98.7000 13.5331 13.4103
v  98.7000 13.3630 13.3901
v  98.7000 13.6611 11.4115
v  99.7000 13.5331 13.4103
v  98.7000 20.5110 6.2797
v  98.7000 20.6811 6.2999
v  98.7000 20.3830 8.2785
v  99.7000 20.5110 6.2797
v  98.7000 23.4774 10.4439
v  98.7000 23.4572 10.6140
v  98.7000 21.4785 10.3160
v  99.7000 23.4774 10.4439
v  99.7000 23.4774 9.2461
v  99.7000 23.4572 9.0760
v  98.7000 23.4774 9.2461
v  99.7000 10.5667 10.4439
v  99.7000 10.5869 10.6140
v  98.7000 10.5667 10.4439
v  98.7000 10.5667 9.2461
v  98.7000 10.5869 9.0760
v  98.7000 12.5656 9.3740
v  99.7000 10.5667 9.2461
v  100.2000 21.6810 5.0651
v  100.2000 21.6857 5.0235
v  97.7000 27.0781 18.4113
v  97.7000 27.0126 18.5065
v  99.7000 27.0126 18.5065
v  99.7000 -27.0130 18.5065
v  97.7000 -27.0129 18.5065
v  97.7000 -27.0784 18.4113
v  99.7000 26.9416 18.5974
v  99.7000 -26.9419 18.5974
v  12.0052 14.1042 14.5771
v  12.0052 -12.8508 14.5771
v  99.7000 19.7305 4.8010
v  99.7000 14.6224 14.5945
v  99.7000 13.1630 4.1229
v  100.1995 -17.5675 3.9646
v  100.1995 -17.6697 3.6496
v  16.6602 -17.2757 16.0379
v  16.7534 -17.0327 16.0199
v  16.6215 -17.0562 15.9970
v  16.7892 -17.2414 16.0591
v  100.2000 20.1451 5.3928
v  100.2000 20.1218 5.4350
v  100.2000 19.8730 5.2150
v  99.7000 16.6527 3.9413
v  100.2000 16.6527 3.9413
v  11.5248 15.8104 14.8039
v  99.7000 -1.8159 3.9322
v  99.7000 13.5331 6.2797
v  99.7000 13.3630 6.2999
v  98.7000 13.5331 6.2797
v  100.2000 18.4178 14.7650
v  100.2000 18.3670 14.8218
v  99.7000 18.3670 14.8218
v  100.2000 18.3249 14.8882
v  13.1712 -12.6125 8.1057
v  13.1863 -17.3000 8.1399
v  13.2192 -17.3000 8.1912
v  100.2000 21.3850 3.6233
v  100.2000 21.4543 3.6375
v  100.1995 -17.9394 3.8428
v  100.1995 -17.8958 3.7997
v  100.1995 -17.6824 4.0543
v  99.7000 -17.9394 3.8428
v  100.1995 -1.7446 3.8428
v  100.1995 -1.7010 3.7997
v  100.1995 -1.4876 4.0543
v  99.7000 -1.7446 3.8428
v  13.1712 13.5500 8.1057
v  13.1712 14.4875 8.1057
v  13.1863 9.8000 8.1399
v  13.2192 9.8000 8.1912
v  100.2000 16.6527 4.5361
v  100.2000 16.6942 4.5170
v  99.7000 16.6527 4.5361
v  99.7000 19.9396 5.6291
v  100.2000 19.4537 15.6164
v  100.2000 19.4436 15.6665
v  99.7000 19.4537 15.6164
v  100.2000 19.7305 4.8010
v  99.7000 14.8155 4.4853
v  99.7000 14.7303 4.5035
v  99.7000 -17.4424 5.4382
v  99.7000 -17.4068 5.4421
v  100.1995 -17.4068 5.4421
v  99.7000 -1.2476 5.4382
v  99.7000 -1.2121 5.4421
v  100.1995 -1.2121 5.4421
v  99.7000 14.8114 3.9535
v  99.7000 14.7619 3.9375
v  100.2000 14.7619 3.9375
v  13.1824 12.3967 12.7597
v  15.6613 12.5953 10.6384
v  12.2985 -12.3932 11.8758
v  12.0522 -12.3932 13.8904
v  11.9749 12.8542 11.5523
v  99.7000 16.6942 4.5170
v  99.7000 16.7303 4.4925
v  100.2000 12.9555 16.2364
v  100.2000 12.9455 16.1935
v  100.1995 3.1645 5.2421
v  100.1995 3.1546 5.1993
v  100.2000 14.1369 3.6677
v  100.2000 14.2771 3.6270
v  100.2000 14.3095 3.9577
v  100.1995 -18.1038 4.1472
v  100.1995 -17.7766 4.2206
v  100.1995 -17.7853 4.2528
v  99.7000 -17.7766 4.2206
v  99.7000 -18.1229 5.0732
v  99.7000 -18.1269 4.9980
v  100.1995 -18.1269 4.9980
v  99.7000 -1.9282 5.0732
v  99.7000 -1.9322 4.9980
v  100.1995 -1.9322 4.9980
v  100.2000 19.8190 5.6966
v  100.2000 19.8586 5.6780
v  100.2000 19.7492 5.3818
v  100.2000 17.1598 4.3241
v  100.2000 16.8430 4.2794
v  99.7000 3.5834 5.4385
v  99.7000 3.4613 5.4625
v  99.7000 13.3743 16.4327
v  99.7000 13.2522 16.4567
v  99.7000 -17.8469 3.7577
v  99.7000 -17.8958 3.7997
v  100.1995 -17.8469 3.7577
v  17.6939 -16.7886 15.5184
v  17.6308 -16.6180 15.5968
v  100.1995 -17.8958 5.5619
v  100.1995 -17.8469 5.6043
v  99.7000 -17.8469 5.6043
v  100.1995 -17.6633 5.3274
v  100.1995 -1.4686 5.3274
v  100.1995 -1.6521 5.6043
v  100.1995 -1.7010 5.5619
v  99.7000 -1.6521 5.6043
v  100.2000 16.6192 4.8704
v  100.2000 16.6599 4.8878
v  99.7000 16.6599 4.8878
v  10.9674 -15.7137 15.6604
v  100.2000 14.6562 16.4543
v  100.2000 14.5476 16.7454
v  99.7000 14.7436 16.4543
v  99.7000 14.6562 16.4543
v  100.2000 14.8519 14.6079
v  100.2000 14.7843 14.9046
v  100.2000 14.7436 14.8975
v  99.7000 14.7843 14.9046
v  63.6387 3.3197 6.5001
v  63.5991 3.1209 4.0001
v  60.6048 3.9232 4.0001
v  60.6048 3.9232 6.5001
v  63.0455 4.7517 6.5001
v  64.2326 6.2988 6.5001
v  21.7443 23.7070 4.0001
v  19.8088 24.3640 4.0001
v  19.8088 24.3640 6.5001
v  20.1996 -15.0812 6.5001
v  20.1996 -15.0812 4.0001
v  20.4020 -15.0680 4.0001
v  21.6317 -15.6744 6.5001
v  61.3270 2.1797 4.0001
v  61.5088 2.0900 6.5001
v  18.9699 -16.0248 4.0001
v  21.9387 22.7297 4.0001
v  20.9951 -15.1860 4.0001
v  20.8031 -15.1208 6.5001
v  63.0455 4.7517 4.0001
v  61.1584 2.2923 4.0001
v  63.5340 2.9289 4.0001
v  60.6699 4.1152 4.0001
v  60.6699 2.9289 6.5001
v  63.5340 4.1152 4.0001
v  60.6699 2.9289 4.0001
v  21.1770 21.5897 4.0001
v  19.0596 -17.3930 4.0001
v  19.0596 22.1570 4.0001
v  21.1770 -17.9603 4.0001
v  21.7443 -17.3930 6.5001
v  19.6270 -17.9603 6.5001
v  99.7000 19.2604 14.7367
v  99.7000 19.2282 14.7112
v  17.2273 -16.7934 15.9214
v  17.0509 -16.8024 15.9784
v  100.2000 19.6839 5.4152
v  100.2000 19.6470 5.4269
v  99.7000 19.6470 5.4269
v  100.2000 18.9675 15.7531
v  100.2000 19.0005 16.0673
v  100.2000 18.9217 16.0726
v  100.2000 18.9617 16.0713
v  99.7000 18.9617 16.0713
v  17.4615 -16.6180 15.7721
v  17.6031 -16.7858 15.6457
v  17.3665 -16.7883 15.8491
v  17.4930 -16.7858 15.7567
v  99.7000 18.3249 14.8882
v  14.1524 -13.4758 9.1296
v  13.5942 13.1557 13.1715
v  99.7000 15.2820 3.9529
v  99.7000 15.2424 3.8803
v  100.2000 15.2820 3.9529
v  17.7526 9.8000 15.3857
v  99.7000 14.9432 16.3395
v  99.7000 14.9800 16.2668
v  99.7000 14.9915 16.2249
v  99.7000 12.5632 3.9688
v  100.2000 13.1631 3.6846
v  100.2000 13.0031 3.9688
v  99.7000 25.7443 19.2587
v  99.7000 25.8630 19.2393
v  97.7000 25.8630 19.2393
v  97.7000 -25.8633 19.2393
v  99.7000 -25.8633 19.2393
v  99.7000 -25.7446 19.2587
v  100.2000 12.6133 3.9461
v  99.7000 13.0031 3.9688
v  99.7000 12.9531 3.9461
v  100.2000 14.2118 5.0776
v  100.2000 13.8960 4.9949
v  97.7000 26.4108 19.0383
v  97.7000 26.5113 18.9781
v  99.7000 26.4108 19.0383
v  99.7000 -26.4111 19.0383
v  97.7000 -26.4111 19.0383
v  97.7000 -26.5116 18.9781
v  97.7000 13.7243 11.4190
v  97.7000 13.6611 11.4115
v  98.7000 13.7243 11.4190
v  97.7000 20.3198 8.2710
v  97.7000 20.3830 8.2785
v  98.7000 20.3198 8.2710
v  98.7000 20.3198 11.4190
v  98.7000 20.3830 11.4115
v  98.7000 20.6811 13.3901
v  97.7000 20.3198 11.4190
v  98.7000 13.7243 8.2710
v  98.7000 13.6611 8.2785
v  98.7000 13.3630 6.2999
v  97.7000 13.7243 8.2710
v  97.7000 12.5581 9.4372
v  97.7000 12.5656 9.3740
v  98.7000 12.5581 9.4372
v  98.7000 21.4860 9.4372
v  98.7000 21.4785 9.3740
v  98.7000 23.4572 9.0760
v  97.7000 21.4860 9.4372
v  98.7000 12.5581 10.2528
v  98.7000 12.5656 10.3160
v  98.7000 10.5869 10.6140
v  97.7000 12.5581 10.2528
v  97.7000 21.4860 10.2528
v  97.7000 21.4785 10.3160
v  98.7000 21.4860 10.2528
v  100.2000 14.7058 5.7605
v  100.2000 14.7685 5.7517
v  99.7000 14.7685 5.7517
v  100.2000 14.7010 5.4306
v  100.2000 14.7077 3.9261
v  100.2000 14.7955 3.6125
v  99.7000 14.2007 5.6893
v  99.7000 15.2608 14.9435
v  100.2000 21.3949 5.7384
v  100.2000 21.5223 5.7085
v  99.7000 21.5223 5.7085
v  100.2000 21.3724 5.4221
v  99.7000 16.6192 4.8704
v  99.7000 16.6957 4.9102
v  99.7000 -1.5905 5.1077
v  99.7000 -1.5818 5.1400
v  100.1995 -1.5818 5.1400
v  99.7000 -17.7766 5.1399
v  99.7000 -17.7853 5.1076
v  100.1995 -17.7766 5.1399
v  100.2000 13.3213 3.7975
v  100.2000 13.0933 4.0335
v  63.8520 6.5531 4.0001
v  58.7212 4.4279 6.5001
v  58.6319 3.9789 4.0001
v  59.6271 5.9969 4.0001
v  65.3355 4.8614 4.0001
v  65.4827 4.4279 6.5001
v  65.4827 2.6162 4.0001
v  100.2000 17.0909 3.8982
v  99.7000 17.0467 3.8341
v  99.7000 16.7766 5.7083
v  100.2000 21.7872 3.8277
v  100.2000 14.4235 5.4229
v  100.1995 -17.1789 5.7482
v  99.7000 -17.0922 5.7222
v  100.1995 -0.9841 5.7482
v  99.7000 -0.8975 5.7222
v  17.5929 -17.3000 15.8547
v  17.6452 -17.1258 15.7087
v  99.7000 19.4637 15.1427
v  99.7000 19.4576 15.0924
v  10.8639 -15.9753 14.2010
v  100.2000 21.4391 5.3972
v  99.7000 21.4391 5.3972
v  13.1979 -14.9562 7.8893
v  13.1979 -15.4250 7.8893
v  13.2193 -17.3000 7.8582
v  99.7000 17.0153 4.6096
v  99.7000 16.9310 4.7761
v  99.7000 14.3678 4.9012
v  99.7000 14.3315 4.9201
v  100.2000 14.3315 4.9201
v  17.2716 -17.1493 15.9795
v  99.7000 13.5452 16.6834
v  100.2000 13.5452 16.6834
v  99.7000 3.8210 5.6442
v  100.1995 3.7542 5.6891
v  99.7000 -1.5709 4.1894
v  99.7000 -1.5818 4.2206
v  100.1995 -1.5818 4.2206
v  99.7000 -1.5577 4.1593
v  99.7000 -17.7525 4.1593
v  99.7000 -17.7656 4.1894
v  13.1569 -13.5500 8.0375
v  13.1644 -9.8000 8.0842
v  13.1566 -9.8000 8.0250
v  99.7000 -16.8237 3.8100
v  99.7000 -16.8886 3.7535
v  100.1995 -16.8237 3.8100
v  99.7000 -0.6289 3.8100
v  99.7000 -0.6938 3.7535
v  100.1995 -0.6289 3.8100
v  99.7000 18.7463 15.7464
v  100.2000 19.0809 14.9635
v  99.7000 14.4200 15.0841
v  100.1995 -1.9168 4.1839
v  100.1995 -1.5974 4.2920
v  100.1995 -1.9230 4.2286
v  99.7000 -1.9230 4.2286
v  100.1995 -18.1115 4.1839
v  100.1995 -18.1178 4.2286
v  99.7000 -18.1178 4.2286
v  100.1995 -17.7922 4.2920
v  99.7000 13.0748 16.7434
v  99.7000 3.2839 5.7492
v  100.2000 14.4200 16.2668
v  100.2000 13.5181 4.1266
v  100.2000 13.2047 4.2356
v  100.2000 13.5366 4.2271
v  99.7000 13.5181 4.1266
v  100.2000 17.0643 5.4706
v  100.2000 16.7738 5.3048
v  99.7000 19.6839 5.4152
v  16.3062 -17.3000 15.8676
v  13.1979 11.6750 7.8893
v  13.2192 17.3000 7.8584
v  100.1995 3.7183 5.0054
v  100.1995 3.7278 5.0239
v  99.7000 3.7278 5.0239
v  100.1995 4.0043 4.8927
v  100.2000 13.7953 15.8870
v  100.2000 13.5188 16.0181
v  100.2000 13.5092 15.9996
v  99.7000 13.5188 16.0181
v  17.5042 22.1556 4.0001
v  23.0000 24.4320 4.0001
v  23.1736 24.0801 6.5001
v  18.9020 25.5301 4.0001
v  19.2539 25.7037 6.5001
v  18.9020 -14.0199 6.5001
v  23.2997 -17.3944 4.0001
v  23.3763 -17.0095 6.5001
v  17.5042 23.7085 6.5001
v  17.4276 23.3236 4.0001
v  20.0104 19.9577 4.0001
v  19.6255 -19.5157 4.0001
v  20.0104 -19.5923 6.5001
v  99.7000 14.8220 14.9165
v  99.7000 14.7001 14.8951
v  99.7000 14.3630 3.9430
v  99.7000 14.3095 3.9577
v  100.2000 14.2778 14.7499
v  100.2000 14.5105 14.9547
v  99.7000 14.4565 16.3395
v  100.2000 14.8888 16.3967
v  100.2000 15.1217 16.6026
v  99.7000 20.0704 5.5099
v  100.2000 20.0704 5.5100
v  100.2000 14.9964 4.1314
v  99.7000 15.0058 4.1716
v  99.7000 12.7129 16.4572
v  99.7000 12.7571 16.5234
v  100.2000 12.7129 16.4572
v  99.7000 2.9220 5.4630
v  99.7000 2.9661 5.5291
v  100.1995 2.9220 5.4630
v  99.7000 21.6902 4.3617
v  99.7000 21.6825 4.2770
v  99.7000 21.6768 4.2463
v  100.2000 21.6768 4.2463
v  99.7000 -1.9168 4.1839
v  99.7000 -1.9090 4.1472
v  100.1995 -1.9090 4.1472
v  99.7000 -18.1115 4.1839
v  99.7000 -18.1038 4.1472
v  99.7000 14.9915 15.1262
v  99.7000 14.9800 15.0841
v  100.2000 14.9800 15.0841
v  100.2000 16.7903 5.0365
v  99.7000 16.8021 5.0737
v  99.7000 19.1270 15.0491
v  100.2000 12.8714 16.6395
v  100.2000 12.9355 16.6840
v  99.7000 12.9355 16.6840
v  100.2000 13.0695 16.3992
v  100.1995 3.1446 5.6898
v  100.1995 3.0804 5.6452
v  100.1995 3.2785 5.4050
v  99.7000 3.1446 5.6898
v  99.7000 19.0005 16.0673
v  17.6187 -16.9548 15.6692
v  99.7000 20.1699 4.8653
v  99.7000 20.1367 4.7934
v  100.2000 20.1699 4.8653
v  99.7000 16.7288 3.6302
v  100.2000 16.7288 3.6302
v  97.7000 21.1567 10.9992
v  97.7000 12.8874 8.6908
v  98.7000 12.8874 10.9992
v  98.7000 11.4305 12.3711
v  98.7000 21.1567 8.6908
v  98.7000 22.6136 7.3189
v  97.7000 12.9779 11.0897
v  97.7000 21.0662 8.6003
v  98.7000 21.0662 11.0897
v  98.7000 22.4381 12.5466
v  98.7000 12.9779 8.6003
v  98.7000 11.6060 7.1434
v  97.7000 13.4136 11.3508
v  97.7000 20.6305 8.3392
v  98.7000 21.4178 9.1265
v  98.7000 23.2888 8.4166
v  97.7000 12.6263 9.1265
v  98.7000 12.6263 10.5635
v  98.7000 10.7553 11.2734
v  97.7000 21.4178 10.5635
v  98.7000 20.6305 11.3508
v  98.7000 21.3405 13.2218
v  98.7000 13.4136 8.3392
v  98.7000 12.7036 6.4682
v  98.7000 13.2953 11.3018
v  98.7000 12.4743 13.1268
v  98.7000 20.7488 8.3882
v  98.7000 21.5698 6.5632
v  98.7000 12.6752 9.0083
v  98.7000 10.8502 8.1873
v  97.7000 21.3689 9.0083
v  97.7000 12.6752 10.6817
v  98.7000 21.3689 10.6817
v  98.7000 23.1939 11.5027
v  97.7000 13.2954 8.3882
v  97.7000 20.7488 11.3018
v  99.7000 18.7184 14.9228
v  99.7000 18.4774 14.7177
v  99.7000 14.6549 5.4369
v  99.7000 14.7010 5.4306
v  100.2000 21.9061 5.3892
v  17.7639 -16.7938 15.3783
v  16.3735 -17.1085 15.8994
v  16.3465 -16.8635 15.8721
v  16.2355 -16.8773 15.7994
v  16.3171 -16.6180 15.8522
v  100.1995 -17.2042 3.9509
v  100.1995 -1.0094 3.9509
v  99.7000 21.2993 5.4370
v  99.7000 21.3724 5.4221
v  100.2000 14.4068 16.6918
v  100.2000 14.4758 16.7231
v  99.7000 14.4758 16.7231
v  100.2000 14.5773 16.4351
v  98.7000 13.6939 6.2679
v  98.7000 13.7880 8.2663
v  99.7000 14.4758 14.6301
v  99.7000 14.5476 16.7454
v  100.2000 14.8519 16.7454
v  100.2000 14.7774 16.7587
v  99.7000 14.8519 16.7454
v  99.7000 14.9924 16.6918
v  100.2000 15.2973 4.4236
v  99.7000 15.2973 4.4236
v  100.2000 14.6224 14.5945
v  100.2000 14.5476 14.6079
v  99.7000 14.5476 14.6079
v  16.7321 -16.8250 15.9966
v  16.8677 -16.8144 16.0020
v  16.4691 -16.8498 15.9308
v  16.5985 -16.8369 15.9726
v  100.2000 14.9924 14.6611
v  100.2000 14.8220 14.9165
v  13.1865 17.3000 8.1404
v  100.2000 19.1270 15.0491
v  100.2000 19.4149 14.9422
v  100.2000 19.4401 15.0102
v  100.2000 19.4285 14.9757
v  99.7000 19.4285 14.9757
v  99.7000 -1.6126 4.7840
v  99.7000 -17.8074 4.7840
v  100.2000 20.2079 5.0129
v  100.2000 19.8861 5.0554
v  99.7000 20.2079 5.0129
v  99.7000 21.3949 5.7384
v  99.7000 14.9488 5.7044
v  99.7000 14.8900 5.7237
v  100.2000 14.8900 5.7237
v  100.2000 14.8155 4.4853
v  99.7000 14.9964 4.1314
v  100.2000 19.3790 15.8161
v  100.2000 19.3991 15.7811
v  99.7000 19.4165 15.7451
v  99.7000 21.9869 4.1577
v  99.7000 21.9749 4.1182
v  100.2000 21.9869 4.1577
v  99.7000 -1.4749 5.7142
v  99.7000 -1.5386 5.6834
v  100.1995 -1.5386 5.6834
v  99.7000 -17.7334 5.6834
v  99.7000 -17.6697 5.7142
v  100.1995 -17.7334 5.6834
v  100.2000 19.1635 15.4115
v  100.2000 19.1651 15.3541
v  100.2000 12.2443 3.7975
v  100.2000 12.1769 3.8688
v  99.7000 12.1769 3.8688
v  100.2000 12.4347 4.0753
v  100.2000 19.9805 4.5899
v  100.2000 20.0418 4.6531
v  100.2000 19.7677 4.8281
v  99.7000 19.9805 4.5899
v  100.1995 -17.7334 3.6799
v  99.7000 -17.7334 3.6799
v  100.1995 -1.5386 3.6799
v  99.7000 -1.5386 3.6799
v  99.7000 12.0298 4.2271
v  99.7000 12.0482 4.1266
v  100.2000 12.0482 4.1266
v  97.7000 -27.3708 17.5233
v  98.7000 20.3502 13.4221
v  98.7000 20.2561 11.4237
v  99.7000 20.3502 6.2679
v  99.7000 13.6939 13.4221
v  98.7000 23.4892 9.4068
v  98.7000 21.4907 9.5010
v  99.7000 23.4892 10.2832
v  99.7000 10.5549 9.4068
v  98.7000 10.5549 10.2832
v  98.7000 12.5534 10.1890
v  97.7000 27.3705 17.5233
v  99.7000 19.7440 4.4693
v  17.8363 -16.8113 15.0746
v  100.1995 -1.5709 5.1714
v  100.1995 -1.9090 5.2147
v  100.1995 -18.1038 5.2147
v  100.1995 -17.7656 5.1714
v  13.1576 -13.5500 8.0032
v  13.1576 -14.4875 8.0032
v  99.7000 13.5382 16.2258
v  99.7000 3.7472 5.2315
v  97.7000 25.7443 19.2587
v  97.7000 -25.7446 19.2587
v  99.7000 21.9308 5.3442
v  99.7000 21.9521 5.3002
v  100.2000 21.9308 5.3442
v  100.2000 15.3104 4.0328
v  100.2000 14.9808 4.0940
v  99.7000 -1.5978 3.7168
v  100.1995 -1.4686 4.0344
v  100.1995 -1.4475 4.0154
v  99.7000 -1.4475 4.0154
v  99.7000 18.8078 14.5936
v  100.2000 18.8078 14.5936
v  100.2000 15.1691 5.6054
v  100.2000 15.2203 5.5759
v  99.7000 15.2203 5.5759
v  100.2000 14.9254 5.3631
v  62.5031 2.0248 6.5001
v  60.8723 4.4656 6.5001
v  99.7000 19.4149 14.9422
v  17.7526 -9.8000 15.3857
v  100.2000 14.9432 15.0114
v  99.7000 14.2300 5.2704
v  99.7000 15.1783 16.5454
v  100.2000 14.2213 14.8070
v  99.7000 14.2213 16.5454
v  100.2000 14.2213 16.5454
v  99.7000 13.7728 16.4556
v  100.2000 15.3020 15.1100
v  100.2000 15.2865 15.0230
v  99.7000 15.2865 15.0230
v  100.2000 14.9915 15.1262
v  99.7000 15.3020 16.2418
v  99.7000 15.2865 16.3289
v  100.2000 15.2865 16.3289
v  99.7000 14.0982 15.1100
v  99.7000 14.1136 15.0230
v  100.2000 14.1136 16.3289
v  100.2000 14.0982 16.2418
v  100.2000 14.4086 16.2249
v  13.1576 15.4250 8.0032
v  13.1576 14.4875 8.0032
v  13.1635 14.4875 7.9690
v  99.7000 18.6303 15.9911
v  99.7000 14.9778 3.6667
v  100.1995 -17.4514 3.5992
v  100.1995 -17.4068 3.9197
v  100.1995 -17.4424 3.9236
v  99.7000 -17.4068 3.9197
v  100.1995 -1.2121 3.9197
v  100.1995 -1.2476 3.9236
v  99.7000 -1.2121 3.9197
v  100.2000 18.9342 14.8994
v  99.7000 -18.0382 5.3833
v  99.7000 -1.8435 5.3833
v  100.1995 -1.8995 5.2504
v  100.1995 -18.0943 5.2504
v  99.7000 12.7832 3.5944
v  99.7000 12.6798 3.6000
v  100.2000 12.7832 3.5944
v  99.7000 14.9306 4.0279
v  99.7000 13.7634 15.8293
v  99.7000 4.0043 4.8927
v  99.7000 19.1482 15.1514
v  99.7000 19.1387 15.1003
v  100.2000 19.1387 15.1003
v  99.7000 14.0067 5.5302
v  99.7000 14.0624 5.5915
v  99.7000 -1.4686 4.0344
v  99.7000 -17.6423 4.0154
v  100.1995 -17.6423 4.0154
v  99.7000 -17.6633 4.0344
v  99.7000 16.9927 3.7762
v  99.7000 19.6237 5.7418
v  99.7000 19.6634 5.7367
v  100.2000 19.6237 5.7418
v  100.2000 20.0422 5.5427
v  100.2000 14.2502 5.3064
v  100.2000 13.9610 5.4635
v  99.7000 -0.8167 5.6859
v  99.7000 14.5764 5.7675
v  100.2000 19.2062 15.9926
v  100.2000 19.2339 15.9747
v  99.7000 19.2339 15.9747
v  100.1995 -1.5905 4.2528
v  99.7000 15.1900 4.6135
v  99.7000 15.1381 4.6696
v  100.2000 15.1381 4.6696
v  100.2000 16.6021 5.7439
v  100.2000 16.6936 5.7306
v  99.7000 16.6936 5.7306
v  100.2000 16.5734 5.4508
v  99.7000 15.3104 4.0328
v  17.8118 -16.8015 15.2292
v  100.2000 14.2007 5.6893
v  100.2000 14.3825 5.4080
v  100.2000 14.7480 4.8305
v  100.2000 14.8433 4.8143
v  99.7000 14.9300 4.7901
v  100.1995 -1.4475 5.3459
v  100.1995 -1.4246 5.3636
v  99.7000 -1.4475 5.3459
v  100.1995 -17.6193 5.3636
v  100.1995 -17.6423 5.3459
v  99.7000 -17.6423 5.3459
v  100.2000 14.7923 5.4104
v  100.2000 14.8374 5.3965
v  100.2000 17.1645 4.1283
v  99.7000 17.1645 4.1283
v  100.2000 14.0207 4.0999
v  99.7000 14.0207 4.0999
v  100.2000 13.3153 16.7582
v  100.2000 13.2522 16.4567
v  100.1995 3.5243 5.7640
v  100.1995 3.4613 5.4625
v  21.9387 -16.8203 6.5001
v  20.1996 -18.1547 6.5001
v  21.6317 23.8756 6.5001
v  18.9699 23.5252 6.5001
v  19.6270 -15.2756 6.5001
v  20.8031 -18.1152 6.5001
v  18.9048 -17.0191 6.5001
v  99.7000 14.5823 3.5944
v  99.7000 14.6928 3.5989
v  100.2000 14.6928 3.5989
v  99.7000 21.6689 4.2163
v  99.7000 21.6466 4.1583
v  99.7000 21.6323 4.1304
v  100.2000 21.6323 4.1304
v  100.1995 -17.0115 5.6859
v  100.1995 -17.1450 5.3793
v  100.1995 -0.9503 5.3793
v  100.1995 -0.8167 5.6859
v  99.7000 19.8885 5.0973
v  99.7000 -0.9901 5.4024
v  99.7000 -0.9503 5.3793
v  99.7000 -17.1848 5.4024
v  99.7000 -17.1450 5.3793
v  100.2000 17.0712 4.9214
v  99.7000 17.0463 4.8819
v  99.7000 13.8520 16.1503
v  99.7000 4.0610 5.1560
v  17.8198 17.3000 15.1514
v  17.8198 -9.8000 15.1514
v  99.7000 3.1975 5.3176
v  99.7000 3.2785 5.4050
v  99.7000 12.9885 16.3119
v  99.7000 13.0695 16.3992
v  99.7000 17.0643 5.4706
v  13.1979 11.2063 7.8893
v  13.2193 9.8000 7.8582
v  100.1995 3.8210 5.6442
v  100.1995 3.6177 5.4198
v  100.2000 13.6120 16.6385
v  100.2000 13.4087 16.4140
v  99.7000 13.3968 16.7432
v  99.7000 3.6059 5.7490
v  99.7000 -16.7667 3.8743
v  99.7000 -0.5720 3.8743
v  17.8991 -17.3000 15.3327
v  17.8553 -17.3000 15.4805
v  13.2192 -9.8000 7.8584
v  13.1979 -12.6125 7.8893
v  100.2000 14.3678 4.9012
v  99.7000 13.9002 5.3139
v  100.2000 18.7463 15.7464
v  100.2000 14.2773 4.5811
v  99.7000 13.0033 16.7187
v  99.7000 3.2124 5.7244
v  99.7000 15.0094 5.3235
v  99.7000 15.0500 5.3014
v  100.2000 15.0500 5.3014
v  13.2193 17.3000 8.1913
v  100.2000 16.9927 3.7762
v  100.2000 16.7303 3.9847
v  99.7000 16.9762 4.8092
v  100.2000 16.9762 4.8092
v  99.7000 17.1312 5.2566
v  99.7000 17.1357 5.1751
v  21.3455 24.1617 4.0001
v  19.0596 23.7070 4.0001
v  63.1980 2.4260 4.0001
v  21.9387 -16.4157 4.0001
v  20.6043 -18.1547 4.0001
v  20.6043 21.3953 4.0001
v  18.8652 -16.8203 4.0001
v  18.8652 22.7297 4.0001
v  19.6270 21.5897 4.0001
v  19.6270 -17.9603 4.0001
v  21.8991 -17.0191 4.0001
v  62.3043 1.9853 4.0001
v  19.6270 -15.2756 4.0001
v  21.7443 -15.8430 4.0001
v  61.3270 4.8644 4.0001
v  99.7000 14.0251 4.7447
v  99.7000 18.9934 14.9122
v  99.7000 16.8092 5.1131
v  99.7000 16.7738 5.0014
v  99.7000 14.9924 14.6611
v  100.2000 19.8537 5.2653
v  100.2000 19.8663 4.9746
v  99.7000 19.8663 4.9746
v  99.7000 -17.1122 3.6353
v  99.7000 -17.1942 3.6134
v  100.1995 -17.1122 3.6353
v  99.7000 -16.7514 5.4493
v  99.7000 -0.5567 5.4493
v  99.7000 17.1498 4.0454
v  99.7000 13.5366 4.2271
v  100.1995 -0.9175 3.6353
v  100.1995 -0.8392 3.6659
v  99.7000 -0.9175 3.6353
v  100.1995 -17.0339 3.6659
v  100.2000 12.0298 4.2271
v  100.2000 12.3511 4.3006
v  100.2000 19.1050 15.6488
v  99.7000 21.6011 5.2630
v  99.7000 21.6213 5.2331
v  100.2000 21.6213 5.2331
v  99.7000 21.5145 3.9997
v  100.1995 -16.7514 5.4493
v  100.1995 -0.5567 5.4493
v  100.2000 14.0251 4.7447
v  99.7000 22.0200 4.7854
v  99.7000 22.0205 4.6795
v  100.2000 22.0200 4.7854
v  100.2000 21.6387 5.2019
v  100.2000 14.2040 5.1369
v  13.1576 10.7375 8.0032
v  99.7000 13.8960 4.9949
v  100.2000 20.1936 4.9385
v  100.2000 19.8787 5.0144
v  100.2000 19.6476 4.4521
v  100.2000 19.6408 4.7648
v  99.7000 12.4730 4.0335
v  99.7000 12.4347 4.0753
v  99.7000 13.1316 4.0753
v  99.7000 21.7416 3.7871
v  99.7000 21.7872 3.8277
v  99.7000 21.6896 4.9720
v  99.7000 21.6926 4.9108
v  100.2000 21.6926 4.9108
v  99.7000 18.8557 15.7661
v  100.2000 18.9152 15.7628
v  99.7000 13.2152 4.3006
v  99.7000 13.2047 4.2356
v  100.2000 12.3616 4.2356
v  99.7000 12.3616 4.2356
v  99.7000 16.7903 5.2698
v  100.2000 16.7903 5.2698
v  100.2000 17.1178 5.3330
v  100.2000 16.8079 4.0827
v  99.7000 16.8243 4.1191
v  99.7000 16.8243 4.3572
v  99.7000 16.8360 4.3191
v  99.7000 20.1936 4.9385
v  99.7000 16.8430 4.1969
v  99.7000 16.8360 4.1572
v  100.2000 16.8360 4.1572
v  100.2000 16.8360 4.3191
v  100.2000 17.1310 4.4264
v  100.2000 19.5427 5.7477
v  100.2000 19.6634 5.7367
v  100.2000 14.2059 5.1070
v  99.7000 19.1384 15.5639
v  100.2000 19.1501 15.5165
v  100.2000 21.9003 3.9654
v  100.2000 21.8665 3.9168
v  99.7000 21.8665 3.9168
v  100.2000 21.6158 4.1032
v  99.7000 19.1141 14.6400
v  99.7000 19.0711 14.6220
v  100.2000 19.1141 14.6400
v  99.7000 15.3171 4.3561
v  99.7000 13.5265 16.0361
v  99.7000 13.5092 15.9996
v  99.7000 3.7355 5.0419
v  99.7000 3.7183 5.0054
v  100.2000 22.0198 4.5659
v  100.2000 22.0205 4.6795
v  100.2000 21.6964 4.6677
v  99.7000 22.0198 4.5659
v  99.7000 -1.2566 5.7655
v  99.7000 -1.1748 5.7690
v  100.1995 -1.2566 5.7655
v  99.7000 -17.3696 5.7690
v  99.7000 -17.4514 5.7655
v  100.1995 -17.4514 5.7655
v  100.1995 -1.5978 5.6458
v  100.1995 -17.7926 5.6458
v  99.7000 15.3020 15.1100
v  100.2000 15.3020 16.2418
v  100.2000 13.5466 16.1370
v  100.1995 3.7556 5.1428
v  100.2000 14.0982 15.1100
v  100.2000 14.4086 15.1262
v  99.7000 14.0982 16.2418
v  99.7000 -17.7926 3.7168
v  99.7000 19.2592 15.9559
v  99.7000 -17.4514 3.5992
v  99.7000 19.7677 4.8281
v  99.7000 19.7998 4.8613
v  97.7000 -27.3130 17.8790
v  99.7000 -27.3130 17.8790
v  99.7000 -27.2792 17.9921
v  99.7000 27.2789 17.9921
v  99.7000 27.3126 17.8790
v  97.7000 27.3126 17.8790
v  97.7000 -27.3396 17.7630
v  97.7000 27.3393 17.7630
v  100.2000 21.2993 5.4370
v  100.2000 19.5883 4.7558
v  99.7000 19.6408 4.7648
v  99.7000 26.0921 19.1789
v  99.7000 -26.0924 19.1789
v  97.7000 26.2022 19.1383
v  97.7000 -26.2025 19.1383
v  100.1995 -17.5287 5.7553
v  100.1995 -17.4424 5.4382
v  100.1995 -1.2476 5.4382
v  100.1995 -1.3339 5.7553
v  99.7000 -1.4749 3.6496
v  100.2000 14.9984 15.1722
v  100.2000 19.1549 14.6619
v  97.7000 -27.1380 18.3120
v  99.7000 -27.1380 18.3120
v  99.7000 -27.0784 18.4113
v  99.7000 27.0781 18.4113
v  99.7000 27.1376 18.3120
v  97.7000 27.1376 18.3120
v  99.7000 14.2353 5.0210
v  99.7000 26.5113 18.9781
v  99.7000 -26.5116 18.9781
v  97.7000 -27.1915 18.2089
v  97.7000 27.1911 18.2089
v  99.7000 16.7610 4.0145
v  99.7000 16.7303 3.9847
v  99.7000 -17.5287 3.6093
v  99.7000 -16.9945 5.2142
v  99.7000 -0.7997 5.2142
v  97.7000 26.9416 18.5974
v  97.7000 26.8652 18.6837
v  99.7000 26.8652 18.6838
v  99.7000 -26.8655 18.6838
v  97.7000 -26.8655 18.6837
v  97.7000 -26.9419 18.5974
v  99.7000 -26.7841 18.7652
v  99.7000 26.7837 18.7652
v  100.1995 -1.8751 4.0431
v  100.1995 -1.8882 4.0768
v  99.7000 -1.8882 4.0768
v  100.1995 -1.8602 4.0104
v  100.1995 -1.5709 4.1894
v  100.1995 -18.0698 4.0431
v  100.1995 -18.0829 4.0768
v  99.7000 -18.0829 4.0768
v  100.1995 -18.0549 4.0104
v  100.1995 -17.7656 4.1894
v  99.7000 16.6059 4.5498
v  100.2000 16.6059 4.5498
v  100.1995 -17.6633 4.0344
v  100.2000 16.5538 3.9197
v  100.2000 16.6059 3.9278
v  99.7000 16.6059 3.9278
v  98.7000 23.4330 8.9435
v  99.7000 23.4330 8.9435
v  99.7000 23.4330 10.7466
v  99.7000 23.4572 10.6140
v  98.7000 23.4330 10.7466
v  99.7000 10.5869 9.0760
v  99.7000 10.6111 8.9435
v  98.7000 10.6111 8.9435
v  98.7000 10.6111 10.7466
v  99.7000 10.6111 10.7466
v  98.7000 20.8136 13.3659
v  99.7000 20.8136 13.3659
v  99.7000 20.8136 6.3241
v  99.7000 20.6811 6.2999
v  98.7000 20.8136 6.3241
v  98.7000 13.2305 6.3241
v  99.7000 13.2305 6.3241
v  99.7000 13.3630 13.3901
v  99.7000 13.2305 13.3659
v  98.7000 13.2305 13.3659
v  99.7000 18.8581 16.0693
v  99.7000 18.9217 16.0726
v  100.2000 18.8581 16.0693
v  99.7000 19.0506 15.7140
v  100.2000 12.7233 3.9202
v  100.2000 12.7832 3.9170
v  99.7000 12.8431 3.9202
v  99.7000 16.6021 5.7439
v  100.2000 19.4615 15.5577
v  100.2000 19.4671 15.4905
v  99.7000 19.4671 15.4905
v  100.2000 19.1585 15.4657
v  100.2000 16.6957 5.3974
v  100.2000 16.7265 5.3694
v  99.7000 16.6957 5.3974
v  100.2000 21.6385 3.7139
v  100.2000 21.5811 3.6827
v  99.7000 21.5811 3.6827
v  99.7000 19.7492 5.3818
v  99.7000 16.5227 5.4585
v  99.7000 16.5734 5.4508
v  99.7000 21.3850 3.6233
v  99.7000 21.3118 3.6148
v  99.7000 10.6387 10.8907
v  99.7000 23.4054 8.7993
v  99.7000 20.9577 13.3383
v  99.7000 13.0864 6.3517
v  100.2000 16.5734 4.8580
v  99.7000 16.5734 4.8580
v  99.7000 14.2502 5.3064
v  13.1712 -16.8312 8.1057
v  13.2058 -16.8312 8.1725
v  13.1712 -13.5500 8.1057
v  100.2000 14.2568 3.9756
v  99.7000 13.3368 16.4461
v  100.2000 13.3743 16.4327
v  99.7000 3.5459 5.4518
v  100.1995 3.5834 5.4385
v  13.1712 10.2688 8.1057
v  13.2058 10.2688 8.1725
v  99.7000 17.0146 4.8445
v  99.7000 19.3991 15.7811
v  99.7000 14.9432 15.0114
v  99.7000 -18.1298 4.9076
v  99.7000 -18.1315 4.8019
v  100.1995 -18.1315 4.8019
v  99.7000 -1.9367 4.8019
v  99.7000 -1.9350 4.9076
v  100.1995 -1.9367 4.8019
v  100.1995 -17.1078 5.3510
v  100.1995 -0.9131 5.3510
v  98.7000 22.9359 11.9584
v  99.7000 22.9359 11.9584
v  99.7000 11.1767 12.0619
v  99.7000 11.1082 11.9584
v  98.7000 11.1082 11.9584
v  99.7000 22.9359 7.7316
v  99.7000 22.8674 7.6281
v  98.7000 22.9359 7.7316
v  98.7000 11.1082 7.7316
v  99.7000 11.1082 7.7316
v  99.7000 22.0255 12.8689
v  99.7000 22.1289 12.8003
v  98.7000 22.0255 12.8689
v  99.7000 11.0388 7.8345
v  98.7000 22.0255 6.8212
v  99.7000 22.0255 6.8212
v  98.7000 11.5186 12.4585
v  99.7000 11.5186 12.4585
v  99.7000 23.0053 11.8555
v  98.7000 12.0186 12.8689
v  99.7000 12.0186 12.8689
v  98.7000 22.5255 7.2315
v  99.7000 22.5255 7.2315
v  99.7000 22.5255 12.4585
v  99.7000 22.6136 12.3711
v  98.7000 22.5255 12.4585
v  99.7000 11.9152 6.8897
v  99.7000 12.0186 6.8212
v  98.7000 12.0186 6.8212
v  99.7000 11.5186 7.2315
v  99.7000 11.4305 7.3189
v  98.7000 11.5186 7.2315
v  99.7000 23.1939 8.1873
v  99.7000 23.2409 8.3021
v  98.7000 23.2409 8.3021
v  98.7000 10.8032 8.3021
v  99.7000 10.8032 8.3021
v  99.7000 10.8502 11.5027
v  99.7000 10.8032 11.3879
v  98.7000 10.8032 11.3879
v  98.7000 23.2409 11.3879
v  99.7000 23.2409 11.3879
v  99.7000 12.1216 12.9383
v  99.7000 12.4744 6.5632
v  99.7000 12.5892 6.5162
v  98.7000 12.5892 6.5162
v  99.7000 21.5698 13.1268
v  99.7000 21.4549 13.1738
v  98.7000 21.4549 13.1738
v  99.7000 11.6060 12.5466
v  99.7000 22.4381 7.1434
v  99.7000 21.9225 6.7518
v  98.7000 21.4549 6.5162
v  99.7000 21.4549 6.5162
v  98.7000 12.5892 13.1738
v  99.7000 12.5892 13.1738
v  100.2000 16.6539 3.6165
v  100.2000 14.5424 16.4183
v  99.7000 14.5424 16.4183
v  100.2000 14.9915 16.2249
v  100.2000 14.9984 16.1792
v  98.7000 20.2561 8.2664
v  98.7000 20.3502 6.2679
v  97.7000 20.2561 11.4237
v  97.7000 13.7880 8.2663
v  98.7000 13.7880 11.4237
v  98.7000 13.6939 13.4221
v  98.7000 21.4907 10.1890
v  98.7000 23.4892 10.2832
v  97.7000 12.5534 10.1890
v  98.7000 12.5534 9.5010
v  98.7000 10.5549 9.4068
v  97.7000 21.4907 9.5010
v  100.2000 14.4018 15.1722
v  99.7000 14.4086 15.1262
v  99.7000 14.5773 14.9165
v  99.7000 12.7036 13.2218
v  99.7000 23.2888 11.2734
v  99.7000 21.3405 6.4682
v  99.7000 10.7553 8.4166
v  99.7000 -17.3696 5.4434
v  99.7000 -17.3195 5.4408
v  100.1995 -17.3195 5.4408
v  99.7000 -1.1248 5.4408
v  99.7000 -1.1748 5.4434
v  100.1995 -1.1248 5.4408
v  99.7000 14.4018 16.1792
v  99.7000 14.4086 16.2249
v  99.7000 14.8568 16.4183
v  100.2000 14.8568 14.9332
v  100.1995 3.7414 5.0593
v  100.2000 13.5323 16.0535
v  100.2000 13.7634 15.8293
v  100.1995 3.9724 4.8351
v  100.2000 21.9963 4.1978
v  100.2000 17.0146 4.8445
v  99.7000 22.0029 5.1340
v  99.7000 21.9953 5.1741
v  100.2000 21.9953 5.1741
v  100.2000 13.2152 4.3006
v  99.7000 12.3511 4.3006
v  100.2000 14.5852 3.9170
v  100.2000 14.6488 3.9193
v  99.7000 14.6488 3.9193
v  100.2000 21.9843 5.2151
v  99.7000 14.7001 16.4567
v  100.2000 12.9885 16.3119
v  100.1995 3.1975 5.3176
v  100.2000 21.6947 4.8396
v  100.2000 21.6960 4.7586
v  99.7000 -17.5675 5.3965
v  99.7000 -1.3728 5.3965
v  100.2000 14.7436 16.4543
v  100.2000 14.6562 14.8975
v  99.7000 3.2479 5.3796
v  99.7000 13.0389 16.3739
v  100.1995 3.4207 5.4602
v  100.2000 13.2117 16.4544
v  99.7000 16.7903 5.0365
v  99.7000 14.7436 14.8975
v  13.1771 -14.9562 7.9289
v  13.1979 -16.8312 7.8893
v  100.2000 16.8092 5.1131
v  99.7000 14.0638 4.0708
v  100.2000 13.1020 16.4199
v  100.1995 3.3111 5.4257
v  100.2000 17.1478 4.3758
v  99.7000 17.1478 4.3758
v  99.7000 14.4093 4.8854
v  100.2000 14.4093 4.8854
v  100.2000 19.3396 14.8174
v  100.2000 19.3161 14.7898
v  99.7000 19.3161 14.7898
v  100.2000 19.2898 14.7630
v  100.2000 21.6653 5.1360
v  99.7000 17.1598 4.3241
v  99.7000 19.8787 5.0144
v  13.2058 -17.0656 8.1725
v  13.2058 -14.4875 8.1725
v  100.1995 -17.2721 5.4331
v  100.1995 -1.5978 3.7168
v  100.1995 -1.4246 3.9975
v  100.1995 -17.7926 3.7168
v  100.1995 -17.6193 3.9975
v  100.1995 -1.0773 5.4331
v  99.7000 3.3822 5.4533
v  99.7000 13.1731 16.4475
v  100.2000 21.6689 4.2163
v  13.1979 14.4875 7.8893
v  99.7000 19.5883 4.7558
v  100.2000 14.5617 5.4419
v  100.2000 14.5764 5.7675
v  99.7000 -17.7926 5.6458
v  100.2000 16.7303 4.4925
v  100.2000 16.7610 4.4625
v  99.7000 14.3825 5.4080
v  13.2058 12.6125 8.1725
v  13.2058 10.0344 8.1725
v  100.2000 14.7303 4.5035
v  100.2000 12.4894 3.6451
v  99.7000 12.4023 3.6846
v  100.2000 12.5632 3.9688
v  100.2000 21.8288 3.8710
v  99.7000 13.0761 3.6451
v  13.1979 10.2688 7.8893
v  100.2000 19.7180 5.4002
v  99.7000 3.6769 5.3664
v  99.7000 13.4678 16.3607
v  99.7000 -17.9777 3.8870
v  99.7000 -1.7829 3.8870
v  99.7000 14.7077 3.9261
v  100.1995 -17.7525 4.1593
v  16.1412 -16.9602 15.7183
v  99.7000 20.1957 5.2511
v  100.2000 20.1957 5.2511
v  100.2000 19.0711 14.6220
v  99.7000 21.8288 3.8710
v  99.7000 16.5538 3.9197
v  16.2644 -17.1358 15.8284
v  99.7000 -1.5905 4.2528
v  99.7000 -17.7853 4.2528
v  99.7000 18.4178 14.7650
v  100.1995 -17.7853 5.1077
v  99.7000 -17.7922 5.0685
v  100.1995 -1.5905 5.1077
v  99.7000 -1.5974 5.0685
v  99.7000 -0.9131 5.3510
v  99.7000 -17.1078 5.3510
v  17.9197 -17.3000 15.1797
v  99.7000 -1.5047 5.2880
v  99.7000 -1.4876 5.3081
v  100.1995 -1.4876 5.3081
v  99.7000 -17.6995 5.2880
v  99.7000 -17.6824 5.3081
v  100.1995 -17.6824 5.3081
v  99.7000 -18.1038 5.2147
v  99.7000 -18.0943 5.2504
v  99.7000 -1.8995 5.2504
v  99.7000 -1.9090 5.2147
v  100.2000 20.1826 5.3007
v  99.7000 -1.2476 3.9236
v  99.7000 -1.2815 3.9300
v  99.7000 -17.4424 3.9236
v  99.7000 -17.4762 3.9300
v  100.1995 -16.9945 5.2142
v  100.1995 -0.7997 5.2142
v  100.2000 14.2353 5.0210
v  99.7000 19.6072 5.4353
v  100.2000 19.6072 5.4353
v  13.1712 10.0344 8.1057
v  99.7000 -18.0943 4.1115
v  99.7000 -1.8995 4.1115
v  100.2000 16.5227 5.4585
v  99.7000 -17.7194 4.1023
v  99.7000 -17.7370 4.1303
v  99.7000 -1.5246 4.1023
v  100.2000 21.3050 3.9221
v  13.1712 -17.0656 8.1057
v  13.2058 16.3625 8.1725
v  13.1712 16.3625 8.1057
v  99.7000 3.9819 5.4614
v  99.7000 14.2059 5.1070
v  99.7000 14.2118 5.0776
v  100.2000 19.4576 15.0924
v  100.1995 3.7544 5.1264
v  99.7000 3.7556 5.1428
v  100.2000 13.5454 16.1206
v  99.7000 13.5466 16.1370
v  13.1712 -10.7375 8.1057
v  13.1576 13.5500 8.0032
v  13.1576 10.0344 8.0032
v  99.7000 17.1195 5.0457
v  99.7000 17.1070 5.0037
v  99.7000 14.8299 5.7395
v  13.1979 -17.0656 7.8893
v  13.1771 -17.0656 7.9289
v  100.2000 14.4173 3.9316
v  100.2000 17.1285 5.0882
v  100.1995 -1.7829 3.8870
v  100.1995 -1.5246 4.1023
v  13.1771 16.3625 7.9289
v  13.1979 16.3625 7.8893
v  99.7000 14.4018 15.1722
v  100.2000 14.4018 16.1792
v  99.7000 19.8989 5.6555
v  99.7000 19.8586 5.6780
v  99.7000 14.7774 14.5945
v  99.7000 14.4725 3.9235
v  99.7000 14.4173 3.9316
v  100.2000 14.8299 5.7395
v  100.2000 14.3630 3.9430
v  13.1576 -17.0656 8.0032
v  13.1979 -10.7375 7.8893
v  13.1979 -14.4875 7.8893
v  100.2000 20.0969 5.4740
v  99.7000 20.1218 5.4350
v  99.7000 20.1451 5.3928
v  13.1979 10.0344 7.8893
v  13.1771 10.0344 7.9289
v  99.7000 19.1585 15.4657
v  98.7000 12.5770 9.3114
v  97.7000 12.5770 9.3114
v  97.7000 12.5770 10.3786
v  97.7000 12.5656 10.3160
v  98.7000 12.5770 10.3786
v  97.7000 21.4671 9.3114
v  97.7000 21.4785 9.3740
v  98.7000 21.4671 9.3114
v  98.7000 21.4671 10.3786
v  97.7000 21.4671 10.3786
v  98.7000 20.4457 8.2900
v  97.7000 20.4457 8.2900
v  97.7000 13.6611 8.2785
v  97.7000 13.5984 8.2900
v  98.7000 13.5984 8.2900
v  98.7000 13.5984 11.4000
v  97.7000 13.5984 11.4000
v  97.7000 20.3830 11.4115
v  97.7000 20.4457 11.4000
v  98.7000 20.4457 11.4000
v  100.1995 -17.8023 4.4089
v  100.1995 -17.7979 4.3440
v  99.7000 -17.7979 4.3440
v  100.1995 -18.1269 4.3639
v  100.1995 -1.6075 4.4089
v  100.1995 -1.6031 4.3440
v  99.7000 -1.6031 4.3440
v  100.1995 -1.9322 4.3639
v  99.7000 -1.6031 5.0166
v  100.1995 -1.6031 5.0166
v  99.7000 -17.7979 5.0166
v  100.1995 -17.7979 5.0166
v  99.7000 20.0123 5.5723
v  99.7000 20.0422 5.5427
v  100.2000 20.0123 5.5723
v  100.2000 19.7412 5.7220
v  99.7000 19.7412 5.7220
v  100.1995 -1.2815 5.4317
v  99.7000 -1.2815 5.4317
v  100.1995 -17.4762 5.4317
v  99.7000 -17.4762 5.4317
v  99.7000 13.5470 16.1532
v  99.7000 3.7560 5.1590
v  99.7000 21.6534 5.1696
v  99.7000 21.6868 4.3137
v  99.7000 14.2568 3.9756
v  99.7000 19.0381 16.0608
v  100.2000 20.5778 16.0623
v  99.7000 -17.5084 5.4225
v  99.7000 -1.3136 5.4226
v  100.2000 14.0638 4.0708
v  100.2000 19.3563 15.8502
v  99.7000 19.3790 15.8161
v  100.1995 -17.5084 3.9390
v  100.1995 -1.3136 3.9390
v  99.7000 19.0745 16.0517
v  97.7000 21.4550 10.4415
v  97.7000 12.5891 9.2486
v  97.7000 13.5356 11.3880
v  97.7000 20.5085 8.3020
v  99.7000 21.9843 5.2151
v  99.7000 15.0621 5.6586
v  100.2000 14.4565 15.0114
v  99.7000 21.9602 4.0792
v  99.7000 21.9429 4.0407
v  100.2000 21.9602 4.0792
v  100.2000 14.4565 16.3395
v  99.7000 14.5617 5.4419
v  97.7000 21.2376 10.9006
v  97.7000 21.2730 10.8472
v  98.7000 21.2730 10.8472
v  98.7000 12.7711 10.8472
v  97.7000 12.7711 10.8472
v  97.7000 12.8065 8.7894
v  97.7000 12.7711 8.8428
v  98.7000 12.7711 8.8428
v  98.7000 21.2730 8.8428
v  97.7000 21.2730 8.8428
v  98.7000 21.1113 11.0442
v  97.7000 21.1113 11.0442
v  97.7000 21.3087 8.8958
v  97.7000 12.7354 10.7942
v  97.7000 12.8874 10.9992
v  97.7000 12.9328 11.0442
v  98.7000 12.9328 11.0442
v  98.7000 20.9143 11.2059
v  97.7000 20.9143 11.2059
v  97.7000 13.1298 11.2059
v  97.7000 13.0765 11.1706
v  98.7000 13.1298 11.2059
v  98.7000 12.9328 8.6458
v  97.7000 12.9328 8.6458
v  97.7000 21.1567 8.6908
v  97.7000 21.1113 8.6458
v  98.7000 21.1113 8.6458
v  97.7000 20.9143 8.4841
v  97.7000 20.9676 8.5194
v  98.7000 20.9143 8.4841
v  97.7000 21.3931 10.6225
v  97.7000 21.3689 10.6817
v  98.7000 21.3931 10.6225
v  98.7000 13.1298 8.4841
v  97.7000 13.1298 8.4841
v  98.7000 12.6510 10.6225
v  97.7000 12.6510 10.6225
v  97.7000 12.6510 9.0675
v  97.7000 12.6752 9.0083
v  98.7000 12.6510 9.0675
v  98.7000 21.3931 9.0675
v  97.7000 21.3931 9.0675
v  97.7000 12.9779 8.6003
v  97.7000 21.0662 11.0897
v  98.7000 13.3546 8.3640
v  97.7000 13.3546 8.3640
v  98.7000 20.6895 11.3261
v  97.7000 20.6895 11.3261
v  97.7000 20.8612 11.2417
v  97.7000 13.1829 8.4483
v  97.7000 20.7488 8.3882
v  97.7000 20.6895 8.3640
v  98.7000 20.6895 8.3640
v  97.7000 13.2953 11.3018
v  97.7000 13.3546 11.3261
v  98.7000 13.3546 11.3261
v  97.7000 12.6263 10.5635
v  97.7000 21.4178 9.1265
v  97.7000 20.6305 11.3508
v  97.7000 13.4136 8.3392
v  99.7000 12.6133 3.9461
v  99.7000 19.3563 15.8502
v  97.7000 -26.6069 18.9126
v  97.7000 26.6065 18.9126
v  99.7000 19.2898 14.7630
v  100.2000 21.9749 4.1182
v  100.2000 21.6902 4.3617
v  100.2000 14.7468 5.4217
v  7.8225 15.9686 16.9036
v  100.2000 19.5646 5.4403
v  99.7000 19.4497 15.0482
v  99.7000 19.4401 15.0102
v  100.2000 19.4497 15.0482
v  99.7000 25.6233 19.2705
v  99.7000 -25.6236 19.2705
v  99.7000 17.0829 4.5248
v  99.7000 19.1549 14.6619
v  100.1995 -1.5577 5.2019
v  100.1995 -1.5423 5.2315
v  100.1995 -1.8602 5.3515
v  99.7000 -1.5577 5.2019
v  100.1995 -17.7370 5.2315
v  100.1995 -17.7525 5.2019
v  99.7000 -17.7525 5.2019
v  100.1995 -18.0549 5.3515
v  100.2000 15.0621 5.6586
v  99.7000 -17.7656 5.1714
v  99.7000 -1.5709 5.1714
v  100.1995 -18.1298 4.4543
v  99.7000 -18.1298 4.4543
v  100.1995 -1.9350 4.4543
v  99.7000 -1.9350 4.4543
v  13.1615 -12.6125 8.0717
v  99.7000 14.7468 5.4217
v  100.1995 -1.8995 4.1115
v  100.1995 -18.0943 4.1115
v  99.7000 21.9963 4.1978
v  100.2000 16.6957 4.9102
v  99.7000 19.3992 14.9096
v  99.7000 19.3814 14.8779
v  100.2000 19.3992 14.9096
v  100.2000 19.4716 15.3306
v  99.7000 14.8561 3.9740
v  13.1576 -10.7375 8.0032
v  100.2000 19.2592 15.9559
v  100.2000 19.2823 15.9362
v  99.7000 19.2823 15.9362
v  100.1995 -1.3996 3.9805
v  99.7000 -1.3996 3.9805
v  100.1995 -17.5944 3.9805
v  99.7000 -17.5944 3.9805
v  99.7000 27.3705 17.5233
v  99.7000 14.4565 15.0114
v  100.2000 14.9432 16.3395
v  99.7000 -27.3708 17.5233
v  99.7000 19.1762 16.0095
v  100.2000 19.1762 16.0095
v  97.7000 -25.6236 19.2705
v  97.7000 25.6233 19.2705
v  99.7000 19.1609 15.2531
v  99.7000 -17.5675 3.9646
v  99.7000 -1.3728 3.9646
v  100.1995 -1.8751 5.3188
v  99.7000 -1.8602 5.3515
v  100.1995 -18.0698 5.3188
v  99.7000 -18.0549 5.3515
v  100.1995 -18.1115 5.1780
v  100.1995 -1.9168 5.1780
v  99.7000 -1.9168 5.1780
v  99.7000 -18.1115 5.1780
v  99.7000 -1.8751 4.0431
v  99.7000 -1.8602 4.0104
v  99.7000 -18.0698 4.0431
v  99.7000 -18.0549 4.0104
v  100.1995 -1.3728 5.3965
v  100.1995 -17.5675 5.3965
v  13.1771 -10.7375 7.9289
v  99.7000 22.0185 4.8792
v  99.7000 19.4707 15.2618
v  99.7000 -1.4686 5.3274
v  99.7000 -17.6633 5.3274
v  99.7000 14.9984 15.1722
v  99.7000 -17.9777 5.4744
v  99.7000 -1.7829 5.4744
v  99.7000 20.3502 13.4221
v  99.7000 10.5549 10.2832
v  99.7000 23.4892 9.4068
v  99.7000 14.7480 4.8305
v  100.2000 22.0029 5.1340
v  13.1569 10.0344 8.0375
v  99.7000 13.6939 6.2679
v  99.7000 19.7025 5.7301
v  100.2000 13.5265 16.0361
v  100.1995 3.7355 5.0419
v  13.1576 16.3625 8.0032
v  13.1569 15.4250 8.0375
v  13.1569 -17.0656 8.0375
v  13.1615 10.0344 8.0717
v  100.1995 3.7524 5.1098
v  100.2000 13.5433 16.1041
v  99.7000 21.6930 4.4212
v  100.2000 19.5835 5.7455
v  99.7000 19.5835 5.7455
v  99.7000 21.6857 5.0235
v  13.1615 -17.0656 8.0717
v  99.7000 -17.8080 4.6810
v  100.1995 -17.8080 4.6810
v  99.7000 -1.6132 4.6810
v  100.1995 -1.6132 4.6810
v  100.1995 -1.6126 4.7840
v  100.1995 -17.8074 4.7840
v  99.7000 3.7414 5.0593
v  99.7000 13.5323 16.0535
v  100.2000 13.4845 15.9608
v  100.2000 13.4978 15.9805
v  99.7000 13.4978 15.9805
v  100.1995 3.7068 4.9863
v  100.1995 3.6935 4.9666
v  99.7000 3.7068 4.9863
v  99.7000 22.0178 4.4656
v  99.7000 19.5427 5.7477
v  100.2000 22.0185 4.8792
v  13.1615 -10.7375 8.0717
v  13.1569 -10.7375 8.0375
v  99.7000 -18.1321 4.6810
v  99.7000 -1.9373 4.6810
v  99.7000 21.6960 4.7586
v  13.1615 16.3625 8.0717
v  13.1569 16.3625 8.0375
v  100.1995 3.7495 5.0931
v  100.2000 13.5405 16.0874
v  99.7000 13.5454 16.1206
v  99.7000 3.7544 5.1264
v  97.7000 20.2561 8.2664
v  97.7000 13.7880 11.4237
v  97.7000 12.5534 9.5010
v  97.7000 21.4907 10.1890
v  100.2000 21.6825 4.2770
v  100.2000 20.3586 15.8687
v  13.1635 -17.0656 7.9690
v  13.1635 16.3625 7.9690
v  100.2000 20.6357 15.8863
v  99.7000 20.3586 15.8687
v  13.2058 -15.4250 8.1725
v  13.2058 -15.8937 8.1725
v  13.1712 -15.8937 8.1057
v  13.2058 10.7375 8.1725
v  13.2058 10.9719 8.1725
v  13.1712 10.7375 8.1057
v  13.1979 -11.6750 7.8893
v  13.1979 15.4250 7.8893
v  13.1771 15.4250 7.9289
v  13.1771 -16.8312 7.9289
v  13.1771 10.2688 7.9289
v  13.1635 -10.7375 7.9690
v  13.1635 10.2688 7.9690
v  13.1576 10.5031 8.0032
v  13.1635 10.0344 7.9690
v  13.1635 13.5500 7.9690
v  13.1771 13.5500 7.9289
v  13.1576 10.9719 8.0032
v  13.1576 11.2063 8.0032
v  13.1569 11.2063 8.0375
v  13.1635 10.9719 7.9690
v  13.1712 -16.1281 8.1057
v  13.1615 -16.1281 8.0717
v  13.1771 14.4875 7.9289
v  13.1635 15.4250 7.9690
v  13.1615 10.2688 8.0717
v  13.1635 -16.5969 7.9690
v  13.1576 -16.3625 8.0032
v  13.1576 -16.5969 8.0032
v  13.1569 -16.3625 8.0375
v  13.1569 11.6750 8.0375
v  13.1615 11.6750 8.0717
v  13.1569 -16.8312 8.0375
v  13.1569 -16.5969 8.0375
v  13.1615 -16.5969 8.0717
v  13.1576 -16.8312 8.0032
v  13.1615 -15.8937 8.0717
v  13.1569 -16.1281 8.0375
v  13.1635 -16.3625 7.9690
v  13.1771 -16.5969 7.9289
v  13.1771 -16.3625 7.9289
v  13.1979 -16.5969 7.8893
v  13.2058 11.6750 8.1725
v  13.1712 11.2063 8.1057
v  13.1712 11.6750 8.1057
v  13.1615 11.2063 8.0717
v  13.1635 -11.6750 7.9690
v  13.1771 -11.6750 7.9289
v  13.1576 -11.6750 8.0032
v  13.1569 -11.6750 8.0375
v  13.1576 -12.6125 8.0032
v  13.1635 -12.6125 7.9690
v  13.1712 -14.4875 8.1057
v  13.1712 -14.9562 8.1057
v  13.1615 -14.9562 8.0717
v  13.1615 -11.6750 8.0717
v  13.2058 -14.9562 8.1725
v  13.1635 -15.8937 7.9690
v  13.1576 -15.4250 8.0032
v  13.1576 -15.8937 8.0032
v  13.1569 -15.4250 8.0375
v  13.1635 -15.4250 7.9690
v  13.1771 -15.8937 7.9289
v  13.1569 -15.8937 8.0375
v  13.1615 -15.4250 8.0717
v  13.1771 -15.4250 7.9289
v  13.1979 -15.8937 7.8893
v  13.1979 13.5500 7.8893
v  13.1979 12.6125 7.8893
v  13.1771 12.6125 7.9289
v  13.1615 15.4250 8.0717
v  13.1576 12.6125 8.0032
v  13.1635 12.6125 7.9690
v  13.2058 -12.6125 8.1725
v  13.2058 -13.5500 8.1725
v  13.1712 15.4250 8.1057
v  13.1771 -12.6125 7.9289
v  13.1979 -13.5500 7.8893
v  13.2058 -16.5969 8.1725
v  13.2058 11.2063 8.1725
v  13.1712 12.6125 8.1057
v  13.2058 13.5500 8.1725
v  13.1615 12.6125 8.0717
v  13.1569 12.6125 8.0375
v  13.1712 -15.4250 8.1057
v  13.1569 -12.6125 8.0375
v  13.1635 12.1438 7.9690
v  13.1576 12.1438 8.0032
v  13.1569 10.2688 8.0375
v  13.1615 12.1438 8.0717
v  13.1569 12.1438 8.0375
v  13.1576 10.2688 8.0032
v  13.1979 10.5031 7.8893
v  13.1979 10.7375 7.8893
v  13.1771 10.7375 7.9289
v  13.1771 10.9719 7.9289
v  13.1569 10.7375 8.0375
v  13.1979 10.9719 7.8893
v  13.1569 10.9719 8.0375
v  13.1569 10.5031 8.0375
v  13.1635 11.2063 7.9690
v  13.1979 -16.1281 7.8893
v  13.1771 -16.1281 7.9289
v  13.1771 12.1438 7.9289
v  13.1712 10.5031 8.1057
v  13.1615 10.5031 8.0717
v  13.1615 10.7375 8.0717
v  13.1712 10.9719 8.1057
v  13.1979 12.1438 7.8893
v  13.1576 11.6750 8.0032
v  13.1615 10.9719 8.0717
v  13.1979 -16.3625 7.8893
v  13.2058 10.5031 8.1725
v  13.1635 -16.1281 7.9690
v  13.1576 -16.1281 8.0032
v  13.1635 -16.8312 7.9690
v  13.1569 -14.9562 8.0375
v  13.1712 12.1438 8.1057
v  13.1635 -14.9562 7.9690
v  13.1576 -14.9562 8.0032
v  13.2058 12.1438 8.1725
v  13.2058 -16.3625 8.1725
v  13.1712 -16.5969 8.1057
v  13.2058 -16.1281 8.1725
v  13.1712 -16.3625 8.1057
v  13.1615 -16.8312 8.0717
v  13.1615 -16.3625 8.0717
# 4522 vertices

vn -0.7071 0.0000 -0.7071
vn 0.7071 -0.0000 0.7071
vn 0.7071 0.0000 0.7071
vn 0.7071 -0.0000 -0.7071
vn -0.7071 0.0000 0.7071
vn -0.7071 -0.0000 0.7071
vn 0.7071 0.0000 -0.7071
vn -0.0000 1.0000 0.0000
vn 0.0000 1.0000 -0.0000
vn 0.7071 -0.0105 0.7071
vn 0.7071 0.0105 0.7071
vn 0.0000 1.0000 0.0000
vn 0.0000 -1.0000 0.0000
vn -0.0000 -1.0000 -0.0000
vn -0.0000 1.0000 -0.0000
vn -0.0000 -1.0000 0.0000
vn 0.0000 -0.0001 -1.0000
vn 0.0000 0.0001 -1.0000
vn -0.0000 0.0000 -1.0000
vn -0.0001 -0.0000 1.0000
vn -0.0001 0.0000 1.0000
vn 0.0000 -1.0000 -0.0000
vn 0.0001 1.0000 0.0000
vn -0.0000 -0.0000 -1.0000
vn -0.0002 -0.0012 1.0000
vn 0.0000 -0.0012 1.0000
vn -0.0000 0.0000 1.0000
vn 0.7071 -0.0085 0.7071
vn 0.7041 -0.0026 0.7101
vn 0.7045 -0.0034 0.7097
vn 0.0000 0.0000 1.0000
vn -0.0000 -0.0000 1.0000
vn 0.0001 -0.0007 -1.0000
vn 0.0004 -0.0001 -1.0000
vn 0.0004 0.0002 -1.0000
vn 0.0001 0.0007 -1.0000
vn -0.0018 0.0027 1.0000
vn -0.0008 -0.0016 1.0000
vn -0.0027 0.0000 1.0000
vn -0.0016 -0.0103 0.9999
vn -0.0042 -0.0015 1.0000
vn -0.0001 0.0002 -1.0000
vn -0.0001 0.0004 -1.0000
vn 0.0611 -0.0000 0.9981
vn -0.0000 -0.0002 1.0000
vn 0.6808 0.0000 -0.7325
vn 0.6787 0.0312 -0.7338
vn 0.6265 0.0273 -0.7789
vn 0.0402 0.0078 0.9992
vn -0.4457 0.8952 -0.0037
vn -0.6026 0.7980 -0.0036
vn -0.5264 0.8502 0.0039
vn 0.9768 -0.2140 -0.0027
vn 0.9618 -0.2737 0.0036
vn 0.9325 -0.3612 -0.0020
vn 0.0001 -0.0013 -1.0000
vn 0.0002 -0.0007 -1.0000
vn 0.7011 -0.1305 -0.7011
vn 0.9761 -0.0000 0.2173
vn 0.0313 -0.0000 -0.9995
vn 0.7070 -0.0000 -0.7072
vn 0.0923 -0.9914 -0.0923
vn -0.7011 -0.1305 0.7011
vn 0.7046 -0.0000 -0.7096
vn -0.6533 0.3827 0.6533
vn -0.6830 0.2588 0.6830
vn -0.0923 0.9914 0.0923
vn -0.3536 -0.8660 0.3536
vn -0.2706 -0.9239 0.2706
vn 0.7070 0.0000 -0.7072
vn 0.0001 0.0013 -1.0000
vn -0.0030 -0.0044 1.0000
vn -0.0033 -0.0032 1.0000
vn -0.0000 0.0002 1.0000
vn 0.0611 0.0000 0.9981
vn 0.0000 -0.0000 1.0000
vn 0.0562 0.0060 0.9984
vn 0.0004 0.0001 -1.0000
vn 0.0004 -0.0002 -1.0000
vn 0.0004 -0.0000 -1.0000
vn -0.0029 0.0126 0.9999
vn -0.0040 -0.0337 0.9994
vn -0.0046 0.0001 1.0000
vn -0.0047 0.0005 1.0000
vn 0.0447 -0.0000 -0.9990
vn 0.1974 0.0000 -0.9803
vn 0.0320 0.0011 -0.9995
vn -0.5610 0.6088 0.5610
vn -0.5000 0.7071 0.5000
vn -0.6533 -0.3827 0.6533
vn -0.6124 -0.5000 0.6124
vn 0.9761 0.0000 0.2173
vn 0.2737 -0.9618 -0.0019
vn 0.1837 -0.9830 0.0037
vn 0.0923 -0.9957 -0.0019
vn -0.0201 0.9996 -0.0201
vn 0.6062 0.3508 0.7138
vn 0.5866 0.3989 0.7048
vn 0.4957 0.4981 0.7114
vn 0.0003 0.0003 -1.0000
vn 0.0003 0.0005 -1.0000
vn -0.0923 -0.9957 -0.0019
vn 0.0000 -1.0000 0.0038
vn -0.1837 -0.9830 0.0038
vn -0.0163 0.9997 -0.0163
vn 0.0162 0.9997 0.0162
vn 0.6533 0.3827 -0.6533
vn 0.6830 0.2588 -0.6830
vn -0.3612 0.9325 0.0039
vn 0.9957 0.0923 0.0036
vn 0.9957 -0.0923 0.0036
vn 1.0000 -0.0000 -0.0040
vn -0.6124 0.5000 0.6124
vn 0.0923 0.9914 -0.0923
vn 0.1830 0.9659 -0.1830
vn -0.6830 -0.2588 0.6830
vn -0.6935 -0.1951 0.6935
vn -0.0923 -0.9914 0.0923
vn 0.1830 -0.9659 -0.1830
vn 0.2706 -0.9239 -0.2706
vn -0.7011 0.1305 0.7011
vn 0.5000 -0.7071 -0.5000
vn 0.4305 -0.7934 -0.4305
vn 0.5610 0.6088 -0.5610
vn 0.5000 0.7071 -0.5000
vn 0.0001 -1.0000 0.0020
vn 0.0004 -1.0000 -0.0003
vn 0.0001 -1.0000 0.0000
vn 0.5610 -0.6088 -0.5610
vn 0.6124 -0.5000 -0.6124
vn -0.5000 -0.7071 0.5000
vn -0.5610 -0.6088 0.5610
vn -0.7071 -0.0000 -0.7071
vn 0.0115 -0.9999 0.0114
vn 0.0118 -0.9999 0.0118
vn -0.4305 0.7934 0.4305
vn 0.7011 0.1305 -0.7011
vn 0.6533 -0.3827 -0.6533
vn 0.4305 0.7934 -0.4305
vn 0.7072 0.0000 -0.7070
vn 0.6830 -0.2588 -0.6830
vn -0.6026 -0.7980 -0.0075
vn -0.6737 -0.7390 0.0078
vn -0.7390 -0.6737 -0.0075
vn -0.1821 0.6764 0.7136
vn -0.0771 0.7059 0.7041
vn -0.2274 0.6714 0.7053
vn 0.7027 -0.0000 0.7114
vn 0.6268 0.0000 -0.7792
vn 0.9239 -0.3827 -0.0017
vn -0.0001 0.0000 -1.0000
vn -0.9239 0.3827 0.0017
vn -0.8660 0.5001 0.0016
vn -0.8661 0.4999 0.0016
vn 0.7070 0.0160 0.7070
vn 0.0119 0.9999 0.0119
vn 0.2424 -0.9394 0.2424
vn 0.0000 1.0000 0.0002
vn 0.0001 1.0000 0.0001
vn 0.0000 1.0000 0.0001
vn -0.4305 -0.7934 0.4305
vn -0.0004 -1.0000 0.0023
vn 0.0002 -0.7029 0.7113
vn -0.1801 -0.6779 0.7128
vn -0.1506 -0.6919 0.7061
vn -0.6059 0.3508 0.7141
vn -0.5863 0.3989 0.7051
vn -0.6595 0.2631 0.7042
vn -0.0192 -0.9996 -0.0192
vn 0.0192 -0.9996 0.0192
vn -0.3536 0.8660 0.3536
vn 0.2706 0.9239 -0.2706
vn 0.3536 0.8660 -0.3536
vn -0.0002 -1.0000 -0.0002
vn 0.0065 -1.0000 0.0065
vn -0.4112 -0.8135 -0.4112
vn -0.2706 0.9239 0.2706
vn -0.1830 0.9659 0.1830
vn -0.0002 -1.0000 0.0000
vn -0.2587 -0.9660 0.0005
vn -0.2590 0.9659 0.0005
vn -0.3827 0.9239 0.0007
vn -0.2587 0.9660 0.0005
vn 1.0000 0.0000 -0.0018
vn 0.9914 -0.1305 -0.0018
vn -1.0000 -0.0000 0.0018
vn -0.9659 -0.2588 0.0018
vn -0.9914 -0.1305 0.0018
vn 0.9914 0.1305 -0.0018
vn 0.0002 0.6997 0.7145
vn 0.5844 0.5629 0.5844
vn 0.6342 0.4422 0.6342
vn 0.7071 0.0000 -0.7072
vn 0.7070 -0.0160 0.7070
vn 0.0002 -0.7071 0.7071
vn 0.6789 -0.1827 0.7111
vn 0.6261 -0.3300 0.7064
vn 0.6813 -0.1899 0.7070
vn 0.0001 -1.0000 -0.0000
vn -0.2163 -0.9520 -0.2163
vn -0.2187 -0.9510 -0.2187
vn -0.9737 -0.2276 0.0006
vn -0.9246 -0.3810 -0.0008
vn -0.9611 -0.2762 0.0082
vn -0.1830 -0.9659 0.1830
vn -0.0193 0.9996 -0.0193
vn 0.0193 0.9996 0.0193
vn 0.6253 -0.4670 0.6253
vn 0.5821 -0.5678 0.5821
vn -0.6786 -0.1827 0.7114
vn -0.7008 -0.0012 0.7134
vn -0.7073 -0.0397 0.7058
vn -0.7071 0.0105 -0.7071
vn -0.7071 -0.0105 -0.7071
vn -0.4103 -0.8144 -0.4103
vn -0.4486 -0.7730 -0.4486
vn 0.0002 0.0000 1.0000
vn 0.0002 -0.0000 1.0000
vn 1.0000 0.0000 -0.0078
vn 0.9957 -0.0923 0.0074
vn 0.9829 -0.1837 -0.0078
vn 0.0383 0.9985 0.0383
vn 0.0217 0.9995 0.0217
vn -0.4181 0.8065 0.4181
vn 0.4103 0.8144 0.4103
vn 0.4486 0.7730 0.4486
vn 0.9903 0.0000 -0.1392
vn 0.9945 0.0000 0.1045
vn -0.0009 -1.0000 0.0011
vn 0.7027 0.0000 0.7114
vn 0.4415 -0.7811 0.4415
vn 0.4329 -0.7907 0.4329
vn 0.4103 -0.8144 0.4103
vn 0.4486 -0.7730 0.4486
vn -0.3750 0.8478 -0.3750
vn -0.3333 0.8819 -0.3333
vn 0.3077 0.9003 0.3077
vn 0.3547 0.8651 0.3547
vn 0.1587 -0.9745 0.1587
vn 0.2063 -0.9565 0.2063
vn 0.3750 -0.8478 0.3750
vn 0.3333 -0.8819 0.3333
vn -0.4103 0.8144 -0.4103
vn -0.4486 0.7730 -0.4486
vn -0.4409 0.7818 -0.4409
vn -0.4265 0.7976 -0.4265
vn 0.1348 -0.9817 0.1348
vn 0.1653 -0.9723 0.1653
vn 0.7073 -0.0000 -0.7069
vn 0.4677 0.7500 0.4677
vn 0.4336 0.7900 0.4336
vn -0.1699 0.9707 -0.1699
vn -0.2634 0.9280 -0.2634
vn 0.0048 1.0000 0.0048
vn -0.0583 0.9966 -0.0583
vn -0.6809 -0.1899 0.7073
vn -0.6258 -0.3300 0.7067
vn -0.9959 -0.0896 0.0082
vn 0.2277 0.6714 0.7052
vn 0.0774 0.7059 0.7041
vn 0.1824 0.6764 0.7136
vn 0.6598 0.2631 0.7039
vn -0.7026 0.1130 -0.7026
vn -0.6878 0.2320 -0.6878
vn 0.0173 0.9997 0.0173
vn 0.6761 0.1809 0.7143
vn 0.7011 -0.0012 0.7130
vn 0.7009 0.1143 0.7041
vn 1.0000 -0.0000 -0.0000
vn 0.7071 0.0055 0.7071
vn 0.7028 0.1097 0.7028
vn -0.4351 0.7882 -0.4351
vn -0.3912 0.8330 -0.3912
vn 0.7023 0.1166 0.7023
vn 0.7059 0.0579 0.7059
vn 0.9324 -0.3612 -0.0078
vn 0.9618 -0.2737 0.0074
vn 0.8951 -0.4457 0.0074
vn -0.4457 -0.8951 -0.0075
vn -0.3612 -0.9324 0.0077
vn -0.5264 -0.8502 0.0077
vn 0.0002 1.0000 0.0002
vn 0.0204 0.9996 0.0204
vn -0.1994 -0.9594 -0.1994
vn -0.0942 -0.9911 -0.0942
vn 0.9397 0.0000 0.3420
vn 0.9382 0.0306 0.3449
vn -0.2590 -0.9659 0.0005
vn -0.3827 -0.9239 0.0007
vn 0.5586 -0.6131 0.5586
vn 0.6079 -0.5107 0.6079
vn -0.6710 -0.3157 -0.6710
vn -0.6611 -0.3550 -0.6611
vn 0.1587 0.9745 0.1587
vn 0.2063 0.9565 0.2063
vn -0.1587 0.9745 -0.1587
vn -0.2063 0.9565 -0.2063
vn -0.0010 -0.0080 1.0000
vn -0.0119 -0.0254 0.9996
vn -0.0002 -0.0014 1.0000
vn -0.0075 -0.0017 1.0000
vn -0.0217 -0.0143 0.9997
vn 0.6886 0.2271 0.6886
vn -0.9324 -0.3612 -0.0074
vn -0.8951 -0.4457 0.0078
vn -0.9618 -0.2737 0.0078
vn -0.6026 0.7980 -0.0075
vn -0.6737 0.7390 0.0078
vn -0.5264 0.8502 0.0077
vn -0.3750 -0.8478 -0.3750
vn -0.3333 -0.8819 -0.3333
vn -0.1587 -0.9745 -0.1587
vn -0.2063 -0.9565 -0.2063
vn 0.0002 -1.0000 -0.0001
vn 0.0002 -1.0000 -0.0002
vn 0.0002 -1.0000 -0.0000
vn 1.0000 -0.0000 0.0001
vn 1.0000 -0.0002 0.0009
vn 1.0000 -0.0002 0.0008
vn 0.0004 -1.0000 -0.0000
vn 0.3536 -0.8660 -0.3536
vn 0.1305 -0.9914 -0.0002
vn 0.3750 0.8478 0.3750
vn 0.3333 0.8819 0.3333
vn 0.5995 0.5303 0.5995
vn 0.6236 0.4714 0.6236
vn -0.1988 -0.9597 -0.1988
vn -0.2596 -0.9302 -0.2596
vn 0.6737 0.7390 0.0036
vn 0.7390 0.6737 -0.0039
vn 0.6026 0.7980 -0.0039
vn -0.0578 0.9967 -0.0578
vn -0.0902 0.9918 -0.0902
vn 0.0442 0.9980 0.0442
vn 0.0683 0.9953 0.0683
vn -0.6959 -0.1774 -0.6959
vn -0.7045 -0.0853 -0.7045
vn -0.6797 -0.2759 -0.6797
vn -0.6797 -0.2758 -0.6797
vn 0.6579 0.3664 0.6579
vn 0.6871 0.2364 0.6871
vn 0.0163 -0.9997 0.0163
vn -0.0165 -0.9997 -0.0165
vn -0.3271 -0.8865 -0.3271
vn -0.3982 -0.8264 -0.3982
vn 0.7069 -0.0236 0.7069
vn 0.3991 0.8255 0.3991
vn -0.3487 0.8699 -0.3487
vn 0.5995 -0.5303 0.5995
vn 0.6236 -0.4714 0.6236
vn -0.5995 0.5303 -0.5995
vn -0.6236 0.4714 -0.6236
vn -0.1013 0.9949 0.0007
vn -0.2826 0.9592 -0.0054
vn -0.1865 0.9824 0.0128
vn 0.4457 0.8951 -0.0077
vn 0.3612 0.9324 0.0075
vn 0.5264 0.8502 0.0075
vn -0.0850 -0.9927 -0.0850
vn -0.1729 -0.9697 -0.1729
vn 0.7071 -0.0036 0.7071
vn -0.5929 -0.5450 -0.5929
vn -0.6368 -0.4346 -0.6368
vn -0.2425 0.0000 -0.9701
vn 0.0015 -1.0000 0.0015
vn -0.0775 -0.9940 -0.0775
vn -0.2938 0.9096 -0.2938
vn -0.1877 0.9641 -0.1877
vn 0.5543 -0.6209 0.5543
vn 0.4962 -0.7125 0.4962
vn -0.6819 -0.2647 -0.6819
vn -0.7014 -0.1271 -0.7014
vn 0.0258 -0.9993 0.0258
vn 0.0147 -0.9998 0.0147
vn 0.7027 -0.1117 0.7027
vn 0.6881 -0.2302 0.6881
vn 0.0174 -0.9997 0.0174
vn 0.0994 0.9901 0.0994
vn 0.0482 0.9977 0.0482
vn -0.4214 -0.8030 -0.4214
vn -0.5169 -0.6823 -0.5169
vn -0.6494 -0.3958 -0.6494
vn -0.6736 -0.3042 -0.6736
vn -0.5995 -0.5303 -0.5995
vn -0.6236 -0.4714 -0.6236
vn -0.6901 -0.2178 -0.6901
vn -0.6667 -0.3333 -0.6667
vn 0.5759 -0.5803 0.5759
vn 0.5466 -0.6344 0.5466
vn 0.5759 0.5803 0.5759
vn 0.5466 0.6344 0.5466
vn -0.5759 -0.5803 -0.5759
vn -0.5466 -0.6344 -0.5466
vn -0.5759 0.5803 -0.5759
vn -0.5466 0.6344 -0.5466
vn -0.6977 0.1625 -0.6977
vn -0.6846 0.2503 -0.6846
vn -0.0421 0.9982 -0.0421
vn -0.0074 -0.9999 -0.0074
vn 0.7021 0.1193 0.7021
vn 0.7071 -0.0025 0.7071
vn 0.6826 -0.2611 0.6826
vn 0.7012 -0.1285 0.7012
vn -0.0001 -0.0000 -1.0000
vn 0.9239 0.3827 -0.0017
vn -0.0017 -1.0000 0.0000
vn -0.0009 -1.0000 0.0017
vn -1.0000 0.0000 0.0000
vn -1.0000 -0.0000 0.0000
vn 0.4860 -0.7264 0.4860
vn 0.5765 -0.5790 0.5765
vn 0.5264 0.8502 0.0037
vn 0.4457 0.8952 -0.0039
vn 0.3612 0.9325 0.0037
vn 0.4457 -0.8951 -0.0077
vn 0.6026 -0.7980 -0.0078
vn 0.5264 -0.8502 0.0075
vn -0.9786 -0.0000 -0.2058
vn 0.0177 0.9997 0.0177
vn -0.7069 -0.0229 -0.7069
vn 0.5036 0.7019 0.5036
vn 0.5735 0.5849 0.5735
vn 0.7197 -0.0000 -0.6943
vn -0.0331 0.0000 0.9995
vn 0.1780 0.9678 0.1780
vn 0.0871 0.9924 0.0871
vn -0.3883 0.8357 -0.3883
vn -0.4780 0.7369 -0.4780
vn 0.4466 0.7753 0.4466
vn 0.3798 0.8435 0.3798
vn 0.0001 -0.0000 1.0000
vn 0.2587 -0.9660 -0.0005
vn 0.3827 0.9239 -0.0007
vn -0.0001 -0.0002 1.0000
vn 0.0005 1.0000 0.0005
vn 1.0000 0.0000 -0.0000
vn 0.5184 -0.6801 0.5184
vn 0.4827 -0.7308 0.4827
vn -0.5509 0.6268 -0.5509
vn -0.5847 -0.5624 -0.5847
vn -0.6300 -0.4540 -0.6300
vn -0.7068 -0.0312 -0.7068
vn -0.4457 -0.8952 -0.0018
vn -0.5264 -0.8502 0.0039
vn -0.6026 -0.7980 -0.0018
vn -0.1305 0.9914 0.0002
vn 0.0001 0.0000 1.0000
vn -0.6259 -0.4654 -0.6259
vn -0.5829 -0.5661 -0.5829
vn -0.0046 0.0008 1.0000
vn -1.0000 -0.0000 -0.0074
vn -0.9957 0.0923 0.0078
vn -0.9829 0.1837 -0.0074
vn 0.6803 -0.2727 0.6803
vn 0.6394 -0.4270 0.6394
vn -0.6855 0.2454 -0.6855
vn -0.6657 0.3371 -0.6657
vn -0.0000 -0.0001 -1.0000
vn 0.3497 -0.6062 0.7143
vn 0.4300 -0.5654 0.7039
vn 0.4955 -0.4946 0.7141
vn 0.0000 -0.0013 -1.0000
vn -0.4954 0.4981 0.7117
vn -0.3527 0.6080 0.7113
vn -0.4848 0.5146 0.7072
vn -1.0000 -0.0000 -0.0000
vn -0.0027 -0.0027 1.0000
vn -0.0029 -0.0033 1.0000
vn -0.0021 -0.0006 1.0000
vn 0.4669 -0.7510 0.4669
vn 0.5436 -0.6395 0.5436
vn 0.5150 -0.6852 0.5150
vn 0.5150 0.6852 0.5150
vn 0.5436 0.6395 0.5436
vn 0.3612 -0.9324 0.0075
vn -0.0020 1.0000 -0.0033
vn -0.0036 1.0000 -0.0014
vn -0.0016 1.0000 -0.0038
vn -0.0005 -0.0028 1.0000
vn 0.0013 -0.0806 0.9967
vn 0.6920 -0.2056 0.6920
vn 0.7038 -0.0970 0.7038
vn -0.3959 0.8285 -0.3959
vn 0.7197 0.0000 -0.6943
vn 0.7069 -0.0223 0.7069
vn -0.7070 0.0158 -0.7070
vn -0.6956 0.1793 -0.6956
vn 0.4830 0.7303 0.4830
vn 0.4468 0.7751 0.4468
vn 0.6189 0.4836 0.6189
vn 0.5441 0.6386 0.5441
vn 0.7067 0.0356 0.7067
vn 0.6253 0.4670 0.6253
vn 0.5824 0.5671 0.5824
vn -0.6569 -0.3700 -0.6569
vn -0.6865 -0.2396 -0.6865
vn -0.6865 -0.2397 -0.6865
vn -0.2333 0.9440 0.2333
vn -0.6201 0.4806 -0.6201
vn -0.6591 0.3622 -0.6591
vn 0.7390 -0.6737 -0.0020
vn 0.7980 -0.6026 0.0036
vn 0.6737 -0.7390 0.0036
vn 0.7070 0.7072 -0.0013
vn 0.6088 0.7933 -0.0011
vn 0.7072 0.7070 -0.0013
vn -0.2333 -0.9440 0.2333
vn 0.0005 -1.0000 -0.0000
vn 0.0019 1.0000 -0.0009
vn 0.0020 1.0000 -0.0009
vn 0.0019 1.0000 -0.0007
vn -0.0299 -0.9991 -0.0299
vn -0.0489 -0.9976 -0.0489
vn -0.7068 0.0273 -0.7068
vn 0.8502 0.5264 -0.0078
vn 0.7390 0.6737 -0.0078
vn 0.7980 0.6026 0.0074
vn 0.6446 0.4112 0.6446
vn 0.6940 0.1919 0.6940
vn -0.6208 -0.4789 -0.6208
vn 0.0000 1.0000 -0.0057
vn -0.0016 0.0004 1.0000
vn -0.0015 0.0005 1.0000
vn -0.0017 0.0002 1.0000
vn 1.0000 -0.0000 0.0000
vn 1.0000 0.0000 0.0000
vn -0.5294 -0.6630 -0.5294
vn -0.0201 -0.9996 -0.0201
vn -0.7026 -0.1126 -0.7026
vn -0.6879 -0.2314 -0.6879
vn 0.0843 -0.9929 0.0843
vn 0.6686 -0.3255 0.6686
vn 0.0074 0.9999 0.0074
vn -0.0074 0.9999 -0.0074
vn 0.0074 -0.9999 0.0074
vn -0.6547 -0.3780 -0.6547
vn -0.7070 -0.0183 -0.7070
vn 0.6124 0.5000 -0.6124
vn 0.4320 0.7917 0.4320
vn 0.4988 0.7087 0.4988
vn 0.4695 0.0000 0.8829
vn 0.6692 0.0000 0.7431
vn -0.9998 0.0217 -0.0015
vn -0.9957 0.0923 0.0040
vn -0.9830 0.1837 -0.0036
vn 0.7027 0.1117 0.7027
vn 0.6881 0.2302 0.6881
vn 0.5702 -0.5913 0.5702
vn 0.5702 0.5913 0.5702
vn -0.3655 0.6050 0.7074
vn -0.8502 0.5264 -0.0036
vn -0.8952 0.4457 0.0040
vn -0.7980 0.6026 0.0040
vn 0.7071 0.0001 -0.7071
vn -0.0001 -0.0004 -1.0000
vn -0.1305 -0.9914 -0.0013
vn 0.2096 0.9551 0.2096
vn 0.2666 0.9262 0.2666
vn 0.6518 0.3876 0.6518
vn 0.6723 0.3097 0.6723
vn -0.3426 0.8748 -0.3426
vn -0.2821 0.9170 -0.2821
vn 0.7933 -0.6088 -0.0015
vn 0.7934 -0.6088 -0.0015
vn 0.7072 -0.7070 -0.0013
vn -0.6088 0.7934 0.0011
vn -0.7072 0.7070 0.0013
vn -0.7070 0.7072 0.0013
vn 0.6891 -0.2245 0.6891
vn 0.6764 -0.2917 0.6764
vn -0.7068 0.0291 -0.7068
vn -0.3565 0.8636 -0.3565
vn 0.4695 -0.0000 0.8829
vn 0.6692 -0.0000 0.7431
vn 0.2754 0.9210 0.2754
vn 0.3438 0.8738 0.3438
vn 0.2424 0.9394 0.2424
vn -0.0000 0.0001 -1.0000
vn -0.0385 0.9985 -0.0385
vn -0.0218 0.9995 -0.0218
vn 0.3466 -0.8716 0.3466
vn 0.3909 -0.8333 0.3909
vn 0.3530 0.6080 0.7112
vn 0.4852 0.5146 0.7070
vn 0.3659 0.6050 0.7072
vn 0.9324 0.3612 -0.0078
vn 0.8951 0.4457 0.0074
vn 0.9618 0.2737 0.0074
vn -0.6737 -0.7390 0.0039
vn 0.8502 -0.5264 -0.0020
vn -0.5600 0.6105 -0.5600
vn -0.6058 0.5158 -0.6058
vn -0.6871 0.2365 -0.6871
vn -0.6612 0.3544 -0.6612
vn 0.7072 -0.0000 0.7070
vn 0.7072 0.0000 0.7070
vn -0.5452 0.6369 -0.5452
vn -0.5762 0.5797 -0.5762
vn -0.6325 -0.4472 -0.6325
vn 0.5189 0.6793 0.5189
vn 0.4648 0.7536 0.4648
vn 0.7069 -0.0262 0.7069
vn 0.7069 -0.0261 0.7069
vn -1.0000 0.0000 -0.0000
vn 0.2420 -0.0000 0.9703
vn 0.0020 1.0000 0.0020
vn -0.0888 0.9921 -0.0888
vn 0.7070 0.0223 0.7068
vn 0.7080 0.0316 0.7055
vn 0.2736 0.9618 -0.0038
vn 0.0923 0.9957 -0.0038
vn 0.1837 0.9830 0.0037
vn -0.7390 0.6737 -0.0075
vn -0.0040 0.0039 1.0000
vn -0.0038 0.0057 1.0000
vn -0.3494 -0.6062 0.7144
vn -0.4297 -0.5654 0.7041
vn -0.2972 -0.6445 0.7045
vn 0.5292 0.6632 0.5292
vn -0.7071 -0.0055 -0.7071
vn -0.7030 -0.1074 -0.7030
vn 1.0000 0.0000 0.0099
vn 0.9658 -0.2590 0.0096
vn -0.2343 -0.9435 -0.2343
vn -0.1531 -0.9763 -0.1531
vn 0.4329 -0.7906 0.4329
vn -0.7070 0.0183 -0.7070
vn 0.5284 -0.6645 0.5284
vn 0.4295 -0.7944 0.4295
vn 0.2528 0.9339 0.2528
vn 0.3102 0.8986 0.3102
vn -0.0000 1.0000 0.0003
vn 0.0001 -1.0000 0.0002
vn 0.7071 -0.0001 -0.7071
vn -0.0029 -1.0000 -0.0029
vn 0.0296 -0.9991 0.0296
vn -1.0000 0.0048 -0.0000
vn -1.0000 0.0048 0.0000
vn 0.7071 0.0089 0.7071
vn 0.3283 -0.8857 0.3283
vn 0.3998 -0.8248 0.3998
vn -0.7069 -0.0237 -0.7069
vn 0.3705 0.8517 0.3705
vn 0.6891 0.2245 0.6891
vn 0.6764 0.2917 0.6764
vn -0.9324 0.3612 -0.0074
vn -0.9618 0.2737 0.0078
vn -0.8951 0.4457 0.0078
vn 0.6907 -0.2141 0.6907
vn 0.6687 -0.3250 0.6687
vn -0.2183 0.9512 -0.2183
vn -0.2185 0.9511 -0.2185
vn -0.6572 0.3690 -0.6572
vn -0.6867 0.2383 -0.6867
vn 0.7072 -0.0000 -0.7070
vn 0.9830 0.1838 -0.0040
vn -0.6891 0.2245 -0.6891
vn -0.6764 0.2917 -0.6764
vn -0.6891 -0.2245 -0.6891
vn -0.6764 -0.2917 -0.6764
vn -1.0000 0.0000 -0.0099
vn -0.9658 -0.2590 -0.0096
vn -0.9526 0.0718 0.2955
vn 0.0018 1.0000 -0.0006
vn -0.2217 -0.9496 -0.2217
vn -0.2217 0.9496 -0.2217
vn -0.5892 0.5529 -0.5892
vn -0.6144 0.4949 -0.6144
vn -0.0006 -1.0000 -0.0006
vn 0.2039 0.9575 0.2039
vn 0.9945 -0.0000 0.1045
vn -0.9659 0.2586 -0.0096
vn -0.9658 0.2590 -0.0096
vn -0.3487 0.8699 -0.3488
vn 0.3827 0.9239 0.0038
vn -0.2293 -0.9460 -0.2293
vn -0.2283 -0.9464 -0.2283
vn 0.7012 -0.1288 0.7012
vn 0.5566 0.6167 0.5566
vn 0.4875 0.7243 0.4875
vn -0.3314 0.8834 -0.3314
vn -0.3955 0.8290 -0.3955
vn -0.8662 -0.4996 -0.0086
vn -0.7067 -0.7075 -0.0070
vn -0.7075 -0.7067 -0.0070
vn -0.6428 0.4167 -0.6428
vn 0.8090 0.0000 -0.5878
vn 0.9260 0.0324 -0.3762
vn 0.8084 0.0304 -0.5879
vn 0.3740 0.8487 0.3740
vn 0.4548 0.7657 0.4548
vn -0.3652 0.8563 -0.3652
vn -0.4018 0.8229 -0.4018
vn -0.0002 -0.0242 0.9997
vn -0.0021 -0.0101 0.9999
vn -0.0923 -0.9957 -0.0076
vn -0.1837 -0.9829 0.0077
vn -0.2737 -0.9618 -0.0076
vn 0.5820 0.5680 0.5820
vn 0.5557 0.6184 0.5557
vn -0.8502 -0.5264 -0.0018
vn -0.8952 -0.4457 0.0040
vn -0.5142 0.6864 -0.5142
vn -0.5951 0.5400 -0.5951
vn -0.4594 0.7602 -0.4594
vn 0.6971 0.1675 0.6971
vn 0.7006 0.1349 0.7006
vn 0.6087 -0.7933 0.0060
vn 0.1305 -0.9914 0.0013
vn -0.5302 0.6617 -0.5302
vn -0.5832 0.5654 -0.5832
vn -0.5807 -0.5706 -0.5807
vn -0.5063 -0.6980 -0.5063
vn -0.0001 -0.0045 1.0000
vn -0.0018 0.0001 1.0000
vn -0.0019 0.0000 1.0000
vn -0.1494 0.9774 -0.1494
vn -0.0729 0.9947 -0.0729
vn -0.1305 0.9914 -0.0013
vn 0.7075 0.7067 0.0070
vn 0.6088 0.7933 0.0060
vn 0.7067 0.7075 0.0070
vn 0.8658 -0.5003 0.0086
vn 0.7933 -0.6087 0.0078
vn 0.8662 -0.4996 0.0086
vn 0.9658 0.2590 0.0096
vn 0.9914 0.1305 0.0098
vn 0.9659 0.2586 0.0096
vn -0.0016 1.0000 -0.0016
vn 0.0793 0.9937 0.0793
vn -0.9658 0.2590 -0.0095
vn -0.7075 0.7067 -0.0070
vn -0.6088 0.7933 -0.0060
vn -0.7067 0.7075 -0.0070
vn -0.2351 0.9431 -0.2351
vn -0.0001 -0.0001 1.0000
vn 0.6088 0.7934 -0.0011
vn -0.7934 0.6088 0.0015
vn -0.7029 -0.1085 -0.7029
vn -0.7061 -0.0542 -0.7061
vn 0.5722 -0.5875 0.5722
vn -0.5709 0.5900 -0.5709
vn 0.8291 0.0000 0.5592
vn -0.3265 -0.8870 -0.3265
vn -0.2518 -0.9345 -0.2518
vn -0.2517 -0.9345 -0.2517
vn 0.3231 -0.8895 0.3231
vn 0.3896 -0.8345 0.3896
vn 0.2039 -0.9575 0.2039
vn -0.2279 -0.9466 -0.2279
vn -0.7035 0.1002 -0.7035
vn -0.6921 0.2049 -0.6921
vn 0.2654 -0.9269 0.2654
vn 0.2235 -0.9487 0.2235
vn 0.2235 0.9487 0.2235
vn 0.2654 0.9269 0.2654
vn 0.7068 -0.0296 0.7068
vn 0.6936 -0.1948 0.6936
vn -0.3629 0.8583 -0.3629
vn -0.4480 0.7737 -0.4480
vn -0.3850 0.8388 -0.3850
vn -0.3478 0.8706 -0.3478
vn -0.5182 -0.6804 -0.5182
vn -0.5757 -0.5807 -0.5757
vn -0.6947 0.1867 -0.6947
vn -0.7042 0.0902 -0.7042
vn -0.6981 -0.1593 -0.6981
vn -0.6885 -0.2277 -0.6885
vn -0.5202 -0.6774 -0.5202
vn -0.5510 -0.6267 -0.5510
vn 0.6374 -0.4329 0.6374
vn -0.2699 0.9243 -0.2699
vn -0.3827 0.9239 -0.0038
vn 0.8662 0.4996 0.0086
vn -0.9659 -0.2589 0.0018
vn 0.7070 -0.7072 -0.0013
vn -0.0001 0.0001 1.0000
vn -0.6896 -0.2211 -0.6896
vn 0.7071 -0.0000 -0.7072
vn -0.3926 -0.8317 -0.3926
vn 0.1013 0.9949 0.0006
vn 0.1865 0.9824 0.0127
vn 0.2826 0.9592 -0.0055
vn -0.3893 -0.8348 -0.3893
vn -0.3454 -0.8726 -0.3454
vn -0.3892 -0.8348 -0.3892
vn -0.3454 -0.8725 -0.3454
vn 0.9285 -0.0000 -0.3714
vn 0.8595 0.0000 -0.5111
vn 0.8595 -0.0000 -0.5111
vn -0.2596 0.9657 -0.0026
vn -0.2580 0.9661 -0.0026
vn 0.4894 -0.7217 0.4894
vn 0.5575 -0.6152 0.5575
vn -0.4392 0.7837 -0.4392
vn -0.4952 -0.4946 0.7143
vn -0.6088 -0.7933 -0.0060
vn -0.6087 -0.7933 -0.0060
vn 0.3059 -0.9016 0.3059
vn 0.3059 0.9016 0.3059
vn -0.3612 0.9324 0.0077
vn 0.7980 0.6026 0.0036
vn 0.8952 0.4457 0.0036
vn 0.8502 0.5264 -0.0040
vn 0.4570 -0.7631 0.4570
vn 0.7933 0.6087 0.0078
vn 0.8658 0.5003 0.0086
vn 0.9093 0.3434 -0.2349
vn 0.8816 0.2880 -0.3741
vn 0.9257 0.3026 -0.2271
vn 0.9216 0.3031 0.2424
vn 0.9463 0.3107 0.0890
vn 0.9749 0.2074 0.0805
vn 0.1305 0.9914 -0.0002
vn 0.2590 -0.9659 -0.0005
vn -0.0923 0.9957 -0.0038
vn -0.1837 0.9830 0.0038
vn 0.0000 1.0000 0.0038
vn 0.4457 -0.8952 -0.0019
vn 0.5264 -0.8502 0.0037
vn 0.3612 -0.9325 0.0037
vn 0.8502 -0.5264 -0.0078
vn 0.0923 -0.9957 -0.0076
vn 0.1837 -0.9829 0.0076
vn 0.0000 -1.0000 0.0076
vn -0.4306 -0.7932 -0.4306
vn 0.6669 0.0278 0.7446
vn 0.8294 0.0276 0.5580
vn 0.6737 0.7390 0.0075
vn -0.4697 -0.7475 -0.4697
vn 0.4715 -0.7452 0.4715
vn 0.1158 -0.9865 0.1158
vn 0.0876 -0.9923 0.0876
vn 0.6664 0.3344 0.6664
vn 0.6555 0.3750 0.6555
vn 0.6221 -0.4753 0.6221
vn 0.5036 0.7020 0.5036
vn 0.4278 0.7962 0.4278
vn 0.4782 0.7367 0.4782
vn 0.5464 0.6347 0.5464
vn -0.2858 0.9147 -0.2858
vn -0.2138 0.9532 -0.2138
vn -0.6823 -0.2625 -0.6823
vn -0.6386 -0.4293 -0.6386
vn 0.7072 0.0000 -0.7071
vn -0.2737 -0.9618 -0.0019
vn 0.6026 -0.7980 -0.0020
vn -0.4570 0.7631 -0.4570
vn 0.5137 0.6872 0.5137
vn 0.5746 0.5828 0.5746
vn 0.5137 -0.6872 0.5137
vn 0.5746 -0.5828 0.5746
vn 0.9325 -0.3612 -0.0000
vn 0.9618 -0.2737 -0.0000
vn 0.5415 -0.4586 0.7046
vn -0.2311 0.9451 -0.2311
vn -0.2281 0.9465 -0.2281
vn 0.5482 0.0000 -0.8364
vn 0.6663 0.0000 -0.7457
vn -0.3620 -0.8590 -0.3620
vn -0.2691 -0.9248 -0.2691
vn 0.6199 0.4811 0.6199
vn 0.6330 0.4457 0.6330
vn 0.4200 -0.8045 0.4200
vn 0.4936 -0.7161 0.4936
vn 0.7933 0.6088 -0.0015
vn -0.5549 0.6199 -0.5549
vn -0.4857 0.7267 -0.4857
vn 0.3278 -0.8860 0.3278
vn 0.4265 -0.7976 0.4265
vn -0.5147 0.6856 -0.5147
vn -0.4461 0.7759 -0.4461
vn -0.6216 0.4767 -0.6216
vn -0.7049 0.0788 -0.7049
vn -0.5557 -0.6183 -0.5557
vn -0.4877 -0.7241 -0.4877
vn 0.5115 -0.6904 0.5115
vn 0.5771 -0.5778 0.5771
vn -0.0889 0.9921 -0.0889
vn 0.4169 0.8077 0.4169
vn 0.2775 0.9197 0.2775
vn -0.6088 -0.7933 0.0011
vn -0.6088 -0.7934 0.0011
vn -0.7070 -0.7072 0.0013
vn 0.9508 0.2024 0.2346
vn 0.6946 0.2192 0.6852
vn 0.8221 0.1749 0.5418
vn 0.7166 0.1524 0.6806
vn 0.3567 -0.8635 0.3567
vn 0.2668 -0.9261 0.2668
vn 0.6089 -0.3496 0.7120
vn 0.9659 -0.2586 0.0096
vn 0.6709 0.3161 0.6709
vn 0.6837 0.2552 0.6837
vn 0.6837 -0.2552 0.6837
vn 0.6709 -0.3161 0.6709
vn -0.9325 0.3612 -0.0036
vn -0.8502 -0.5264 -0.0074
vn -0.0036 -0.0023 1.0000
vn -0.0039 -0.0015 1.0000
vn 0.1668 0.9718 0.1668
vn 0.2568 0.9317 0.2568
vn 0.6341 0.4426 0.6341
vn 0.6167 0.4893 0.6167
vn 0.6167 0.4894 0.6167
vn -0.1549 -0.9757 -0.1549
vn -0.2396 -0.9409 -0.2396
vn -0.3240 -0.8889 -0.3240
vn -0.2425 -0.9394 -0.2425
vn -0.5588 -0.6129 -0.5588
vn 0.9272 0.0000 -0.3746
vn 0.4091 -0.8157 0.4091
vn 0.4954 -0.7136 0.4954
vn 0.7071 -0.0002 -0.7071
vn 0.6493 0.3961 0.6493
vn 0.6427 0.4169 0.6427
vn 0.6618 0.3520 0.6618
vn 0.3926 -0.8317 0.3926
vn 0.7023 -0.1169 0.7023
vn 0.7071 0.0002 0.7071
vn 0.7022 0.1174 0.7022
vn 0.2894 0.9124 0.2894
vn 0.2503 0.9353 0.2503
vn 0.6955 -0.1805 0.6955
vn 0.6787 -0.2804 0.6787
vn -0.7023 0.1169 -0.7023
vn -0.7071 0.0002 -0.7071
vn -0.1148 -0.9867 -0.1148
vn 0.2420 0.0000 0.9703
vn 0.9285 0.0000 -0.3714
vn -0.2314 -0.9449 -0.2314
vn -0.3203 -0.8915 -0.3203
vn -0.6088 0.7933 0.0011
vn 0.0003 -0.0005 -1.0000
vn 0.0003 -0.0003 -1.0000
vn -0.8662 0.4996 -0.0086
vn -0.3827 -0.9239 -0.0038
vn 0.0002 0.0007 -1.0000
vn 0.0000 0.0013 -1.0000
vn -0.7072 -0.7070 0.0013
vn -0.8660 -0.5001 0.0016
vn 0.6088 -0.7934 -0.0011
vn 0.3827 -0.9239 0.0038
vn -0.0001 -0.0002 -1.0000
vn -0.8661 -0.4999 0.0016
vn 0.1305 0.9914 0.0013
vn 0.3827 -0.9239 -0.0007
vn 0.9659 -0.2588 -0.0018
vn 0.9659 -0.2589 -0.0018
vn -0.9659 -0.2586 -0.0096
vn 0.6180 0.1669 -0.7682
vn 0.6638 0.1216 -0.7379
vn 0.6654 0.1955 -0.7204
vn 0.8177 0.2652 -0.5110
vn 0.8351 0.1767 -0.5210
vn -0.8658 0.5003 -0.0086
vn -0.6757 0.1809 0.7146
vn 0.2290 0.9461 0.2290
vn 0.3181 0.8931 0.3181
vn -0.6190 0.4835 -0.6190
vn -0.6580 0.3663 -0.6580
vn -0.2296 0.9458 -0.2296
vn -0.3181 0.8931 -0.3181
vn 0.6789 0.2795 0.6789
vn -0.3602 0.8605 -0.3602
vn 0.6717 0.3123 0.6717
vn 0.6486 0.3984 0.6486
vn 0.1763 -0.9684 0.1763
vn 0.0880 -0.9922 0.0880
vn -0.6615 0.3534 -0.6615
vn 0.0458 0.9989 0.0095
vn -0.2737 0.9618 -0.0037
vn 0.8952 -0.4457 0.0036
vn 0.9325 0.3612 -0.0040
vn 0.7390 -0.6737 -0.0078
vn 0.7980 -0.6026 0.0074
vn 0.6737 -0.7390 0.0075
vn 0.2736 -0.9618 -0.0077
vn -0.0044 0.0017 1.0000
vn -0.0042 0.0027 1.0000
vn -0.8502 0.5264 -0.0074
vn -0.7980 -0.6026 0.0078
vn 0.9829 0.1837 -0.0078
vn 0.9957 0.0923 0.0074
vn -0.9957 -0.0923 0.0078
vn -0.6707 0.3168 -0.6707
vn -0.6469 0.4037 -0.6469
vn -0.6707 0.3167 -0.6707
vn 0.6530 -0.3838 0.6530
vn 0.6026 0.7980 -0.0077
vn -0.7980 -0.6026 0.0040
vn -0.9618 0.2737 0.0040
vn 0.6554 0.3754 0.6554
vn 0.6375 0.4327 0.6375
vn 0.6375 -0.4327 0.6375
vn 0.6554 -0.3754 0.6554
vn -0.4509 -0.7704 -0.4509
vn -0.3989 -0.8257 -0.3989
vn 0.9618 0.2737 0.0036
vn -0.7390 0.6737 -0.0036
vn -0.6737 0.7390 0.0039
vn -0.0042 -0.0007 1.0000
vn -0.9829 -0.1837 -0.0074
vn -0.7980 0.6026 0.0078
vn -0.6015 0.5257 -0.6015
vn -0.6529 0.3841 -0.6529
vn 0.3423 0.8751 0.3423
vn 0.2471 0.9370 0.2471
vn 0.3423 -0.8751 0.3423
vn 0.2471 -0.9370 0.2471
vn -0.0014 -1.0000 -0.0014
vn 0.7070 0.0133 0.7070
vn -0.6484 0.3989 -0.6484
vn -0.6774 0.2866 -0.6774
vn 0.6278 0.4600 0.6278
vn 0.5773 0.5775 0.5773
vn -0.7008 -0.1333 -0.7008
vn 0.2658 -0.9267 0.2658
vn -0.5714 0.5891 -0.5714
vn 0.5482 -0.0000 -0.8364
vn 0.6663 -0.0000 -0.7457
vn -0.6274 -0.4613 -0.6274
vn -0.6397 -0.4261 -0.6397
vn 0.9914 -0.1305 0.0098
vn 0.9658 -0.2590 0.0095
vn -0.3648 -0.8567 -0.3648
vn -0.2672 -0.9259 -0.2672
vn 0.3652 0.8563 0.3652
vn 0.2677 0.9256 0.2677
vn 0.3641 -0.8572 0.3641
vn 0.7068 -0.0303 0.7068
vn -0.6611 0.3548 -0.6611
vn 0.6611 -0.3548 0.6611
vn -0.6611 -0.3548 -0.6611
vn -0.2509 0.9350 -0.2509
vn 0.2509 0.9350 0.2509
vn 0.2508 -0.9350 0.2508
vn -0.2509 -0.9350 -0.2509
vn 0.9030 0.1912 -0.3847
vn 0.9503 0.2013 -0.2376
vn -0.9239 -0.3827 0.0017
vn -0.5657 0.5999 -0.5657
vn -0.5869 0.5577 -0.5869
vn 0.7070 -0.0001 -0.7072
vn 0.2747 -0.9215 0.2747
vn 0.2379 -0.9417 0.2379
vn 0.7957 0.2603 0.5469
vn 0.9021 0.1922 0.3863
vn 0.6220 0.4755 0.6220
vn -0.2011 0.9587 -0.2011
vn -0.2838 0.9159 -0.2838
vn -0.3101 0.8987 -0.3101
vn -0.0092 -0.9999 -0.0092
vn 0.6611 0.3548 0.6611
vn 0.2912 0.0751 0.9537
vn 0.4176 0.1091 0.9021
vn 0.3799 0.0852 0.9211
vn 0.4680 0.0203 0.8835
vn 0.4782 0.7366 0.4782
vn 0.4134 0.8113 0.4134
vn 0.3963 -0.0000 -0.9181
vn 0.1970 0.0006 -0.9804
vn -0.2681 0.9253 -0.2681
vn -0.3658 0.8558 -0.3658
vn 0.6855 0.2456 0.6855
vn 0.6556 0.3746 0.6556
vn -0.5733 0.5854 -0.5733
vn -0.5966 0.5367 -0.5966
vn 0.7070 0.0001 -0.7072
vn 0.7026 0.1133 0.7026
vn -0.4968 -0.7116 -0.4968
vn -0.4508 -0.7704 -0.4508
vn -0.4882 -0.7234 -0.4882
vn -0.4168 -0.8078 -0.4168
vn -0.0104 0.9999 -0.0104
vn -0.5925 -0.5458 -0.5925
vn -0.5256 -0.6690 -0.5256
vn 0.6728 -0.3076 0.6728
vn -0.6954 0.1814 -0.6954
vn 0.5189 0.6794 0.5189
vn 0.5738 0.5844 0.5738
vn 0.5738 0.5843 0.5738
vn -0.4274 0.7967 -0.4274
vn 0.7028 0.1101 0.7028
vn 0.7061 0.0543 0.7061
vn -0.7390 -0.6737 -0.0018
vn 0.1779 0.9678 0.1779
vn 0.2689 0.9249 0.2689
vn -0.6236 -0.4713 -0.6236
vn -0.6662 -0.3352 -0.6662
vn 0.7072 -0.0001 -0.7070
vn 0.2046 0.9572 0.2046
vn 0.3004 -0.9052 0.3004
vn 0.2534 -0.9336 0.2534
vn -0.5358 -0.6525 -0.5358
vn 0.6691 0.3235 0.6691
vn 0.6302 0.4536 0.6302
vn -0.3409 -0.8761 -0.3409
vn -0.3997 -0.8249 -0.3997
vn -0.5654 0.6005 -0.5654
vn -0.6146 0.4945 -0.6146
vn -0.5412 -0.4586 0.7048
vn -0.4848 0.7280 -0.4848
vn 0.4848 -0.7280 0.4848
vn -0.4848 -0.7280 -0.4848
vn 0.4848 0.7280 0.4848
vn 0.5148 0.6855 0.5148
vn 0.5148 -0.6855 0.5148
vn -0.5148 -0.6855 -0.5148
vn -0.5148 0.6855 -0.5148
vn -0.6449 0.4103 -0.6449
vn 0.6449 -0.4103 0.6449
vn 0.6449 0.4103 0.6449
vn -0.6449 -0.4103 -0.6449
vn -0.2901 0.9120 -0.2901
vn 0.2901 0.9120 0.2901
vn 0.2901 -0.9120 0.2901
vn -0.2901 -0.9120 -0.2901
vn -0.4932 0.7166 -0.4932
vn 0.6587 0.3638 0.6587
vn 0.3126 0.8970 0.3126
vn -0.0817 -0.9933 -0.0817
vn 0.0818 -0.9933 0.0818
vn -0.5625 -0.6060 -0.5625
vn 0.0489 -0.9976 0.0489
vn 0.0792 -0.9937 0.0792
vn -0.7071 0.0039 -0.7071
vn 0.1804 -0.6779 0.7127
vn 0.1509 -0.6919 0.7061
vn 0.2975 -0.6445 0.7044
vn -0.7005 0.1143 0.7044
vn 0.7076 -0.0397 0.7055
vn -0.6065 0.5141 -0.6065
vn -0.0362 0.9987 -0.0362
vn -0.5760 0.5801 -0.5760
vn 0.1702 0.9706 0.1702
vn 0.2319 0.9447 0.2319
vn -0.6616 -0.3530 -0.6616
vn -0.2092 -0.9552 -0.2092
vn -0.1534 -0.9762 -0.1534
vn 0.1363 0.9812 0.1363
vn 0.0914 0.9916 0.0914
vn 0.0914 -0.9916 0.0914
vn 0.1363 -0.9812 0.1363
vn -0.0036 1.0000 -0.0036
vn 0.0638 0.9959 0.0638
vn -0.0122 -0.9999 -0.0122
vn -0.0853 -0.9927 -0.0853
vn -0.0123 -0.9998 -0.0123
vn 0.0279 0.9992 0.0279
vn -0.2278 0.9467 -0.2278
vn 0.7393 0.2317 -0.6322
vn 0.7471 0.1629 -0.6445
vn -0.6992 -0.1490 -0.6992
vn -0.7039 -0.0956 -0.7039
vn -0.6992 0.1490 -0.6992
vn -0.7039 0.0956 -0.7039
vn 0.6992 -0.1490 0.6992
vn 0.7039 -0.0956 0.7039
vn -0.1053 -0.9888 -0.1053
vn -0.0676 -0.9954 -0.0676
vn 0.1053 -0.9888 0.1053
vn 0.0676 -0.9954 0.0676
vn -0.1053 0.9888 -0.1053
vn -0.0676 0.9954 -0.0676
vn 0.1053 0.9888 0.1053
vn 0.0676 0.9954 0.0676
vn -0.0661 -0.9956 -0.0661
vn -0.1025 -0.9894 -0.1025
vn 0.3823 0.8412 0.3823
vn 0.4181 0.8064 0.4181
vn 0.4181 -0.8064 0.4181
vn 0.3823 -0.8412 0.3823
vn 0.4522 0.7688 0.4522
vn 0.4522 -0.7688 0.4522
vn -0.6086 -0.3496 0.7123
vn -0.8658 -0.5003 -0.0086
vn 0.6041 -0.5196 0.6041
vn 0.6552 -0.3759 0.6552
vn -0.7023 -0.1164 -0.7023
vn 0.4845 0.1223 0.8662
vn 0.6073 0.1308 0.7837
vn 0.4989 0.1092 0.8598
vn 0.5395 0.1546 0.8277
vn 0.6096 0.1748 0.7732
vn 0.3186 0.8927 0.3186
vn 0.6166 -0.4895 0.6166
vn 0.6629 -0.3480 0.6629
vn -0.3928 0.8315 0.3928
vn -0.3612 -0.9325 0.0039
vn 0.6992 0.1490 0.6992
vn 0.7039 0.0956 0.7039
vn -0.5146 -0.6859 -0.5146
vn -0.4263 -0.7978 -0.4263
vn 0.3963 0.0000 -0.9181
vn -0.4834 -0.7298 -0.4834
vn -0.4834 -0.7299 -0.4834
vn 0.2091 0.9553 0.2091
vn -0.6155 -0.4922 -0.6155
vn -0.6623 -0.3503 -0.6623
vn 0.1166 0.9863 0.1166
vn -0.6735 -0.3048 -0.6735
vn -0.6083 -0.5099 -0.6083
vn -0.6992 0.1493 -0.6992
vn -0.7053 0.0722 -0.7053
vn 0.7069 0.0000 -0.7073
vn 0.6589 -0.3628 0.6589
vn 0.6834 -0.2570 0.6834
vn -0.0001 0.0002 1.0000
vn 0.0002 0.0008 -1.0000
vn 0.6088 -0.7933 0.0060
vn -0.1228 0.9848 -0.1228
vn -0.6654 -0.3384 -0.6654
vn 0.1539 0.9760 0.1539
vn 0.2093 0.9552 0.2093
vn 0.0299 -0.9991 0.0299
vn -0.0027 -0.0063 1.0000
vn 0.1281 0.9835 0.1281
vn -0.7071 -0.0020 -0.7071
vn 0.9637 0.1064 -0.2447
vn 0.9897 0.0366 -0.1386
vn -0.9489 -0.3155 0.0000
vn 0.5483 -0.6315 0.5483
vn 0.6680 -0.3281 0.6680
vn 0.6269 -0.4625 0.6269
vn -0.4457 0.8951 -0.0075
vn -0.0037 0.0089 1.0000
vn -0.7025 0.1142 -0.7025
vn 0.6232 0.1065 -0.7748
vn -0.7024 -0.1152 -0.7024
vn 0.7025 -0.1142 0.7025
vn 0.6868 -0.2378 0.6868
vn -0.5408 0.6443 -0.5408
vn 0.9169 0.0971 0.3870
vn 0.8395 0.0889 0.5361
vn -0.6840 -0.2538 -0.6840
vn -0.6867 0.2388 -0.6867
vn 0.7071 -0.0093 0.7071
vn 0.7055 0.0665 0.7055
vn 0.9939 0.0350 0.1042
vn 0.9907 0.1101 -0.0800
vn 0.9676 0.1052 0.2293
vn 0.9917 0.1072 0.0706
vn -0.3319 -0.8830 -0.3319
vn -0.9914 0.1305 0.0018
vn -0.2884 0.9130 -0.2884
vn -0.1466 -0.9783 -0.1466
vn 0.6234 0.4719 0.6234
vn 0.6234 -0.4719 0.6234
vn 0.7012 0.1292 0.7012
vn 0.6938 0.1928 0.6938
vn 0.6938 -0.1928 0.6938
vn 0.7012 -0.1292 0.7012
vn 0.6618 0.3523 0.6618
vn 0.6618 -0.3523 0.6618
vn 0.1838 0.9656 0.1838
vn 0.2698 0.9244 0.2698
vn 0.5949 0.5405 0.5949
vn 0.6174 0.4876 0.6174
vn 0.6174 -0.4876 0.6174
vn 0.6173 -0.4876 0.6174
vn 0.5949 -0.5406 0.5949
vn 0.6972 0.1671 0.6972
vn 0.6979 -0.1609 0.6979
vn 0.6307 -0.4521 0.6307
vn -0.7071 -0.0081 -0.7071
vn 0.6991 0.1505 0.6991
vn 0.6711 0.3150 0.6711
vn -0.1538 0.9761 -0.1538
vn -0.2083 0.9556 -0.2083
vn -0.5189 0.6794 -0.5189
vn -0.4429 0.7796 -0.4429
vn 0.5766 -0.5788 0.5766
vn -0.1166 0.9863 -0.1166
vn -0.6770 0.2885 -0.6770
vn 0.6625 0.3496 0.6625
vn 0.6886 0.2272 0.6886
vn 0.6625 0.3495 0.6625
vn 0.1742 -0.9692 0.1742
vn 0.9323 0.3518 -0.0845
vn 0.9481 0.3101 -0.0705
vn 0.9329 0.3533 0.0698
vn -0.1049 0.9889 -0.1049
vn -0.0701 0.9951 -0.0701
vn -0.0458 0.9989 0.0095
vn -0.6399 -0.4256 -0.6399
vn 0.9942 0.0000 -0.1075
vn 0.9790 -0.0000 -0.2040
vn 0.9790 0.0000 -0.2040
vn 0.4413 0.7813 0.4413
vn 0.5140 0.6868 0.5140
vn 0.6450 0.4099 0.6450
vn 0.6044 0.5190 0.6044
vn 0.8142 0.3046 0.4943
vn 0.8738 0.2879 0.3920
vn 0.5591 0.6122 0.5591
vn 0.6127 0.4991 0.6127
vn 0.2590 0.9305 0.2590
vn -0.5021 0.7041 -0.5021
vn -0.6583 0.3651 -0.6583
vn 0.4182 -0.8064 0.4182
vn -0.1222 -0.9850 -0.1222
vn -0.0793 -0.9937 -0.0793
vn -0.0792 -0.9937 -0.0792
vn -0.0841 0.9929 -0.0841
vn -0.1750 0.9689 -0.1750
vn 0.3456 0.8725 0.3456
vn 0.9976 -0.0082 -0.0685
vn 0.3440 -0.8737 0.3440
vn 0.3017 -0.9044 0.3017
vn 0.6576 -0.3675 0.6576
vn 0.0095 0.9999 0.0095
vn 0.6873 0.2349 0.6873
vn 0.6760 0.2932 0.6760
vn -0.6087 0.7933 -0.0060
vn 0.7934 0.6088 -0.0015
vn -0.1305 -0.9914 0.0002
vn 0.6087 0.7933 0.0060
vn 0.4008 0.8239 0.4008
vn 0.4412 0.7815 0.4412
vn -0.3427 -0.8747 -0.3427
vn 0.2182 -0.9512 0.2182
vn 0.1066 -0.9886 0.1066
vn 0.3517 -0.8676 0.3517
vn 0.1057 -0.9888 0.1057
vn 0.1548 -0.9757 0.1548
vn -0.1644 -0.9726 -0.1644
vn 0.1458 -0.9785 0.1458
vn 0.2308 -0.9452 0.2308
vn 0.2581 -0.9310 0.2581
vn 0.1699 -0.9707 0.1699
vn 0.2045 -0.9573 0.2045
vn 0.2512 -0.9348 0.2512
vn 0.6066 -0.5138 0.6066
vn 0.7006 0.1356 0.7006
vn 0.9751 0.2069 -0.0801
vn -0.2576 0.9313 -0.2576
vn -0.7021 0.1192 -0.7021
vn -0.6859 0.2428 -0.6859
vn 0.2509 -0.9350 0.2509
vn 0.4844 0.7285 0.4844
vn 0.6031 0.5220 0.6031
vn 0.3461 -0.8720 0.3461
vn -0.5807 -0.5707 -0.5807
vn -0.6977 -0.1626 -0.6977
vn 0.9147 0.0956 -0.3926
vn 0.2576 0.0570 0.9646
vn 0.2662 0.0273 0.9635
vn 0.1326 0.0162 0.9910
vn 0.2407 0.0149 0.9705
vn 0.6496 -0.3951 0.6496
vn -0.7010 -0.1315 -0.7010
vn -0.6798 -0.2753 -0.6798
vn 0.6610 -0.3552 0.6610
vn 0.7063 0.0471 0.7063
vn -0.6614 -0.3538 -0.6614
vn 0.6870 -0.2367 0.6870
vn 0.6869 0.2375 0.6869
vn 0.6608 0.3557 0.6608
vn 0.6608 0.3557 0.6609
vn 0.2384 0.9414 0.2384
vn -0.2486 -0.9362 -0.2486
vn -0.2803 -0.9181 -0.2803
vn -0.6872 -0.2357 -0.6872
vn 0.6152 0.0697 0.7853
vn 0.7308 0.0798 0.6779
vn 0.3862 0.0430 0.9214
vn 0.5116 0.0560 0.8574
vn -0.6259 0.4654 -0.6259
vn -0.1993 0.9595 -0.1993
vn -0.2455 0.9378 -0.2455
vn -0.0096 0.9999 -0.0096
vn 0.6783 0.2826 0.6783
vn 0.3299 0.8845 0.3299
vn 0.2855 0.9149 0.2855
vn -0.2276 0.9468 -0.2276
vn -0.1837 0.9657 -0.1837
vn 0.6177 -0.4867 0.6177
vn -0.0429 -0.9982 -0.0429
vn -0.4471 -0.7748 -0.4471
vn -0.5326 0.6578 -0.5326
vn -0.6203 -0.4801 -0.6203
vn -0.0839 -0.9929 -0.0839
vn -0.1745 -0.9691 -0.1745
vn 0.0462 -0.9979 0.0462
vn -0.7063 -0.0471 -0.7063
vn 0.7063 -0.0471 0.7063
vn 0.7072 -0.0000 -0.7071
vn -0.7063 0.0471 -0.7063
vn 0.0333 -0.9989 0.0333
vn -0.0333 -0.9989 -0.0333
vn 0.0333 0.9989 0.0333
vn -0.0333 0.9989 -0.0333
vn 0.0463 0.9979 0.0463
vn -0.7024 0.1155 -0.7024
vn -0.6857 0.2444 -0.6857
vn 0.7561 0.0812 -0.6494
vn -0.2566 0.9318 -0.2566
vn 0.7711 0.0000 -0.6368
vn 0.7711 -0.0000 -0.6368
vn -0.1703 -0.9706 -0.1703
vn 0.7070 -0.0004 -0.7072
vn 0.3241 0.8888 0.3241
vn -0.1861 0.9647 -0.1861
vn -0.5828 -0.5662 -0.5828
vn 0.5069 0.6972 0.5069
vn 0.5415 0.6431 0.5415
vn -0.6920 -0.2059 -0.6920
vn -0.7033 -0.1035 -0.7033
vn 0.6056 0.5163 0.6056
vn -0.2867 0.9141 -0.2867
vn -0.7071 -0.0067 -0.7071
vn 0.4092 -0.8156 0.4092
vn 0.3204 -0.8915 0.3204
vn 0.4561 0.7641 0.4561
vn -0.4560 -0.7643 -0.4560
vn 0.4551 -0.7654 0.4551
vn -0.0813 0.9934 -0.0813
vn -0.1712 0.9702 -0.1712
vn 0.0812 0.9934 0.0812
vn 0.1711 0.9703 0.1711
vn -0.0809 -0.9934 -0.0809
vn -0.1706 -0.9705 -0.1706
vn 0.0809 -0.9934 0.0809
vn 0.1704 -0.9705 0.1704
vn 0.5980 -0.5337 0.5980
vn -0.6067 0.5135 -0.6067
vn -0.6067 0.5136 -0.6067
vn 0.6994 0.1470 0.6994
vn 0.7053 0.0710 0.7053
vn 0.7005 -0.1368 0.7005
vn 0.2010 -0.9588 0.2010
vn -0.7071 0.0001 -0.7071
vn 0.5081 -0.6954 0.5081
vn -0.3776 0.8454 -0.3776
vn -0.3050 0.9022 -0.3050
vn 0.1432 -0.9793 0.1432
vn 0.4385 -0.7845 0.4385
vn 0.5714 0.5890 0.5714
vn 0.7073 -0.0001 -0.7070
vn -0.5147 0.6857 -0.5147
vn 0.6994 0.1472 0.6994
vn 0.7029 0.1095 0.7029
vn 0.4818 0.7320 0.4818
vn 0.6238 0.4708 0.6238
vn 0.7071 -0.0096 0.7071
vn 0.6049 0.5179 0.6049
vn 0.5814 0.5692 0.5814
vn 0.5187 0.6796 0.5187
vn 0.7039 0.0948 0.7039
vn 0.6925 0.2024 0.6925
vn 0.8470 0.0921 -0.5236
vn 0.6900 0.2184 0.6900
vn 0.6686 0.3256 0.6686
vn -0.5459 0.6355 -0.5459
vn -0.6812 -0.2684 -0.6812
vn 0.5632 0.6047 0.5632
vn 0.5750 0.5821 0.5750
vn -0.7045 0.0860 -0.7045
vn 0.3452 -0.8728 0.3452
vn 0.0837 -0.9930 0.0837
vn -0.5885 -0.5543 -0.5885
vn -0.4179 0.8067 -0.4179
vn -0.4336 0.7899 -0.4336
vn 0.0035 1.0000 0.0035
vn 0.3550 0.8648 0.3550
vn -0.3670 0.8547 -0.3670
vn -0.3671 0.8547 -0.3671
vn -0.1787 0.9676 -0.1787
vn -0.1786 0.9676 -0.1786
vn 0.0447 -0.9980 0.0447
vn 0.8667 0.3259 -0.3778
vn -0.4562 -0.7641 -0.4562
vn -0.3831 0.8405 -0.3831
vn 0.9905 -0.0007 -0.1377
vn 0.9781 0.0004 -0.2080
vn -0.6681 -0.3275 -0.6681
vn 0.6505 -0.3920 0.6505
vn -0.6140 -0.4960 -0.6140
vn -0.5463 0.6349 -0.5463
vn 0.0804 0.9935 0.0804
vn -0.4698 -0.7474 -0.4698
vn 0.0829 -0.9931 0.0829
vn -0.3119 -0.8975 -0.3119
vn 0.2484 -0.9363 0.2484
vn -0.6719 0.3117 -0.6719
vn 0.4076 0.8172 0.4076
vn -0.4535 -0.7672 -0.4535
vn -0.4306 -0.7933 -0.4306
vn -0.3702 -0.8520 -0.3702
vn 0.1687 0.9711 0.1687
vn -0.0005 1.0000 -0.0005
vn 0.0071 0.9999 0.0071
vn -0.3188 -0.8926 -0.3188
vn -0.1590 -0.9744 -0.1590
vn -0.1758 0.9686 -0.1758
vn 0.4348 0.7886 0.4348
vn 0.4348 -0.7886 0.4348
vn -0.5097 0.6931 -0.5097
vn 0.9116 0.3469 0.2205
vn -0.0436 -0.9981 -0.0436
vn -0.0279 -0.9992 -0.0279
vn -0.7020 -0.1195 -0.7020
vn 0.0735 -0.9946 0.0735
vn 0.1560 -0.9753 0.1560
vn 0.0735 0.9946 0.0735
vn 0.1561 0.9753 0.1561
vn -0.2602 -0.9298 -0.2602
vn 0.2494 -0.9358 0.2494
vn -0.2486 -0.9361 -0.2486
vn 0.1659 -0.9721 0.1659
vn -0.1656 -0.9722 -0.1656
vn 0.1596 0.9742 0.1596
vn -0.1421 -0.9796 -0.1421
vn -0.4266 0.7975 -0.4266
vn -0.6649 0.3405 -0.6649
vn -0.6382 0.4305 -0.6382
vn -0.0092 0.9999 -0.0092
vn 0.7044 -0.0868 0.7044
vn 0.7072 0.0001 -0.7070
vn 0.5797 -0.5726 0.5797
vn 0.5532 0.6228 0.5532
vn 0.5336 -0.6562 0.5336
vn 0.8712 0.3301 0.3634
vn 0.1804 -0.9669 0.1804
vn 0.1804 0.9669 0.1804
vn 0.7027 -0.1112 0.7027
vn 0.6870 -0.2370 0.6870
vn 0.0689 -0.9952 0.0689
vn -0.6098 0.5061 -0.6098
vn 0.3449 -0.8730 0.3449
vn 0.3449 0.8730 0.3449
vn 0.3470 0.8713 0.3470
vn 0.5491 -0.6300 0.5491
vn 0.7074 -0.0001 -0.7068
vn -0.3416 -0.8756 -0.3416
vn 0.4845 0.7284 0.4845
vn 0.4845 0.7283 0.4845
vn 0.4845 -0.7283 0.4845
vn 0.4845 -0.7284 0.4845
vn -0.2747 -0.9214 -0.2747
vn -0.2379 -0.9417 -0.2379
vn -0.2747 -0.9215 -0.2747
vn -0.7035 -0.1015 -0.7035
vn -0.6901 -0.2181 -0.6901
vn 0.7035 -0.1007 0.7035
vn 0.6903 -0.2165 0.6903
vn 0.5755 -0.5810 0.5755
vn 0.1301 -0.9829 0.1301
vn -0.1301 -0.9829 -0.1301
vn 0.1301 0.9829 0.1301
vn -0.1301 0.9829 -0.1301
vn -0.6950 -0.1840 -0.6950
vn 0.6950 -0.1840 0.6950
vn 0.6950 0.1840 0.6950
vn -0.6950 0.1840 -0.6950
vn 0.7032 -0.1049 0.7032
vn 0.7044 0.1020 0.7024
vn 0.0762 0.9942 0.0762
vn 0.0451 0.9980 0.0451
vn -0.5615 -0.6079 -0.5615
vn -0.6293 -0.4559 -0.6293
vn -0.5849 -0.5619 -0.5849
vn -0.7037 -0.0975 -0.7037
vn -0.6915 -0.2090 -0.6915
vn 0.7063 -0.0001 -0.7080
vn -0.7051 0.0760 -0.7051
vn -0.6983 0.1578 -0.6983
vn 0.7039 -0.0951 0.7039
vn 0.6922 -0.2042 0.6922
vn 0.6681 0.3277 0.6681
vn -0.3988 0.8258 -0.3988
vn 0.3077 0.0052 -0.9515
vn 0.3970 -0.0012 -0.9178
vn 0.2314 -0.0012 -0.9729
vn 0.6630 0.3475 0.6630
vn -0.6457 -0.4077 -0.6457
vn -0.6819 -0.2648 -0.6819
vn -0.4898 0.7212 -0.4898
vn 0.0169 -0.9997 0.0169
vn -0.5413 -0.6435 -0.5413
vn -0.3928 -0.8315 -0.3928
vn -0.3928 0.8315 -0.3928
vn 0.3928 -0.8315 0.3928
vn 0.3928 0.8315 0.3928
vn -0.5879 -0.5556 -0.5879
vn 0.5879 -0.5556 0.5879
vn -0.5000 0.7071 -0.5000
vn -0.5879 0.5556 -0.5879
vn 0.5000 -0.7071 0.5000
vn -0.5000 -0.7071 -0.5000
vn 0.5879 0.5556 0.5879
vn 0.5000 0.7071 0.5000
vn 0.2706 -0.9239 0.2706
vn 0.2706 0.9239 0.2706
vn -0.2706 0.9239 -0.2706
vn -0.2706 -0.9239 -0.2706
vn 0.6533 0.3827 0.6533
vn -0.6533 -0.3827 -0.6533
vn 0.6533 -0.3827 0.6533
vn -0.6533 0.3827 -0.6533
vn -0.6128 0.4990 -0.6128
vn -0.0694 -0.9952 -0.0694
vn 0.1446 0.9789 0.1446
vn 0.6140 0.4960 0.6140
vn -0.7031 -0.1058 -0.7031
vn 0.7074 0.0001 -0.7068
vn -0.0688 0.9953 -0.0688
vn -0.1453 0.9786 -0.1453
vn -0.6569 -0.3701 -0.6569
vn -0.6128 -0.4990 -0.6128
vn 0.6140 -0.4960 0.6140
vn 0.2026 -0.9581 0.2026
vn 0.2025 -0.9581 0.2025
vn -0.3776 0.8455 -0.3776
vn -0.6504 0.3925 -0.6504
vn -0.1356 0.9814 -0.1356
vn 0.1071 0.9885 0.1071
vn 0.1572 0.9750 0.1572
vn 0.7051 -0.0757 0.7051
vn -0.0851 0.9927 -0.0851
vn -0.0852 0.9927 -0.0852
vn -0.7071 -0.0003 -0.7071
vn -0.0073 -0.9999 -0.0073
vn -0.0162 -0.9997 -0.0162
vn 0.7059 0.0011 -0.7083
vn -0.6203 0.4800 -0.6203
vn 0.7071 -0.0003 0.7071
vn -0.5717 0.5884 -0.5717
vn 0.7070 0.0003 -0.7072
vn -0.7023 0.1167 -0.7023
vn 0.1675 -0.9715 0.1675
vn 0.3429 -0.8746 0.3429
vn 0.9790 -0.0002 -0.2040
vn 0.9911 -0.0026 -0.1330
vn 0.5969 0.5360 0.5969
vn 0.1916 0.9626 0.1916
vn 0.6887 0.2264 0.6887
vn 0.6718 0.3119 0.6718
vn -0.4773 0.7379 -0.4773
vn 0.7364 0.2688 0.6208
vn 0.1364 0.0025 -0.9906
vn 0.2024 0.0002 -0.9793
vn 0.2003 -0.0003 -0.9797
vn 0.2046 -0.9572 0.2046
vn -0.7071 0.0083 -0.7071
vn -0.5475 -0.6329 -0.5475
vn -0.6970 -0.1687 -0.6970
vn -0.4701 0.7470 -0.4701
vn -0.4399 -0.7829 -0.4399
vn 0.0332 0.0045 0.9994
vn 0.1534 0.9762 0.1534
vn 0.4404 -0.7824 0.4404
vn -0.4081 -0.8166 -0.4081
vn -0.0900 -0.9919 -0.0900
vn -0.5581 -0.6141 -0.5581
vn 0.1307 0.0280 0.9910
vn 0.1001 0.9899 0.1001
vn 0.7068 -0.0013 -0.7074
vn -0.1002 0.9899 -0.1002
vn 0.7067 -0.0004 -0.7075
vn -0.5412 -0.6435 -0.5412
vn -0.4778 0.7372 -0.4778
vn 0.8063 0.2981 -0.5109
vn 0.1643 -0.9726 0.1643
vn 0.6885 0.2278 0.6885
vn 0.6885 0.2279 0.6885
vn -0.7050 -0.0767 -0.7050
vn -0.6979 -0.1611 -0.6979
vn 0.5088 0.0058 -0.8609
vn 0.4241 -0.0003 -0.9056
vn -0.2010 -0.9587 -0.2010
vn -0.2010 -0.9588 -0.2010
vn 0.7068 -0.0006 -0.7074
vn 0.3965 0.0007 -0.9180
vn 0.3069 -0.0014 -0.9517
vn 0.1363 0.0006 -0.9907
vn 0.0926 0.9914 0.0926
vn 0.0696 -0.9951 0.0696
vn 0.0352 -0.9988 0.0352
vn 0.0353 -0.9988 0.0353
vn 0.8619 0.0064 -0.5070
vn 0.7715 -0.0000 -0.6363
vn 0.7072 0.0062 -0.7070
vn -0.1741 0.9692 -0.1741
vn 0.6890 0.2248 0.6890
vn 0.6437 0.2180 0.7336
vn 0.9518 0.0054 -0.3067
vn 0.9710 -0.0006 -0.2389
vn 0.9283 -0.0008 -0.3718
vn 0.9513 -0.0015 -0.3081
vn 0.9284 0.0003 -0.3715
vn 0.9709 0.0002 -0.2395
vn 0.8611 -0.0017 -0.5085
vn 0.6056 0.5161 0.6056
vn 0.6292 0.4562 0.6292
vn 0.6961 0.1758 0.6961
vn 0.6961 0.1759 0.6961
vn 0.3614 0.8595 0.3614
vn 0.0624 0.9961 0.0624
vn -0.0625 0.9961 -0.0625
vn 0.7072 -0.0013 -0.7070
vn 0.5217 0.6751 0.5217
vn 0.6949 0.1853 0.6949
vn -0.6879 0.2313 -0.6879
vn 0.9980 0.0000 -0.0627
vn -0.2648 -0.9273 -0.2648
vn 0.0417 -0.9983 0.0417
vn 0.0663 -0.9956 0.0663
vn 0.6918 0.2070 0.6918
vn 0.7066 0.0001 -0.7076
vn 0.4109 0.8139 0.4109
vn 0.3718 0.8506 0.3718
vn 0.7080 0.0002 -0.7062
vn 0.5073 -0.0015 -0.8618
vn 0.6448 0.4103 0.6448
vn -0.5114 0.6905 -0.5114
vn 0.8502 -0.5264 -0.0000
vn 0.7390 -0.6737 0.0000
vn -0.0207 0.9996 -0.0207
vn 0.6026 -0.7980 -0.0000
vn -0.2737 -0.9618 0.0000
vn -0.0923 -0.9957 0.0000
vn 0.4457 -0.8952 -0.0000
vn 0.2737 -0.9618 -0.0000
vn -0.6904 -0.2161 -0.6904
vn 0.0923 -0.9957 0.0000
vn -0.1491 0.9775 -0.1491
vn 0.7056 0.0646 0.7056
vn 0.7056 -0.0646 0.7056
vn -0.4457 -0.8952 0.0000
vn -0.6026 -0.7980 0.0000
vn -0.7390 -0.6737 0.0000
vn -0.8502 -0.5264 0.0000
vn -0.9243 -0.3816 0.0000
vn 0.7286 0.2619 -0.6329
vn -0.3037 0.9031 -0.3037
vn 0.7069 0.0008 -0.7073
vn -0.0169 -0.9997 -0.0169
vn 0.5664 -0.5986 0.5664
vn 0.0589 -0.9965 0.0589
vn 0.5980 0.5337 0.5980
vn 0.7070 -0.0002 -0.7072
vn -0.3268 0.8868 -0.3268
vn 0.7064 -0.0016 -0.7078
vn 0.7712 0.0001 -0.6366
vn 0.5200 0.6777 0.5200
vn 0.5971 0.5358 0.5971
vn 0.1535 0.0372 0.9874
vn -0.5142 0.6865 -0.5142
vn 0.4067 0.8180 0.4067
vn -0.4057 0.8190 -0.4057
vn 0.0458 -0.9979 0.0458
vn 0.6244 0.4693 0.6244
vn 0.7067 -0.0003 -0.7075
vn 0.3110 -0.8981 0.3110
vn 0.3111 -0.8980 0.3111
vn 0.1222 -0.9850 0.1222
vn 0.7066 0.0003 -0.7076
vn -0.6509 -0.3906 -0.6509
vn -0.3111 -0.8981 -0.3111
vn -0.3111 -0.8980 -0.3111
vn -0.6203 0.4801 -0.6203
vn 0.0161 0.9997 0.0161
vn -0.6069 -0.5132 -0.6069
vn 0.6997 0.1445 0.6997
vn 0.6653 0.0008 -0.7465
vn 0.5492 0.0008 -0.8357
vn 0.7067 0.0358 0.7067
vn 0.7053 0.0723 0.7053
vn 0.7078 0.0006 -0.7065
vn 0.2519 -0.9344 0.2519
vn 0.4104 -0.8144 0.4104
vn 0.3799 -0.8434 0.3799
vn 0.7069 0.0003 -0.7074
vn 0.7062 -0.0010 -0.7080
vn 0.7080 0.0005 -0.7062
vn 0.7079 -0.0010 -0.7063
vn 0.7074 -0.0026 -0.7068
vn 0.7064 0.0012 -0.7078
vn 0.5484 -0.0002 -0.8362
vn 0.6660 -0.0002 -0.7459
vn 0.7064 -0.0029 -0.7078
vn 0.7078 0.0016 -0.7065
vn 0.7070 -0.0021 -0.7072
vn 0.7080 0.0014 -0.7062
vn 0.1029 -0.9894 0.1029
vn 0.7054 0.0007 -0.7088
vn 0.7104 0.0020 -0.7038
vn 0.7090 0.0005 -0.7052
vn 0.7059 0.0001 -0.7084
vn -0.8322 -0.0277 -0.5539
vn -0.9874 -0.1582 -0.0009
vn -0.7016 0.0235 -0.7122
vn -0.1412 0.1638 -0.9763
vn -0.2219 0.9495 -0.2219
vn 0.7050 -0.0001 -0.7092
vn 0.7074 0.0026 -0.7068
vn 0.7081 0.0027 -0.7061
vn 0.7061 0.0028 -0.7081
vn 0.7044 0.0048 -0.7097
vn 0.7071 0.0002 -0.7071
vn 0.7071 0.0033 -0.7071
vn 0.8593 0.0000 -0.5114
vn 0.7069 0.0036 -0.7073
vn 0.8595 -0.0000 -0.5112
vn -0.2242 -0.9484 -0.2242
vn 0.7030 0.0054 -0.7111
vn 0.7046 0.0024 -0.7096
vn 0.7094 0.0022 -0.7048
vn 0.2322 0.0000 -0.9727
vn 0.2322 -0.0000 -0.9727
vn 0.7052 0.0016 -0.7090
vn 0.9709 -0.0000 -0.2396
vn 0.9709 0.0000 -0.2396
vn 0.7117 0.0085 -0.7024
vn 0.0000 0.9999 0.0160
vn 0.8090 -0.0000 -0.5878
vn 0.8290 -0.0000 0.5592
# 1819 vertex normals

o BASE
g BASE
f 1//1 2//1 3//1 
f 4//2 5//3 6//3 
f 7//2 8//2 9//2 
f 10//2 11//2 4//2 
f 12//2 13//2 14//2 
f 15//1 16//1 17//1 
f 18//4 19//4 20//4 
f 21//2 22//2 23//2 
f 24//4 25//4 26//4 
f 27//1 28//1 29//1 
f 17//1 30//1 15//1 
f 4//2 31//2 32//3 
f 33//5 34//6 35//5 
f 36//7 37//7 38//7 
f 39//2 14//2 13//2 
f 40//2 41//2 12//2 
f 27//1 42//1 28//1 
f 43//2 44//2 45//2 
f 46//8 28//9 47//8 
f 18//4 20//4 28//4 
f 48//4 49//7 28//4 
f 50//2 51//10 52//11 
f 53//1 54//1 55//1 
f 56//12 57//12 58//8 
f 38//7 59//7 36//7 
f 35//5 60//6 33//5 
f 17//1 16//1 61//1 
f 62//13 63//14 64//13 
f 65//15 66//15 67//12 
f 62//13 68//16 69//16 
f 70//17 71//18 72//19 
f 73//6 74//5 75//6 
f 76//1 77//1 78//1 
f 79//20 80//20 56//21 
f 56//12 81//15 82//12 
f 79//13 83//22 84//14 
f 29//7 28//4 20//4 
f 85//7 86//7 29//7 
f 87//15 71//12 88//9 
f 75//6 88//6 73//6 
f 48//4 89//7 90//7 
f 91//4 92//4 93//4 
f 94//7 29//7 95//7 
f 21//5 96//5 97//5 
f 98//7 99//7 100//7 
f 101//12 100//23 102//23 
f 6//3 103//2 4//2 
f 104//2 58//3 105//2 
f 24//4 106//4 107//4 
f 24//4 26//4 108//4 
f 109//6 110//6 111//6 
f 52//7 51//7 112//7 
f 113//4 114//4 115//4 
f 116//6 117//6 22//5 
f 7//2 118//2 10//2 
f 119//3 120//3 6//3 
f 121//4 122//4 26//4 
f 20//4 26//4 29//7 
f 20//4 123//4 26//4 
f 20//4 24//4 124//4 
f 125//4 126//4 127//4 
f 128//4 129//4 26//4 
f 68//16 130//16 69//16 
f 131//2 132//2 13//2 
f 19//4 18//4 133//4 
f 49//7 18//4 28//4 
f 52//11 134//11 50//2 
f 18//4 135//7 136//4 
f 65//21 62//20 137//20 
f 138//18 139//24 140//17 
f 141//25 142//26 143//27 
f 144//1 145//1 146//1 
f 147//28 148//29 149//30 
f 150//22 70//13 151//13 
f 152//27 153//31 154//32 
f 70//17 155//33 156//34 
f 138//18 157//35 158//36 
f 159//37 160//38 161//39 
f 141//25 162//40 163//41 
f 140//17 164//42 165//43 
f 79//20 84//44 166//45 
f 167//24 168//19 169//19 
f 170//3 5//3 4//2 
f 171//2 172//2 173//2 
f 174//46 175//47 176//48 
f 62//20 64//49 177//45 
f 154//50 153//51 178//52 
f 179//53 180//54 181//55 
f 72//19 71//18 182//24 
f 156//34 183//56 184//57 
f 45//2 185//2 43//2 
f 29//22 186//13 8//22 
f 187//3 188//3 12//2 
f 189//7 190//7 191//58 
f 192//59 193//59 194//59 
f 67//12 66//15 195//15 
f 83//60 196//24 167//24 
f 197//59 198//59 199//59 
f 86//7 85//7 200//7 
f 201//7 29//7 86//7 
f 102//3 100//3 202//3 
f 203//7 204//61 86//7 
f 205//16 206//14 207//62 
f 208//5 209//6 210//63 
f 211//4 212//64 213//4 
f 214//4 215//7 216//4 
f 217//65 218//65 219//66 
f 220//3 221//3 222//3 
f 68//2 223//2 224//2 
f 223//5 225//6 145//5 
f 226//8 173//8 172//67 
f 227//68 228//68 229//69 
f 49//7 48//4 230//4 
f 49//7 231//7 232//70 
f 91//4 233//4 90//7 
f 214//4 90//7 234//4 
f 157//35 235//71 158//36 
f 163//41 236//72 237//73 
f 65//21 238//74 66//75 
f 66//75 239//76 240//77 
f 84//44 81//75 241//76 
f 56//21 242//74 81//75 
f 243//7 90//7 244//7 
f 48//4 245//7 246//7 
f 247//7 248//7 249//7 
f 250//4 251//4 252//4 
f 116//6 253//5 254//5 
f 112//7 255//7 52//7 
f 256//4 257//4 258//4 
f 97//5 60//6 35//5 
f 71//18 87//78 259//36 
f 260//79 261//80 87//78 
f 262//81 159//37 263//82 
f 157//35 264//79 265//80 
f 140//17 266//33 264//79 
f 163//41 267//83 268//84 
f 63//14 269//22 64//13 
f 270//85 271//86 67//87 
f 272//2 273//2 13//2 
f 274//2 13//2 12//2 
f 275//88 276//88 277//89 
f 278//90 279//90 280//91 
f 281//92 193//59 192//59 
f 40//15 65//15 281//15 
f 282//2 229//3 228//2 
f 283//65 284//65 285//66 
f 105//2 74//2 286//2 
f 104//2 105//2 31//2 
f 287//93 288//94 289//95 
f 88//9 147//12 149//15 
f 18//4 290//4 133//4 
f 291//12 292//96 293//96 
f 294//3 73//3 58//3 
f 74//5 73//6 78//6 
f 295//7 296//7 29//7 
f 297//7 298//4 299//4 
f 141//25 143//27 300//32 
f 301//97 302//98 303//99 
f 87//78 304//100 305//101 
f 306//102 307//103 308//104 
f 91//4 309//4 310//7 
f 311//105 312//106 313//106 
f 221//12 54//12 53//12 
f 314//3 315//3 103//2 
f 316//7 317//7 50//4 
f 318//7 231//7 319//7 
f 320//107 321//107 322//108 
f 323//8 324//9 325//67 
f 82//87 169//19 326//19 
f 327//85 328//86 329//86 
f 154//50 178//52 330//109 
f 331//110 332//111 333//112 
f 218//65 217//65 334//113 
f 335//114 336//114 337//115 
f 338//116 339//116 340//117 
f 341//62 342//14 131//16 
f 118//2 11//2 10//2 
f 343//22 344//22 345//118 
f 8//2 346//2 347//2 
f 348//1 29//1 349//1 
f 350//1 351//1 3//1 
f 8//2 186//2 352//2 
f 85//7 202//7 353//7 
f 354//4 355//4 202//7 
f 356//4 357//4 358//4 
f 109//1 359//1 360//1 
f 49//7 247//7 361//4 
f 362//12 363//12 364//12 
f 92//4 365//7 366//4 
f 90//7 233//4 367//7 
f 103//2 104//2 4//2 
f 31//2 4//2 104//2 
f 368//2 58//3 104//2 
f 315//3 104//2 103//2 
f 369//1 47//1 28//1 
f 47//8 9//8 46//8 
f 3//1 2//1 350//1 
f 9//2 6//3 120//3 
f 370//119 371//119 372//120 
f 373//2 40//2 374//2 
f 375//4 376//4 377//4 
f 378//5 253//5 35//5 
f 379//5 380//5 381//121 
f 382//122 383//122 384//123 
f 385//124 386//124 387//125 
f 388//122 389//122 390//123 
f 20//4 391//4 392//4 
f 24//4 393//4 394//4 
f 161//126 160//127 140//128 
f 225//6 223//5 395//6 
f 214//4 396//4 397//4 
f 214//4 398//7 399//4 
f 395//6 400//6 225//6 
f 138//8 141//12 163//12 
f 401//129 402//129 403//130 
f 404//131 405//131 406//132 
f 42//1 407//133 28//1 
f 347//2 9//2 8//2 
f 2//1 369//1 350//1 
f 43//2 408//2 44//2 
f 409//134 410//135 411//22 
f 100//7 101//4 98//7 
f 412//4 413//4 414//4 
f 415//4 416//4 19//4 
f 417//7 418//7 243//7 
f 51//10 50//2 317//10 
f 346//2 8//2 419//2 
f 185//2 45//2 352//2 
f 351//1 420//1 3//1 
f 27//1 29//1 348//1 
f 421//136 422//136 423//89 
f 190//7 189//7 424//137 
f 425//130 426//130 427//138 
f 428//132 429//132 430//91 
f 150//32 151//27 431//27 
f 432//32 150//32 333//27 
f 91//4 433//7 434//4 
f 214//4 435//4 433//7 
f 21//5 102//6 436//5 
f 411//5 410//5 437//5 
f 438//139 439//125 440//125 
f 273//130 272//138 441//138 
f 95//7 100//7 94//7 
f 442//4 443//7 444//140 
f 445//58 446//58 447//141 
f 448//125 449//125 450//139 
f 22//2 117//2 23//2 
f 43//2 46//2 408//2 
f 236//142 451//143 237//144 
f 452//145 453//146 454//147 
f 55//1 144//1 455//1 
f 456//2 457//2 458//2 
f 225//3 458//3 457//3 
f 146//1 455//1 144//1 
f 70//13 156//14 151//13 
f 459//148 460//148 149//30 
f 195//149 174//46 176//48 
f 461//150 462//150 463//150 
f 463//151 270//85 67//87 
f 464//152 465//153 466//154 
f 215//2 467//155 468//155 
f 469//12 111//156 470//156 
f 471//157 472//157 473//157 
f 472//2 474//2 233//2 
f 110//158 109//159 475//160 
f 359//16 34//16 476//16 
f 477//4 90//7 214//4 
f 478//4 479//4 90//7 
f 480//27 481//31 482//27 
f 432//16 179//16 483//16 
f 19//4 216//4 20//4 
f 216//4 19//4 214//4 
f 484//2 325//2 324//2 
f 485//161 486//161 487//131 
f 263//82 268//84 262//81 
f 140//128 264//162 161//126 
f 488//163 489//164 490//165 
f 491//166 492//167 493//168 
f 433//7 494//7 495//7 
f 496//169 497//170 498//170 
f 214//4 234//4 499//4 
f 474//4 500//4 501//4 
f 502//136 503//136 504//171 
f 505//172 282//172 506//173 
f 48//4 507//7 508//7 
f 509//174 510//175 511//175 
f 135//7 512//4 136//4 
f 513//176 514//176 515//176 
f 516//177 517//178 518//178 
f 188//139 187//173 519//173 
f 128//4 520//4 129//4 
f 521//4 522//4 523//4 
f 524//4 525//4 526//4 
f 527//4 528//4 90//7 
f 78//133 55//133 76//133 
f 529//2 456//2 286//2 
f 458//2 286//2 456//2 
f 455//133 76//133 55//133 
f 530//115 531//115 532//172 
f 381//2 380//2 533//2 
f 534//179 326//128 535//180 
f 536//181 537//182 538//183 
f 167//24 538//24 537//24 
f 326//19 169//19 535//19 
f 137//184 462//185 461//185 
f 539//186 239//186 540//187 
f 66//75 540//76 239//76 
f 65//21 137//20 461//21 
f 168//188 241//188 541//188 
f 80//189 542//189 543//189 
f 79//20 542//20 80//20 
f 81//75 541//76 241//76 
f 544//190 545//146 546//145 
f 547//163 548//164 549//165 
f 550//191 551//192 552//192 
f 553//193 554//4 252//4 
f 555//194 556//194 557//3 
f 558//5 559//5 437//5 
f 560//2 561//2 132//2 
f 561//131 560//161 562//161 
f 20//4 216//4 24//4 
f 24//2 97//2 96//3 
f 488//163 490//165 563//195 
f 564//196 565//197 566//198 
f 567//199 140//128 160//127 
f 568//32 567//32 569//32 
f 570//4 571//4 86//7 
f 572//4 354//4 571//4 
f 234//4 573//4 574//4 
f 575//200 576//200 577//201 
f 578//202 579//203 580//204 
f 148//16 581//16 578//16 
f 277//2 276//3 582//2 
f 583//118 584//118 585//205 
f 586//2 587//2 43//2 
f 470//156 588//12 469//12 
f 589//7 247//7 316//7 
f 590//4 591//4 319//7 
f 592//206 593//207 594//207 
f 595//208 596//209 597//209 
f 264//79 598//34 265//80 
f 599//210 600//211 601//212 
f 185//2 352//2 186//2 
f 23//2 602//2 21//2 
f 603//4 604//4 605//4 
f 50//4 606//7 316//7 
f 58//3 220//3 294//3 
f 207//2 206//2 58//3 
f 607//213 608//214 37//214 
f 357//215 356//216 609//216 
f 610//2 447//2 446//3 
f 228//2 506//2 282//2 
f 611//217 454//218 453//217 
f 143//219 612//220 300//221 
f 24//4 613//4 614//4 
f 615//222 616//223 617//223 
f 35//5 618//5 619//5 
f 608//5 607//6 35//5 
f 620//130 621//130 622//138 
f 344//22 343//22 623//62 
f 225//3 40//2 32//3 
f 4//2 32//3 40//2 
f 624//63 625//5 626//5 
f 627//171 628//224 629//136 
f 630//92 197//59 199//59 
f 79//13 105//13 630//13 
f 631//2 345//2 344//2 
f 632//2 430//2 429//3 
f 633//7 202//7 100//7 
f 634//7 635//7 100//7 
f 636//10 254//11 255//11 
f 376//225 375//226 637//226 
f 82//12 81//15 169//8 
f 638//227 639//228 640//227 
f 264//162 641//229 161//126 
f 642//148 643//230 644//230 
f 645//231 646//232 647//232 
f 214//4 648//4 435//4 
f 649//3 337//2 336//2 
f 334//2 403//3 402//3 
f 650//233 651//234 652//234 
f 255//11 112//10 636//10 
f 214//4 653//140 477//4 
f 654//4 655//4 214//4 
f 477//214 653//213 59//213 
f 655//235 654//236 656//236 
f 657//4 214//4 19//4 
f 658//4 659//4 19//4 
f 660//4 661//4 26//4 
f 662//237 663//238 664//238 
f 665//2 423//2 422//2 
f 666//137 667//4 274//4 
f 668//4 669//4 670//58 
f 671//2 210//2 209//2 
f 114//239 113//240 672//240 
f 418//241 417//242 673//242 
f 674//2 675//3 676//2 
f 677//88 675//88 674//89 
f 214//4 678//7 679//7 
f 680//4 681//4 678//7 
f 682//4 683//4 684//4 
f 682//4 685//4 686//4 
f 568//8 138//8 225//15 
f 225//15 65//15 40//15 
f 619//243 618//244 687//244 
f 37//214 36//213 607//213 
f 688//245 689//246 690//246 
f 691//247 692//248 693//248 
f 694//249 695//7 29//7 
f 444//250 696//251 697//251 
f 411//22 698//22 409//134 
f 699//2 700//2 185//2 
f 74//13 105//13 79//13 
f 150//22 74//13 70//13 
f 701//252 702//253 248//253 
f 703//254 704//255 705//255 
f 706//210 707//256 708//257 
f 578//202 580//204 709//258 
f 710//259 711//260 712//261 
f 713//98 714//97 715//262 
f 136//263 512//264 716//264 
f 717//12 718//265 719//265 
f 720//266 721//267 722//268 
f 723//195 547//163 549//165 
f 724//2 9//2 347//2 
f 408//2 46//2 9//2 
f 138//269 140//269 62//269 
f 223//22 68//16 62//13 
f 725//270 726//271 633//271 
f 727//272 728//273 729//273 
f 49//7 730//70 731//4 
f 732//274 733//275 734//275 
f 283//2 427//2 426//3 
f 735//2 504//2 503//2 
f 736//276 737//277 738//278 
f 739//279 740//280 741//281 
f 681//282 680//283 742//283 
f 91//4 93//4 743//4 
f 63//60 744//24 269//24 
f 176//24 465//24 464//24 
f 138//8 163//12 157//12 
f 644//230 745//148 642//148 
f 746//2 342//2 341//2 
f 624//2 424//2 189//2 
f 212//64 593//4 592//4 
f 92//4 747//4 748//4 
f 167//149 749//46 750//46 
f 83//22 167//16 84//14 
f 751//16 752//16 319//16 
f 243//7 319//7 753//4 
f 754//4 596//4 595//4 
f 755//245 756//246 757//246 
f 758//31 151//27 759//32 
f 149//30 148//29 459//148 
f 73//12 88//9 71//12 
f 56//12 58//8 73//12 
f 760//3 487//3 486//3 
f 403//3 334//2 217//2 
f 761//6 34//6 359//6 
f 35//5 34//6 608//5 
f 762//284 763//285 764//285 
f 317//7 765//4 766//4 
f 353//7 200//7 85//7 
f 571//4 570//4 767//7 
f 138//8 568//8 141//12 
f 569//32 768//32 568//32 
f 769//178 770//178 771//177 
f 54//12 221//12 314//8 
f 772//286 773//287 774//228 
f 64//13 269//22 775//22 
f 8//2 7//2 10//2 
f 16//22 14//22 39//14 
f 67//87 195//19 776//19 
f 777//288 778//180 779//289 
f 780//4 781//4 747//4 
f 782//290 783//291 784//291 
f 250//4 551//4 550//4 
f 785//292 786//293 787//293 
f 516//2 372//2 371//2 
f 189//2 625//3 624//2 
f 659//294 658//295 788//295 
f 257//296 256//297 789//297 
f 790//298 147//299 88//300 
f 148//301 791//302 581//32 
f 614//303 613//271 792//271 
f 793//272 794//273 795//273 
f 796//304 797//305 798//306 
f 799//307 800//308 801//309 
f 525//310 524//311 802//311 
f 479//312 478//313 803//313 
f 804//3 439//3 438//3 
f 371//2 517//2 516//2 
f 805//314 806//315 437//316 
f 807//12 808//12 809//8 
f 437//5 806//5 810//5 
f 809//5 808//5 559//5 
f 768//317 569//318 142//319 
f 160//127 811//320 567//199 
f 812//2 670//3 669//3 
f 813//2 390//2 389//2 
f 322//2 321//2 676//2 
f 814//123 815//123 816//321 
f 436//16 202//16 817//16 
f 202//3 436//3 102//3 
f 25//9 96//9 818//9 
f 24//2 96//3 25//3 
f 242//74 534//76 81//75 
f 242//322 326//128 534//179 
f 819//2 104//2 315//3 
f 820//141 821//141 822//58 
f 413//323 412//324 823//324 
f 416//325 415//326 824//326 
f 825//327 826//328 827//328 
f 92//4 366//4 93//4 
f 286//7 458//7 144//7 
f 61//1 144//1 17//1 
f 144//7 55//7 286//7 
f 15//1 30//1 55//1 
f 828//329 829//330 830//331 
f 829//27 150//32 830//76 
f 831//332 832//333 833//333 
f 246//334 245//335 834//335 
f 835//4 663//4 662//4 
f 661//336 660//337 836//337 
f 429//132 428//132 837//131 
f 11//2 170//3 4//2 
f 106//4 838//4 107//4 
f 839//4 840//4 841//4 
f 842//21 88//300 75//32 
f 483//27 481//31 842//21 
f 843//336 844//338 694//339 
f 845//4 697//4 846//4 
f 847//132 848//132 849//131 
f 849//3 848//2 58//3 
f 850//340 851//341 852//341 
f 853//342 854//342 855//343 
f 856//344 857//345 858//345 
f 859//3 860//346 861//346 
f 846//347 697//251 696//251 
f 862//348 729//273 728//273 
f 863//4 864//4 865//4 
f 864//349 863//350 866//350 
f 867//4 868//4 869//4 
f 868//351 867//352 870//352 
f 871//7 872//4 202//7 
f 873//4 872//4 874//4 
f 159//353 262//354 611//355 
f 875//356 876//357 877//358 
f 878//4 879//4 880//4 
f 881//359 882//360 883//360 
f 884//361 734//275 733//275 
f 885//362 886//363 887//363 
f 39//14 61//14 16//22 
f 224//5 223//5 145//5 
f 351//364 346//364 419//364 
f 45//5 27//5 348//5 
f 347//364 350//364 369//364 
f 42//6 44//6 408//6 
f 284//3 5//3 170//3 
f 5//3 119//3 6//3 
f 504//171 888//171 502//136 
f 502//3 888//3 5//3 
f 855//343 889//343 853//342 
f 313//106 890//105 311//105 
f 684//365 683//366 891//366 
f 892//367 893//368 894//368 
f 495//369 494//370 895//370 
f 896//371 897//372 898//372 
f 123//4 899//4 900//4 
f 123//4 900//4 26//4 
f 901//2 902//2 379//2 
f 380//5 379//5 902//63 
f 903//373 904//374 905//374 
f 906//12 907//12 908//12 
f 53//12 222//12 221//12 
f 73//6 294//6 78//6 
f 909//2 910//2 582//2 
f 911//115 910//115 909//172 
f 756//4 755//4 912//4 
f 214//4 397//4 913//4 
f 914//7 570//4 915//4 
f 354//4 572//4 916//7 
f 917//205 918//205 919//69 
f 919//3 918//3 533//2 
f 920//375 921//376 922//376 
f 923//16 924//377 925//377 
f 926//378 927//379 928//379 
f 929//380 930//381 931//381 
f 678//7 932//4 933//4 
f 781//382 780//383 934//383 
f 935//2 667//3 666//2 
f 936//2 280//2 279//2 
f 193//59 130//92 194//59 
f 937//66 938//121 939//121 
f 59//213 38//214 477//214 
f 528//384 527//385 940//385 
f 3//1 16//1 1//1 
f 14//22 16//22 3//22 
f 349//22 8//22 10//22 
f 8//22 349//22 29//22 
f 359//6 109//6 117//6 
f 111//6 469//5 109//6 
f 419//364 420//364 351//364 
f 348//5 352//5 45//5 
f 369//364 724//364 347//364 
f 28//1 407//133 369//1 
f 941//386 942//387 943//387 
f 944//4 945//4 946//4 
f 947//388 948//389 949//389 
f 948//4 947//4 950//4 
f 253//5 951//5 952//5 
f 952//390 951//391 953//391 
f 34//6 954//6 955//6 
f 955//392 954//393 956//393 
f 957//394 958//395 959//395 
f 958//4 957//4 960//4 
f 25//4 961//4 817//4 
f 436//5 962//5 818//5 
f 231//7 963//7 232//70 
f 964//4 965//4 966//4 
f 933//396 932//397 967//397 
f 968//206 969//398 970//398 
f 971//270 792//271 613//271 
f 972//399 973//399 974//13 
f 24//4 975//4 976//4 
f 976//400 975//401 977//401 
f 978//371 979//372 980//372 
f 981//402 982//403 983//403 
f 984//404 83//60 327//85 
f 542//405 984//405 543//405 
f 643//406 641//229 644//407 
f 163//408 985//409 643//409 
f 944//4 986//4 987//4 
f 987//410 988//411 989//411 
f 990//412 991//413 992//414 
f 713//217 715//218 993//217 
f 141//25 994//32 995//32 
f 995//415 994//416 996//417 
f 260//79 997//34 261//80 
f 706//210 998//211 999//212 
f 195//19 176//24 539//19 
f 195//19 779//19 778//19 
f 30//418 17//418 32//418 
f 17//419 144//419 458//419 
f 879//1 878//420 1000//420 
f 1001//421 1002//422 1003//422 
f 91//4 1004//4 1005//4 
f 1004//4 1006//4 1005//4 
f 97//16 216//16 215//14 
f 24//2 216//2 97//2 
f 1007//7 589//7 316//7 
f 247//7 1008//7 1009//7 
f 2//15 6//15 9//8 
f 6//15 2//15 1//15 
f 87//15 88//9 149//15 
f 156//423 87//423 149//423 
f 1010//424 476//424 34//424 
f 360//1 475//1 109//1 
f 808//424 807//424 1011//424 
f 806//1 805//1 1012//1 
f 1013//4 897//4 896//4 
f 1014//425 1015//426 1016//426 
f 186//13 29//22 1017//16 
f 810//13 699//13 94//13 
f 1018//427 1019//428 1020//428 
f 1021//429 1022//430 1023//430 
f 238//74 1024//431 66//75 
f 238//432 776//322 1024//322 
f 81//15 749//8 169//8 
f 167//149 169//149 749//46 
f 1025//433 177//433 1026//433 
f 62//20 177//45 1025//434 
f 169//19 168//19 1027//19 
f 168//188 541//188 1027//188 
f 43//435 23//435 117//435 
f 602//5 23//5 43//5 
f 73//12 71//12 56//12 
f 71//436 79//436 56//436 
f 70//13 74//13 79//13 
f 70//436 79//436 71//436 
f 138//8 65//15 225//15 
f 65//436 138//269 62//269 
f 393//4 521//4 1028//4 
f 393//4 900//4 899//4 
f 635//437 634//438 1029//438 
f 95//399 1030//399 1031//13 
f 1032//439 1020//428 1019//428 
f 1033//440 1034//441 1035//441 
f 1036//442 906//1 1037//133 
f 908//12 1037//12 906//12 
f 1038//443 1039//444 1040//445 
f 791//302 1041//27 1042//32 
f 1043//446 536//181 538//183 
f 84//44 536//31 1043//447 
f 594//207 1044//206 592//206 
f 1045//448 1046//449 1047//449 
f 62//13 140//128 223//22 
f 223//22 140//128 567//199 
f 131//2 1048//2 132//2 
f 1048//118 131//16 342//14 
f 15//8 314//8 103//15 
f 1//15 103//15 6//15 
f 557//3 1049//3 555//194 
f 102//23 559//12 101//12 
f 346//22 351//22 27//22 
f 42//1 27//1 351//1 
f 48//4 243//7 1050//7 
f 90//7 243//7 48//4 
f 1051//4 48//4 28//4 
f 1052//4 89//7 48//4 
f 1053//12 1052//12 1051//12 
f 48//4 1051//4 1052//4 
f 268//84 267//83 1054//450 
f 267//451 1055//452 1054//453 
f 1056//454 1057//455 1058//455 
f 508//456 507//457 1059//457 
f 138//18 1060//458 1061//458 
f 1062//459 1063//460 1064//461 
f 264//79 1065//462 1066//57 
f 1067//463 1068//464 1069//465 
f 1070//62 1071//62 1072//119 
f 769//2 1072//2 1071//2 
f 1073//7 1074//7 1075//4 
f 203//7 1076//7 204//61 
f 20//4 1077//4 123//4 
f 689//4 688//4 392//4 
f 985//409 641//466 643//409 
f 641//467 985//468 1078//469 
f 1079//470 1080//470 1081//470 
f 682//4 1080//4 1079//4 
f 558//5 555//5 1049//5 
f 1082//471 1083//471 1084//472 
f 468//6 33//5 60//6 
f 1085//473 1086//474 1087//474 
f 995//415 996//417 1088//475 
f 1089//217 563//218 490//217 
f 1090//476 1091//477 142//478 
f 1092//479 142//26 1091//480 
f 1093//481 1094//482 1095//482 
f 1096//483 1097//483 250//483 
f 32//418 31//418 30//418 
f 55//22 30//13 31//13 
f 264//162 644//407 641//229 
f 644//423 264//423 157//484 
f 1098//4 857//4 856//4 
f 603//2 1099//485 1100//485 
f 1101//122 1102//122 1103//123 
f 1104//2 1103//2 1102//2 
f 1105//486 1106//487 1107//487 
f 1108//488 1109//489 1110//489 
f 1111//490 1112//491 1050//491 
f 753//492 319//2 752//2 
f 1113//493 1114//494 1115//494 
f 1116//495 1117//496 1118//497 
f 146//498 1119//498 457//498 
f 1119//5 146//5 145//5 
f 1120//499 1121//500 1122//500 
f 648//4 647//4 435//4 
f 1123//196 1124//197 1125//198 
f 1126//501 1127//502 1128//503 
f 1129//4 678//7 473//4 
f 1130//133 1131//133 1132//133 
f 700//14 21//14 602//14 
f 21//5 700//5 699//5 
f 1133//404 1134//24 63//60 
f 1135//504 1134//505 1133//506 
f 76//507 456//507 529//507 
f 456//6 76//6 455//6 
f 455//6 457//6 456//6 
f 457//498 455//498 146//498 
f 468//155 60//2 215//2 
f 215//14 60//14 97//16 
f 641//229 1136//508 161//126 
f 263//509 1078//510 985//511 
f 522//4 1137//4 523//4 
f 523//1 1137//1 1138//1 
f 221//3 771//3 770//3 
f 218//3 221//3 220//3 
f 122//512 121//513 1139//513 
f 1140//336 1141//338 1142//339 
f 19//4 1143//4 923//4 
f 1143//4 719//4 923//4 
f 1144//4 1145//4 232//70 
f 1145//133 1144//514 1146//514 
f 142//26 1147//76 1148//31 
f 1148//515 1147//516 1149//517 
f 487//3 760//3 1150//2 
f 1151//124 1150//124 760//125 
f 1053//6 117//6 109//6 
f 1053//6 587//6 586//6 
f 873//4 874//4 1152//4 
f 86//7 873//4 201//7 
f 1153//518 1154//519 1155//519 
f 1156//382 1157//520 1158//520 
f 142//478 1159//521 1090//476 
f 1159//522 567//523 811//524 
f 74//13 150//22 75//13 
f 1160//525 150//526 432//525 
f 254//5 636//6 116//6 
f 116//6 651//6 650//6 
f 1161//527 1047//449 1046//449 
f 498//170 1162//169 496//169 
f 1163//131 1164//132 1165//132 
f 1166//2 1164//3 1163//3 
f 133//16 290//528 1167//528 
f 1168//529 1169//530 1170//530 
f 1171//3 1172//3 676//2 
f 1173//115 1172//115 1171//172 
f 1174//365 1175//531 1176//531 
f 686//481 685//532 1177//532 
f 1178//4 1175//4 1174//4 
f 1021//4 514//4 513//4 
f 1179//425 1180//426 1181//426 
f 1182//4 979//4 978//4 
f 422//2 1183//2 665//2 
f 665//122 1183//123 1184//123 
f 378//533 1185//534 1186//534 
f 35//5 1185//5 378//5 
f 1187//535 1188//399 761//399 
f 1188//4 1187//4 1189//4 
f 1186//534 1190//533 378//533 
f 1190//4 1186//4 1191//4 
f 761//399 1192//535 1187//535 
f 116//6 1192//6 761//6 
f 296//512 295//513 1193//513 
f 695//536 694//339 844//338 
f 938//3 937//3 194//3 
f 628//12 373//12 374//12 
f 1194//4 1195//4 1196//4 
f 1194//1 1196//537 1197//537 
f 745//12 163//12 642//12 
f 643//409 642//409 163//408 
f 1198//2 1199//2 205//2 
f 206//14 205//16 1199//118 
f 1200//2 1201//2 385//3 
f 386//124 385//124 1201//538 
f 1202//539 754//540 1203//540 
f 1204//402 1205//403 434//403 
f 66//15 174//8 195//15 
f 1206//541 1207//541 1208//542 
f 724//22 369//22 407//22 
f 408//6 407//6 42//6 
f 758//31 1209//31 152//27 
f 758//543 1210//544 1209//545 
f 1211//3 314//3 221//3 
f 387//3 386//3 314//3 
f 719//4 924//4 923//4 
f 1212//546 1213//547 1214//547 
f 341//2 1215//2 746//2 
f 1216//8 746//9 1215//67 
f 1217//2 1218//3 1219//3 
f 1220//5 1219//5 1218//121 
f 556//4 98//7 101//4 
f 1083//471 1082//471 1221//548 
f 90//7 89//7 91//4 
f 1222//549 1087//474 1086//474 
f 94//13 99//13 810//13 
f 99//7 94//7 100//7 
f 1223//7 1224//7 1225//4 
f 1223//7 1225//4 202//7 
f 529//507 77//507 76//507 
f 74//6 78//6 77//6 
f 1226//464 1227//550 1228//465 
f 1229//551 1230//552 1231//553 
f 1232//4 729//554 1233//7 
f 1234//386 1232//387 1235//387 
f 71//18 259//36 1236//555 
f 1237//556 548//556 547//556 
f 591//557 590//558 1238//558 
f 766//559 765//560 1239//560 
f 1240//7 1241//7 316//7 
f 1242//561 1243//562 1244//562 
f 1245//4 472//4 471//4 
f 1246//1 1245//1 574//1 
f 1247//563 1248//564 1249//565 
f 1248//151 82//87 1249//19 
f 240//77 1250//31 1251//31 
f 1251//566 1250//567 1252//568 
f 1253//7 1254//7 243//7 
f 1254//569 1253//570 1255//570 
f 78//1 53//1 55//1 
f 222//89 53//89 78//89 
f 352//8 348//8 420//12 
f 349//1 420//1 348//1 
f 351//1 350//1 42//1 
f 44//8 42//8 350//15 
f 730//571 1256//571 605//1 
f 249//572 248//253 702//253 
f 46//8 1257//12 28//9 
f 1051//12 587//12 1053//12 
f 1258//526 1259//526 567//526 
f 223//22 567//199 395//16 
f 935//6 1260//5 1261//121 
f 1261//2 1260//2 582//2 
f 1262//125 1263//125 1264//139 
f 1265//2 1264//2 1263//2 
f 1266//4 1267//4 1268//58 
f 384//3 383//2 533//2 
f 1269//573 1270//574 1271//542 
f 84//14 167//16 750//16 
f 1272//575 1273//576 1274//576 
f 24//4 1275//4 1276//4 
f 1246//4 1277//4 474//4 
f 367//577 233//577 474//577 
f 713//98 1278//99 714//97 
f 1279//42 70//17 1280//578 
f 1281//579 1282//580 1283//580 
f 1284//581 1285//582 1286//582 
f 1287//583 1288//584 1289//585 
f 1290//586 1291//587 1292//588 
f 1040//445 1039//444 1293//589 
f 723//217 549//218 308//217 
f 1294//590 1127//502 1126//501 
f 481//31 1295//27 1296//27 
f 393//4 1297//4 521//4 
f 123//4 1298//4 899//4 
f 572//4 914//7 1299//7 
f 767//7 1300//4 571//4 
f 1301//591 1302//592 1303//592 
f 1304//2 1305//2 1306//2 
f 1307//591 1308//592 1309//592 
f 1310//2 1311//2 1152//2 
f 213//593 1312//594 1313//594 
f 212//64 1312//4 213//4 
f 9//2 120//3 7//2 
f 622//2 621//2 7//2 
f 450//3 449//3 120//3 
f 1314//595 7//2 120//3 
f 1315//3 1316//596 120//3 
f 901//137 1316//137 1315//108 
f 1317//2 1318//2 1319//2 
f 1320//538 1319//538 1318//107 
f 1106//4 1105//4 1321//4 
f 93//16 366//16 1322//16 
f 149//423 460//484 156//423 
f 156//14 460//14 459//13 
f 157//484 745//484 644//423 
f 163//12 745//12 157//12 
f 872//4 1323//4 1324//4 
f 1324//575 1323//576 1325//576 
f 102//6 21//5 806//5 
f 1012//1 809//1 806//1 
f 1326//581 1327//582 1328//582 
f 1329//579 1330//580 1331//580 
f 128//4 1332//4 520//4 
f 106//4 1333//4 838//4 
f 203//7 1334//7 1076//7 
f 1223//7 1335//7 1224//7 
f 140//17 1336//19 1337//578 
f 1338//267 1339//268 1340//266 
f 43//5 185//5 602//5 
f 602//14 185//14 700//14 
f 117//435 586//435 43//435 
f 586//6 117//6 1053//6 
f 810//5 806//5 21//5 
f 699//5 810//5 21//5 
f 1341//4 731//4 252//4 
f 731//4 1020//4 1032//4 
f 1273//4 1272//4 1276//4 
f 1342//4 1343//4 1276//4 
f 1344//3 1345//3 12//2 
f 1345//107 1344//538 936//538 
f 1346//597 1347//598 1348//598 
f 832//4 831//4 1349//4 
f 1350//599 943//387 942//387 
f 1351//600 1352//601 1275//601 
f 1353//599 1235//387 1232//387 
f 1354//600 1355//601 1356//601 
f 1357//4 1094//4 1093//4 
f 893//4 892//4 1358//4 
f 400//15 568//8 225//15 
f 567//526 568//526 1258//526 
f 1359//12 1195//12 1194//12 
f 1359//3 1360//602 1361//603 
f 578//16 759//16 148//16 
f 148//604 759//604 151//604 
f 483//16 842//16 432//16 
f 432//525 842//525 1160//525 
f 126//12 1362//9 129//9 
f 1276//16 1363//16 125//16 
f 355//4 353//7 202//7 
f 1364//16 1365//16 915//16 
f 775//22 1366//16 1367//16 
f 1368//605 1207//541 1206//541 
f 817//4 202//7 25//4 
f 26//4 25//4 202//7 
f 21//5 436//5 96//5 
f 818//5 96//5 436//5 
f 1369//4 785//4 1370//4 
f 1371//606 1372//607 1178//607 
f 553//193 252//4 1373//4 
f 604//2 1374//608 1373//609 
f 1375//4 904//4 903//4 
f 1112//4 1111//4 1376//4 
f 1377//321 1378//321 1379//123 
f 1379//2 1378//2 104//2 
f 150//32 1380//32 1381//27 
f 1381//610 1380//611 1382//612 
f 97//5 22//5 21//5 
f 22//5 253//5 116//6 
f 1383//613 800//308 799//307 
f 268//84 1383//614 799//615 
f 1384//4 926//4 1385//4 
f 966//4 1146//4 1360//4 
f 1386//616 1387//617 1388//618 
f 798//218 797//218 1389//217 
f 91//4 1390//4 1391//4 
f 1392//619 1115//494 1114//494 
f 34//424 110//424 1010//424 
f 34//6 111//6 110//6 
f 437//5 559//5 808//5 
f 1011//424 437//424 808//424 
f 1152//2 1393//2 1310//2 
f 442//4 1393//4 1152//4 
f 1394//620 1395//621 1396//621 
f 1395//4 1394//4 733//4 
f 405//131 404//131 1397//161 
f 1398//3 1397//3 404//3 
f 1322//4 1399//4 1400//4 
f 1131//4 1401//4 1400//4 
f 1402//461 1403//459 1404//460 
f 721//622 72//622 182//623 
f 734//4 884//4 1405//4 
f 1406//624 1407//625 1408//625 
f 1409//231 1410//626 522//626 
f 1411//1 123//1 1077//1 
f 1412//3 1413//3 533//2 
f 1414//177 1413//177 1412//178 
f 1415//247 1416//248 1417//248 
f 1418//4 1419//4 1420//7 
f 1154//4 1153//4 1421//4 
f 1422//4 969//4 968//4 
f 319//16 231//16 751//16 
f 230//627 1423//627 751//133 
f 174//8 1206//12 1208//12 
f 1424//228 1425//227 1426//227 
f 817//16 962//16 436//16 
f 962//2 817//2 961//2 
f 818//9 961//9 25//9 
f 961//2 818//2 962//2 
f 61//1 145//1 144//1 
f 224//131 145//131 61//131 
f 13//2 132//2 39//2 
f 224//2 132//2 68//2 
f 39//2 132//2 224//2 
f 61//131 39//131 224//131 
f 220//3 222//3 294//3 
f 78//89 294//89 222//89 
f 1427//4 1018//4 1428//4 
f 1429//4 1021//4 513//4 
f 497//4 312//4 311//4 
f 1430//628 597//209 596//209 
f 1431//4 851//4 850//4 
f 1044//4 594//4 854//4 
f 1432//629 895//370 494//370 
f 1433//1 1434//1 435//1 
f 1138//1 1435//1 523//1 
f 1436//629 1437//370 1438//370 
f 1439//4 1440//4 473//4 
f 91//4 743//4 473//4 
f 1241//7 1007//7 316//7 
f 1441//630 1442//631 1443//631 
f 744//24 1444//24 1445//24 
f 1446//446 1444//183 744//446 
f 282//172 505//172 1447//115 
f 505//3 120//3 119//3 
f 1448//437 1449//438 1450//438 
f 26//4 1449//4 1448//4 
f 32//3 458//3 225//3 
f 458//419 32//419 17//419 
f 476//5 1010//5 475//5 
f 475//160 1010//632 110//158 
f 437//316 1011//633 805//314 
f 805//5 1011//5 807//5 
f 553//193 682//4 1095//4 
f 19//4 682//4 553//193 
f 1127//217 1451//218 1128//218 
f 307//217 723//217 308//217 
f 1452//7 1453//4 1454//634 
f 1455//635 1456//636 1457//636 
f 1302//4 1301//4 989//4 
f 1141//4 1140//4 1458//4 
f 1308//4 1307//4 1459//4 
f 844//4 843//4 1460//4 
f 1306//4 1363//4 1276//4 
f 129//4 1461//4 26//4 
f 159//37 161//39 263//82 
f 263//637 161//638 1136//637 
f 964//2 1462//639 1463//639 
f 965//13 964//13 316//13 
f 58//7 198//7 197//4 
f 58//8 57//12 198//8 
f 105//4 58//7 197//4 
f 105//13 197//13 630//13 
f 40//15 281//15 192//9 
f 40//4 192//4 194//4 
f 1464//640 1465//641 1466//641 
f 363//133 1467//642 1468//642 
f 1443//4 1469//4 1470//4 
f 1471//643 1443//631 1442//631 
f 1472//4 1473//4 1474//4 
f 1473//644 1472//645 1475//645 
f 1476//218 493//218 1477//218 
f 1478//646 1476//647 1477//648 
f 1015//4 1014//4 1479//4 
f 1480//7 757//4 646//7 
f 1481//4 690//4 1410//4 
f 1180//4 1179//4 1482//4 
f 1483//649 1484//650 1485//650 
f 1439//4 1484//4 1483//4 
f 1486//2 1487//2 1488//2 
f 575//651 1489//652 1490//652 
f 1088//217 996//218 1491//217 
f 565//217 738//218 566//217 
f 1492//653 1493//654 1494//654 
f 1495//7 1496//4 1497//7 
f 633//7 1498//655 202//7 
f 1498//303 633//271 726//271 
f 709//217 580//217 707//217 
f 1230//218 1499//218 1231//217 
f 77//5 529//5 74//5 
f 286//3 74//3 529//3 
f 150//32 1500//76 333//27 
f 1500//656 331//110 333//112 
f 1501//657 1502//658 1503//658 
f 1502//4 1501//4 214//4 
f 1504//4 1505//4 1506//4 
f 1505//659 1504//660 1507//660 
f 585//3 584//3 582//2 
f 1508//122 1509//122 1510//123 
f 702//4 701//4 1511//4 
f 605//4 1256//4 860//4 
f 292//4 291//4 925//4 
f 1512//4 921//4 920//4 
f 1513//4 1000//4 1374//4 
f 882//4 881//4 1514//4 
f 1515//2 1516//2 1517//2 
f 1518//136 1517//136 1516//171 
f 1519//89 629//136 628//224 
f 1520//2 629//2 1519//2 
f 1521//2 1522//2 1523//2 
f 1524//90 1523//90 1522//116 
f 718//4 1525//4 1167//4 
f 1169//4 1168//4 1214//4 
f 235//556 489//556 488//556 
f 265//661 600//661 599//662 
f 1292//218 1291//217 1526//217 
f 737//218 566//217 738//218 
f 163//663 268//663 985//663 
f 268//664 263//509 985//511 
f 1527//4 1528//4 1529//4 
f 1530//499 1531//500 1532//500 
f 1533//2 1534//2 1535//2 
f 1536//62 1535//62 1534//119 
f 1537//124 1166//124 1538//125 
f 1163//3 1538//3 1166//2 
f 212//665 1539//665 1540//665 
f 1541//666 1542//666 747//666 
f 151//604 459//604 148//604 
f 459//13 151//13 156//14 
f 1081//470 1543//470 1079//470 
f 1395//4 733//4 732//4 
f 1544//4 704//4 703//4 
f 1545//667 1546//668 1547//668 
f 1548//359 1549//669 1544//669 
f 878//4 880//4 1550//4 
f 1006//670 1004//670 1551//670 
f 1540//665 1391//665 212//665 
f 1079//4 886//4 885//4 
f 682//4 1079//4 1552//4 
f 1031//4 1030//4 1553//4 
f 1554//4 1282//4 1281//4 
f 420//12 419//12 352//8 
f 352//2 419//2 8//2 
f 350//15 347//15 44//8 
f 44//2 347//2 346//2 
f 750//16 1270//16 1269//16 
f 640//227 639//228 1555//671 
f 1556//3 1557//3 314//3 
f 1558//172 1557//172 1556//115 
f 1184//2 1559//2 13//2 
f 1559//321 1184//123 1183//123 
f 597//4 1430//4 1560//4 
f 1561//4 1117//4 1116//4 
f 374//12 194//12 628//12 
f 194//4 374//4 40//4 
f 605//4 859//4 364//4 
f 605//4 860//4 859//4 
f 518//178 1562//177 516//177 
f 1562//2 518//2 40//2 
f 261//661 997//672 1563//673 
f 1226//464 1228//465 1564//463 
f 1565//2 118//2 7//2 
f 623//2 343//2 118//2 
f 1566//321 1567//321 1568//123 
f 1568//2 1567//2 7//2 
f 1569//2 1570//2 1571//2 
f 1572//67 1571//67 1570//9 
f 942//4 795//4 1573//4 
f 1574//674 795//273 794//273 
f 1288//218 1575//218 1289//218 
f 876//217 1289//218 877//218 
f 708//218 707//217 1576//217 
f 1039//218 1577//218 1293//218 
f 164//675 1287//675 165//675 
f 1578//190 453//146 452//145 
f 568//8 768//12 141//12 
f 142//319 141//526 768//317 
f 1579//2 1580//2 1581//2 
f 1582//69 1581//69 1580//68 
f 837//2 428//2 11//2 
f 1582//2 11//2 118//2 
f 1582//2 1583//2 11//2 
f 1580//68 1583//68 1582//69 
f 426//3 1584//2 283//2 
f 284//65 283//65 1584//113 
f 1488//2 501//2 1486//2 
f 501//676 500//677 1585//677 
f 1099//4 364//4 1468//4 
f 1468//642 364//1 363//133 
f 1056//454 1586//454 1587//678 
f 905//4 1037//4 908//4 
f 1588//4 250//4 252//4 
f 250//483 1588//483 1096//483 
f 1496//4 313//7 1497//7 
f 1589//679 1590//680 1591//680 
f 435//1 1592//1 1433//1 
f 647//4 1592//4 435//4 
f 1593//681 1594//682 1595//682 
f 1594//4 1593//4 1596//4 
f 261//661 998//661 706//662 
f 304//683 1597//684 305//685 
f 1114//4 1113//4 1598//4 
f 594//4 855//4 854//4 
f 1343//4 1306//4 1276//4 
f 1306//2 1343//2 1304//2 
f 605//16 604//16 252//16 
f 1373//609 252//2 604//2 
f 1599//686 1309//592 1308//592 
f 873//4 1309//4 1599//4 
f 775//22 1600//16 1601//16 
f 1602//687 1603//688 1604//689 
f 48//4 1605//7 1606//7 
f 1606//690 1605//691 1607//691 
f 1608//692 1609//693 1610//693 
f 1611//4 1609//4 1608//4 
f 1612//218 990//218 992//218 
f 710//218 1382//218 711//217 
f 497//4 496//4 312//4 
f 1046//4 1045//4 1613//4 
f 1614//4 792//4 971//4 
f 943//4 1350//4 1615//4 
f 1616//4 726//4 725//4 
f 1235//4 1353//4 1617//4 
f 163//41 1618//694 1619//695 
f 1618//696 1089//697 1619//698 
f 1620//4 1621//4 1197//4 
f 1622//699 1623//700 1624//700 
f 521//4 1625//4 522//4 
f 522//626 1625//231 1409//231 
f 244//7 1626//7 243//7 
f 1626//535 244//399 1627//399 
f 1189//4 1627//4 1188//4 
f 1627//399 1189//535 1626//535 
f 1191//4 1628//4 1190//4 
f 1628//533 1191//534 657//534 
f 19//4 1629//4 657//4 
f 657//534 1629//533 1628//533 
f 1630//1 1631//1 913//1 
f 647//232 648//231 645//231 
f 411//5 437//5 810//5 
f 411//1 810//1 99//1 
f 109//6 469//5 1053//6 
f 1052//133 1053//133 469//133 
f 791//302 1632//27 1633//32 
f 579//203 1634//701 1576//702 
f 1635//703 1636//704 1637//704 
f 365//7 1638//4 1639//7 
f 31//13 286//22 55//22 
f 286//2 31//2 105//2 
f 475//5 360//5 476//5 
f 476//16 360//16 359//16 
f 809//8 1012//8 807//12 
f 807//5 1012//5 805//5 
f 1640//3 1641//3 194//3 
f 1641//89 1640//88 1642//88 
f 1643//705 1595//682 1594//682 
f 1595//7 1643//7 231//7 
f 1644//706 1645//707 1646//707 
f 1645//4 1644//4 1647//4 
f 92//4 748//4 365//7 
f 365//2 748//2 1648//2 
f 1649//708 1403//708 1402//708 
f 259//709 1650//709 1236//709 
f 443//7 1651//554 444//140 
f 1652//222 1653//223 1654//223 
f 946//250 1655//251 1656//251 
f 945//4 1657//4 946//4 
f 913//1 397//1 1630//1 
f 1480//2 1658//2 912//2 
f 1437//4 1436//4 1659//4 
f 982//4 1660//4 1661//4 
f 1205//4 1662//4 1663//4 
f 895//4 1432//4 1664//4 
f 1665//4 1666//4 1667//4 
f 1666//710 1665//711 1668//711 
f 510//4 509//4 1037//4 
f 1669//712 1670//713 1671//713 
f 1672//714 1091//480 160//38 
f 811//436 160//436 1091//436 
f 1673//136 813//136 1674//89 
f 389//2 1674//2 813//2 
f 1675//136 1104//136 1676//89 
f 1102//2 1676//2 1104//2 
f 811//524 1090//715 1159//522 
f 1091//436 1090//436 811//436 
f 1078//469 1136//716 641//467 
f 1136//637 1078//637 263//637 
f 1677//3 1518//3 221//3 
f 1517//136 1518//136 1677//89 
f 1678//717 1679//718 1680//718 
f 754//4 1202//4 1681//4 
f 544//719 546//719 183//719 
f 1278//720 1279//721 1280//722 
f 1061//723 1060//724 1682//725 
f 1336//726 1338//727 1340//728 
f 1330//4 1329//4 1683//4 
f 974//4 973//4 1684//4 
f 1685//729 1686//730 1687//730 
f 1686//4 1685//4 252//4 
f 265//661 598//672 1688//731 
f 1689//732 1068//733 1067//734 
f 801//218 800//218 1690//217 
f 1477//218 493//218 492//217 
f 20//4 1691//4 1692//4 
f 1692//717 1691//718 1693//718 
f 1245//735 1694//735 499//735 
f 473//157 678//157 471//157 
f 1695//4 906//4 1036//4 
f 752//2 1695//492 753//492 
f 457//2 1119//2 225//2 
f 145//6 225//6 1119//6 
f 79//20 1696//434 1697//736 
f 1697//504 1696//737 1698//505 
f 1699//1 1009//1 1008//1 
f 589//2 1007//2 1700//2 
f 1701//738 1702//154 1703//153 
f 84//44 1702//31 1701//76 
f 1704//13 1705//13 1706//118 
f 406//2 405//2 676//2 
f 1707//3 1708//3 582//2 
f 804//131 1708//131 1707//132 
f 1709//2 1710//2 676//2 
f 1711//116 1710//116 1709//63 
f 1712//161 1713//161 1714//68 
f 519//3 1714//3 1713//3 
f 1715//2 170//3 11//2 
f 285//3 284//3 170//3 
f 1219//5 1220//5 1716//63 
f 1716//2 1220//3 170//3 
f 158//556 235//556 488//556 
f 1717//708 1062//708 1064//708 
f 1059//4 1346//4 1718//4 
f 1719//4 1057//4 1056//4 
f 1720//4 1355//4 1354//4 
f 1721//1 1722//1 442//1 
f 1723//4 1352//4 1351//4 
f 1724//1 1725//1 944//1 
f 1726//7 1727//7 1728//137 
f 1729//2 1728//2 1727//2 
f 1730//129 1731//129 1732//130 
f 1733//2 1732//3 1731//3 
f 1734//2 1735//2 1266//2 
f 1267//4 1266//4 1735//137 
f 1736//131 1737//131 1738//132 
f 1738//2 1737//2 533//2 
f 1263//125 1262//125 1739//124 
f 532//3 531//3 533//2 
f 1740//2 1741//2 676//2 
f 1742//141 1741//141 1740//138 
f 331//217 1743//217 332//217 
f 1125//217 1124//217 1744//217 
f 297//16 872//16 873//16 
f 1335//12 1223//12 1745//12 
f 1746//16 1747//16 107//16 
f 900//9 393//12 841//12 
f 571//12 354//12 1075//12 
f 1748//16 1749//16 1225//16 
f 1333//12 106//12 1750//12 
f 125//16 127//16 1276//16 
f 442//1 874//1 1721//1 
f 874//4 442//4 1152//4 
f 944//1 1342//1 1724//1 
f 1342//4 944//4 1751//4 
f 1752//739 1753//740 1754//740 
f 1753//4 1752//4 1755//4 
f 1756//741 1757//741 355//741 
f 1365//742 1758//742 1299//742 
f 1648//2 1759//2 365//2 
f 1760//4 1761//4 1156//4 
f 252//16 731//16 605//16 
f 605//1 731//1 730//571 
f 346//2 45//2 44//2 
f 27//22 45//22 346//22 
f 407//22 408//22 724//22 
f 9//2 724//2 408//2 
f 1762//4 363//4 861//4 
f 363//4 362//4 861//4 
f 1227//218 1763//218 1228//217 
f 330//218 178//218 1227//218 
f 1271//542 1764//743 1765//743 
f 749//8 1766//12 1765//12 
f 1767//744 1768//745 1769//745 
f 1419//4 1770//7 1420//7 
f 1771//744 1772//746 1773//746 
f 1528//4 1774//4 1529//4 
f 1775//388 1776//389 1777//389 
f 1776//7 1775//7 243//7 
f 1778//4 1779//4 1780//4 
f 1779//390 1778//391 1781//391 
f 1782//4 1783//4 214//4 
f 1783//394 1782//395 1784//395 
f 1785//4 1786//4 19//4 
f 1786//225 1785//226 1787//226 
f 1788//4 1789//4 1790//4 
f 1789//392 1788//393 1791//393 
f 1792//4 1793//4 1794//4 
f 1793//233 1792//234 1795//234 
f 1796//4 1797//4 1798//4 
f 1797//243 1796//244 1799//244 
f 1800//215 1801//216 1802//216 
f 1801//4 1800//4 90//7 
f 338//116 1803//90 1804//90 
f 1803//2 338//2 132//2 
f 826//4 825//4 1805//4 
f 1806//4 1109//4 1108//4 
f 1807//369 1438//370 1437//370 
f 24//4 1438//4 1807//4 
f 1808//747 1809//748 1810//748 
f 1811//4 1812//4 1813//4 
f 1814//749 1815//749 1005//749 
f 747//666 92//666 1541//666 
f 966//12 1816//12 232//12 
f 316//13 247//13 965//13 
f 925//377 1817//16 923//16 
f 293//96 682//12 291//12 
f 719//265 1143//12 717//12 
f 1167//528 1525//16 133//16 
f 1332//16 128//16 1818//16 
f 841//12 840//9 900//9 
f 1075//12 1074//12 571//12 
f 1334//16 203//16 1819//16 
f 873//16 298//16 297//16 
f 299//12 1820//12 204//12 
f 474//577 1277//577 367//577 
f 573//750 234//750 1821//750 
f 1822//751 1823//752 1824//752 
f 1363//4 1823//4 1822//4 
f 1083//6 558//5 1084//6 
f 1825//753 1826//753 1827//754 
f 1828//755 1829//756 1830//756 
f 1086//5 1085//5 33//5 
f 915//16 570//16 1364//16 
f 1831//12 1832//12 200//12 
f 1400//2 1401//2 743//2 
f 1132//133 1439//1 1130//133 
f 1008//1 1833//1 1699//1 
f 1700//2 1834//2 589//2 
f 1298//1 1835//1 1836//1 
f 1837//2 1838//2 521//2 
f 1836//1 899//1 1298//1 
f 521//2 1297//2 1837//2 
f 1839//2 1840//2 914//2 
f 767//1 1841//1 1842//1 
f 914//2 572//2 1839//2 
f 1842//1 1300//1 767//1 
f 1077//1 1843//1 1411//1 
f 1481//2 1844//2 392//2 
f 1845//757 1846//758 1847//758 
f 1824//4 1846//4 1845//4 
f 1524//3 220//3 58//3 
f 1848//5 1849//5 1850//63 
f 1851//3 1852//3 1853//2 
f 1853//115 1852//172 1854//172 
f 1855//759 1856//760 1857//760 
f 1856//4 1855//4 1858//4 
f 48//4 1859//7 1860//7 
f 1860//761 1859//762 1861//762 
f 18//4 1862//4 1863//4 
f 1863//763 1862//764 1864//764 
f 204//12 1076//12 299//12 
f 1073//1 299//1 1076//1 
f 107//16 838//16 1746//16 
f 1865//3 1746//3 838//3 
f 129//9 520//12 126//12 
f 839//133 126//133 520//133 
f 1225//16 1224//16 1748//16 
f 1866//2 1748//2 1224//2 
f 1867//4 1868//4 1869//4 
f 1870//765 1871//766 1872//766 
f 1873//757 1874//758 1875//758 
f 1876//4 1874//4 1873//4 
f 1647//767 1877//768 1878//768 
f 1879//4 1877//4 1647//4 
f 28//4 1257//4 1051//4 
f 587//2 1051//2 1257//2 
f 1257//2 46//2 587//2 
f 587//2 46//2 43//2 
f 1052//4 588//4 470//4 
f 469//133 588//133 1052//133 
f 698//7 99//7 98//7 
f 99//1 698//1 411//1 
f 94//2 699//2 186//2 
f 186//2 699//2 185//2 
f 186//2 1017//2 94//2 
f 1017//7 29//7 94//7 
f 741//217 1388//217 1387//218 
f 740//217 1388//217 741//217 
f 1039//218 1880//218 1577//218 
f 1881//616 1577//617 1880//618 
f 728//4 1882//4 1284//4 
f 728//4 727//4 1882//4 
f 794//4 1883//4 1326//4 
f 794//4 793//4 1883//4 
f 1884//4 1885//4 26//4 
f 1885//769 1884//770 1886//770 
f 1106//4 1485//4 1887//4 
f 1888//771 1485//650 1484//650 
f 1034//4 1033//4 1889//4 
f 1890//759 1891//772 1892//772 
f 1623//4 930//4 929//4 
f 1623//4 1893//4 930//4 
f 1894//732 1226//733 1564//734 
f 183//773 546//773 184//773 
f 1571//67 1572//67 1895//178 
f 1896//3 119//3 5//3 
f 353//3 355//2 1757//3 
f 200//12 353//12 1831//12 
f 797//218 1897//218 1389//217 
f 599//210 1389//256 1897//257 
f 1110//489 1898//488 1108//488 
f 1898//4 1110//4 473//4 
f 50//4 1002//4 1001//4 
f 1373//4 50//4 553//193 
f 1194//12 1621//12 1359//12 
f 1197//537 1621//1 1194//1 
f 720//728 1899//726 721//622 
f 1278//720 1280//722 714//774 
f 1513//12 603//12 880//12 
f 1100//485 880//2 603//2 
f 195//19 539//19 1900//19 
f 539//186 540//187 1900//775 
f 1247//563 1249//565 1901//776 
f 56//21 1247//777 1901//777 
f 1902//685 1903//683 1904//684 
f 157//35 1903//100 1902//101 
f 18//4 49//7 135//7 
f 49//7 731//4 1905//7 
f 1906//778 1396//621 1395//621 
f 49//7 1396//779 1906//61 
f 1907//744 1908//780 1909//780 
f 1910//4 1908//4 1907//4 
f 1911//4 1912//4 1913//4 
f 1913//744 1912//780 1914//780 
f 1672//781 1915//782 1092//783 
f 1091//480 1672//714 1092//479 
f 1916//784 835//785 1917//785 
f 835//4 1916//4 663//4 
f 1918//4 1919//4 1920//4 
f 1919//786 1918//787 1921//787 
f 1922//788 1923//789 1924//790 
f 62//13 1925//16 1926//16 
f 1065//791 1578//719 452//792 
f 1065//791 452//792 1066//773 
f 743//2 93//2 1400//2 
f 1322//16 1400//16 93//16 
f 1927//2 1928//2 1929//2 
f 1930//65 1929//65 1928//66 
f 1931//139 1932//139 1933//125 
f 1933//2 1932//2 582//2 
f 1934//400 1935//401 1936//401 
f 91//4 1935//7 1934//4 
f 1937//793 1938//794 1667//794 
f 1495//7 1939//4 1940//4 
f 1941//795 1610//693 1609//693 
f 1610//4 1941//4 678//7 
f 1386//616 1904//796 1387//617 
f 1902//685 1904//684 1386//797 
f 1597//796 1577//617 1881//616 
f 305//685 1597//684 1881//798 
f 1702//154 1942//152 1703//153 
f 167//24 1703//24 1942//24 
f 1826//753 1825//753 1943//799 
f 98//7 409//7 698//7 
f 470//4 89//7 1052//4 
f 1944//800 1830//756 1829//756 
f 71//18 1945//458 1946//458 
f 1946//723 1945//724 1947//725 
f 611//217 1948//218 454//218 
f 262//354 1948//801 611//355 
f 1949//218 713//217 993//217 
f 1949//802 993//803 1950//804 
f 1115//4 1392//4 1391//4 
f 212//64 1391//4 1951//4 
f 1952//3 315//3 314//3 
f 1953//108 1954//108 1952//107 
f 1955//115 1956//114 1957//114 
f 1956//3 1955//3 12//2 
f 1958//66 1959//65 1960//65 
f 1961//2 1959//2 1958//2 
f 1962//58 274//4 667//4 
f 274//2 1962//3 13//2 
f 1963//2 1964//2 58//3 
f 1965//69 1964//69 1963//205 
f 1966//3 1967//3 1968//2 
f 1968//205 1967//69 1969//69 
f 1929//2 441//2 1927//2 
f 1927//141 441//138 272//138 
f 1630//7 1480//7 1631//4 
f 1480//7 646//7 1631//4 
f 1411//4 1481//4 1410//4 
f 1411//4 1843//4 1481//4 
f 1594//4 1810//4 1970//4 
f 1970//805 1810//748 1809//748 
f 442//4 444//140 1393//4 
f 1971//410 1972//411 1459//411 
f 1973//113 1974//113 1975//88 
f 1975//3 1974//3 533//2 
f 1976//2 1977//2 582//2 
f 1978//177 1977//177 1976//178 
f 1979//3 1980//3 676//2 
f 1981//177 1980//177 1979//178 
f 1982//806 301//774 303//806 
f 1336//726 1340//728 1337//807 
f 1983//634 1546//4 1984//4 
f 1985//4 1986//4 1098//4 
f 1987//2 1988//2 1989//2 
f 1990//120 1989//120 1988//119 
f 1071//2 1991//2 769//2 
f 770//178 769//178 1991//67 
f 1992//2 1993//3 1848//3 
f 1849//5 1848//5 1993//121 
f 1994//235 1995//236 1996//236 
f 1995//4 1994//4 1997//4 
f 1998//241 1999//242 2000//242 
f 1999//4 1998//4 2001//4 
f 2002//310 2003//311 2004//311 
f 34//6 2003//6 2002//6 
f 2005//323 2006//324 2007//324 
f 253//5 2006//5 2005//5 
f 2008//325 2009//326 2010//326 
f 2009//4 2008//4 2011//4 
f 2012//384 2013//385 2014//385 
f 2013//4 2012//4 2015//4 
f 116//6 2016//6 2017//6 
f 2017//349 2016//350 2018//350 
f 35//5 2019//5 2020//5 
f 2020//351 2019//352 2021//352 
f 2022//808 2023//809 2024//810 
f 2025//811 2026//812 2027//813 
f 66//75 777//76 2028//76 
f 777//288 779//289 2028//289 
f 81//75 2029//31 2030//76 
f 2029//288 2031//289 2030//289 
f 166//814 196//814 2032//814 
f 83//60 2032//24 196//24 
f 238//432 2033//815 776//322 
f 67//87 776//19 2033//19 
f 499//735 574//735 1245//735 
f 234//4 574//4 499//4 
f 2034//217 2035//218 545//218 
f 431//816 2035//817 2034//818 
f 2036//819 2037//820 2038//821 
f 2038//217 2037//217 2039//217 
f 736//276 738//278 2040//822 
f 141//25 736//31 2040//32 
f 2041//218 563//218 2042//217 
f 162//823 2041//824 2042//825 
f 1607//4 1671//4 2043//4 
f 2043//826 1671//713 1670//713 
f 2044//743 2045//827 2046//828 
f 775//22 2047//16 2048//16 
f 1149//218 1575//218 1288//218 
f 1147//516 1575//829 1149//517 
f 1047//4 1161//4 397//4 
f 397//12 912//12 1658//12 
f 1146//514 966//1 1145//133 
f 232//12 1145//12 966//12 
f 1551//670 1814//670 1006//670 
f 1005//749 1006//749 1814//749 
f 603//4 1513//4 604//4 
f 1513//4 1374//4 604//4 
f 2049//830 858//345 857//345 
f 1762//4 2050//4 2051//4 
f 316//7 1463//4 317//7 
f 1463//639 316//2 964//2 
f 2052//405 2053//405 2054//405 
f 2053//404 63//60 270//85 
f 2055//831 1466//641 1465//641 
f 2056//4 1466//4 2055//4 
f 2057//832 2058//833 2059//833 
f 2058//4 2057//4 2060//4 
f 787//4 2061//4 2062//4 
f 2062//834 2061//835 2063//835 
f 751//4 907//4 906//4 
f 751//4 1423//4 907//4 
f 2064//539 2065//540 2066//540 
f 20//4 2065//4 2064//4 
f 1439//4 1132//4 2067//4 
f 2068//12 1132//12 1131//12 
f 2069//788 2070//790 2071//790 
f 79//13 2072//22 2073//22 
f 2074//91 2075//91 2076//132 
f 2077//3 2076//2 2075//2 
f 65//21 2078//777 2079//777 
f 2078//564 2080//565 2079//776 
f 572//4 1299//7 916//7 
f 916//16 1299//16 1758//16 
f 372//120 2081//120 370//119 
f 370//3 2081//3 582//2 
f 1974//113 1973//113 2082//65 
f 2083//2 2082//2 1973//3 
f 2084//113 2085//113 2086//65 
f 2087//2 2086//2 2085//3 
f 2088//139 2089//139 2090//125 
f 2090//2 2089//2 676//2 
f 2091//836 2092//741 2093//741 
f 2094//4 2092//4 2091//4 
f 1322//4 2095//4 1399//4 
f 2096//1 1322//1 366//1 
f 2097//837 2098//838 2099//838 
f 2100//4 2098//4 2097//4 
f 1195//4 1811//4 1813//4 
f 1361//603 1195//3 1359//3 
f 2101//839 2102//840 1869//840 
f 2102//4 2101//4 2103//4 
f 1037//133 2104//442 1036//442 
f 2105//4 2104//4 1037//4 
f 2106//841 2107//842 2108//842 
f 2107//4 2106//4 1363//4 
f 2109//843 2110//844 2111//844 
f 1638//4 1636//4 2112//845 
f 243//7 317//7 319//7 
f 317//7 2113//4 319//7 
f 306//102 308//104 2114//846 
f 791//302 2115//32 2116//32 
f 2036//819 2117//847 2037//820 
f 481//31 2118//27 2119//27 
f 626//2 194//3 130//2 
f 340//16 130//16 68//16 
f 1679//4 1678//4 498//4 
f 2120//4 912//4 498//4 
f 247//7 1009//7 2121//7 
f 1442//4 1441//4 1007//7 
f 2122//166 1499//167 2123//168 
f 2123//218 1499//218 1230//218 
f 301//97 1526//262 302//98 
f 1526//217 1291//217 302//217 
f 212//64 2124//4 2125//4 
f 2125//710 2124//848 2126//848 
f 2127//849 2128//850 2129//850 
f 1864//4 2128//4 2127//4 
f 2130//4 2131//4 924//4 
f 2132//851 2133//852 2134//852 
f 2135//853 483//854 179//53 
f 481//31 483//27 2135//27 
f 2136//218 2137//218 1063//218 
f 1064//461 1063//460 2137//855 
f 1451//855 1402//461 1404//460 
f 1451//218 1404//217 1128//218 
f 2138//4 2139//4 1487//4 
f 1487//856 2139//857 2140//857 
f 1224//2 1335//2 1866//2 
f 1745//12 1866//12 1335//12 
f 520//133 1332//133 839//133 
f 1818//16 839//16 1332//16 
f 1076//1 1334//1 1073//1 
f 1819//16 1073//16 1334//16 
f 838//3 1333//3 1865//3 
f 1750//12 1865//12 1333//12 
f 1821//750 1246//750 573//750 
f 574//1 573//1 1246//1 
f 2141//4 1921//70 29//7 
f 1921//787 2141//786 1919//786 
f 56//12 2142//12 2143//12 
f 2144//858 2145//859 2146//859 
f 2147//4 2148//4 2149//4 
f 2148//860 2147//861 2150//861 
f 554//4 2151//4 252//4 
f 2151//862 554//863 2152//863 
f 172//2 171//2 2153//2 
f 2154//119 2153//119 171//62 
f 2155//864 2156//865 2157//865 
f 1549//4 2158//4 1550//4 
f 1695//4 752//4 906//4 
f 752//4 751//4 906//4 
f 62//20 1135//736 2159//736 
f 2159//866 1135//504 1133//506 
f 1430//4 2160//4 1560//4 
f 1560//867 2160//868 2161//868 
f 2162//4 2163//4 2164//4 
f 2165//869 2162//870 2166//870 
f 2167//4 2066//4 2168//4 
f 2066//540 2167//539 2064//539 
f 1203//540 2169//539 1202//539 
f 2169//4 1203//4 2170//4 
f 2171//3 2172//3 533//2 
f 2173//120 2172//120 2171//119 
f 1437//4 1659//4 2174//4 
f 2174//871 1659//872 2175//872 
f 895//4 1664//4 2176//4 
f 2176//871 1664//872 2177//872 
f 1243//4 1242//4 1241//7 
f 2178//873 1547//668 1546//668 
f 2179//4 2180//4 2181//4 
f 2181//396 2182//874 679//874 
f 1667//794 2183//793 1937//793 
f 1666//4 2183//4 1667//4 
f 861//346 362//2 859//3 
f 364//12 859//12 362//12 
f 1000//420 1513//1 879//1 
f 880//12 879//12 1513//12 
f 912//2 755//2 1480//2 
f 757//246 1480//245 755//245 
f 392//2 688//2 1481//2 
f 690//246 1481//245 688//245 
f 2184//875 2185//876 2186//876 
f 1495//7 2187//4 1496//4 
f 2188//877 2189//878 2190//878 
f 2191//4 2189//4 2192//4 
f 873//4 2193//4 2194//4 
f 2194//841 2193//842 2195//842 
f 446//58 445//58 1314//4 
f 1314//595 445//595 7//2 
f 379//2 2196//3 901//2 
f 1316//137 901//137 2196//4 
f 1735//2 1734//2 2197//2 
f 2198//116 2197//116 1734//63 
f 2199//3 1320//3 120//3 
f 1319//538 1320//538 2199//124 
f 2076//2 2077//3 448//3 
f 449//125 448//125 2077//124 
f 2200//3 2201//2 620//2 
f 621//130 620//130 2201//129 
f 2202//3 2203//3 5//3 
f 2204//88 2203//88 2202//113 
f 2205//2 1715//2 11//2 
f 2206//90 1715//90 2205//91 
f 2207//4 2208//4 2209//4 
f 2208//729 2207//879 1341//879 
f 1399//4 1131//4 1400//4 
f 1131//12 1399//12 2068//12 
f 49//7 230//4 231//7 
f 751//133 231//1 230//627 
f 2210//4 912//4 397//4 
f 912//4 1162//4 498//4 
f 2211//880 2212//881 2213//881 
f 2212//7 1452//7 1638//4 
f 2030//882 2031//883 2214//884 
f 169//19 2214//19 2031//19 
f 2025//811 2027//813 2215//885 
f 2216//886 2217//887 2218//888 
f 280//2 936//2 2219//3 
f 2219//124 936//538 1344//538 
f 819//2 2220//2 104//2 
f 2221//130 2220//130 819//138 
f 677//3 2222//2 2221//2 
f 2220//130 2221//130 2222//129 
f 404//3 2223//3 1398//3 
f 2224//139 1398//139 2223//125 
f 559//5 102//6 809//5 
f 806//5 809//5 102//6 
f 682//4 2225//4 2226//4 
f 2226//889 2225//890 2227//890 
f 1123//196 1947//891 1124//197 
f 1123//892 1946//723 1947//725 
f 564//196 1682//891 565//197 
f 1061//723 1682//725 564//892 
f 2228//5 2229//5 33//5 
f 2229//893 2228//894 2230//894 
f 2231//6 558//5 2232//6 
f 2233//895 2231//895 2232//896 
f 2234//897 1230//552 1229//551 
f 152//27 2234//32 1229//32 
f 796//304 2235//898 797//305 
f 163//41 2235//899 796//900 
f 2236//901 606//902 2237//902 
f 606//7 2236//7 316//7 
f 1814//4 1551//4 1540//4 
f 1540//2 1551//2 1004//2 
f 2238//261 1287//583 2239//259 
f 165//675 1287//675 2238//675 
f 2240//583 710//259 712//261 
f 2240//675 712//675 2241//675 
f 297//7 1866//7 1745//7 
f 297//2 1745//2 1223//2 
f 873//133 204//133 1820//133 
f 204//61 873//4 86//7 
f 2242//903 2243//904 2244//905 
f 2243//4 2245//4 2246//4 
f 1620//4 964//4 1621//4 
f 964//4 1359//4 1621//4 
f 2247//906 2248//907 2249//907 
f 2248//4 2247//4 747//4 
f 2250//569 2251//570 2252//570 
f 2251//4 2250//4 2253//4 
f 2254//657 2255//658 2256//658 
f 2255//4 2254//4 2257//4 
f 35//5 2258//5 2259//5 
f 2259//296 2258//297 2260//297 
f 2261//659 2262//660 2263//660 
f 34//6 2262//6 2261//6 
f 2264//312 2265//313 2266//313 
f 2265//4 2264//4 2267//4 
f 116//6 2268//6 2269//6 
f 2269//239 2268//240 2270//240 
f 2271//294 2272//295 2273//295 
f 2272//4 2271//4 2274//4 
f 2275//644 2276//645 2277//645 
f 253//5 2276//5 2275//5 
f 174//8 2278//12 2279//12 
f 2044//743 2046//828 772//286 
f 1842//16 1839//16 572//16 
f 1839//4 1842//4 1841//4 
f 914//7 767//7 570//4 
f 767//12 914//12 1840//12 
f 1699//16 1700//16 1007//16 
f 1700//7 1699//7 1833//7 
f 521//4 1298//4 123//4 
f 1298//12 521//12 1838//12 
f 1837//4 1836//4 1835//4 
f 1836//16 1837//16 1297//16 
f 589//7 1008//7 247//7 
f 1008//12 589//12 1834//12 
f 1077//12 392//12 1844//12 
f 20//4 392//4 1077//4 
f 2280//4 2281//4 2282//4 
f 2282//908 2281//909 1552//909 
f 1033//440 2283//440 1081//910 
f 1035//4 2284//4 1081//4 
f 2285//687 2286//911 2287//687 
f 750//16 2288//16 2289//16 
f 1586//4 2290//4 908//4 
f 2290//912 2291//913 2292//913 
f 1098//4 2293//914 2157//4 
f 2157//865 2293//864 2155//864 
f 2284//903 2294//915 2245//915 
f 1035//4 2294//4 2284//4 
f 2295//66 2296//66 2297//65 
f 2297//2 2296//2 676//2 
f 2298//107 2299//107 2300//108 
f 2300//2 2299//2 582//2 
f 336//2 2301//2 649//3 
f 2302//205 649//205 2301//118 
f 584//118 583//118 2303//16 
f 2304//2 2303//2 583//2 
f 909//172 1966//172 911//115 
f 1968//2 911//3 1966//3 
f 1171//172 2305//172 1173//115 
f 2306//2 1173//3 2305//3 
f 384//123 2307//123 382//122 
f 2308//2 382//2 2307//2 
f 1978//2 2309//2 2310//2 
f 2310//321 2309//120 2311//120 
f 2312//68 1969//69 1967//69 
f 1969//2 2312//2 132//2 
f 2313//91 1804//90 1803//90 
f 2298//2 1804//2 2313//2 
f 2314//3 2315//3 1965//3 
f 1964//69 1965//69 2315//68 
f 1523//90 1524//90 2316//91 
f 2316//2 1524//3 58//3 
f 2317//62 2318//119 2319//119 
f 2318//2 2317//2 13//2 
f 210//2 671//2 1953//2 
f 1954//108 1953//108 671//137 
f 221//3 2320//3 1211//3 
f 2321//9 1211//9 2320//67 
f 2303//2 2304//2 2322//2 
f 2322//67 2304//9 41//9 
f 2323//916 2324//917 2325//917 
f 1439//4 2324//4 2323//4 
f 1305//4 2326//4 2327//4 
f 2327//410 2326//918 1751//918 
f 1311//4 2328//4 2329//4 
f 2329//410 2328//918 2330//918 
f 2331//4 2332//4 2333//4 
f 2332//919 2331//920 2334//920 
f 91//4 2334//7 2335//4 
f 2335//921 2334//920 2331//920 
f 2336//922 2337//923 2338//923 
f 2337//4 2336//4 2339//4 
f 24//4 2340//4 2341//4 
f 2341//924 2340//925 2342//925 
f 2343//4 2344//4 100//7 
f 2344//924 2343//925 2345//925 
f 2346//4 2347//4 2348//4 
f 2347//926 2346//927 399//927 
f 2349//69 2350//69 2351//68 
f 2351//2 2350//3 676//2 
f 279//90 278//90 2352//116 
f 2352//3 278//3 582//2 
f 1260//5 935//6 2353//63 
f 666//2 2353//2 935//2 
f 1201//2 1200//2 2354//2 
f 2355//90 2354//90 1200//91 
f 1248//151 327//85 82//87 
f 543//404 984//404 327//85 
f 2356//4 1648//4 2357//4 
f 2247//906 2357//906 1648//928 
f 1867//4 2358//4 1646//4 
f 1646//707 2359//706 1644//706 
f 749//8 2360//15 2361//12 
f 2362//929 2363//541 2364//929 
f 2365//930 1923//789 1922//788 
f 65//15 2366//8 2367//8 
f 2368//4 2369//4 2370//4 
f 2370//931 2369//932 2371//932 
f 2372//933 1251//566 1252//568 
f 176//24 2372//24 1252//24 
f 1446//447 240//77 2373//31 
f 1446//446 2373//181 1444//183 
f 260//79 1894//934 2374//935 
f 1894//732 1564//734 2374//936 
f 1237//937 2375//937 548//937 
f 87//78 2375//938 1237//939 
f 195//19 2376//19 2377//19 
f 2378//940 2377//884 2376//941 
f 2079//776 2080//565 2379//942 
f 2080//19 67//87 2379//19 
f 2380//943 1062//943 1717//943 
f 138//18 2380//555 1717//944 
f 2381//936 1689//732 1067//734 
f 264//79 1689//934 2381//935 
f 2382//940 2383//941 2384//945 
f 81//75 2382//76 2384//76 
f 2241//43 155//33 70//17 
f 2241//946 712//946 155//946 
f 2385//19 82//87 2386//19 
f 2387//947 2385//947 2386//947 
f 2388//24 1698//404 83//60 
f 1697//504 1698//505 2388//506 
f 66//75 2378//76 2389//76 
f 2378//940 2376//941 2389//945 
f 80//185 2390//948 2391//949 
f 56//21 80//20 2391//21 
f 62//20 2052//20 137//20 
f 137//184 2052//189 2054//189 
f 157//35 265//80 2392//78 
f 265//661 599//662 2392//950 
f 261//661 706//662 2393//950 
f 87//78 261//80 2393//78 
f 1489//4 575//4 472//4 
f 575//4 474//4 472//4 
f 269//951 2394//952 775//953 
f 2395//954 2396//955 2023//809 
f 682//4 293//4 1080//4 
f 1080//4 1891//4 1890//4 
f 2397//686 1303//592 1302//592 
f 1363//4 1303//4 2397//4 
f 1832//4 1831//4 1365//4 
f 1757//4 1756//4 1365//4 
f 997//672 2122//956 1563//673 
f 1563//957 2122//166 2123//168 
f 1688//957 491//166 493//168 
f 598//672 491//956 1688//731 
f 2398//958 2399//959 2400//959 
f 2401//4 2399//4 2398//4 
f 2402//4 2403//4 2404//4 
f 2405//960 2402//961 2406//961 
f 2407//962 2408//963 2409//963 
f 1496//4 2407//4 313//7 
f 1814//4 1540//4 1539//4 
f 1542//4 1541//4 1814//4 
f 2111//4 2325//4 2410//4 
f 2411//964 2325//917 2324//917 
f 2412//841 2413//965 2414//965 
f 2415//4 1305//4 989//4 
f 2416//4 1311//4 1459//4 
f 2417//841 2418//965 2419//965 
f 986//4 2420//4 987//4 
f 2421//966 2422//967 2423//967 
f 2424//7 2425//4 1971//4 
f 2426//966 2427//967 2428//967 
f 626//5 2429//63 624//63 
f 2429//2 626//2 130//2 
f 2430//968 1028//969 2431//969 
f 393//4 1028//4 2430//4 
f 2432//968 2433//969 2434//969 
f 433//7 2433//4 2432//4 
f 2435//970 716//264 512//264 
f 716//4 2435//4 2436//4 
f 1915//217 2437//217 2438//217 
f 1915//782 1672//781 2439//971 
f 431//27 151//27 2440//31 
f 431//816 2440//972 2035//817 
f 1125//217 1744//217 180//218 
f 181//55 180//54 1744//973 
f 993//803 2441//974 1950//804 
f 1950//76 2441//76 150//32 
f 2136//218 2442//218 2137//218 
f 2443//975 2442//976 2136//977 
f 141//25 2444//31 162//40 
f 162//823 2444//978 2041//824 
f 268//84 1478//979 2445//980 
f 1478//646 1477//648 2445//981 
f 451//218 2446//218 2447//218 
f 237//144 451//143 2447//982 
f 2448//983 1290//586 1292//588 
f 142//26 1290//76 2448//27 
f 612//217 2449//218 2450//217 
f 143//219 2449//984 612//220 
f 2451//218 601//217 1055//218 
f 267//451 2451//985 1055//452 
f 2452//986 2453//987 2454//987 
f 2453//4 2452//4 2455//4 
f 2456//4 2457//4 2458//4 
f 2457//988 2456//987 2459//987 
f 2457//4 2345//4 2458//4 
f 2458//989 2345//925 2343//925 
f 2455//989 2342//925 2340//925 
f 2452//4 2342//4 2455//4 
f 142//26 875//27 2460//31 
f 875//356 877//358 2460//990 
f 1634//701 2461//991 1576//702 
f 708//218 1576//217 2461//218 
f 1209//545 1210//544 2462//992 
f 1210//217 2463//218 2462//218 
f 2464//993 2465//994 2466//994 
f 2465//4 2464//4 89//7 
f 2467//995 2468//995 2469//996 
f 2468//7 98//7 2469//7 
f 211//4 747//4 212//64 
f 212//1 747//1 1542//1 
f 2470//4 1232//4 1233//7 
f 2471//997 2472//998 2473//998 
f 2474//997 2475//998 2476//998 
f 2477//4 942//4 1573//4 
f 289//95 288//94 307//103 
f 288//217 723//217 307//217 
f 993//217 715//218 2478//218 
f 993//803 2478//999 2441//974 
f 153//51 2479//1000 1763//1001 
f 152//27 2479//27 153//31 
f 163//41 2480//1002 267//83 
f 267//451 2480//1003 2451//985 
f 2481//217 1069//217 800//218 
f 1383//613 2481//1004 800//308 
f 2482//4 2483//4 2484//4 
f 2483//1005 2485//1006 2486//1006 
f 1815//2 1541//2 92//2 
f 1541//4 1815//4 1814//4 
f 719//4 2130//4 924//4 
f 2130//1007 2487//1008 2488//1008 
f 1892//4 2489//4 2490//4 
f 2490//1009 2489//1010 2491//1010 
f 92//2 1005//2 1815//2 
f 91//4 1005//4 92//4 
f 91//4 1391//4 1004//4 
f 1004//2 1391//2 1540//2 
f 926//4 764//4 1385//4 
f 1385//1011 764//285 763//285 
f 232//1 1816//1 965//1 
f 965//4 1816//4 966//4 
f 965//1 247//1 232//1 
f 49//7 232//70 247//7 
f 571//4 203//7 86//7 
f 203//1 571//1 1074//1 
f 354//2 1225//2 1749//3 
f 1225//4 354//4 202//7 
f 393//2 107//2 1747//2 
f 24//4 107//4 393//4 
f 128//1 900//1 840//1 
f 900//4 128//4 26//4 
f 1749//3 1075//3 354//2 
f 1075//4 1749//4 1748//7 
f 1074//1 1819//1 203//1 
f 1073//7 1819//7 1074//7 
f 840//1 1818//1 128//1 
f 839//4 1818//4 840//4 
f 1747//2 841//2 393//2 
f 841//4 1747//4 1746//4 
f 1817//2 291//2 682//2 
f 291//4 1817//4 925//4 
f 129//1 1362//1 125//1 
f 125//4 1362//4 126//4 
f 106//2 1276//2 127//2 
f 24//4 1276//4 106//4 
f 19//4 923//4 682//4 
f 682//2 923//2 1817//2 
f 872//4 1223//7 202//7 
f 1223//2 872//2 297//2 
f 1865//4 1750//4 127//4 
f 127//2 1750//2 106//2 
f 1820//133 298//1 873//133 
f 298//4 1820//4 299//4 
f 125//1 1363//1 129//1 
f 129//4 1363//4 1822//4 
f 718//4 717//4 1525//4 
f 1525//2 717//2 1143//2 
f 1143//2 133//2 1525//2 
f 19//4 133//4 1143//4 
f 1694//4 1245//4 471//4 
f 499//133 1694//1 471//133 
f 1452//7 2492//4 1453//4 
f 2493//1012 1155//519 1154//519 
f 90//7 367//7 234//4 
f 234//1 367//1 1277//1 
f 471//133 678//133 499//133 
f 214//4 499//4 678//7 
f 1246//4 1821//4 1277//4 
f 1277//1 1821//1 234//1 
f 2494//4 2495//4 2496//4 
f 2495//1013 2494//1014 2497//1014 
f 2498//4 1098//4 856//4 
f 2499//1015 2500//1016 2501//1016 
f 734//4 1405//4 2502//4 
f 2502//767 1405//1017 2503//1017 
f 2150//861 2504//860 2148//860 
f 18//4 2504//4 2150//4 
f 2505//968 2506//1018 394//1018 
f 2506//4 2505//4 2507//4 
f 2508//4 2509//4 2510//4 
f 2509//968 2508//1018 2511//1018 
f 2512//960 2513//1019 2403//1019 
f 247//7 2513//61 2512//4 
f 2514//858 2515//1020 2516//1021 
f 62//13 2517//16 2518//16 
f 2519//4 2520//4 1096//4 
f 2520//1022 2519//1023 2521//1023 
f 1364//4 1832//4 1365//4 
f 200//1 1832//1 1364//1 
f 200//7 570//4 86//7 
f 1364//1 570//1 200//1 
f 1131//4 1130//4 1401//4 
f 1401//12 1130//12 1439//12 
f 743//4 1439//4 473//4 
f 1439//12 743//12 1401//12 
f 1007//16 1009//16 1699//16 
f 1441//4 1009//7 1007//7 
f 1838//12 1835//12 1298//12 
f 1835//4 1838//4 1837//4 
f 1834//12 1833//12 1008//12 
f 1833//7 1834//7 1700//7 
f 393//4 899//4 1297//4 
f 1297//16 899//16 1836//16 
f 964//4 966//4 1359//4 
f 966//4 1360//4 1359//4 
f 1840//12 1841//12 767//12 
f 1841//4 1840//4 1839//4 
f 572//16 1300//16 1842//16 
f 571//4 1300//4 572//4 
f 914//7 915//4 1299//7 
f 1299//742 915//742 1365//742 
f 1630//7 1658//4 1480//7 
f 1658//12 1630//12 397//12 
f 1843//4 1844//4 1481//4 
f 1844//12 1843//12 1077//12 
f 464//152 466//154 2522//152 
f 240//77 2522//31 466//31 
f 2390//151 2523//151 327//85 
f 80//185 2523//185 2390//948 
f 720//728 2524//807 1899//726 
f 2524//578 70//17 1899//19 
f 138//18 2525//24 139//24 
f 139//1024 2525//1025 1338//1024 
f 2526//4 2527//4 2528//4 
f 552//192 2526//191 550//191 
f 2401//1026 2529//1027 2530//1027 
f 2531//4 2401//4 2398//4 
f 2368//4 2532//4 2369//4 
f 2533//1028 2368//1029 1951//1029 
f 2534//4 2535//4 2536//4 
f 2536//1030 2535//890 2537//890 
f 231//7 2538//7 2486//7 
f 2486//1006 2538//1005 2483//1005 
f 2054//404 2053//404 270//85 
f 462//151 270//85 463//151 
f 365//7 1639//7 366//4 
f 366//1 1639//1 2096//1 
f 1719//4 2539//4 907//4 
f 907//2 2539//1031 2540//1031 
f 126//4 1865//4 127//4 
f 126//4 839//4 1865//4 
f 297//7 299//4 1866//7 
f 299//4 1073//7 1866//7 
f 839//4 1746//4 1865//4 
f 839//4 841//4 1746//4 
f 1073//7 1748//7 1866//7 
f 1073//7 1075//4 1748//7 
f 1503//4 2541//4 2542//4 
f 2541//1032 1503//658 1502//658 
f 1255//4 2543//4 2544//4 
f 2543//1033 1255//570 1253//570 
f 2545//1034 1507//660 1504//660 
f 1507//4 2545//4 90//7 
f 789//4 2546//4 214//4 
f 2546//1035 789//297 256//297 
f 788//4 2547//4 2548//4 
f 2547//1036 788//295 658//295 
f 2549//1037 672//240 113//240 
f 672//7 2549//7 243//7 
f 803//4 2550//4 2551//4 
f 2550//1038 803//313 478//313 
f 2552//1039 2553//1040 2024//810 
f 1424//228 774//228 1425//227 
f 169//19 1027//19 2383//19 
f 2384//945 2383//941 1027//1041 
f 1099//4 603//4 364//4 
f 603//4 605//4 364//4 
f 1245//4 1488//4 472//4 
f 1245//4 1246//4 1488//4 
f 2554//1042 2555//1043 2556//1043 
f 784//4 2555//4 2557//4 
f 2558//7 2559//1044 100//7 
f 2559//1045 2558//1046 2560//1046 
f 26//4 2561//4 2562//4 
f 2562//1045 2561//1046 2563//1046 
f 1246//4 501//4 1488//4 
f 1246//4 474//4 501//4 
f 775//22 2564//16 2565//16 
f 2566//1047 2567//1048 2217//887 
f 2568//4 2423//4 2569//4 
f 2569//1049 2423//967 2422//967 
f 1527//4 1529//4 2570//4 
f 2571//1050 1529//1051 2507//1051 
f 2572//1050 1420//1051 2510//1051 
f 1418//4 1420//7 2573//4 
f 2574//161 1265//161 2575//131 
f 1263//2 2575//3 1265//2 
f 1565//2 2154//2 118//2 
f 2153//119 2154//119 1565//120 
f 382//2 2308//2 2204//2 
f 2203//88 2204//88 2308//89 
f 1567//321 1566//321 2576//120 
f 1414//2 2576//2 1566//2 
f 2577//2 2578//2 118//2 
f 2579//205 2578//205 2577//118 
f 1895//3 1572//3 119//3 
f 1447//3 505//3 119//3 
f 2580//114 2581//114 2582//9 
f 2582//3 2581//3 119//3 
f 1534//2 1533//2 2583//2 
f 1896//177 2583//177 1533//178 
f 917//3 2584//2 2580//2 
f 2581//114 2580//114 2584//115 
f 1102//122 1101//122 2585//129 
f 2585//2 1101//2 7//2 
f 2586//1052 1861//762 1859//762 
f 1861//4 2586//4 2587//4 
f 2588//1053 1408//625 1407//625 
f 2589//4 1408//4 2588//4 
f 553//193 50//4 134//61 
f 553//193 134//61 19//4 
f 2590//1054 1475//645 1472//645 
f 1475//4 2590//4 19//4 
f 1367//1055 1366//1056 2591//1057 
f 2592//542 2593//1058 2045//827 
f 1372//4 2594//4 1869//4 
f 2595//1059 2596//1060 2597//1060 
f 271//86 2598//1061 2599//1062 
f 65//15 2600//12 2601//12 
f 84//14 750//16 2362//16 
f 84//44 2362//929 2364//929 
f 749//8 2602//12 639//12 
f 2602//286 2603//286 639//228 
f 2604//4 2605//4 2606//4 
f 2605//1063 2604//1064 2607//1064 
f 1391//4 2608//4 1951//4 
f 1951//1029 2608//1028 2533//1028 
f 2609//4 1182//4 978//4 
f 1182//1065 2609//1066 2610//1066 
f 1013//1065 2611//1066 2612//1066 
f 2611//4 1013//4 896//4 
f 2613//1067 2614//1068 2615//1068 
f 1232//4 2459//1069 729//554 
f 942//4 2454//4 795//4 
f 2616//1067 2617//1068 2618//1068 
f 2530//1027 2619//1026 2401//1026 
f 2619//4 2530//4 912//4 
f 2537//890 2620//1030 2536//1030 
f 2620//4 2537//4 2409//4 
f 1758//16 1756//16 916//16 
f 1756//4 1758//4 1365//4 
f 1495//7 1497//7 1939//4 
f 2621//1070 852//341 851//341 
f 1720//4 2622//4 1355//4 
f 2622//997 1720//1071 2623//1071 
f 2624//1072 1723//1071 2625//1071 
f 1723//4 2624//4 1352//4 
f 2626//1073 2627//1074 2100//1074 
f 1549//4 2628//634 2158//4 
f 928//554 2629//7 231//7 
f 2629//1075 928//379 927//379 
f 2630//1076 2631//1077 2632//1077 
f 1528//4 1914//4 1774//4 
f 2633//1076 2634//1077 2635//1077 
f 1419//4 1909//7 1770//7 
f 784//4 2636//4 2555//4 
f 2636//1078 784//291 783//291 
f 49//7 2497//7 2637//7 
f 2637//1079 2497//1014 2494//1014 
f 750//16 2638//16 2639//16 
f 1764//743 2603//286 2602//286 
f 646//7 645//4 1631//4 
f 913//16 1631//16 645//16 
f 1411//16 1409//16 1625//16 
f 1411//4 1410//4 1409//4 
f 2144//858 2640//858 2145//859 
f 79//13 2641//22 2642//22 
f 233//2 473//2 472//2 
f 91//4 473//4 233//4 
f 2643//1080 2644//1081 2645//1082 
f 2644//7 2643//193 872//4 
f 2646//1080 2647//1082 2648//1082 
f 24//4 2647//4 2646//4 
f 2649//703 2095//1083 2112//1083 
f 2095//4 2649//4 1399//4 
f 2650//1084 2651//1085 1755//1085 
f 553//193 2651//4 2650//4 
f 1634//701 2652//1086 2461//991 
f 791//302 2653//27 1632//27 
f 2654//4 1876//4 1873//4 
f 1876//752 2655//751 201//751 
f 1824//752 2656//751 1822//751 
f 2657//4 1824//4 1845//4 
f 531//115 530//115 631//114 
f 345//2 631//2 530//3 
f 2658//538 632//538 2659//124 
f 429//3 2659//2 632//2 
f 426//130 425//130 2660//129 
f 2660//3 425//3 533//2 
f 2661//116 2662//116 2663//63 
f 2663//2 2662//2 533//2 
f 2664//108 2665//108 2666//137 
f 1268//2 1267//2 533//2 
f 1732//130 2667//130 1730//129 
f 1510//3 1509//3 582//2 
f 815//123 814//123 2668//122 
f 2669//2 2668//2 814//2 
f 931//381 2670//380 929//380 
f 1812//4 2671//4 2672//4 
f 2673//1087 2674//1088 2675//1088 
f 20//4 2674//4 2673//4 
f 2534//4 2676//4 2677//4 
f 2676//425 2534//1088 2678//1088 
f 1542//4 1814//4 1539//4 
f 1542//1 1539//1 212//1 
f 2679//1089 2680//1090 2681//1090 
f 2680//4 2679//4 2682//4 
f 2683//2 2684//2 13//2 
f 2684//122 2683//129 2685//129 
f 2686//88 2687//88 2688//113 
f 2688//3 2687//3 221//3 
f 1731//3 1642//2 1733//2 
f 1733//113 1642//88 1640//88 
f 2687//88 2686//88 2669//89 
f 2668//2 2669//2 2686//2 
f 2689//137 2690//108 2691//108 
f 2690//3 2689//3 12//2 
f 486//161 485//161 2692//68 
f 2692//2 485//2 58//3 
f 822//2 821//2 315//3 
f 1952//3 1954//3 315//3 
f 669//4 668//4 2693//137 
f 2693//3 668//3 315//3 
f 1988//119 368//119 1990//120 
f 1990//2 368//2 104//2 
f 2694//2 2691//2 2695//2 
f 2695//107 2691//108 2690//108 
f 2086//2 2087//2 820//2 
f 821//141 820//141 2087//138 
f 1165//2 2696//2 132//2 
f 2696//91 1165//132 1164//132 
f 41//9 2697//67 2322//67 
f 2697//2 41//2 40//2 
f 389//122 388//122 2698//129 
f 2698//2 388//2 104//2 
f 2699//3 2700//3 1558//3 
f 1557//172 1558//172 2700//173 
f 1931//3 562//3 2701//3 
f 2701//68 562//161 560//161 
f 2702//2 2703//2 847//3 
f 848//132 847//132 2703//91 
f 1960//3 2704//3 194//3 
f 2704//113 1960//65 1959//65 
f 440//3 2705//3 12//2 
f 2705//124 440//125 439//125 
f 275//3 2685//2 2706//2 
f 2706//130 2685//129 2683//129 
f 2707//3 2224//3 314//3 
f 1398//139 2224//139 2707//173 
f 174//8 1424//12 1426//12 
f 1602//687 2708//911 1603//688 
f 2420//4 2709//4 987//4 
f 1847//758 2420//757 1845//757 
f 2425//4 2710//1091 1971//4 
f 1875//758 2425//757 1873//757 
f 2711//575 2712//1092 2713//1092 
f 2714//4 1724//4 2711//4 
f 2715//4 1721//4 2716//4 
f 2716//575 2717//1092 2718//1092 
f 2719//962 1244//562 1243//562 
f 2720//4 1244//4 2721//4 
f 2587//1093 2722//1094 2723//1094 
f 2586//4 2722//4 2587//4 
f 2724//362 2103//1095 2725//1095 
f 2102//4 2103//4 2724//4 
f 2682//1096 2726//1097 2727//1097 
f 2679//4 2726//4 2682//4 
f 2728//1098 827//328 826//328 
f 1638//4 2729//4 2730//4 
f 2731//908 2732//1099 2733//1099 
f 1079//4 2732//4 2731//4 
f 354//4 916//7 355//4 
f 355//741 916//741 1756//741 
f 2734//1100 2735//1101 2736//1101 
f 1868//4 1372//4 1869//4 
f 1904//796 2446//1102 1387//617 
f 451//218 1387//218 2446//218 
f 1597//796 2737//1102 1577//617 
f 2737//218 1293//218 1577//218 
f 2738//1103 1799//244 1796//244 
f 1799//4 2738//4 214//4 
f 2739//1104 1795//234 1792//234 
f 1795//7 2739//7 243//7 
f 1802//4 2740//4 2741//4 
f 2740//1105 1802//216 1801//216 
f 1787//4 2742//4 2743//4 
f 2742//1106 1787//226 1785//226 
f 2744//1107 1781//391 1778//391 
f 1781//4 2744//4 19//4 
f 1777//4 2745//4 2746//4 
f 2745//1108 1777//389 1776//389 
f 2747//1109 1791//393 1788//393 
f 1791//4 2747//4 90//7 
f 1784//4 2748//4 2749//4 
f 2748//1110 1784//395 1782//395 
f 870//4 2750//4 214//4 
f 2750//1111 870//352 867//352 
f 866//7 2751//7 243//7 
f 2751//1112 866//350 863//350 
f 824//4 2752//4 2753//4 
f 2752//1113 824//326 415//326 
f 940//4 2754//4 2755//4 
f 2754//1114 940//385 527//385 
f 656//4 2756//4 2757//4 
f 2756//1115 656//236 654//236 
f 823//4 2758//4 19//4 
f 2758//1116 823//324 412//324 
f 673//4 2759//4 2760//4 
f 2759//1117 673//242 417//242 
f 802//4 2761//4 90//7 
f 2761//1118 802//311 524//311 
f 75//32 1160//32 842//21 
f 150//22 1160//16 75//13 
f 395//32 1259//32 1258//32 
f 1259//16 395//16 567//199 
f 2762//3 1930//2 582//2 
f 1929//65 1930//65 2762//113 
f 1413//177 1414//177 2763//171 
f 1566//2 2763//2 1414//2 
f 2764//3 1675//3 533//2 
f 1104//136 1675//136 2764//171 
f 1712//3 2765//3 582//2 
f 1714//68 2765//68 1712//161 
f 1977//177 1978//177 2766//171 
f 2310//2 2766//2 1978//2 
f 1980//177 1981//177 2767//171 
f 1377//2 2767//2 1981//2 
f 2299//107 2298//107 2768//538 
f 2313//2 2768//2 2298//2 
f 2703//2 2702//2 320//2 
f 321//107 320//107 2702//538 
f 1570//2 1569//2 2769//2 
f 2770//118 2769//118 1569//16 
f 2770//3 2771//3 533//2 
f 1569//16 2771//16 2770//118 
f 173//8 226//8 2772//114 
f 2772//3 226//3 533//2 
f 1072//119 2773//119 1070//62 
f 816//3 815//3 676//2 
f 1741//141 1742//141 1992//58 
f 1993//3 1992//2 1742//2 
f 2774//141 2775//141 2776//58 
f 939//3 2776//2 2775//2 
f 2777//3 323//3 676//2 
f 324//9 323//8 2777//114 
f 746//9 1216//8 2778//114 
f 2778//2 1216//2 582//2 
f 2779//2 1726//2 676//2 
f 1727//7 1726//7 2779//58 
f 1510//123 1520//123 1508//122 
f 1519//2 1508//2 1520//2 
f 2780//2 401//3 676//2 
f 402//129 401//129 2780//122 
f 2781//4 2191//4 2192//4 
f 2191//1100 2781//1119 2782//1119 
f 1547//4 2783//4 2784//4 
f 2784//1015 2783//1120 2785//1120 
f 250//4 1023//4 251//4 
f 251//1121 1023//430 1022//430 
f 2786//1122 2051//13 2787//13 
f 1762//4 2051//4 2788//4 
f 2789//218 828//218 1612//218 
f 2789//584 1612//585 2240//583 
f 800//218 1069//217 1690//217 
f 1068//464 1690//550 1069//465 
f 2790//4 2787//4 2791//4 
f 2791//1123 2787//13 2051//13 
f 2792//1124 2111//844 2110//844 
f 2111//4 2792//4 2793//4 
f 2794//4 2795//4 2796//4 
f 2796//1125 2795//1126 2797//1126 
f 2798//1125 2799//1126 2800//1126 
f 2799//4 2798//4 2801//4 
f 201//7 2802//4 29//7 
f 2802//1127 201//751 2655//751 
f 749//8 639//12 638//12 
f 2285//687 2803//911 2286//911 
f 2804//1128 2805//1129 1491//1130 
f 1088//217 1491//217 2805//217 
f 2038//217 2039//217 2806//217 
f 2806//1129 2039//1130 1650//1128 
f 56//12 2807//12 2808//12 
f 2809//788 2810//790 2811//788 
f 600//211 2812//1131 601//212 
f 1055//218 601//217 2812//218 
f 1338//267 2450//1132 1339//268 
f 2449//218 1339//218 2450//217 
f 1210//217 999//217 2463//218 
f 998//211 2463//1131 999//212 
f 722//218 1743//217 331//217 
f 722//268 721//267 1743//1132 
f 2238//261 2239//259 2438//260 
f 1915//217 2438//217 2239//217 
f 545//146 2813//147 546//145 
f 545//218 2035//218 2813//218 
f 2814//1133 1348//598 1347//598 
f 48//4 1348//7 2814//7 
f 66//15 2815//15 174//8 
f 66//75 1368//605 2815//605 
f 2816//332 2817//1134 2818//1134 
f 48//4 2817//7 2816//7 
f 1864//4 2819//4 2128//4 
f 2819//385 1864//764 1862//764 
f 2820//352 2821//1135 2822//1135 
f 135//7 2821//4 2820//4 
f 2823//4 2824//4 473//4 
f 2824//1136 2823//1137 2825//1137 
f 18//4 1170//4 2826//4 
f 2826//1138 1170//530 1169//530 
f 2827//4 2828//4 1669//4 
f 2829//1139 2830//1140 2831//1140 
f 2832//1141 2833//1142 2834//1142 
f 2833//4 2832//4 89//7 
f 2835//7 98//7 2836//7 
f 2837//1143 2835//1143 2836//1144 
f 2121//1145 2838//1146 2839//1146 
f 1009//7 2838//4 2121//7 
f 2840//1147 2841//1148 2842//1148 
f 2843//4 2841//4 2840//4 
f 2844//1149 2845//1148 2846//1148 
f 2847//4 2845//4 2844//4 
f 243//7 2848//4 1050//7 
f 1050//491 2848//490 1111//490 
f 2849//334 2850//1150 2851//1150 
f 2850//4 2849//4 2852//4 
f 2853//717 2854//1151 2855//1151 
f 2854//4 2853//4 1417//4 
f 2856//717 2857//1151 2858//1151 
f 2857//4 2856//4 693//4 
f 775//22 2022//16 2859//16 
f 2860//1152 2861//1153 2395//954 
f 2862//4 2863//4 90//7 
f 2863//1154 2862//1155 2864//1155 
f 2865//4 2866//4 2867//4 
f 2866//1156 2865//1157 2868//1157 
f 2869//4 2870//4 2871//4 
f 2870//1158 2869//1159 2872//1159 
f 2873//4 2874//4 2875//4 
f 2874//1160 2873//1161 2876//1161 
f 2877//7 2878//7 243//7 
f 2878//1162 2877//1163 2879//1163 
f 2880//4 2881//4 214//4 
f 2881//1164 2880//1165 2882//1165 
f 2883//4 2884//4 2885//4 
f 2884//1166 2883//1167 2886//1167 
f 834//4 2887//4 2888//4 
f 2888//1168 2887//1169 2827//1169 
f 2889//1170 2890//1171 2891//1171 
f 2890//5 2889//5 33//5 
f 2892//1172 2893//1172 2894//1173 
f 2893//6 558//5 2894//6 
f 2895//1174 2891//1171 2890//1171 
f 1087//7 1222//7 89//7 
f 2893//1172 2892//1172 2896//1175 
f 1825//7 98//7 1943//7 
f 1757//3 1831//3 353//3 
f 1831//4 1757//4 1365//4 
f 259//709 547//709 1650//709 
f 2806//1129 1650//1128 547//163 
f 158//709 488//709 2804//709 
f 2804//1128 488//163 2805//1129 
f 706//210 708//257 2897//1176 
f 2393//950 706//662 2897//1177 
f 599//210 1897//257 2898//1176 
f 2392//950 599//662 2898//1177 
f 1811//4 1809//4 1812//4 
f 2899//1178 1811//1179 2484//1179 
f 214//4 399//4 2900//4 
f 2900//1180 399//927 2346//927 
f 214//4 913//4 648//4 
f 645//16 648//16 913//16 
f 521//4 123//4 1625//4 
f 1625//16 123//16 1411//16 
f 2147//4 2149//4 2488//4 
f 2488//1008 2149//1007 2130//1007 
f 2491//1010 2901//1009 2490//1009 
f 2131//4 2901//4 924//4 
f 2902//1049 2428//967 2427//967 
f 2903//4 2428//4 2902//4 
f 2904//1181 2905//1182 2906//1183 
f 2048//1184 2907//1185 2905//1182 
f 2908//1186 1238//558 590//558 
f 1238//4 2909//4 2910//4 
f 1762//4 861//4 2050//4 
f 2050//1187 2911//1188 2912//1188 
f 373//1189 628//224 627//171 
f 373//2 627//2 40//2 
f 791//302 1042//32 2653//27 
f 2652//1086 1040//445 1293//589 
f 791//302 2116//32 1041//27 
f 2114//846 2913//1190 1038//443 
f 289//95 307//103 306//102 
f 88//300 480//27 790//298 
f 481//31 2119//27 482//27 
f 287//93 2036//819 2038//821 
f 481//31 1296//27 2118//27 
f 1126//501 1128//503 2117//847 
f 481//31 2135//27 1295//27 
f 181//55 1744//973 1294//590 
f 1917//785 2914//784 1916//784 
f 2914//4 1917//4 26//4 
f 2915//4 2916//4 19//4 
f 2916//1191 2915//1192 2917//1192 
f 2918//1193 2919//1194 2920//1194 
f 2356//4 2921//4 2918//4 
f 271//86 2922//1195 2598//1061 
f 62//13 2923//16 2924//16 
f 2925//4 1059//4 1718//4 
f 1059//457 2926//456 508//456 
f 2927//4 2928//4 2929//4 
f 2928//769 2927//1196 2930//1197 
f 2931//4 2932//4 2933//4 
f 2932//769 2931//1197 2934//1197 
f 328//86 2935//1195 2936//1195 
f 79//13 2937//22 2938//14 
f 1759//1198 2213//881 2212//881 
f 2213//4 1759//4 1648//4 
f 2939//4 2940//4 1098//4 
f 2940//1199 2939//1200 2941//1200 
f 1624//700 2942//699 1622//699 
f 317//7 2942//4 1624//4 
f 825//4 2943//4 2944//4 
f 2944//1136 2943//1201 2945//1201 
f 2483//4 2946//4 2484//4 
f 2484//1179 2946//1178 2899//1178 
f 1258//32 400//32 395//32 
f 568//8 400//15 1258//12 
f 2947//1202 2164//1203 2528//1203 
f 884//4 2164//4 2948//4 
f 2949//1204 2950//1205 2951//1205 
f 1232//4 2950//1206 2459//1069 
f 2952//1204 2953//1205 2954//1205 
f 942//4 2953//4 2454//4 
f 2955//1207 2956//1208 2957//1208 
f 884//4 2162//4 2164//4 
f 2958//566 1701//566 2959//566 
f 84//44 1701//76 2958//31 
f 1025//433 1026//433 1134//433 
f 1134//24 1026//24 63//60 
f 2958//566 2959//566 537//566 
f 167//24 537//24 2959//24 
f 166//45 84//44 1043//447 
f 166//814 1043//814 196//814 
f 56//21 2387//1209 242//74 
f 2387//947 2386//947 242//947 
f 2960//947 2033//815 238//432 
f 65//21 2960//1209 238//74 
f 235//937 2961//937 489//937 
f 157//35 2961//1210 235//71 
f 1945//1211 1649//708 1402//708 
f 71//18 1649//944 1945//458 
f 2962//866 1697//504 2388//506 
f 79//20 1697//736 2962//736 
f 266//946 165//946 2238//946 
f 140//17 165//43 266//33 
f 1337//807 301//774 1982//806 
f 140//17 1337//578 1982//578 
f 2941//1200 2963//1199 2940//1199 
f 2964//4 1762//4 2788//4 
f 2965//1050 2966//1212 2573//1212 
f 1434//4 2966//4 2965//4 
f 2967//1050 2968//1212 2570//1212 
f 1435//4 2968//4 2967//4 
f 2402//4 2404//4 2912//4 
f 2912//1188 2404//1187 2050//1187 
f 721//267 1123//196 1743//1132 
f 721//622 182//623 1123//892 
f 2525//1025 564//892 1338//1024 
f 1338//267 564//196 2450//1132 
f 2969//4 2970//4 2971//4 
f 2970//778 2969//1213 135//1213 
f 2972//4 2973//4 2974//4 
f 2974//1214 2973//1215 2975//1215 
f 2976//1125 2977//1216 2978//1216 
f 2977//7 2976//7 100//7 
f 2979//1125 2980//1216 2981//1216 
f 26//4 2980//4 2979//4 
f 1239//560 2982//559 766//559 
f 2983//4 1620//4 2984//4 
f 1382//218 2034//217 711//217 
f 1382//612 1380//611 2034//818 
f 153//51 1763//1001 178//52 
f 1227//218 178//218 1763//218 
f 828//329 830//331 990//412 
f 828//218 990//218 1612//218 
f 830//76 150//32 991//76 
f 830//331 991//413 990//412 
f 1038//443 2913//1190 1039//444 
f 2913//218 1880//218 1039//218 
f 1619//698 740//280 739//279 
f 163//41 1619//695 739//1217 
f 1089//217 490//217 740//217 
f 1619//698 1089//697 740//280 
f 2443//975 2040//822 2442//976 
f 141//25 2040//32 2443//32 
f 2985//1218 2839//1146 2838//1146 
f 2839//4 2985//4 2986//4 
f 1914//4 2987//4 1774//4 
f 2988//1219 980//372 979//372 
f 1909//7 2989//4 1770//7 
f 2990//1219 898//372 897//372 
f 2991//4 2992//4 29//7 
f 2992//769 2991//770 2993//770 
f 2552//1039 2994//1220 2553//1040 
f 1603//688 2708//911 2995//1221 
f 2681//1090 2158//1089 2679//1089 
f 2158//4 878//4 1550//4 
f 579//203 578//202 581//1222 
f 791//302 1633//32 581//32 
f 1586//4 908//4 2540//4 
f 2540//1031 908//2 907//2 
f 2996//437 2997//1223 2998//1223 
f 2999//4 2997//4 2996//4 
f 3000//4 3001//4 3002//4 
f 3002//437 3001//1223 3003//1223 
f 3004//1224 3005//1225 3006//1225 
f 3005//4 3004//4 1098//4 
f 3007//1226 799//307 801//309 
f 268//84 799//615 3007//1227 
f 3008//1228 1494//654 1493//654 
f 3009//4 1494//4 3008//4 
f 744//24 1445//24 269//24 
f 269//951 1445//1229 2394//952 
f 3010//1230 1118//497 1117//496 
f 2187//4 3011//4 1496//4 
f 3012//4 3013//4 3014//4 
f 3014//1231 3013//1232 3015//1232 
f 446//3 3016//2 610//2 
f 3017//66 610//66 3016//121 
f 3018//141 3019//141 1217//58 
f 1218//3 1217//2 3019//2 
f 1737//131 1736//131 3020//161 
f 3021//2 3020//2 1736//2 
f 2351//68 2699//68 2349//69 
f 1558//3 2349//3 2699//3 
f 1200//91 3022//91 2355//90 
f 2355//2 3022//2 676//2 
f 3023//120 3024//120 1515//321 
f 1516//2 1515//2 3024//2 
f 3025//62 3026//62 3027//16 
f 3027//3 3026//3 582//2 
f 1707//132 3028//132 804//131 
f 439//3 804//3 3028//2 
f 2296//66 2295//66 812//121 
f 670//3 812//2 2295//2 
f 3029//173 1579//173 3030//172 
f 1581//2 3030//3 1579//2 
f 191//2 190//2 582//2 
f 2775//141 2774//141 3031//138 
f 209//6 208//5 3032//121 
f 3032//2 208//2 676//2 
f 3033//69 1851//69 3034//205 
f 1853//2 3034//3 1851//3 
f 3035//2 227//2 533//2 
f 228//68 227//68 3035//161 
f 1579//173 3029//173 3036//139 
f 3036//2 3029//2 533//2 
f 610//66 3017//66 3037//65 
f 3037//2 3017//2 533//2 
f 3038//2 3018//2 533//2 
f 3019//141 3018//141 3038//138 
f 2206//2 3039//2 2664//2 
f 2665//108 2664//108 3039//107 
f 2662//116 2661//116 1317//90 
f 1318//2 1317//2 2661//2 
f 504//2 735//2 2173//2 
f 2172//120 2173//120 735//321 
f 2075//91 2074//91 3040//90 
f 3040//2 2074//2 533//2 
f 1739//2 1262//2 533//2 
f 632//538 2658//538 3041//107 
f 3042//3 1673//3 676//2 
f 813//136 1673//136 3042//171 
f 1166//124 1537//124 3043//538 
f 3043//2 1537//2 582//2 
f 1150//124 1151//124 3044//538 
f 3044//2 1151//2 676//2 
f 3045//2 421//2 582//2 
f 422//136 421//136 3045//171 
f 276//88 275//88 3046//113 
f 2706//2 3046//3 275//3 
f 1932//139 1931//139 3047//173 
f 2701//3 3047//3 1931//3 
f 2089//139 2088//139 2314//173 
f 2315//3 2314//3 2088//3 
f 678//7 3048//4 3049//4 
f 3049//1042 3048//1233 2557//1233 
f 3050//1234 3051//1235 2567//1048 
f 772//286 2046//828 773//287 
f 3052//1138 3053//1236 3054//1236 
f 1620//4 3053//4 3052//4 
f 1661//1237 1532//500 1531//500 
f 1660//4 1532//4 1661//4 
f 1663//1237 1122//500 1121//500 
f 1662//4 1122//4 1663//4 
f 3055//4 3056//4 3057//4 
f 3057//1238 3058//1239 3059//1239 
f 2995//1221 3060//1240 3061//1241 
f 3060//1240 3062//1242 3063//1243 
f 791//302 147//299 790//298 
f 791//302 148//301 147//299 
f 3064//1244 2920//1194 2919//1194 
f 2920//4 3064//4 747//4 
f 137//184 3065//184 462//185 
f 462//151 3065//151 270//85 
f 84//44 241//76 3066//31 
f 168//1245 3066//1245 241//1245 
f 176//24 464//24 539//19 
f 539//186 464//1245 2522//1245 
f 168//1245 1942//1245 3066//1245 
f 167//24 1942//24 168//19 
f 3067//4 3068//4 731//4 
f 3068//427 3067//1246 3069//1246 
f 2286//911 638//227 640//227 
f 750//16 3070//16 2288//16 
f 749//8 2361//12 1766//12 
f 1269//573 1271//542 2363//541 
f 174//8 1208//12 2278//12 
f 2592//542 2045//827 2044//743 
f 750//16 2289//16 2638//16 
f 2603//286 1555//671 639//228 
f 1495//7 3071//4 2187//4 
f 2370//931 3072//931 3073//1247 
f 3074//1248 2129//850 2128//850 
f 2130//4 3074//4 2131//4 
f 3075//4 2134//4 3076//4 
f 3076//1249 2134//852 2133//852 
f 3077//1250 3078//1251 3079//1251 
f 3078//4 3077//4 89//7 
f 3080//1252 3081//1252 3082//1253 
f 3081//7 98//7 3082//7 
f 1169//4 1214//4 3083//4 
f 3083//1254 1214//547 1213//547 
f 2131//4 3084//4 2901//4 
f 3085//1255 922//376 921//376 
f 2789//584 2240//583 1278//99 
f 1278//720 2240//721 1279//721 
f 164//721 303//721 1287//721 
f 303//99 1288//584 1287//583 
f 2280//4 3086//4 3087//4 
f 3086//1256 2280//1257 2594//1257 
f 3088//5 3089//5 33//5 
f 3089//1258 3088//1259 3090//1259 
f 3091//1260 3092//1261 3093//1262 
f 3092//6 558//5 3093//6 
f 35//5 3094//5 3095//5 
f 3095//1156 3094//1157 3096//1157 
f 116//6 3097//6 3098//6 
f 3098//1158 3097//1159 3099//1159 
f 3100//4 3101//4 3102//4 
f 3101//1154 3100//1155 3103//1155 
f 3104//4 3105//4 3106//4 
f 3105//1191 3104//1192 3107//1192 
f 253//5 3108//5 3109//5 
f 3109//1166 3108//1167 3110//1167 
f 3111//4 3112//4 3113//4 
f 3112//1162 3111//1163 3114//1163 
f 3115//4 3116//4 3117//4 
f 3116//1164 3115//1165 3118//1165 
f 34//6 3119//6 3120//6 
f 3120//1160 3119//1161 3121//1161 
f 3122//1084 3123//1263 3124//1263 
f 3125//4 3123//4 3122//4 
f 3126//1264 2957//1208 2956//1208 
f 3127//4 2957//4 3126//4 
f 546//773 1226//773 184//773 
f 546//145 2813//147 1226//464 
f 1066//773 452//792 1068//773 
f 452//145 454//147 1068//464 
f 3128//1265 2190//878 2189//878 
f 682//4 2190//4 3128//4 
f 304//683 2897//1177 1597//684 
f 2897//1176 2737//1102 1597//796 
f 2898//1176 2446//1102 1904//796 
f 1903//683 2898//1177 1904//684 
f 2380//943 2804//943 1062//943 
f 2804//1128 1491//1130 1062//459 
f 1236//943 1650//943 1403//943 
f 1650//1128 2039//1130 1403//459 
f 1616//1266 2951//1205 2950//1205 
f 2951//4 1616//4 725//4 
f 2954//4 1614//4 971//4 
f 1614//1266 2954//1205 2953//1205 
f 212//64 3129//4 2607//4 
f 2607//1064 3129//1063 2605//1063 
f 3130//1267 3131//1268 3132//1268 
f 3131//4 3130//4 3133//4 
f 1337//807 1340//728 301//774 
f 1340//266 1526//262 301//97 
f 715//262 714//97 720//266 
f 714//774 2524//807 720//728 
f 3006//1225 3134//1224 3004//1224 
f 1549//4 1550//4 3135//7 
f 3136//1269 3137//1270 3138//1270 
f 795//4 3137//4 1573//4 
f 729//554 3139//554 1233//7 
f 3140//1269 3139//1270 3141//1270 
f 2822//4 3142//4 3143//4 
f 3142//1271 2822//1135 2821//1135 
f 712//946 544//946 155//946 
f 712//261 711//260 544//190 
f 2238//261 2438//260 1578//190 
f 266//946 2238//946 1578//946 
f 1563//957 2463//1131 998//211 
f 261//661 1563//673 998//661 
f 1688//957 2812//1131 600//211 
f 265//661 1688//731 600//661 
f 548//164 1881//616 1880//618 
f 2375//937 1881//937 548//937 
f 489//164 1386//616 1388//618 
f 2961//937 1386//937 489//937 
f 1947//891 1402//461 1451//855 
f 1947//725 1945//724 1402//724 
f 1060//724 1064//724 1682//725 
f 1682//891 1064//461 2137//855 
f 2381//936 1067//734 491//956 
f 491//166 1067//463 492//167 
f 1564//463 1499//167 2122//166 
f 2374//936 1564//734 2122//956 
f 159//37 1672//714 160//38 
f 2439//971 1672//781 159//353 
f 2198//2 1716//2 170//3 
f 1734//63 1716//63 2198//116 
f 3020//2 3021//2 506//2 
f 3144//173 506//173 3021//139 
f 3019//2 3145//2 1218//3 
f 3146//121 1218//121 3145//66 
f 503//136 502//136 3147//89 
f 3147//3 502//3 5//3 
f 3148//107 1318//107 3149//108 
f 2661//2 3149//2 1318//2 
f 3150//2 622//2 7//2 
f 2083//138 622//138 3150//141 
f 1896//3 1895//3 119//3 
f 1533//178 1895//178 1896//177 
f 530//3 2579//2 345//2 
f 2577//118 345//118 2579//205 
f 2574//2 837//2 11//2 
f 2575//131 837//131 2574//161 
f 3021//139 450//139 3144//173 
f 3144//3 450//3 120//3 
f 3146//3 285//3 170//3 
f 3145//66 285//66 3146//121 
f 3039//2 2206//2 430//2 
f 2205//91 430//91 2206//90 
f 3149//108 1315//108 3148//107 
f 3148//3 1315//3 120//3 
f 2082//2 2083//2 447//2 
f 3150//141 447//141 2083//138 
f 2056//4 702//4 1466//4 
f 3151//572 2056//1272 3152//1272 
f 50//4 3153//4 2727//4 
f 2727//1097 3153//1096 2682//1096 
f 3154//4 2292//4 1718//4 
f 1718//1273 2292//913 2291//913 
f 175//47 1602//687 1604//689 
f 2861//1153 2396//955 2395//954 
f 1240//1274 705//255 704//255 
f 705//7 1240//7 316//7 
f 3155//4 1357//4 1093//4 
f 1357//765 3155//1275 1868//1275 
f 1235//4 1617//4 3156//4 
f 3156//303 1617//1276 3157//1276 
f 3158//1277 1615//1278 3159//1278 
f 943//4 1615//4 3158//4 
f 892//4 2227//4 1358//4 
f 1358//1279 2227//890 2225//890 
f 775//22 2859//16 3160//16 
f 2859//1280 3161//1281 3160//1282 
f 3162//4 3163//4 678//7 
f 3163//1283 3162//1284 2060//1284 
f 3164//1285 159//353 611//355 
f 611//217 453//217 2437//217 
f 1111//4 3165//4 1376//4 
f 1376//712 3165//1286 3166//1286 
f 193//1287 3167//1288 3168//1289 
f 62//13 69//16 3169//16 
f 1241//1290 3170//1291 2498//1291 
f 3171//4 3170//4 1241//7 
f 1867//4 1869//4 2358//4 
f 3172//1292 3173//1293 3174//1293 
f 2564//1294 3175//1295 2566//1047 
f 3175//1295 2025//811 2215//885 
f 91//4 3176//4 309//4 
f 309//1296 3176//1297 3177//1297 
f 20//4 124//4 3178//4 
f 3178//1296 124//1297 3179//1297 
f 3180//1298 3181//1215 3182//1215 
f 1657//4 3183//4 946//4 
f 1651//554 3184//554 444//140 
f 3185//1298 2975//1215 2973//1215 
f 2514//858 2516//1021 3186//859 
f 65//15 3187//12 3188//8 
f 873//4 3189//4 3190//4 
f 3190//591 3189//1299 3191//1299 
f 1363//4 3192//4 3193//4 
f 3193//591 3192//1299 3194//1299 
f 333//112 332//111 179//53 
f 333//27 179//27 432//32 
f 2117//847 1128//503 2037//820 
f 2037//217 1128//218 1404//217 
f 1380//611 431//816 2034//818 
f 150//32 431//27 1380//32 
f 992//414 1381//610 1382//612 
f 710//218 992//218 1382//218 
f 1092//783 1915//782 876//357 
f 1915//217 2239//217 876//217 
f 151//27 154//32 2440//31 
f 2440//972 154//50 330//109 
f 2737//218 2461//218 1293//218 
f 2652//1086 1293//589 2461//991 
f 2035//218 330//218 2813//218 
f 2440//972 330//109 2035//817 
f 288//217 2038//217 2806//217 
f 287//93 2038//821 288//94 
f 162//823 2042//825 1618//696 
f 163//41 162//40 1618//694 
f 1209//545 2462//992 2234//897 
f 152//27 1209//31 2234//32 
f 308//217 549//218 2913//218 
f 308//104 2913//1190 2114//846 
f 2478//218 722//218 331//217 
f 2478//999 331//110 1500//656 
f 1949//802 1950//804 829//330 
f 1950//76 150//32 829//27 
f 2441//76 1500//76 150//32 
f 2441//974 2478//999 1500//656 
f 2479//1000 1229//551 1231//553 
f 152//27 1229//32 2479//27 
f 332//217 1125//217 180//218 
f 332//111 180//54 179//53 
f 1949//802 829//330 828//329 
f 1949//218 828//218 2789//218 
f 992//414 991//413 1381//610 
f 150//32 1381//27 991//76 
f 994//416 2136//977 996//417 
f 996//218 2136//218 1063//218 
f 1228//217 1763//218 1231//217 
f 2479//1000 1231//553 1763//1001 
f 2234//897 2462//992 1230//552 
f 2462//218 2123//218 1230//218 
f 612//217 566//217 737//218 
f 300//221 612//220 737//277 
f 141//25 300//32 736//31 
f 300//221 737//277 736//276 
f 877//218 1289//218 1575//218 
f 2460//990 877//358 1575//829 
f 1948//218 801//218 1690//217 
f 3007//1226 801//309 1948//801 
f 741//217 1387//218 451//218 
f 236//142 741//281 451//143 
f 1055//218 2812//218 1476//218 
f 1054//453 1055//452 1476//647 
f 1294//590 1744//973 1127//502 
f 1124//217 1127//217 1744//217 
f 994//416 2443//975 2136//977 
f 141//25 2443//32 994//32 
f 163//41 739//1217 236//72 
f 739//279 741//281 236//142 
f 2448//983 1292//588 2449//984 
f 2449//218 1292//218 1339//218 
f 1148//515 1149//517 1291//587 
f 1291//217 1149//218 302//217 
f 2480//1003 798//306 2451//985 
f 2451//218 798//218 1389//217 
f 2235//898 2447//982 797//305 
f 797//218 2447//218 1897//218 
f 1290//586 1148//515 1291//587 
f 142//26 1148//31 1290//76 
f 1054//453 1476//647 1478//646 
f 268//84 1054//450 1478//979 
f 2235//898 237//144 2447//982 
f 163//41 237//73 2235//899 
f 2445//981 1477//648 2481//1004 
f 1477//218 492//217 2481//217 
f 1618//696 2042//825 1089//697 
f 2042//217 563//218 1089//217 
f 163//41 796//900 2480//1002 
f 2480//1003 796//304 798//306 
f 142//26 2448//27 143//27 
f 143//219 2448//983 2449//984 
f 2445//981 2481//1004 1383//613 
f 268//84 2445//980 1383//614 
f 565//217 2442//218 738//218 
f 2040//822 738//278 2442//976 
f 2041//218 1088//217 2805//217 
f 2444//978 1088//475 2041//824 
f 2444//978 995//415 1088//475 
f 141//25 995//32 2444//31 
f 1147//516 2460//990 1575//829 
f 142//26 2460//31 1147//76 
f 1638//4 2730//4 1636//4 
f 3195//1300 1107//487 1106//487 
f 1611//4 3196//4 1609//4 
f 3196//1301 1611//1301 1453//1301 
f 2400//959 3197//958 2398//958 
f 313//7 2400//4 1497//7 
f 1139//4 3198//4 3199//4 
f 3198//1302 3200//1303 3201//1304 
f 3202//1302 3203//1303 3204//1303 
f 1193//4 3202//4 3205//4 
f 434//403 3206//402 1204//402 
f 433//7 3206//7 434//4 
f 24//4 3207//4 983//4 
f 983//403 3207//402 981//402 
f 2409//963 3208//962 2407//962 
f 2537//4 3208//4 2409//4 
f 3209//4 292//4 3210//4 
f 3211//1305 3209//1306 3212//1306 
f 3213//1307 2237//902 606//902 
f 3214//4 2237//4 3213//4 
f 3054//1236 3215//1138 3052//1138 
f 1812//4 2672//4 1813//4 
f 66//75 240//77 1368//605 
f 64//13 775//22 3216//13 
f 630//1308 199//1287 3217//1288 
f 56//12 3218//12 57//12 
f 3219//1309 3220//1310 3221//1310 
f 3222//4 3220//4 3219//4 
f 3223//4 3224//4 3225//4 
f 3225//1309 3224//1310 3226//1310 
f 84//44 2364//929 81//75 
f 81//15 2360//15 749//8 
f 1728//2 1729//2 1522//2 
f 3227//116 1522//116 1729//63 
f 3228//3 1952//3 314//3 
f 3229//107 1952//107 3228//538 
f 3230//3 771//3 221//3 
f 3231//177 771//177 3230//171 
f 335//3 1556//3 314//3 
f 337//115 1556//115 335//114 
f 627//171 3232//171 516//177 
f 372//2 516//2 3232//2 
f 2311//120 1559//321 2310//321 
f 1559//2 2311//2 13//2 
f 3228//538 1201//538 3229//107 
f 2354//2 3229//2 1201//2 
f 325//2 484//2 1988//2 
f 368//119 1988//119 484//62 
f 3034//3 1853//2 1957//2 
f 1957//114 1853//115 1955//115 
f 3024//2 3231//2 1516//2 
f 3230//171 1516//171 3231//177 
f 1704//2 2321//2 1991//2 
f 2320//67 1991//67 2321//9 
f 1713//3 438//3 519//3 
f 519//173 438//139 188//139 
f 1962//3 3233//2 13//2 
f 3233//141 1962//58 3234//58 
f 1742//2 3235//2 1993//3 
f 3236//121 1993//121 3235//66 
f 1173//3 2306//2 1199//2 
f 3237//118 1199//118 2306//205 
f 3238//205 1048//118 3239//118 
f 1048//2 3238//2 132//2 
f 1955//3 1854//3 12//2 
f 1854//172 1955//115 1853//115 
f 2775//2 1958//2 939//3 
f 939//121 1958//66 937//66 
f 1850//2 1849//3 220//3 
f 219//3 218//3 220//3 
f 911//3 1968//2 3239//2 
f 3239//118 1968//205 3238//205 
f 3235//66 219//66 3236//121 
f 3236//3 219//3 220//3 
f 2306//205 1963//205 3237//118 
f 3237//2 1963//2 58//3 
f 1928//2 1927//2 3234//3 
f 3234//58 1927//141 3233//141 
f 1215//2 341//2 2319//2 
f 2319//119 341//62 2317//62 
f 3227//2 1850//2 220//3 
f 1729//63 1850//63 3227//116 
f 424//2 624//2 339//2 
f 339//116 624//63 2429//63 
f 1379//123 390//123 1377//321 
f 2767//2 1377//2 390//2 
f 142//26 1092//479 875//27 
f 1092//783 876//357 875//356 
f 3240//1311 3015//1232 3013//1232 
f 1497//7 3241//4 1939//4 
f 973//4 617//4 1684//4 
f 1684//1312 617//223 616//223 
f 580//217 1576//217 707//217 
f 579//203 1576//702 580//204 
f 758//543 709//258 1210//544 
f 1210//217 709//217 999//217 
f 268//84 3007//1227 262//81 
f 262//354 3007//1226 1948//801 
f 3242//1313 3243//1314 2971//1314 
f 3243//4 3242//4 2502//4 
f 3244//4 3245//4 1591//4 
f 1591//680 3245//679 1589//679 
f 1496//4 3246//4 2407//4 
f 2161//868 1496//867 1560//867 
f 2186//876 3247//875 2184//875 
f 3248//4 3247//4 2186//4 
f 1444//24 2372//24 176//24 
f 1444//183 2373//181 2372//182 
f 2029//288 535//180 2031//289 
f 169//19 2031//19 535//19 
f 2030//882 2214//884 2382//940 
f 81//75 2030//76 2382//76 
f 2028//882 2377//884 2378//940 
f 66//75 2028//76 2378//76 
f 65//21 461//21 2078//777 
f 461//150 463//150 2078//150 
f 1279//42 2241//43 70//17 
f 2240//675 2241//675 1279//675 
f 137//184 2054//189 3065//184 
f 2054//404 270//85 3065//151 
f 177//45 64//49 1446//447 
f 177//814 1446//814 744//814 
f 2079//776 2379//942 2960//942 
f 65//21 2079//777 2960//1209 
f 184//57 1894//934 260//79 
f 184//1315 1226//733 1894//732 
f 240//77 239//76 2522//31 
f 539//186 2522//1245 239//186 
f 1280//578 70//17 2524//578 
f 714//774 1280//722 2524//807 
f 1901//776 1249//565 2385//942 
f 1249//19 82//87 2385//19 
f 1696//433 2032//433 1698//433 
f 1698//404 2032//24 83//60 
f 1060//708 1717//708 1064//708 
f 138//18 1717//944 1060//458 
f 242//322 2386//322 326//128 
f 82//87 326//19 2386//19 
f 2391//949 2390//948 1248//150 
f 2390//151 327//85 1248//151 
f 543//404 327//85 2523//151 
f 80//189 543//189 2523//189 
f 1696//433 166//433 2032//433 
f 79//20 166//45 1696//434 
f 79//20 2962//736 542//20 
f 542//405 2962//405 984//405 
f 259//556 1237//556 547//556 
f 87//78 1237//939 259//36 
f 2962//866 2388//506 984//1316 
f 984//404 2388//24 83//60 
f 2159//866 1133//506 2053//1316 
f 2053//404 1133//404 63//60 
f 81//75 534//76 2029//31 
f 534//179 535//180 2029//288 
f 2389//945 2376//941 1900//775 
f 195//19 1900//19 2376//19 
f 1236//943 1403//943 1649//943 
f 71//18 1236//555 1649//944 
f 2389//945 1900//775 540//187 
f 66//75 2389//76 540//76 
f 1066//1315 1068//733 1689//732 
f 264//79 1066//57 1689//934 
f 56//21 2391//21 1247//777 
f 2391//949 1248//150 1247//150 
f 536//181 2958//182 537//182 
f 84//44 2958//31 536//31 
f 1043//446 538//183 196//446 
f 196//24 538//24 167//24 
f 463//151 67//87 2080//19 
f 2078//564 463//564 2080//565 
f 2052//405 2159//405 2053//405 
f 62//20 2159//736 2052//20 
f 81//75 2384//76 541//76 
f 2384//945 1027//1041 541//1041 
f 158//709 2804//709 2380//709 
f 138//18 158//36 2380//555 
f 1702//154 3066//152 1942//152 
f 84//44 3066//31 1702//31 
f 240//77 466//31 1250//31 
f 1250//567 466//154 465//153 
f 2379//19 67//87 2033//19 
f 2960//947 2379//947 2033//815 
f 177//814 744//814 1026//814 
f 63//60 1026//24 744//24 
f 71//18 1946//458 182//24 
f 1123//892 182//623 1946//723 
f 2028//882 779//882 2377//884 
f 195//19 2377//19 779//19 
f 176//24 1252//24 465//24 
f 1250//567 465//153 1252//568 
f 157//35 1902//101 2961//1210 
f 2961//797 1902//685 1386//797 
f 1701//738 1703//153 2959//738 
f 167//24 2959//24 1703//24 
f 1024//1317 778//180 777//288 
f 66//75 1024//431 777//76 
f 56//21 1901//777 2387//1209 
f 1901//776 2385//942 2387//942 
f 155//33 183//56 156//34 
f 155//719 544//719 183//719 
f 140//17 1982//578 164//42 
f 1982//1318 303//721 164//721 
f 62//20 1025//434 1135//736 
f 1135//504 1025//737 1134//505 
f 2382//940 2214//884 2383//941 
f 169//19 2383//19 2214//19 
f 776//19 195//19 778//19 
f 1024//1317 776//1317 778//180 
f 157//35 2392//78 1903//100 
f 2392//950 2898//1177 1903//683 
f 266//719 1578//719 1065//791 
f 264//79 266//33 1065//462 
f 721//622 1899//726 72//622 
f 70//17 72//19 1899//19 
f 87//78 305//101 2375//938 
f 305//685 1881//798 2375//797 
f 138//18 1061//458 2525//24 
f 2525//1025 1061//723 564//892 
f 260//79 2374//935 997//34 
f 997//672 2374//936 2122//956 
f 598//672 2381//936 491//956 
f 264//79 2381//935 598//34 
f 87//78 2393//78 304//100 
f 2393//950 2897//1177 304//683 
f 240//77 1251//31 2373//31 
f 2373//181 1251//182 2372//182 
f 140//17 139//24 1336//19 
f 139//727 1338//727 1336//726 
f 1424//228 772//286 774//228 
f 174//8 2279//12 1424//12 
f 2113//1319 3249//1320 3250//1320 
f 317//7 3249//4 2113//4 
f 3214//1321 2100//1074 2627//1074 
f 2100//4 3214//4 2098//4 
f 3251//1322 2209//1323 3252//1323 
f 2207//4 2209//4 3251//4 
f 433//7 3253//554 3254//7 
f 3254//629 3253//1324 3255//1324 
f 24//4 3256//4 3257//4 
f 3257//629 3256//1324 3258//1324 
f 2290//4 3259//4 908//4 
f 3260//1325 3261//1326 3262//1326 
f 3263//1302 3264//1327 3265//1327 
f 3264//4 3263//4 26//4 
f 3266//1302 3267//1327 2972//1327 
f 3267//655 3266//70 29//7 
f 1495//7 1940//4 3268//4 
f 3268//1328 3269//1329 3270//1329 
f 2720//4 3271//4 1244//4 
f 3271//1330 2720//1331 3272//1331 
f 1453//4 2059//4 1454//634 
f 3273//1332 1453//1333 1611//1333 
f 3274//369 3275//1334 3276//1334 
f 3275//4 3274//4 3277//4 
f 3278//4 3279//4 3280//4 
f 3279//369 3278//1334 3281//1334 
f 3282//1335 3059//1239 3058//1239 
f 1439//4 3059//4 3282//4 
f 3061//1241 3060//1240 3063//1243 
f 2026//812 3283//1336 2027//813 
f 3284//7 3285//7 231//7 
f 3285//681 3284//1337 3286//1337 
f 247//7 3287//4 361//4 
f 361//1338 3287//1339 3288//1339 
f 3289//1105 609//216 356//216 
f 34//6 609//6 3289//6 
f 3290//1106 637//226 375//226 
f 253//5 637//5 3290//5 
f 3291//1103 687//244 618//244 
f 687//4 3291//4 3292//4 
f 3293//1104 652//234 651//234 
f 652//4 3293//4 3294//4 
f 35//5 959//5 3295//5 
f 3295//1110 959//395 958//395 
f 116//6 949//6 3296//6 
f 3296//1108 949//389 948//389 
f 3297//1109 956//393 954//393 
f 956//4 3297//4 3298//4 
f 3299//1107 953//391 951//391 
f 953//4 3299//4 3300//4 
f 3301//1032 2256//658 2255//658 
f 35//5 2256//5 3301//5 
f 3302//1033 2252//570 2251//570 
f 116//6 2252//6 3302//6 
f 3303//1340 2270//240 2268//240 
f 2270//4 3303//4 3304//4 
f 253//5 2273//5 3305//5 
f 3305//1036 2273//295 2272//295 
f 3306//1035 2260//297 2258//297 
f 2260//4 3306//4 3307//4 
f 34//6 2266//6 3308//6 
f 3308//1038 2266//313 2265//313 
f 3309//1034 2263//660 2262//660 
f 2263//4 3309//4 3310//4 
f 3311//1054 2277//645 2276//645 
f 2277//4 3311//4 3312//4 
f 2021//4 3313//4 3314//4 
f 3313//1111 2021//352 2019//352 
f 3315//1112 2018//350 2016//350 
f 2018//4 3315//4 3316//4 
f 2007//4 3317//4 3318//4 
f 3317//1116 2007//324 2006//324 
f 116//6 2000//6 3319//6 
f 3319//1117 2000//242 1999//242 
f 35//5 1996//5 3320//5 
f 3320//1115 1996//236 1995//236 
f 2004//4 3321//4 3322//4 
f 3321//1118 2004//311 2003//311 
f 3323//1113 2010//326 2009//326 
f 253//5 2010//5 3323//5 
f 34//6 2014//6 3324//6 
f 3324//1114 2014//385 2013//385 
f 2356//880 1760//1341 1452//1341 
f 1760//4 2356//4 1761//4 
f 1452//7 1155//4 2492//4 
f 3325//518 1452//1342 1760//1342 
f 1343//1343 1751//918 2326//918 
f 1342//4 1751//4 1343//4 
f 1393//1343 2330//918 2328//918 
f 2424//7 1971//4 1393//4 
f 1158//4 3326//4 747//4 
f 3326//1344 1158//520 1157//520 
f 1867//4 1754//4 1868//4 
f 3327//739 3328//1345 3125//1345 
f 3329//4 1607//4 2043//4 
f 1607//691 3329//690 1606//690 
f 2396//955 3330//1346 2552//1039 
f 3330//1346 2994//1220 2552//1039 
f 3331//1347 2591//1057 3332//1348 
f 240//77 3333//1349 3334//1350 
f 3335//1351 1459//411 1972//411 
f 1308//4 1459//4 3335//4 
f 1302//4 989//4 3336//4 
f 3336//1351 989//411 988//411 
f 3337//1352 3338//1353 3133//1353 
f 2827//4 1669//4 2104//4 
f 3339//208 3340//1354 3341//1354 
f 3340//4 3339//4 3342//4 
f 2917//4 3343//4 3344//4 
f 3343//1355 2917//1192 2915//1192 
f 214//4 3345//4 396//4 
f 396//448 3345//1356 1431//1356 
f 310//919 3346//1357 3009//1357 
f 3346//4 310//7 309//4 
f 3347//4 3348//4 1117//4 
f 3348//921 3347//1358 3349//1358 
f 1390//4 3350//4 1391//4 
f 3350//493 1390//1359 1561//1360 
f 2589//4 1429//4 1408//4 
f 1429//1121 3351//1361 3352//1361 
f 1722//1362 2715//1363 2470//1363 
f 2715//4 1722//4 1721//4 
f 2714//4 1725//4 1724//4 
f 1725//1362 2714//1363 2477//1363 
f 3353//1180 3354//1364 3355//1364 
f 3354//4 3353//4 851//4 
f 2593//1058 3356//1365 2045//827 
f 2218//888 2217//887 3357//1366 
f 3334//1350 3358//1367 2593//1058 
f 2593//1058 3359//1368 3356//1365 
f 3360//1369 1313//594 1312//594 
f 1313//4 3360//4 3361//4 
f 329//86 328//86 2936//1195 
f 56//12 3362//12 2142//12 
f 3363//4 3364//4 3365//4 
f 3365//1370 3366//1371 3367//1371 
f 628//224 1641//89 1519//89 
f 1641//3 628//3 194//3 
f 1030//4 1654//4 1553//4 
f 1553//1312 1654//223 1653//223 
f 2477//4 1573//4 3368//4 
f 3368//1372 1331//580 1330//580 
f 3369//1372 1283//580 1282//580 
f 2470//4 1233//7 3369//4 
f 3370//4 1384//4 3371//4 
f 1384//1075 3370//607 3372//607 
f 3132//1268 3373//1267 3130//1267 
f 243//7 3373//4 3132//4 
f 3374//834 3375//1373 3376//1373 
f 553//193 3375//4 3374//4 
f 2528//1203 3377//1202 2947//1202 
f 2527//4 3377//4 2528//4 
f 2163//1053 3252//1323 2209//1323 
f 2162//4 3378//4 2163//4 
f 826//4 1805//4 3379//4 
f 3380//1374 1805//1375 3381//1375 
f 711//260 545//146 544//190 
f 711//217 2034//217 545//218 
f 1578//190 2438//260 453//146 
f 2437//217 453//217 2438//217 
f 48//4 3382//7 3383//7 
f 3383//1376 3382//1377 3384//1377 
f 578//202 709//258 758//543 
f 759//32 578//32 758//31 
f 3385//989 3386//1378 3387//1378 
f 24//4 3386//4 3385//4 
f 3388//4 3389//4 100//7 
f 3389//989 3388//1378 3390//1378 
f 3391//4 3392//4 742//4 
f 3392//635 3391//1379 1454//1379 
f 1033//4 1857//4 1889//4 
f 1889//1271 1857//760 1856//760 
f 715//218 722//218 2478//218 
f 715//262 720//266 722//268 
f 1340//266 1339//268 1526//262 
f 1339//218 1292//218 1526//217 
f 1476//218 2812//218 493//218 
f 1688//957 493//168 2812//1131 
f 1563//957 2123//168 2463//1131 
f 2462//218 2463//218 2123//218 
f 3393//763 3394//1380 3395//1380 
f 3394//4 3393//4 3396//4 
f 3397//4 3398//4 3399//4 
f 3398//705 3397//1381 3400//1381 
f 3401//4 2903//4 2902//4 
f 2903//536 3401//1382 3402//1382 
f 2568//536 3403//1382 3404//1382 
f 3403//4 2568//4 2569//4 
f 1062//459 1491//1130 1063//460 
f 996//218 1063//218 1491//217 
f 2037//217 1404//217 2039//217 
f 2039//1130 1404//460 1403//459 
f 3405//1383 3406//1384 3407//1384 
f 18//4 3406//4 3405//4 
f 1826//6 558//5 1827//6 
f 2835//1143 2837//1143 3408//1385 
f 2864//4 3409//4 3410//4 
f 3409//1386 2864//1155 2862//1155 
f 3411//1387 2872//1159 2869//1159 
f 2872//7 3411//7 243//7 
f 2868//4 3412//1388 214//4 
f 3412//1389 2868//1157 2865//1157 
f 2879//4 3413//4 3414//4 
f 3413//1390 2879//1163 2877//1163 
f 2876//4 3415//4 90//7 
f 3415//1391 2876//1161 2873//1161 
f 2886//4 3416//4 19//4 
f 3416//1392 2886//1167 2883//1167 
f 2882//4 3417//4 3418//4 
f 3417//1393 2882//1165 2880//1165 
f 1829//5 1828//5 33//5 
f 3419//1394 2834//1142 2833//1142 
f 963//1395 3420//1396 2482//1396 
f 231//7 3420//7 963//7 
f 1445//1229 175//47 2394//952 
f 2394//952 175//47 3421//1397 
f 3422//1398 3138//1270 3137//1270 
f 3138//4 3422//4 3423//4 
f 3424//4 3141//4 3425//4 
f 3425//1398 3141//1270 3139//1270 
f 1924//790 3426//1399 3427//1400 
f 62//13 1926//16 2517//16 
f 3428//1401 2842//1148 2841//1148 
f 2842//634 1768//1402 1909//7 
f 2846//4 1772//4 1914//4 
f 3429//1401 2846//1148 2845//1148 
f 3430//5 3079//5 33//5 
f 3079//1251 3430//1250 3077//1250 
f 3431//6 558//5 3080//6 
f 3082//1253 3431//1253 3080//1252 
f 48//4 3432//7 3433//7 
f 3433//922 3432//1403 3434//1403 
f 3069//4 3435//4 3436//4 
f 3435//1404 3069//1246 3067//1246 
f 548//164 1880//618 549//165 
f 549//218 1880//218 2913//218 
f 489//164 1388//618 490//165 
f 740//217 490//217 1388//217 
f 3404//4 3437//4 26//4 
f 3437//1405 3404//1382 3403//1382 
f 3438//1406 3439//1407 3440//1407 
f 2932//4 3439//4 3438//4 
f 211//1408 3441//1409 3442//1409 
f 3441//4 211//4 213//4 
f 2898//1176 1897//257 2446//1102 
f 1897//218 2447//218 2446//218 
f 708//218 2461//218 2737//218 
f 2897//1176 708//257 2737//1102 
f 1682//891 2137//855 565//197 
f 565//217 2137//218 2442//218 
f 1124//217 1451//218 1127//217 
f 1124//197 1947//891 1451//855 
f 3443//862 3444//1410 3445//1410 
f 3446//4 3444//4 2061//4 
f 3147//89 2308//89 503//136 
f 2307//2 503//2 2308//2 
f 1715//90 2206//90 2197//116 
f 2664//2 2197//2 2206//2 
f 2197//116 2198//116 1715//90 
f 1715//2 2198//2 170//3 
f 1264//2 1265//2 1580//2 
f 1583//68 1580//68 1265//161 
f 343//2 2577//2 118//2 
f 345//118 2577//118 343//22 
f 1535//2 1571//2 1533//2 
f 1895//178 1533//178 1571//67 
f 3447//2 2153//2 2576//2 
f 1565//120 2576//120 2153//119 
f 171//62 623//62 2154//119 
f 2154//2 623//2 118//2 
f 2578//2 1582//2 118//2 
f 1581//69 1582//69 2578//205 
f 173//2 344//2 171//2 
f 623//62 171//62 344//22 
f 2763//2 1566//2 1103//2 
f 1568//123 1103//123 1566//321 
f 2769//2 2580//2 1570//2 
f 2582//9 1570//9 2580//114 
f 888//171 504//171 2583//177 
f 2173//2 2583//2 504//2 
f 2576//120 1565//120 1567//321 
f 1567//2 1565//2 7//2 
f 3030//3 1581//2 2579//2 
f 2578//205 2579//205 1581//69 
f 2581//3 1447//3 119//3 
f 2584//115 1447//115 2581//114 
f 505//3 3144//3 120//3 
f 506//173 3144//173 505//172 
f 1572//3 2582//3 119//3 
f 1570//9 2582//9 1572//67 
f 1676//2 1102//2 2201//2 
f 2585//129 2201//129 1102//122 
f 449//3 2199//3 120//3 
f 2077//124 2199//124 449//125 
f 902//2 901//2 3149//2 
f 1315//108 3149//108 901//137 
f 2196//4 1314//4 1316//137 
f 1316//596 1314//595 120//3 
f 430//91 2205//91 428//132 
f 428//2 2205//2 11//2 
f 447//141 3150//141 445//58 
f 445//595 3150//2 7//2 
f 3016//2 446//3 2196//3 
f 1314//4 2196//4 446//58 
f 1101//2 1568//2 7//2 
f 1103//123 1568//123 1101//122 
f 2659//2 429//3 2575//3 
f 837//131 2575//131 429//132 
f 229//3 282//2 2584//2 
f 1447//115 2584//115 282//172 
f 1736//2 448//3 3021//2 
f 450//139 3021//139 448//125 
f 1265//161 2574//161 1583//68 
f 1583//2 2574//2 11//2 
f 2308//89 3147//89 2203//88 
f 2203//3 3147//3 5//3 
f 2583//177 1896//177 888//171 
f 888//3 1896//3 5//3 
f 2202//113 1584//113 2204//88 
f 3448//3 2204//2 1584//2 
f 1584//113 2202//113 284//65 
f 284//3 2202//3 5//3 
f 427//2 283//2 3145//2 
f 285//66 3145//66 283//65 
f 1220//3 3146//3 170//3 
f 1218//121 3146//121 1220//5 
f 1266//2 1219//3 1734//2 
f 1716//63 1734//63 1219//5 
f 1320//3 3148//3 120//3 
f 1318//107 3148//107 1320//538 
f 1973//3 620//2 2083//2 
f 622//138 2083//138 620//130 
f 2199//124 2077//124 1319//538 
f 2075//2 1319//2 2077//3 
f 621//2 2585//2 7//2 
f 2201//129 2585//129 621//130 
f 1564//463 1228//465 1499//167 
f 1228//217 1231//217 1499//218 
f 1067//463 1069//465 492//167 
f 2481//217 492//217 1069//217 
f 302//217 1149//218 1288//218 
f 303//99 302//98 1288//584 
f 1949//218 2789//218 713//217 
f 2789//584 1278//99 713//98 
f 3367//4 3449//4 678//7 
f 3449//1411 3367//1371 3366//1371 
f 2362//929 1269//573 2363//541 
f 750//16 1269//16 2362//16 
f 749//8 1765//12 2602//12 
f 1765//743 1764//743 2602//286 
f 1426//227 1425//227 2708//911 
f 174//8 1426//12 3450//12 
f 2815//605 1368//605 1206//541 
f 174//8 2815//15 1206//12 
f 750//16 2639//16 1270//16 
f 1270//574 1764//743 1271//542 
f 749//8 638//12 2803//12 
f 2286//911 2803//911 638//227 
f 1154//4 1421//4 2180//4 
f 2180//1412 3442//1409 3441//1409 
f 2604//4 2606//4 3451//4 
f 3451//1413 2606//1414 1940//1414 
f 894//368 3452//367 892//367 
f 1868//4 2782//4 1372//4 
f 2532//4 3248//4 2186//4 
f 3248//619 2532//1415 3453//1415 
f 3050//1234 2567//1048 2215//885 
f 773//287 3062//1242 3060//1240 
f 3454//4 3244//4 1591//4 
f 3244//527 3454//1416 2210//1416 
f 1681//628 3455//1417 3456//1417 
f 3457//4 3455//4 1681//4 
f 2041//218 2805//217 563//218 
f 488//163 563//195 2805//1129 
f 2806//1129 547//163 723//195 
f 288//217 2806//217 723//217 
f 599//210 601//212 1389//256 
f 2451//218 1389//217 601//217 
f 706//210 999//212 707//256 
f 709//217 707//217 999//217 
f 564//196 566//198 2450//1132 
f 612//217 2450//217 566//217 
f 1743//217 1125//217 332//217 
f 1743//1132 1123//196 1125//198 
f 3458//1418 3459//1419 3460//1419 
f 3459//4 3458//4 3461//4 
f 876//217 2239//217 1289//218 
f 1287//583 1289//585 2239//259 
f 1948//218 1690//217 454//218 
f 1068//464 454//147 1690//550 
f 1612//585 710//259 2240//583 
f 1612//218 992//218 710//218 
f 2813//218 330//218 1227//218 
f 2813//147 1227//550 1226//464 
f 3462//1420 3463//1421 3464//1421 
f 212//64 3463//634 3462//4 
f 3465//1422 3466//1423 2531//1423 
f 3466//4 3465//4 912//4 
f 3467//4 3468//4 3469//4 
f 3468//1424 3467//1425 2677//1425 
f 3470//1399 3471//1399 3472//789 
f 56//12 2143//12 2807//12 
f 2067//771 3473//1426 1887//1426 
f 1132//4 3473//4 2067//4 
f 49//7 1905//7 3474//7 
f 3474//1013 1905//1427 2094//1428 
f 3475//4 3476//4 3477//4 
f 3477//1429 3476//1430 3478//1430 
f 836//4 3479//4 3480//4 
f 3480//1429 3479//1430 3481//1430 
f 2179//1012 3482//1431 2492//1431 
f 3482//4 2179//4 2181//4 
f 3483//4 1286//845 100//7 
f 1286//582 3483//581 1284//581 
f 26//4 3484//4 1328//4 
f 1328//582 3484//581 1326//581 
f 3485//1432 2563//1046 2561//1046 
f 3422//4 2563//4 3423//4 
f 3486//1432 2560//1046 2558//1046 
f 2560//4 3424//4 3425//4 
f 18//4 3487//4 3488//4 
f 3488//529 3487//1433 3489//1433 
f 884//4 2955//4 2162//4 
f 3490//1434 2093//741 2092//741 
f 2994//1220 3061//1241 2553//1040 
f 3161//1281 3283//1336 2026//812 
f 1512//263 3489//1433 3487//1433 
f 3489//4 1512//4 920//4 
f 2120//4 3491//4 912//4 
f 3491//1435 2120//1436 3223//1436 
f 391//1435 3492//1436 3222//1436 
f 20//4 3492//4 391//4 
f 3493//832 3494//1437 3495//1437 
f 1453//4 3494//4 2059//4 
f 682//4 3496//4 3497//4 
f 3497//877 3496//1438 2192//1438 
f 986//1439 3440//1407 3439//1407 
f 944//4 3498//4 986//4 
f 2424//1439 3499//1407 3500//1407 
f 3501//1440 2424//7 1393//4 
f 247//7 3152//7 3502//7 
f 3502//1441 3152//1272 2056//1272 
f 317//7 3503//4 3504//4 
f 3504//1442 3503//1443 3505//1443 
f 3506//1444 3250//1320 3249//1320 
f 3250//4 3506//4 929//4 
f 1427//439 2094//1428 1905//1427 
f 2094//4 1427//4 2092//4 
f 3507//4 2192//4 3508//4 
f 3508//889 2192//1438 3496//1438 
f 3157//7 871//7 202//7 
f 871//1445 3157//1276 1617//1276 
f 3509//1445 3159//1278 1615//1278 
f 24//4 3159//4 3509//4 
f 553//193 1095//4 3510//4 
f 3510//1446 1095//482 1094//482 
f 3511//1447 3512//1448 3513//1448 
f 2792//4 3512//4 3511//4 
f 3514//1214 3182//1215 3181//1215 
f 3265//4 3182//4 3514//4 
f 3515//429 3516//1449 3517//1449 
f 250//4 3516//4 3515//4 
f 3518//1450 3519//1451 3520//1451 
f 3521//4 3519//4 3518//4 
f 775//22 2565//16 2047//16 
f 2216//886 2566//1047 2217//887 
f 1341//4 3522//4 731//4 
f 3522//1404 1341//879 2207//879 
f 2861//1153 3421//1397 3523//1452 
f 1604//689 1603//688 3523//1452 
f 3524//1265 1177//532 685//532 
f 3525//4 1177//4 3524//4 
f 2527//4 3526//4 3377//4 
f 3527//1453 2527//1454 3528//1454 
f 3529//4 3530//4 3001//4 
f 3530//1067 3529//1455 3531//1455 
f 3532//1067 3533//1455 3534//1455 
f 3533//4 3532//4 2997//4 
f 3535//4 3536//4 3376//4 
f 3536//292 3535//1456 1867//1456 
f 2790//1145 3537//1418 3538//1418 
f 3537//4 2790//4 2791//4 
f 1543//1457 3539//1458 3540//1458 
f 3539//4 1543//4 1081//4 
f 1936//401 3541//400 1934//400 
f 3541//4 1936//4 3542//4 
f 3543//4 977//4 3544//4 
f 977//401 3543//400 976//400 
f 1378//2 1990//2 104//2 
f 1989//120 1990//120 1378//321 
f 626//2 938//3 194//3 
f 938//121 626//5 625//5 
f 2697//67 518//178 517//178 
f 518//2 2697//2 40//2 
f 1642//88 1519//89 1641//89 
f 1508//2 1519//2 1642//2 
f 2669//89 1677//89 2687//88 
f 2687//3 1677//3 221//3 
f 487//131 849//131 485//161 
f 485//2 849//3 58//3 
f 2312//2 560//2 132//2 
f 560//161 2312//68 2701//68 
f 2704//3 1640//3 194//3 
f 1640//88 2704//113 1733//113 
f 402//3 2686//2 334//2 
f 2688//113 334//113 2686//88 
f 386//3 3228//3 314//3 
f 1201//538 3228//538 386//124 
f 1183//123 2310//321 1559//321 
f 2766//2 2310//2 1183//2 
f 2768//2 2313//2 1164//3 
f 1164//132 2313//91 2696//91 
f 2690//108 1345//107 2695//107 
f 1345//3 2690//3 12//2 
f 274//4 2689//137 666//137 
f 2689//3 274//2 12//2 
f 324//2 205//2 484//2 
f 207//62 484//62 205//16 
f 131//16 2317//62 341//62 
f 2317//2 131//2 13//2 
f 209//2 669//3 671//2 
f 2693//137 671//137 669//4 
f 1727//2 1848//3 1729//2 
f 1850//63 1729//63 1848//5 
f 3545//2 3234//3 667//3 
f 667//4 3234//58 1962//58 
f 625//5 939//121 938//121 
f 2776//2 939//3 625//3 
f 3546//2 3239//2 342//2 
f 342//14 3239//118 1048//118 
f 1849//3 3236//3 220//3 
f 1993//121 3236//121 1849//5 
f 670//58 822//58 668//4 
f 668//3 822//2 315//3 
f 1199//118 3237//118 206//14 
f 206//2 3237//2 58//3 
f 627//2 1562//2 40//2 
f 516//177 1562//177 627//171 
f 387//125 2223//125 385//124 
f 3547//2 385//3 2223//3 
f 849//131 487//131 847//132 
f 1150//2 847//3 487//3 
f 2684//2 1184//2 13//2 
f 1184//123 2684//122 665//122 
f 2318//119 2311//120 2309//120 
f 2311//2 2318//2 13//2 
f 1711//2 1953//2 3229//2 
f 1952//107 3229//107 1953//108 
f 2087//138 819//138 821//141 
f 821//2 819//2 315//3 
f 1211//3 335//3 314//3 
f 336//114 335//114 1211//9 
f 583//2 1957//2 2304//2 
f 2304//9 1957//114 1956//114 
f 41//2 1956//3 12//2 
f 1956//114 41//9 2304//9 
f 2301//2 336//2 2321//2 
f 1211//9 2321//9 336//114 
f 2295//2 820//2 670//3 
f 822//58 670//58 820//141 
f 2691//108 666//137 2689//137 
f 2353//2 666//2 2691//2 
f 368//2 207//2 58//3 
f 484//62 207//62 368//119 
f 671//137 2693//137 1954//108 
f 1954//3 2693//3 315//3 
f 936//538 2695//107 1345//107 
f 279//2 2695//2 936//2 
f 187//173 1854//172 1852//172 
f 1854//3 187//3 12//2 
f 2698//129 2222//129 389//122 
f 1674//2 389//2 2222//2 
f 3028//2 2219//3 439//3 
f 439//125 2219//124 2705//124 
f 1714//3 519//3 1852//3 
f 1852//172 519//173 187//173 
f 1072//2 769//2 3231//2 
f 771//177 3231//177 769//178 
f 388//2 1379//2 104//2 
f 390//123 1379//123 388//122 
f 2305//3 1965//3 2306//2 
f 1963//205 2306//205 1965//69 
f 3238//2 1969//2 132//2 
f 1969//69 3238//205 1968//205 
f 3548//2 217//2 3235//2 
f 219//66 3235//66 217//65 
f 272//138 3233//141 1927//141 
f 3233//2 272//2 13//2 
f 3047//3 2701//3 1967//3 
f 1967//69 2701//68 2312//68 
f 218//3 2688//3 221//3 
f 334//113 2688//113 218//65 
f 1732//3 1733//2 1959//2 
f 1959//65 1733//113 2704//113 
f 2315//68 2692//68 1964//69 
f 1964//2 2692//2 58//3 
f 3046//3 2706//2 441//2 
f 441//138 2706//130 273//130 
f 2085//3 2221//2 2087//2 
f 819//138 2087//138 2221//130 
f 517//178 2322//67 2697//67 
f 3025//2 2322//2 517//2 
f 1991//67 2320//67 770//178 
f 221//3 770//3 2320//3 
f 2705//3 1344//3 12//2 
f 1344//538 2705//124 2219//124 
f 2220//2 2698//2 104//2 
f 2222//129 2698//129 2220//130 
f 1397//3 1398//3 2700//3 
f 2707//173 2700//173 1398//139 
f 273//2 2683//2 13//2 
f 2683//129 273//130 2706//130 
f 2692//68 2315//68 486//161 
f 2088//3 486//3 2315//3 
f 848//2 2316//2 58//3 
f 2703//91 2316//91 848//132 
f 629//136 3232//171 627//171 
f 3549//2 3232//2 629//2 
f 1516//171 3230//171 1518//136 
f 1518//3 3230//3 221//3 
f 814//2 1517//2 2669//2 
f 1677//89 2669//89 1517//136 
f 188//3 440//3 12//2 
f 440//125 188//139 438//139 
f 561//2 1165//2 132//2 
f 1165//132 561//131 1163//131 
f 1538//3 1163//3 562//3 
f 562//161 1163//131 561//131 
f 423//2 665//2 2685//2 
f 2685//129 665//122 2684//122 
f 937//3 1960//3 194//3 
f 1960//65 937//66 1958//66 
f 2349//3 1558//3 337//2 
f 1556//115 337//115 1558//172 
f 1557//3 2707//3 314//3 
f 2700//173 2707//173 1557//172 
f 2224//3 387//3 314//3 
f 2223//125 387//125 2224//139 
f 2309//120 2319//119 2318//119 
f 3550//2 2319//2 2309//2 
f 3551//2 339//2 1804//2 
f 1804//90 339//116 338//116 
f 1524//3 3227//2 220//3 
f 1522//116 3227//116 1524//90 
f 320//2 1523//2 2703//2 
f 2316//91 2703//91 1523//90 
f 1803//90 2696//91 2313//91 
f 2696//2 1803//2 132//2 
f 1981//2 1989//2 1377//2 
f 1378//321 1377//321 1989//120 
f 3552//620 3553//1459 3554//1459 
f 49//7 3553//7 3552//4 
f 2290//4 3555//4 3259//4 
f 3556//1093 3557//1460 3558//1460 
f 3559//1445 2645//1082 2644//1081 
f 3560//4 2645//4 3559//4 
f 3561//4 2648//4 3562//4 
f 3562//1445 2648//1082 2647//1082 
f 1428//1434 2166//870 2162//870 
f 1018//4 2166//4 1428//4 
f 1812//4 763//4 2671//4 
f 3563//1011 1812//1461 3371//1461 
f 2477//4 2625//4 942//4 
f 3564//599 3565//1462 3561//1462 
f 2470//4 2623//7 1232//4 
f 3566//599 3567//1462 3560//1462 
f 3568//561 1984//1463 3569//1463 
f 1983//634 1984//4 3568//4 
f 1307//4 2416//4 1459//4 
f 2416//1464 3191//1299 3189//1299 
f 2415//1464 3194//1299 3192//1299 
f 1301//4 2415//4 989//4 
f 1016//4 3570//7 498//4 
f 3570//1465 1016//426 1015//426 
f 20//4 1181//4 3571//4 
f 3571//1465 1181//426 1180//426 
f 2675//4 1911//4 1913//4 
f 1911//1466 2675//1088 2674//1088 
f 1910//1466 2678//1088 2534//1088 
f 2678//4 1910//4 1907//4 
f 749//8 2803//12 3572//12 
f 750//46 749//46 2285//687 
f 174//8 3450//12 3573//12 
f 174//46 1602//687 175//47 
f 3574//1467 2175//872 1659//872 
f 1774//4 3575//4 1529//4 
f 3576//1468 2177//872 1664//872 
f 1770//7 3577//655 1420//7 
f 3578//1307 2099//838 2098//838 
f 50//4 2099//4 3578//4 
f 630//1308 3217//1288 3579//1288 
f 79//13 630//13 3580//22 
f 1311//1469 2195//842 2193//842 
f 2416//4 2417//4 1311//4 
f 1305//1470 2108//842 2107//842 
f 2415//4 2412//4 1305//4 
f 3581//4 3179//4 3582//4 
f 3179//1297 3581//1296 3178//1296 
f 3583//4 3177//4 3584//4 
f 3177//1297 3583//1296 309//1296 
f 2612//1066 3585//1065 1013//1065 
f 91//4 3585//4 2612//4 
f 2610//1066 3586//1065 1182//1065 
f 24//4 3586//4 2610//4 
f 873//4 2419//4 3587//4 
f 3587//1464 2419//965 2418//965 
f 2414//4 3588//4 1363//4 
f 3588//1464 2414//965 2413//965 
f 1435//1471 2431//969 1028//969 
f 2505//4 1435//4 2967//4 
f 2509//4 1434//4 2965//4 
f 1434//1471 2434//969 2433//969 
f 775//22 3589//16 3590//16 
f 2395//954 2023//809 3590//1472 
f 2170//1473 2635//1077 2634//1077 
f 1203//4 2635//4 2170//4 
f 2168//1473 2632//1077 2631//1077 
f 2066//4 2632//4 2168//4 
f 1638//4 2112//845 1639//7 
f 1639//1474 2112//1083 2095//1083 
f 65//15 2367//8 3591//8 
f 3591//1475 3592//1476 193//1287 
f 3593//4 3174//4 887//4 
f 3174//1293 3593//1292 3172//1292 
f 3594//1279 1176//531 1175//531 
f 682//4 1176//4 3594//4 
f 3595//1300 1637//704 1636//704 
f 1637//4 3595//4 1399//4 
f 3593//4 887//4 3596//4 
f 3596//1477 887//363 886//363 
f 433//7 3276//7 3597//7 
f 3597//1478 3276//1334 3275//1334 
f 3598//1478 3281//1334 3278//1334 
f 24//4 3281//4 3598//4 
f 3599//1022 3600//1479 3601//1479 
f 3600//4 2521//4 3528//4 
f 56//12 82//12 3602//12 
f 327//85 329//86 82//87 
f 3603//1441 2403//1019 2513//1019 
f 2403//4 3603//4 3604//4 
f 3171//667 3605//1480 3606//1480 
f 3605//4 3171//4 1241//7 
f 1923//789 3426//1399 1924//790 
f 65//15 3188//8 2366//8 
f 3607//7 3608//7 316//7 
f 3608//254 3607//1481 1514//1481 
f 1515//321 816//321 3023//120 
f 3023//3 816//3 676//2 
f 3609//2 2351//2 676//2 
f 2699//68 2351//68 3609//161 
f 3610//3 1740//2 676//2 
f 3548//138 1740//138 3610//130 
f 3611//2 1975//3 533//2 
f 2200//88 1975//88 3611//89 
f 3027//16 2303//16 3025//62 
f 2322//2 3025//2 2303//2 
f 3612//63 2353//63 2694//116 
f 2691//2 2694//2 2353//2 
f 1953//2 1711//2 210//2 
f 1709//63 210//63 1711//116 
f 3613//67 1215//67 3550//178 
f 2319//2 3550//2 1215//2 
f 3614//67 325//67 1987//178 
f 1988//2 1987//2 325//2 
f 3610//130 403//130 3548//138 
f 217//2 3548//2 403//3 
f 2584//2 917//3 229//3 
f 919//69 229//69 917//205 
f 339//2 3551//2 424//2 
f 3615//137 424//137 3551//108 
f 1522//2 1521//2 1728//2 
f 3616//137 1728//137 1521//108 
f 3022//91 1200//91 3547//132 
f 385//3 3547//2 1200//2 
f 2084//3 2297//2 676//2 
f 2086//65 2297//65 2084//113 
f 2305//172 1171//172 3617//173 
f 3617//2 1171//3 676//2 
f 3618//2 909//2 582//2 
f 1966//172 909//172 3618//173 
f 3619//66 1928//66 3545//121 
f 3234//3 3545//2 1928//2 
f 3612//2 2352//3 582//2 
f 2694//116 2352//116 3612//63 
f 2153//2 3447//2 172//2 
f 3620//67 172//67 3447//178 
f 1521//108 322//108 3616//137 
f 3616//2 322//2 676//2 
f 3614//3 1979//3 676//2 
f 1987//178 1979//178 3614//67 
f 3550//178 1976//178 3613//67 
f 3613//2 1976//2 582//2 
f 3551//108 2300//108 3615//137 
f 3615//2 2300//2 582//2 
f 1520//123 1510//123 3621//321 
f 3621//3 1510//3 582//2 
f 3033//3 585//3 582//2 
f 3034//205 585//205 3033//69 
f 3619//2 1261//2 582//2 
f 3545//121 1261//121 3619//66 
f 674//89 1674//89 677//88 
f 2222//2 677//3 1674//2 
f 2081//120 372//120 3549//321 
f 3232//2 3549//2 372//2 
f 1534//119 2171//119 1536//62 
f 1536//3 2171//3 533//2 
f 3028//132 1707//132 3622//91 
f 3622//3 1707//3 582//2 
f 2667//130 1732//130 1961//138 
f 1959//2 1961//2 1732//3 
f 3620//3 1412//3 533//2 
f 3447//178 1412//178 3620//67 
f 3239//2 3546//2 911//3 
f 910//115 911//115 3546//114 
f 1172//115 1173//115 1198//114 
f 1199//2 1198//2 1173//3 
f 3623//3 384//3 533//2 
f 2307//123 384//123 3623//321 
f 383//122 382//122 3448//129 
f 2204//2 3448//3 382//2 
f 2301//118 1706//118 2302//205 
f 2302//3 1706//3 676//2 
f 3611//89 1676//89 2200//88 
f 2201//2 2200//3 1676//2 
f 1706//118 2301//118 1704//13 
f 2321//2 1704//2 2301//2 
f 3624//1482 2725//1095 2103//1095 
f 1079//4 2725//4 3624//4 
f 3554//4 3127//4 3126//4 
f 3127//1079 3554//1459 3553//1459 
f 3625//1078 2492//1431 3482//1431 
f 2492//4 783//4 1453//4 
f 3626//1483 3272//1331 2720//1331 
f 3627//634 1549//4 3135//7 
f 212//64 1668//4 3628//4 
f 3628//1369 1668//711 1665//711 
f 2910//284 3629//1484 2671//1484 
f 2909//4 3629//4 2910//4 
f 1596//747 3630//1485 3631//1485 
f 1593//4 3630//4 1596//4 
f 873//4 3632//4 3633//4 
f 3633//752 3632//1486 3634//1486 
f 1356//4 3635//4 872//4 
f 3635//1487 1356//601 1355//601 
f 3636//1487 1275//601 1352//601 
f 1275//4 3636//4 1276//4 
f 247//7 3538//7 3637//7 
f 3637//252 3538//1418 3537//1418 
f 1366//1056 2906//1183 2591//1057 
f 3358//1367 3359//1368 2593//1058 
f 3638//4 3212//4 1080//4 
f 3212//1306 3638//1305 3211//1305 
f 3639//4 1302//4 3336//4 
f 3640//686 3639//1486 3641//1486 
f 3634//4 1308//4 3335//4 
f 3642//686 3634//1486 3632//1486 
f 3407//1384 3643//1383 3405//1383 
f 3407//4 3644//4 1167//4 
f 3645//1098 1806//1488 2729//1488 
f 1806//4 3645//4 1109//4 
f 2828//4 3646//4 1669//4 
f 3646//1489 3647//1490 3648//1490 
f 3649//1273 1058//455 1057//455 
f 1586//4 3649//4 2290//4 
f 3650//1487 1325//576 1323//576 
f 2473//4 1325//4 3650//4 
f 3651//1487 1274//576 1273//576 
f 2476//4 1274//4 3651//4 
f 2713//4 1342//4 1276//4 
f 1342//1491 2713//1092 2712//1092 
f 874//1491 2718//1092 2717//1092 
f 872//4 2718//4 874//4 
f 3652//1482 2733//1099 2732//1099 
f 2597//4 2733//4 3652//4 
f 48//4 3653//7 3654//7 
f 3654//1492 3653//1493 3655//1493 
f 3656//1494 3648//1490 3647//1490 
f 3329//4 3648//4 3656//4 
f 1178//607 3657//606 1371//606 
f 3657//4 1178//4 1174//4 
f 2071//790 2070//790 3658//1400 
f 79//13 2073//22 2641//22 
f 3659//1495 1552//909 2281//909 
f 682//4 1552//4 3659//4 
f 3286//4 3660//4 3661//4 
f 3660//1496 3286//1337 3284//1337 
f 2482//1396 3662//1395 963//1395 
f 3662//4 2482//4 3663//4 
f 3664//849 3665//1497 3396//1497 
f 2130//4 3664//4 3074//4 
f 3143//851 1858//1498 3666//1498 
f 3142//4 1858//4 3143//4 
f 3667//597 3668//1499 3154//1499 
f 48//4 3668//7 3667//7 
f 3160//1282 3161//1281 2026//812 
f 1600//1500 2026//812 2025//811 
f 3669//1501 3670//1502 3671//1502 
f 2105//4 2827//4 2104//4 
f 2730//4 1107//4 1636//4 
f 3672//486 2730//1503 3673//1503 
f 3674//1504 3675//1505 3210//1505 
f 2901//4 3675//4 924//4 
f 3407//4 3676//4 3644//4 
f 3644//1506 3676//1507 3677//1507 
f 1549//4 883//4 2628//634 
f 2628//1321 3678//1508 3679//1508 
f 3680//901 1514//1481 3607//1481 
f 882//4 1514//4 2237//4 
f 775//22 1367//16 3216//13 
f 3333//1349 3331//1347 3332//1348 
f 702//4 1511//4 3681//4 
f 3681//640 1511//1509 3682//1509 
f 3528//1454 1370//1453 3527//1453 
f 2521//4 1370//4 3528//4 
f 2788//344 3683//1510 1470//1510 
f 2051//4 3684//4 2788//4 
f 3372//7 3685//7 231//7 
f 3685//1496 3372//607 3370//607 
f 3686//1123 3687//1511 3688//1511 
f 2050//4 1464//4 2051//4 
f 2986//1122 3689//1512 3684//1512 
f 3690//4 3689//4 2986//4 
f 1620//4 3691//4 964//4 
f 3505//1443 3692//1442 3504//1442 
f 340//2 2429//2 130//2 
f 2429//63 340//117 339//116 
f 3693//4 891//4 3087//4 
f 3087//1495 891//366 683//366 
f 2356//4 2357//4 2921//4 
f 2921//1244 2249//907 2248//907 
f 3356//1365 2218//888 3357//1366 
f 2907//1185 2218//888 2905//1182 
f 2589//1513 1687//730 1686//730 
f 2208//4 2589//4 2588//4 
f 1638//4 827//4 2729//4 
f 3694//327 1638//1514 3695//1514 
f 3696//761 3697//1515 3698//1515 
f 3697//4 3696//4 3699//4 
f 678//7 3700//4 3701//4 
f 3701//1516 3700//1517 3702//1517 
f 3703//1513 3352//1361 3351//1361 
f 3352//4 3703//4 252//4 
f 1418//4 3704//4 1419//4 
f 3226//1310 3705//1309 3225//1309 
f 1527//4 3706//4 1528//4 
f 3221//1310 3707//1309 3219//1309 
f 3708//4 3709//4 3710//4 
f 3709//1492 3708//1518 3711//1518 
f 24//4 3712//4 3713//4 
f 3713//270 3712//1519 3714//1519 
f 3715//270 3716//1519 3717//1519 
f 3716//4 3715//1520 100//7 
f 3718//1521 3387//1378 3386//1378 
f 2618//4 3387//4 3718//4 
f 3719//1521 3390//1378 3388//1378 
f 2615//4 3390//4 3719//4 
f 3460//1419 3720//1418 3458//1418 
f 212//64 3720//4 3460//4 
f 3464//1421 3721//1420 3462//1420 
f 3721//4 2368//4 2370//4 
f 2843//1465 1680//718 1679//718 
f 1680//4 2843//4 3722//4 
f 1693//4 2847//4 3723//4 
f 2847//1465 1693//718 1691//718 
f 2531//1423 3724//1422 3465//1422 
f 3724//4 2531//4 3725//4 
f 2676//4 3726//4 2677//4 
f 2677//1425 3726//1424 3468//1424 
f 3727//1405 3402//1382 3401//1382 
f 3402//70 3727//7 29//7 
f 3728//1522 3513//1448 3512//1448 
f 3513//4 3728//4 473//4 
f 2657//1127 836//337 660//337 
f 836//4 2657//4 3479//4 
f 2654//1127 3475//337 3729//337 
f 3475//4 2654//4 3476//4 
f 1811//4 3730//4 1809//4 
f 3731//805 3730//1523 3399//1523 
f 1601//1524 1600//1500 2025//811 
f 1601//1524 2025//811 3175//1295 
f 3732//1525 3733//1525 3734//754 
f 3733//7 98//7 3734//7 
f 3735//755 3736//1526 3737//1526 
f 3736//4 3735//4 89//7 
f 3733//1525 3732//1525 3738//1144 
f 3732//6 558//5 3738//6 
f 3737//5 3739//5 33//5 
f 3739//1141 3737//1526 3736//1526 
f 3055//843 3673//1503 2730//1503 
f 3673//4 3055//4 3057//4 
f 3133//1353 3740//1352 3337//1352 
f 3130//4 3740//4 3133//4 
f 3741//1527 3663//1528 3742//1528 
f 3662//4 3663//4 3741//4 
f 3743//4 2230//4 89//7 
f 2230//894 3743//893 2229//893 
f 3744//7 98//7 2233//7 
f 2232//896 3744//896 2233//895 
f 2466//994 3745//993 2464//993 
f 3745//5 2466//5 33//5 
f 2469//996 3746//996 2467//995 
f 3746//6 558//5 2467//6 
f 750//16 2287//16 3070//16 
f 750//46 2285//687 2287//687 
f 3747//924 3717//1519 3716//1519 
f 3748//4 3717//4 3747//4 
f 3749//4 3714//4 3750//4 
f 3750//924 3714//1519 3712//1519 
f 3751//536 1142//339 1141//338 
f 1142//4 3751//4 26//4 
f 3458//4 3752//4 3461//4 
f 3268//1328 3461//1328 3752//1529 
f 2636//4 3702//4 2555//4 
f 3753//1530 3702//1517 3700//1517 
f 2024//810 2553//1040 3161//1281 
f 3161//1281 2553//1040 3283//1336 
f 3754//1531 3755//1531 3756//1173 
f 3755//7 98//7 3756//7 
f 1830//4 1944//7 89//7 
f 3757//1170 3758//1532 3759//1532 
f 3760//1533 2594//1257 2280//1257 
f 2594//4 2596//4 1869//4 
f 3761//4 3090//4 89//7 
f 3090//1259 3761//1258 3089//1258 
f 3093//1262 3762//1262 3091//1260 
f 3762//7 98//7 3091//7 
f 3754//6 558//5 3763//6 
f 3755//1531 3754//1531 3763//799 
f 3759//5 3764//5 33//5 
f 3764//800 3759//1532 3758//1532 
f 2050//4 3765//4 1464//4 
f 3765//831 3766//1534 3604//1534 
f 3767//336 3729//337 3475//337 
f 3729//1535 3767//1206 29//7 
f 3768//1536 2470//1363 2715//1363 
f 2470//4 2472//1402 2623//7 
f 3769//1536 2477//1363 2714//1363 
f 2477//4 2475//4 2625//4 
f 3770//1174 3771//1537 3772//1538 
f 3771//5 3770//5 33//5 
f 3773//1539 3774//1540 3775//1175 
f 3774//6 558//5 3775//6 
f 1082//7 98//7 1221//7 
f 3774//1540 3773//1539 3776//472 
f 3777//473 3772//1538 3771//1537 
f 3772//4 3777//4 89//7 
f 3778//1541 3779//1542 3780//1542 
f 3779//4 3781//4 3782//4 
f 3783//1543 3784//1542 3785//1542 
f 3784//4 3786//4 3787//4 
f 2964//4 2941//4 1762//4 
f 1762//1544 3788//1545 3789//1545 
f 2928//4 3500//4 3790//4 
f 3790//1406 3500//1407 3499//1407 
f 3357//1366 2217//887 3051//1235 
f 2217//887 2567//1048 3051//1235 
f 3791//1546 3792//1547 3793//1547 
f 1256//4 3792//4 3791//4 
f 1399//1548 1887//1426 3473//1426 
f 3595//4 1887//4 1399//4 
f 3794//4 3113//4 3112//4 
f 3113//1162 3794//1549 3795//1549 
f 3796//4 3797//4 90//7 
f 3797//1160 3796//1550 3798//1550 
f 3799//1166 3800//1551 3801//1551 
f 3800//4 3799//4 19//4 
f 3802//4 3117//4 3116//4 
f 3117//1164 3802//1552 3803//1552 
f 3804//4 3102//4 3101//4 
f 3102//1154 3804//1553 3805//1553 
f 3806//7 3807//7 243//7 
f 3807//1158 3806//1554 3808//1554 
f 3809//4 3106//4 3105//4 
f 3106//1191 3809//1555 3810//1555 
f 3811//1156 3812//1556 3813//1556 
f 3812//4 3811//4 214//4 
f 1439//4 3814//4 3815//4 
f 3815//1238 3814//1557 3816//1557 
f 2729//4 2110//4 2730//4 
f 3817//1124 2729//1488 1806//1488 
f 1153//4 1156//4 1421//4 
f 1421//1408 934//383 780//383 
f 3818//546 3819//2 2131//2 
f 3489//4 3819//4 3818//4 
f 3820//375 2131//2 3819//2 
f 2131//4 922//4 3084//4 
f 2163//4 1406//4 2164//4 
f 515//176 1406//176 513//176 
f 3520//1451 3821//1558 3518//1450 
f 50//4 3821//4 3520//4 
f 3822//1559 3823//1560 3824//1560 
f 3825//4 3823//4 3822//4 
f 3826//634 3827//634 1003//4 
f 3827//1073 3826//1561 3828//1561 
f 3175//1295 2215//885 2567//1048 
f 2566//1047 3175//1295 2567//1048 
f 49//7 1906//61 135//7 
f 135//1213 1906//778 2970//778 
f 2498//1291 1469//1290 1241//1290 
f 1469//4 2498//4 856//4 
f 3829//1133 3830//1517 3831//1517 
f 1059//4 3829//4 1346//4 
f 2672//1562 3832//1563 2984//1563 
f 2671//4 931//4 2672//4 
f 3833//1564 3834//1565 3521//1565 
f 2158//4 3834//4 878//4 
f 2394//952 2861//1153 2860//1152 
f 2394//952 3421//1397 2861//1153 
f 48//4 3835//7 3836//1566 
f 3836//1567 3835//1568 2925//1568 
f 2023//809 2552//1039 2024//810 
f 2396//955 2552//1039 2023//809 
f 3803//4 3837//4 214//4 
f 3837//296 3803//1552 3802//1552 
f 3801//4 2274//4 2271//4 
f 2274//294 3801//1551 3800//1551 
f 3798//4 2267//4 2264//4 
f 2267//312 3798//1550 3796//1550 
f 3838//239 3795//1549 3794//1549 
f 3795//7 3838//7 243//7 
f 3813//4 2257//4 2254//4 
f 2257//657 3813//1556 3812//1556 
f 3805//4 3839//4 90//7 
f 3839//659 3805//1553 3804//1553 
f 3810//4 3840//4 19//4 
f 3840//644 3810//1555 3809//1555 
f 3808//4 2253//4 2250//4 
f 2253//569 3808//1554 3806//1554 
f 3841//4 1985//4 1098//4 
f 1985//1569 3841//1570 3842//1570 
f 3050//1234 2215//885 3062//1242 
f 3062//1242 2215//885 2027//813 
f 2498//4 2499//4 1098//4 
f 1098//1571 2785//1120 2783//1120 
f 2782//4 3452//4 1372//4 
f 3843//1572 2782//1119 2781//1119 
f 2022//808 2024//810 2859//1280 
f 2859//1280 2024//810 3161//1281 
f 2710//1351 1875//758 1874//758 
f 2425//4 1875//1535 2710//1091 
f 2709//1351 1847//758 1846//758 
f 2420//4 1847//4 2709//4 
f 3061//1241 3283//1336 2553//1040 
f 3061//1241 3063//1243 3283//1336 
f 2923//1573 3844//1574 3845//1575 
f 3846//1195 2515//1020 2514//858 
f 2969//4 2971//4 3847//4 
f 3847//1576 2971//1314 3243//1314 
f 3848//371 2989//1577 3849//1577 
f 2989//4 898//4 1770//7 
f 2987//4 980//4 1774//4 
f 3850//1578 2987//1577 3851//1577 
f 2937//1573 3852//1574 3853//1575 
f 2936//1195 2935//1195 2640//858 
f 2861//1153 3523//1452 2396//955 
f 3523//1452 3330//1346 2396//955 
f 3569//4 3854//4 1241//7 
f 3854//1579 3569//1463 1984//1463 
f 2246//1477 1878//768 1877//768 
f 2245//4 1878//4 2246//4 
f 3673//4 3057//4 1321//4 
f 1321//649 3816//1557 3814//1557 
f 3179//4 3851//4 3582//4 
f 3582//1076 3851//1577 2987//1577 
f 3584//1076 3849//1577 2989//1577 
f 3177//4 3849//4 3584//4 
f 3855//4 3381//4 473//4 
f 3381//1375 3855//1374 3380//1374 
f 1939//4 1937//4 1940//4 
f 1940//1414 3856//1413 3451//1413 
f 1444//24 176//24 1445//24 
f 176//48 175//47 1445//1229 
f 3857//1580 3858//535 3859//535 
f 3858//4 3857//4 100//7 
f 26//4 3860//4 3861//4 
f 3861//1580 3860//535 3862//535 
f 3863//1581 3560//1462 3567//1462 
f 3560//4 3863//4 2645//4 
f 3561//4 3864//4 2648//4 
f 3864//1581 3561//1462 3565//1462 
f 1603//688 2995//1221 2994//1220 
f 2995//1221 3061//1241 2994//1220 
f 1710//2 2355//2 676//2 
f 2354//90 2355//90 1710//116 
f 2297//65 2086//65 2295//66 
f 820//2 2295//2 2086//2 
f 1739//124 2659//124 1263//125 
f 2575//3 1263//2 2659//2 
f 1737//2 3035//2 533//2 
f 3020//161 3035//161 1737//131 
f 3609//161 1397//161 2699//68 
f 2700//3 2699//3 1397//3 
f 2771//16 1569//16 1535//62 
f 1571//2 1535//2 1569//2 
f 1961//138 3031//138 2667//130 
f 3031//3 2774//3 582//2 
f 2352//116 2694//116 279//90 
f 2695//2 279//2 2694//2 
f 278//3 3622//3 582//2 
f 280//91 3622//91 278//90 
f 172//67 3620//67 226//8 
f 226//3 3620//3 533//2 
f 344//2 173//2 631//2 
f 2772//114 631//114 173//8 
f 1397//161 3609//161 405//131 
f 405//2 3609//2 676//2 
f 1738//132 2076//132 1736//131 
f 448//3 1736//2 2076//2 
f 532//172 3030//172 530//115 
f 2579//2 530//3 3030//3 
f 2771//3 1536//3 533//2 
f 1535//62 1536//62 2771//16 
f 1708//131 804//131 1713//161 
f 438//3 1713//3 804//3 
f 1264//139 3036//139 1262//125 
f 1262//2 3036//2 533//2 
f 3026//3 370//3 582//2 
f 371//119 370//119 3026//62 
f 3024//120 3023//120 2773//119 
f 2773//3 3023//3 676//2 
f 2081//3 3621//3 582//2 
f 3549//321 3621//321 2081//120 
f 2766//171 3045//171 1977//177 
f 1977//2 3045//2 582//2 
f 2299//2 3043//2 582//2 
f 2768//538 3043//538 2299//107 
f 321//2 3044//2 676//2 
f 2702//538 3044//538 321//107 
f 2767//171 3042//171 1980//177 
f 1980//3 3042//3 676//2 
f 1852//3 1851//3 1714//3 
f 2765//68 1714//68 1851//69 
f 1976//178 3550//178 1978//177 
f 2309//2 1978//2 3550//2 
f 2300//108 3551//108 2298//107 
f 1804//2 2298//2 3551//2 
f 322//108 1521//108 320//107 
f 1523//2 320//2 1521//2 
f 1989//2 1981//2 1987//2 
f 1979//178 1987//178 1981//177 
f 3231//2 3024//2 1072//2 
f 2773//119 1072//119 3024//120 
f 1710//116 1711//116 2354//90 
f 3229//2 2354//2 1711//2 
f 3026//62 3025//62 371//119 
f 517//2 371//2 3025//2 
f 3448//129 2660//129 383//122 
f 383//2 2660//3 533//2 
f 3622//91 280//91 3028//132 
f 2219//3 3028//2 280//2 
f 631//114 2772//114 531//115 
f 531//3 2772//3 533//2 
f 2769//118 2770//118 918//205 
f 918//3 2770//3 533//2 
f 2303//16 3027//16 584//118 
f 584//3 3027//3 582//2 
f 918//205 917//205 2769//118 
f 2580//2 2769//2 917//3 
f 3547//132 406//132 3022//91 
f 3022//2 406//2 676//2 
f 675//88 677//88 2085//113 
f 2221//2 2085//3 677//3 
f 1851//69 3033//69 2765//68 
f 2765//3 3033//3 582//2 
f 2764//171 2763//171 1104//136 
f 1103//2 1104//2 2763//2 
f 2171//119 1534//119 2173//120 
f 2583//2 2173//2 1534//2 
f 1412//178 3447//178 1414//177 
f 2576//2 1414//2 3447//2 
f 1509//3 1730//3 582//2 
f 1731//129 1730//129 1509//122 
f 2172//3 3623//3 533//2 
f 735//321 3623//321 2172//120 
f 1413//3 2764//3 533//2 
f 2763//171 2764//171 1413//177 
f 2353//63 3612//63 1260//5 
f 1260//2 3612//2 582//2 
f 208//2 1709//2 676//2 
f 210//63 1709//63 208//5 
f 667//3 935//2 3545//2 
f 1261//121 3545//121 935//6 
f 1071//62 1070//62 1705//13 
f 1706//3 1705//3 676//2 
f 2779//58 1992//58 1727//7 
f 1848//3 1727//2 1992//2 
f 191//58 2776//58 189//7 
f 625//3 189//2 2776//2 
f 669//3 209//2 812//2 
f 3032//121 812//121 209//6 
f 2668//122 2780//122 815//123 
f 815//3 2780//2 676//2 
f 1674//89 674//89 1673//136 
f 1673//3 674//2 676//2 
f 1151//2 2090//2 676//2 
f 760//125 2090//125 1151//124 
f 1537//2 1933//2 582//2 
f 1538//125 1933//125 1537//124 
f 423//89 277//89 421//136 
f 421//2 277//2 582//2 
f 1933//125 1538//125 1931//139 
f 562//3 1931//3 1538//3 
f 2686//2 402//3 2668//2 
f 2780//122 2668//122 402//129 
f 277//89 423//89 275//88 
f 2685//2 275//3 423//2 
f 2090//125 760//125 2088//139 
f 486//3 2088//3 760//3 
f 1675//3 3611//2 533//2 
f 1676//89 3611//89 1675//136 
f 1642//2 1731//3 1508//2 
f 1509//122 1508//122 1731//129 
f 1932//2 3618//2 582//2 
f 3047//173 3618//173 1932//139 
f 403//130 3610//130 401//129 
f 401//3 3610//3 676//2 
f 3046//113 2762//113 276//88 
f 276//3 2762//3 582//2 
f 2089//2 3617//2 676//2 
f 2314//173 3617//173 2089//139 
f 2085//113 2084//113 675//88 
f 675//3 2084//3 676//2 
f 3044//538 2702//538 1150//124 
f 847//3 1150//2 2702//2 
f 3623//321 735//321 2307//123 
f 503//2 2307//2 735//2 
f 390//2 813//2 2767//2 
f 3042//171 2767//171 813//136 
f 3621//321 3549//321 1520//123 
f 629//2 1520//2 3549//2 
f 3045//171 2766//171 422//136 
f 1183//2 422//2 2766//2 
f 3043//538 2768//538 1166//124 
f 1164//3 1166//2 2768//2 
f 1517//2 814//2 1515//2 
f 816//321 1515//321 814//123 
f 1268//58 1217//58 1266//4 
f 1219//3 1266//2 1217//2 
f 1735//137 2666//137 1267//4 
f 1267//2 2666//2 533//2 
f 380//2 2663//2 533//2 
f 902//63 2663//63 380//5 
f 381//121 3016//121 379//5 
f 2196//3 379//2 3016//2 
f 1705//13 1704//13 1071//62 
f 1991//2 1071//2 1704//2 
f 1216//2 3613//2 582//2 
f 1215//67 3613//67 1216//8 
f 424//137 3615//137 190//7 
f 190//2 3615//2 582//2 
f 1728//137 3616//137 1726//7 
f 1726//2 3616//2 676//2 
f 325//67 3614//67 323//8 
f 323//3 3614//3 676//2 
f 2778//114 3546//114 746//9 
f 342//2 746//2 3546//2 
f 2777//114 1198//114 324//9 
f 205//2 324//2 1198//2 
f 1198//114 2777//114 1172//115 
f 1172//3 2777//3 676//2 
f 3546//114 2778//114 910//115 
f 910//2 2778//2 582//2 
f 1741//2 2779//2 676//2 
f 1992//58 2779//58 1741//141 
f 2776//58 191//58 2774//141 
f 2774//3 191//2 582//2 
f 2296//2 3032//2 676//2 
f 812//121 3032//121 2296//66 
f 1957//2 583//2 3034//3 
f 585//205 3034//205 583//118 
f 406//132 3547//132 404//131 
f 2223//3 404//3 3547//2 
f 3016//121 381//121 3017//66 
f 3017//2 381//2 533//2 
f 2666//137 1735//137 2664//108 
f 2197//2 2664//2 1735//2 
f 1740//138 3548//138 1742//141 
f 3235//2 1742//2 3548//2 
f 3031//138 1961//138 2775//141 
f 1958//2 2775//2 1961//2 
f 2350//69 2349//69 649//205 
f 337//2 649//3 2349//3 
f 1217//58 1268//58 3018//141 
f 3018//2 1268//2 533//2 
f 2663//63 902//63 2661//116 
f 3149//2 2661//2 902//2 
f 2662//2 3040//2 533//2 
f 1317//90 3040//90 2662//116 
f 3038//138 427//138 3019//141 
f 3145//2 3019//2 427//2 
f 2666//2 2665//2 533//2 
f 3039//107 3041//107 2665//108 
f 3037//65 2082//65 610//66 
f 447//2 610//2 2082//2 
f 1713//161 1712//161 1708//131 
f 1708//3 1712//3 582//2 
f 3036//139 1264//139 1579//173 
f 1580//2 1579//2 1264//2 
f 229//69 919//69 227//68 
f 227//2 919//3 533//2 
f 2350//3 2302//3 676//2 
f 649//205 2302//205 2350//69 
f 1928//66 3619//66 1930//65 
f 1930//2 3619//2 582//2 
f 3618//173 3047//173 1966//172 
f 1967//3 1966//3 3047//3 
f 3617//173 2314//173 2305//172 
f 1965//3 2305//3 2314//3 
f 2762//113 3046//113 1929//65 
f 441//2 1929//2 3046//3 
f 3035//161 3020//161 228//68 
f 506//2 228//2 3020//2 
f 427//138 3038//138 425//130 
f 425//3 3038//2 533//2 
f 2082//65 3037//65 1974//113 
f 1974//3 3037//2 533//2 
f 3041//107 3039//107 632//538 
f 430//2 632//2 3039//2 
f 2074//2 1738//2 533//2 
f 2076//132 1738//132 2074//91 
f 2660//129 3448//129 426//130 
f 1584//2 426//3 3448//3 
f 3030//172 532//172 3029//173 
f 3029//2 532//3 533//2 
f 3040//90 1317//90 2075//91 
f 1319//2 2075//2 1317//2 
f 2658//2 1739//2 533//2 
f 2659//124 1739//124 2658//538 
f 1975//88 2200//88 1973//113 
f 620//2 1973//3 2200//3 
f 3865//4 358//4 357//4 
f 358//215 3865//1582 3866//1582 
f 3867//243 3868//1583 3869//1583 
f 3868//4 3867//4 214//4 
f 3870//7 3871//7 243//7 
f 3871//233 3870//1584 3872//1584 
f 3873//4 377//4 376//4 
f 377//225 3873//1585 3874//1585 
f 3875//4 3876//4 90//7 
f 3876//392 3875//1586 3877//1586 
f 3878//323 3874//1585 3873//1585 
f 3874//4 3878//4 19//4 
f 3872//4 2001//4 1998//4 
f 2001//241 3872//1584 3870//1584 
f 3879//4 950//4 947//4 
f 950//388 3879//1587 3880//1587 
f 3869//4 1997//4 1994//4 
f 1997//235 3869//1583 3868//1583 
f 3292//1103 3881//1588 3882//1588 
f 3881//4 3292//4 3291//4 
f 3883//310 3866//1582 3865//1582 
f 3866//4 3883//4 90//7 
f 3884//4 960//4 957//4 
f 960//394 3884//1589 3885//1589 
f 3294//1104 3886//1590 3887//1590 
f 3886//4 3294//4 3293//4 
f 3888//4 3889//4 90//7 
f 3889//1105 3888//1591 3890//1591 
f 3891//390 3892//1592 3893//1592 
f 3892//4 3891//4 19//4 
f 3894//4 3895//4 19//4 
f 3895//1106 3894//1593 3896//1593 
f 3897//1117 3898//1594 3899//1594 
f 3898//7 3897//7 243//7 
f 3893//4 2011//4 2008//4 
f 2011//325 3893//1592 3892//1592 
f 3900//4 3318//4 3317//4 
f 3318//1116 3900//1595 3901//1595 
f 3877//4 2015//4 2012//4 
f 2015//384 3877//1586 3875//1586 
f 3902//1115 3903//1596 3904//1596 
f 3903//4 3902//4 214//4 
f 3298//1109 3890//1591 3888//1591 
f 3890//4 3298//4 3297//4 
f 3300//1107 3896//1593 3894//1593 
f 3896//4 3300//4 3299//4 
f 3905//4 3322//4 3321//4 
f 3322//1118 3905//1597 3906//1597 
f 3907//351 3885//1589 3884//1589 
f 3885//4 3907//4 214//4 
f 3908//1113 3909//1598 3910//1598 
f 3909//4 3908//4 19//4 
f 3911//1114 3912//1599 3913//1599 
f 3912//4 3911//4 90//7 
f 3882//4 3914//4 214//4 
f 3914//1110 3882//1588 3881//1588 
f 3915//1108 3887//1590 3886//1590 
f 3887//7 3915//7 243//7 
f 3916//349 3880//1587 3879//1587 
f 3880//7 3916//7 243//7 
f 3917//4 3316//4 3315//4 
f 3316//1112 3917//1600 3918//1600 
f 3919//4 3314//4 3313//4 
f 3314//1111 3919//1601 3920//1601 
f 3921//4 3288//4 3792//4 
f 3288//1339 3921//1338 361//1338 
f 3342//653 3922//1602 3923//1602 
f 3339//4 3922//4 3342//4 
f 594//4 3924//4 3925//4 
f 3925//1603 3924//1247 3073//1247 
f 3926//1387 3099//1159 3097//1159 
f 3099//4 3926//4 3927//4 
f 34//6 3103//6 3928//6 
f 3928//1386 3103//1155 3100//1155 
f 253//5 3107//5 3929//5 
f 3929//1355 3107//1192 3104//1192 
f 3930//1389 3096//1157 3094//1157 
f 3096//4 3930//4 3931//4 
f 3932//1391 3121//1161 3119//1161 
f 3121//4 3932//4 3933//4 
f 3934//1393 3118//1165 3115//1165 
f 35//5 3118//5 3934//5 
f 3935//1392 3110//1167 3108//1167 
f 3110//4 3935//4 3936//4 
f 3937//1390 3114//1163 3111//1163 
f 116//6 3114//6 3937//6 
f 3938//335 3725//1604 3939//1604 
f 3724//4 3725//4 3938//4 
f 3940//340 1497//1605 1613//1605 
f 1497//7 852//4 3241//4 
f 3941//1032 3920//1601 3919//1601 
f 3920//4 3941//4 214//4 
f 3904//4 3307//4 3306//4 
f 3307//1035 3904//1596 3903//1596 
f 3906//4 3942//4 90//7 
f 3942//1038 3906//1597 3905//1597 
f 3918//7 3943//7 243//7 
f 3943//1033 3918//1600 3917//1600 
f 3901//4 3944//4 19//4 
f 3944//1036 3901//1595 3900//1595 
f 3899//4 3304//4 3303//4 
f 3304//1037 3899//1594 3898//1594 
f 3913//4 3310//4 3309//4 
f 3310//1034 3913//1599 3912//1599 
f 3910//4 3312//4 3311//4 
f 3312//1054 3910//1598 3909//1598 
f 3063//1243 2027//813 3283//1336 
f 3062//1242 2027//813 3063//1243 
f 3945//1266 3946//1606 3947//1606 
f 1232//4 3946//1607 2950//1206 
f 942//4 3948//4 2953//4 
f 3949//1266 3948//1606 3950//1606 
f 2407//4 3951//7 313//7 
f 3951//1608 3952//1609 3469//1609 
f 2187//1610 3953//1611 1598//1611 
f 3071//4 2184//4 2187//4 
f 1081//910 1080//910 1033//440 
f 1033//4 1080//4 1890//4 
f 3361//1311 3954//1612 1939//1612 
f 3360//4 3954//4 3361//4 
f 3955//1613 693//248 692//248 
f 2857//4 693//4 3955//4 
f 3956//1614 1417//248 1416//248 
f 2854//4 1417//4 3956//4 
f 3957//4 3223//4 3225//4 
f 3223//1436 3957//1615 3491//1435 
f 3222//1436 3958//1435 391//1435 
f 3958//4 3222//4 3219//4 
f 3525//1616 2736//1101 2735//1101 
f 2736//4 3525//4 3524//4 
f 3384//4 3959//4 3262//4 
f 3959//1617 3384//1377 3382//1377 
f 1546//4 3606//4 1984//4 
f 3960//1579 3606//1480 3605//1480 
f 1035//4 2969//4 2294//4 
f 2969//1213 1035//441 1034//441 
f 3961//1618 3962//1619 3963//1619 
f 48//4 3962//7 3961//7 
f 292//4 3964//4 3210//4 
f 3210//1505 3964//1504 3674//1504 
f 719//4 3677//4 2130//4 
f 3677//1507 3965//1506 3644//1506 
f 3966//361 3967//1620 3968//1620 
f 1394//4 3967//4 3966//4 
f 3963//4 2337//4 2831//4 
f 3969//295 3963//1619 3962//1619 
f 1892//772 1855//759 1890//759 
f 1855//4 1892//4 2490//4 
f 1527//4 2570//4 1137//4 
f 1137//1621 2570//1212 2968//1212 
f 1592//1622 2573//1212 2966//1212 
f 1418//4 2573//4 1592//4 
f 2187//4 3010//4 3011//4 
f 3011//1228 3970//1623 2333//1623 
f 3160//1282 2026//812 1600//1500 
f 775//22 3160//16 1600//16 
f 3255//4 2510//4 3971//4 
f 3971//1468 2510//1051 1420//1051 
f 3972//1467 2507//1051 1529//1051 
f 3258//4 2507//4 3972//4 
f 3655//4 3973//4 3974//4 
f 3974//1624 3973//1625 2105//1625 
f 2459//1069 2614//1626 3534//1069 
f 3975//1627 2459//987 2456//987 
f 2454//4 2617//4 3531//4 
f 3976//1627 2454//987 2453//987 
f 2331//4 2333//4 3977//4 
f 3977//1230 2333//1623 3970//1623 
f 3978//1070 2348//1628 3241//1628 
f 2346//4 2348//4 3978//4 
f 775//22 3590//16 2022//16 
f 3590//1472 2023//809 2022//808 
f 3979//871 3575//1629 3280//1629 
f 3575//4 2175//4 1529//4 
f 3980//871 3577//1629 3277//1629 
f 3577//655 2177//1630 1420//7 
f 2045//827 3356//1365 3357//1366 
f 2045//827 3357//1366 2046//828 
f 1607//4 1112//4 1671//4 
f 1112//491 1607//691 1605//691 
f 2848//490 3132//1268 3131//1268 
f 243//7 3132//4 2848//4 
f 3544//1219 3981//1631 1774//1631 
f 977//4 3981//4 3544//4 
f 3542//1219 3982//1631 1770//1631 
f 1936//4 3982//4 3542//4 
f 3370//4 3371//4 3661//4 
f 3661//1632 3371//1461 1812//1461 
f 3983//1330 3627//1633 1983//1633 
f 3627//634 3272//4 1549//4 
f 3241//4 3015//4 1939//4 
f 3984//1231 3241//1628 2348//1628 
f 3168//1289 3167//1288 3985//788 
f 69//1308 3986//1634 3169//1635 
f 775//22 2048//16 1366//16 
f 1366//1056 2904//1181 2906//1183 
f 2564//1294 1601//1524 3175//1295 
f 775//22 1601//16 2564//16 
f 1544//4 3987//4 704//4 
f 3987//1483 1544//669 1549//669 
f 3988//1636 3540//1458 3539//1458 
f 1079//4 3988//4 886//4 
f 3395//1380 1863//763 3393//763 
f 18//4 1863//4 3395//4 
f 3275//4 3277//4 3989//4 
f 3989//499 3277//1629 3577//1629 
f 3990//499 3280//1629 3575//1629 
f 3278//4 3280//4 3990//4 
f 3690//630 3991//1637 3992//1637 
f 2985//4 3690//4 2986//4 
f 2358//1638 3993//1639 3994//1639 
f 1869//4 3172//4 2358//4 
f 3995//795 3996//1640 3997//1640 
f 3196//4 3998//4 1609//4 
f 2337//4 3999//4 2831//4 
f 2831//1140 3999//1139 2829//1139 
f 3992//4 4000//4 1009//7 
f 4000//1218 3992//1637 3991//1637 
f 1809//4 3631//4 1812//4 
f 4001//1632 3631//1485 3630//1485 
f 2565//1641 2566//1047 2216//886 
f 2565//1641 2564//1294 2566//1047 
f 2924//1642 2923//1573 4002//1643 
f 270//85 2924//1642 4003//1644 
f 3131//1268 1111//490 2848//490 
f 1111//4 3131//4 3165//4 
f 3947//4 4004//4 726//4 
f 4004//386 3947//1606 3946//1606 
f 4005//1405 1886//770 1884//770 
f 1886//4 4005//4 4006//4 
f 2993//4 4007//4 4008//4 
f 4007//1405 2993//770 2991//770 
f 4009//386 3950//1606 3948//1606 
f 3950//4 4009//4 792//4 
f 1774//4 1531//4 3575//4 
f 4010//1237 1774//1631 3981//1631 
f 1770//7 1121//4 3577//655 
f 4011//1237 1770//1631 3982//1631 
f 3384//4 3262//4 4012//4 
f 4012//1645 3262//1326 3261//1326 
f 48//4 1050//7 1605//7 
f 1605//691 1050//491 1112//491 
f 199//1287 3218//1475 4013//1476 
f 3217//1288 2809//788 3579//1288 
f 3742//1528 4014//1527 3741//1527 
f 1195//4 4014//4 1811//4 
f 1872//4 4015//4 4016//4 
f 4015//1646 1872//766 1871//766 
f 4017//1521 2998//1223 2997//1223 
f 2998//779 4017//4 100//7 
f 108//1521 3003//1223 3001//1223 
f 26//4 3003//4 108//4 
f 4018//4 4019//4 1098//4 
f 2049//830 4019//830 4018//1647 
f 4020//1616 1868//1275 3155//1275 
f 1868//4 2735//4 2782//4 
f 327//85 2938//1642 4021//1644 
f 2938//1642 2937//1573 4022//1643 
f 3526//4 2503//4 4023//4 
f 4023//1648 2503//1017 1405//1017 
f 4024//1138 2819//385 4025//385 
f 2819//4 4024//4 4026//4 
f 18//4 2826//4 4025//4 
f 4025//385 2826//1138 4024//1138 
f 2905//1182 3356//1365 3359//1368 
f 2905//1182 2218//888 3356//1365 
f 3824//1560 1129//1559 3822//1559 
f 1129//4 3824//4 678//7 
f 3154//4 3697//4 2292//4 
f 4027//1649 3154//1499 3668//1499 
f 135//7 2820//4 4028//4 
f 4028//970 2820//352 3075//352 
f 3075//352 2435//970 4028//970 
f 2435//4 3075//4 3076//4 
f 214//4 679//7 398//7 
f 398//1412 679//874 2182//874 
f 3400//1381 1643//705 3398//705 
f 1643//7 3400//7 231//7 
f 630//1308 4029//1634 3580//1635 
f 3579//1288 2809//788 2811//788 
f 1620//4 4030//4 2984//4 
f 2984//1563 4030//1562 2672//1562 
f 4031//1473 1914//780 1912//780 
f 1914//4 2631//4 2987//4 
f 4032//1473 1909//780 1908//780 
f 1909//7 2634//4 2989//4 
f 1604//689 3523//1452 3421//1397 
f 175//47 1604//689 3421//1397 
f 2930//70 4033//4 29//7 
f 4033//1650 2930//1197 2927//1196 
f 2934//4 4034//4 26//4 
f 4034//1650 2934//1197 2931//1197 
f 884//4 4035//4 2955//4 
f 4035//1264 3968//1620 3967//1620 
f 3786//4 4036//4 3787//4 
f 3787//1298 4036//237 3184//237 
f 4037//1651 3333//1349 240//77 
f 1446//447 4037//1651 240//77 
f 4038//4 318//7 319//7 
f 318//378 4038//1652 4039//1652 
f 3482//4 967//4 3702//4 
f 4040//1516 967//397 932//397 
f 4016//1446 1755//1085 2651//1085 
f 1753//4 1755//4 4016//4 
f 1179//4 1773//4 1482//4 
f 1482//1401 1773//746 1772//746 
f 1479//1401 1769//745 1768//745 
f 1014//4 1769//4 1479//4 
f 727//4 1029//4 1882//4 
f 1882//1653 1029//438 634//438 
f 1883//1653 1450//438 1449//438 
f 793//4 1450//4 1883//4 
f 1495//7 3072//4 3071//4 
f 3071//1654 2371//932 2369//932 
f 1669//4 3338//4 2104//4 
f 3166//1286 1669//712 1376//712 
f 48//4 3698//7 4041//7 
f 4041//1649 3698//1515 3697//1515 
f 3789//1545 1986//1544 1762//1544 
f 1986//4 3789//4 1098//4 
f 3825//1655 3695//1514 1638//1514 
f 3695//4 3825//4 3822//4 
f 514//1656 2528//1203 2164//1203 
f 2526//4 2528//4 514//4 
f 3793//1547 4042//1546 3791//1546 
f 861//4 3793//4 2050//4 
f 3827//634 2097//4 1003//4 
f 1003//422 2097//837 1001//421 
f 4037//1651 4043//1657 3333//1349 
f 4043//1657 3331//1347 3333//1349 
f 4044//1214 1657//1658 3199//1658 
f 1657//4 3181//4 3183//4 
f 4045//1214 1651//1658 3205//1658 
f 1651//554 2975//1659 3184//554 
f 1761//1344 2918//1193 4046//1193 
f 2356//4 2918//4 1761//4 
f 1161//4 2210//4 397//4 
f 2210//1416 1161//527 3244//527 
f 1430//4 3456//4 2160//4 
f 3456//1417 1430//628 1681//628 
f 2126//848 1666//710 2125//710 
f 1666//4 2126//4 2183//4 
f 2799//4 2801//4 4047//4 
f 4047//1269 2801//1660 4048//1660 
f 4049//1269 2794//1660 4050//1660 
f 2794//4 4049//4 2795//4 
f 1392//4 3453//4 1391//4 
f 3453//1415 1392//619 3248//619 
f 2625//4 3565//4 942//4 
f 4051//1581 2625//1071 1723//1071 
f 2623//7 3567//1661 1232//4 
f 4052//1662 2623//1071 1720//1071 
f 775//22 4053//16 3589//16 
f 775//953 2394//952 2860//1152 
f 4054//272 4055//1663 4056//1663 
f 2454//4 3531//4 795//4 
f 2459//1069 3534//1069 729//554 
f 4057//272 4058//1663 4059//1663 
f 2860//1152 2395//954 3589//1664 
f 3589//1664 2395//954 3590//1472 
f 1585//677 1486//676 501//676 
f 1487//4 1486//4 1585//4 
f 4060//779 4061//4 100//7 
f 4061//1432 4060//1665 3424//1665 
f 4062//1432 4063//1665 3423//1665 
f 26//4 4063//4 4062//4 
f 926//4 4064//4 764//4 
f 4064//557 4039//1652 4038//1652 
f 986//4 2421//4 2420//4 
f 4065//1429 4066//1666 1458//1667 
f 2424//7 2426//7 2425//4 
f 4067//1429 4068//1667 1460//1667 
f 4069//1536 2473//998 2472//998 
f 2473//4 4069//4 1325//4 
f 4070//1536 2476//998 2475//998 
f 2476//4 4070//4 1274//4 
f 1407//625 2163//1053 2588//1053 
f 2163//4 1407//4 1406//4 
f 4071//1533 2597//1060 2596//1060 
f 2597//4 4071//4 2733//4 
f 2672//4 3054//4 1813//4 
f 1813//1668 4072//1669 4073//1669 
f 4046//1193 3326//1344 1761//1344 
f 3326//4 4046//4 747//4 
f 79//13 2642//22 2937//22 
f 2642//1670 4074//1671 2937//1573 
f 4075//1672 3785//1542 3784//1542 
f 3785//7 4075//655 29//7 
f 4076//1673 3780//1542 3779//1542 
f 3780//4 4076//4 26//4 
f 4077//4 3521//4 3518//4 
f 3521//1565 4077//1564 3833//1564 
f 3184//554 4078//1674 444//140 
f 4078//347 4079//238 1920//238 
f 3183//4 4080//4 946//4 
f 4080//347 664//238 663//238 
f 1587//678 4081//678 1056//454 
f 4081//4 1719//4 1056//4 
f 62//13 2518//16 2923//16 
f 2923//1573 2518//1670 4082//1671 
f 1034//441 135//1213 2969//1213 
f 135//7 1034//4 2821//4 
f 4083//1062 4084//1675 3362//1676 
f 82//87 4083//1062 3602//1677 
f 394//1018 2430//968 2505//968 
f 393//4 2430//4 394//4 
f 433//7 2432//4 2511//7 
f 2511//1018 2432//968 2509//968 
f 2046//828 3051//1235 3050//1234 
f 2046//828 3357//1366 3051//1235 
f 1432//4 3255//4 3971//4 
f 3255//1324 1432//629 3254//629 
f 1436//4 3258//4 3972//4 
f 3258//1324 1436//629 3257//629 
f 1205//4 1204//4 1662//4 
f 1662//1478 1204//402 3206//402 
f 1660//1478 981//402 3207//402 
f 982//4 981//4 1660//4 
f 1035//441 2283//440 1033//440 
f 2283//4 1035//4 1081//4 
f 1550//4 3134//4 3135//7 
f 3842//1570 1550//1569 1985//1569 
f 4085//1466 2064//539 2167//539 
f 20//4 2064//4 4085//4 
f 3457//1466 1202//539 2169//539 
f 1202//4 3457//4 1681//4 
f 1372//4 4086//4 2594//4 
f 4087//1256 4086//1678 3693//1678 
f 338//116 340//117 68//117 
f 338//2 68//2 132//2 
f 1021//4 2526//4 514//4 
f 3517//1449 1021//429 3515//429 
f 2060//1284 4088//1283 3163//1283 
f 2057//4 4088//4 2060//4 
f 1311//4 2329//4 1459//4 
f 1459//411 2329//410 1971//410 
f 989//411 2327//410 987//410 
f 1305//4 2327//4 989//4 
f 1693//4 3723//4 4089//4 
f 4089//1679 3723//1680 4090//1680 
f 4091//1679 3722//1681 4092//1681 
f 1680//4 3722//4 4091//4 
f 1452//1341 2211//880 2356//880 
f 2212//7 2211//4 1452//7 
f 1153//4 1760//4 1156//4 
f 1760//1342 1153//518 3325//518 
f 1603//688 3330//1346 3523//1452 
f 1603//688 2994//1220 3330//1346 
f 1396//621 3552//620 1394//620 
f 49//7 3552//4 1396//779 
f 2601//1676 2599//1062 4093//1675 
f 65//15 2601//12 3187//12 
f 2164//1203 515//1656 514//1656 
f 1406//4 515//4 2164//4 
f 773//287 3050//1234 3062//1242 
f 2046//828 3050//1234 773//287 
f 4094//1399 2146//859 2145//859 
f 2073//1682 4095//1683 2641//1684 
f 4096//4 4097//4 1241//7 
f 4097//962 4096//1685 2721//1685 
f 988//411 2709//1351 3336//1351 
f 2709//4 988//4 987//4 
f 2710//1091 1972//4 1971//4 
f 1972//411 2710//1351 3335//1351 
f 553//193 3124//4 4098//4 
f 4098//1686 3124//1263 3123//1263 
f 3358//1367 2906//1183 3359//1368 
f 2906//1183 2905//1182 3359//1368 
f 2047//1687 2565//1641 2216//886 
f 2907//1185 2216//886 2218//888 
f 1874//758 3335//1351 2710//1351 
f 3634//4 3335//4 1874//4 
f 3639//4 3336//4 1846//4 
f 1846//758 3336//1351 2709//1351 
f 1925//1688 4099//1689 4100//1690 
f 1925//1688 4100//1690 1926//1682 
f 2970//4 1395//4 4101//4 
f 1395//621 2970//778 1906//778 
f 4102//1274 2721//1685 4096//1685 
f 3987//4 2721//4 704//4 
f 2591//1057 2906//1183 3358//1367 
f 3332//1348 2591//1057 3358//1367 
f 2406//961 2512//960 2405//960 
f 247//7 2512//4 2406//4 
f 1408//625 513//624 1406//624 
f 1429//4 513//4 1408//4 
f 4103//4 1656//4 4104//4 
f 4104//347 1656//251 1655//251 
f 2925//1568 1719//1567 3836//1567 
f 1719//4 2925//4 1718//4 
f 3697//4 3699//4 2292//4 
f 2292//913 3699//912 2290//912 
f 2179//4 1154//4 2180//4 
f 1154//519 2179//1012 2493//1012 
f 3363//4 1611//4 3364//4 
f 1611//1333 3363//1332 3273//1332 
f 1488//4 2140//4 472//4 
f 2140//857 1488//856 1487//856 
f 2808//1691 4105//1692 4106//1693 
f 2808//1691 2807//1694 4105//1692 
f 2212//881 365//1198 1759//1198 
f 365//7 2212//7 1638//4 
f 313//7 3939//4 2400//4 
f 3939//1604 4107//335 3938//335 
f 3469//1609 4108//1608 3951//1608 
f 3468//4 4108//4 3469//4 
f 3641//1486 2397//686 3640//686 
f 1363//4 2397//4 3641//4 
f 4109//1695 4110//1696 2983//1696 
f 317//7 4110//4 4109//4 
f 754//4 595//4 3341//4 
f 3341//1354 595//208 3339//208 
f 1431//1356 1045//448 396//448 
f 1045//4 1431//4 850//4 
f 3009//1357 2332//919 310//919 
f 2332//4 3009//4 3008//4 
f 4111//926 213//593 3012//593 
f 3441//4 213//4 4111//4 
f 1561//1360 1113//493 3350//493 
f 1113//4 1561//4 1116//4 
f 91//4 2335//4 3349//4 
f 3349//1358 2335//921 3348//921 
f 214//4 2900//4 3355//4 
f 3355//1364 2900//1180 3353//1180 
f 2347//4 3012//4 3014//4 
f 3012//593 2347//926 4111//926 
f 4112//274 4113//1697 4101//1698 
f 3242//4 734//4 2502//4 
f 1305//4 1304//4 2326//4 
f 2326//918 1304//1343 1343//1343 
f 1311//4 1310//4 2328//4 
f 2328//918 1310//1343 1393//1343 
f 3535//4 3376//4 4114//4 
f 4114//1686 3376//1373 3375//1373 
f 1648//928 748//928 2247//906 
f 2247//4 748//4 747//4 
f 763//4 762//4 2671//4 
f 2671//1484 762//284 2910//284 
f 4115//1313 4101//1698 4113//1697 
f 2970//4 4101//4 4115//4 
f 3427//1400 3186//859 2516//1021 
f 1926//1682 4116//1683 2517//1684 
f 3591//1475 2367//1691 4117//1693 
f 4118//1289 2365//930 1922//788 
f 2909//4 3250//4 3629//4 
f 4119//1319 2909//1699 4120//1699 
f 4121//1186 4120//1699 2909//1699 
f 4120//4 4121//4 319//7 
f 1461//1127 1822//751 2656//751 
f 129//4 1822//4 1461//4 
f 1452//7 3325//4 1155//4 
f 1155//519 3325//518 1153//518 
f 2072//1688 4122//1689 4123//1690 
f 2072//1688 4123//1690 2073//1682 
f 4124//1655 1454//1379 3391//1379 
f 1452//7 1454//634 1638//4 
f 2356//4 2213//4 1648//4 
f 2213//881 2356//880 2211//880 
f 2885//1166 4125//1551 4126//1551 
f 4125//4 2885//4 2884//4 
f 35//5 4127//5 4128//5 
f 4128//1164 4127//1552 4129//1552 
f 116//6 4130//6 4131//6 
f 4131//1162 4130//1549 4132//1549 
f 2875//1160 4133//1550 4134//1550 
f 4133//4 2875//4 2874//4 
f 2871//1158 4135//1554 4136//1554 
f 4135//4 2871//4 2870//4 
f 4137//1191 4138//1555 4139//1555 
f 253//5 4138//5 4137//5 
f 2867//1156 4140//1556 4141//1556 
f 4140//4 2867//4 2866//4 
f 4142//1154 4143//1553 4144//1553 
f 34//6 4143//6 4142//6 
f 4145//222 4146//1700 4147//1700 
f 4148//4 4146//4 4145//4 
f 4149//222 4150//1700 4151//1700 
f 4152//4 4150//4 4149//4 
f 1573//579 4153//1701 4154//1701 
f 3137//4 4050//4 1573//4 
f 1233//579 4155//1701 4156//1701 
f 3139//554 4048//1702 1233//7 
f 317//7 4157//4 4158//4 
f 4158//1444 4157//1703 4159//1703 
f 3396//1497 2127//849 3664//849 
f 3393//4 2127//4 3396//4 
f 3666//1498 2132//851 3143//851 
f 3084//4 2132//4 2901//4 
f 2483//4 3397//4 3399//4 
f 3397//1381 2483//1005 2538//1005 
f 1751//918 987//410 2327//410 
f 944//4 987//4 1751//4 
f 1891//772 3212//1306 3209//1306 
f 3212//4 1891//4 1080//4 
f 2330//918 1971//410 2329//410 
f 1971//4 2330//4 1393//4 
f 1856//760 3142//1271 1889//1271 
f 3142//4 1856//4 1858//4 
f 3407//4 2147//4 2488//4 
f 2147//861 3407//1384 3406//1384 
f 2504//860 3395//1380 3394//1380 
f 18//4 3395//4 2504//4 
f 2482//4 2485//4 2483//4 
f 2485//1006 2482//1396 3420//1396 
f 2538//1005 3400//1381 3397//1381 
f 3400//7 2538//7 231//7 
f 2983//4 1239//4 1620//4 
f 1620//1704 4160//341 4161//341 
f 4162//4 3749//4 3750//4 
f 3749//1204 4162//1705 4163//1705 
f 3748//1204 4164//1705 4165//1705 
f 4164//4 3748//4 3747//4 
f 243//7 753//4 3373//4 
f 3373//1267 753//492 1695//492 
f 281//1706 3591//1475 193//1287 
f 65//15 3591//8 281//15 
f 1419//4 2842//634 1909//7 
f 4166//1147 4092//1681 3722//1681 
f 4167//1149 4090//1680 3723//1680 
f 1528//4 2846//4 1914//4 
f 1033//4 1890//4 1857//4 
f 1857//760 1890//759 1855//759 
f 3994//1639 1879//1638 2358//1638 
f 1879//4 3994//4 1877//4 
f 2148//4 3394//4 3396//4 
f 3394//1380 2148//860 2504//860 
f 2828//1494 4168//1707 2339//1707 
f 2827//4 2829//4 2828//4 
f 3259//1708 4169//1709 1349//1709 
f 3555//4 3260//4 3259//4 
f 2983//1696 1893//1695 4109//1695 
f 1893//4 2983//4 2984//4 
f 2011//4 824//4 2009//4 
f 824//326 2011//325 416//325 
f 3908//4 415//4 19//4 
f 415//326 3908//1113 2752//1113 
f 2015//4 940//4 2013//4 
f 940//385 2015//384 528//384 
f 3911//4 527//4 90//7 
f 527//385 3911//1114 2754//1114 
f 3300//4 1778//4 953//4 
f 1778//391 3300//1107 2744//1107 
f 3316//4 863//4 2018//4 
f 863//350 3316//1112 2751//1112 
f 1776//389 3915//1108 2745//1108 
f 3915//7 1776//7 243//7 
f 866//350 3916//349 864//349 
f 3916//7 866//7 243//7 
f 3298//4 1788//4 956//4 
f 1788//393 3298//1109 2747//1109 
f 3914//4 1782//4 214//4 
f 1782//395 3914//1110 2748//1110 
f 3314//4 867//4 2021//4 
f 867//352 3314//1111 2750//1111 
f 1799//244 3867//243 1797//243 
f 3867//4 1799//4 214//4 
f 3871//7 1795//7 243//7 
f 1795//234 3871//233 1793//233 
f 870//352 3907//351 868//351 
f 3907//4 870//4 214//4 
f 358//4 1802//4 356//4 
f 1802//216 358//215 1800//215 
f 377//4 1787//4 375//4 
f 1787//226 377//225 1786//225 
f 3292//4 1796//4 687//4 
f 1796//244 3292//1103 2738//1103 
f 3294//4 1792//4 652//4 
f 1792//234 3294//1104 2739//1104 
f 1781//391 3891//390 1779//390 
f 3891//4 1781//4 19//4 
f 3889//4 1801//4 90//7 
f 1801//216 3889//1105 2740//1105 
f 3895//4 1785//4 19//4 
f 1785//226 3895//1106 2742//1106 
f 950//4 1777//4 948//4 
f 1777//389 950//388 1775//388 
f 1791//393 3876//392 1789//392 
f 3876//4 1791//4 90//7 
f 960//4 1784//4 958//4 
f 1784//395 960//394 1783//394 
f 823//324 3878//323 413//323 
f 3878//4 823//4 19//4 
f 1997//4 656//4 1995//4 
f 656//236 1997//235 655//235 
f 802//311 3883//310 525//310 
f 3883//4 802//4 90//7 
f 3318//4 412//4 2007//4 
f 412//324 3318//1116 2758//1116 
f 2001//4 673//4 1999//4 
f 673//242 2001//241 418//241 
f 3902//4 654//4 214//4 
f 654//236 3902//1115 2756//1115 
f 3322//4 524//4 2004//4 
f 524//311 3322//1118 2761//1118 
f 3897//7 417//7 243//7 
f 417//242 3897//1117 2759//1117 
f 3522//4 3067//4 731//4 
f 3067//1246 3522//1404 3435//1404 
f 1019//428 1427//439 1032//439 
f 1427//4 1019//4 1018//4 
f 3209//1306 1892//772 1891//772 
f 1892//4 3209//4 2489//4 
f 18//4 2150//4 3406//4 
f 3406//1384 2150//861 2147//861 
f 4170//1576 2245//915 2294//915 
f 2245//4 3243//4 1878//4 
f 3333//1349 3332//1348 3334//1350 
f 3334//1350 3332//1348 3358//1367 
f 3056//1335 2410//1710 4171//1710 
f 3055//4 2410//4 3056//4 
f 2164//4 2947//4 2948//4 
f 2948//1648 2947//1202 3377//1202 
f 577//201 4172//201 575//200 
f 575//4 4172//4 474//4 
f 2950//1206 4165//1711 2459//1069 
f 4173//986 4165//1705 4164//1705 
f 4174//986 4163//1705 4162//1705 
f 2953//4 4163//4 2454//4 
f 2855//1151 1678//717 2853//717 
f 1678//4 2855//4 498//4 
f 20//4 1692//4 2858//4 
f 2858//1151 1692//717 2856//717 
f 2253//4 1255//4 2251//4 
f 1255//570 2253//569 1254//569 
f 2257//4 1503//4 2255//4 
f 1503//658 2257//657 1501//657 
f 3840//4 1475//4 19//4 
f 1475//645 3840//644 1473//644 
f 1507//660 3839//659 1505//659 
f 3839//4 1507//4 90//7 
f 3837//4 789//4 214//4 
f 789//297 3837//296 257//296 
f 2274//4 788//4 2272//4 
f 788//295 2274//294 659//294 
f 2267//4 803//4 2265//4 
f 803//313 2267//312 479//312 
f 672//240 3838//239 114//239 
f 3838//7 672//7 243//7 
f 3069//1246 1018//427 3068//427 
f 1018//4 3069//4 3436//4 
f 783//291 3625//1078 2636//1078 
f 2492//4 3625//4 783//4 
f 4175//1636 2244//905 2243//904 
f 2244//4 4175//4 1081//4 
f 1020//428 3068//427 1018//427 
f 731//4 3068//4 1020//4 
f 577//4 576//4 1490//4 
f 1490//652 576//651 575//651 
f 4176//1712 3379//1713 4177//1713 
f 3645//4 3379//4 1109//4 
f 844//4 1460//4 4178//4 
f 4178//966 1460//1667 4068//1667 
f 4179//966 1458//1667 4066//1666 
f 1141//4 1458//4 4179//4 
f 2919//1194 2921//1244 3064//1244 
f 2921//4 2919//4 2918//4 
f 231//7 2486//7 3420//7 
f 3420//1396 2486//1006 2485//1006 
f 2189//878 3524//1265 3128//1265 
f 2736//4 3524//4 2189//4 
f 1439//4 4171//4 4180//4 
f 4180//964 4171//1710 2410//1710 
f 115//239 4132//1549 4130//1549 
f 4132//4 115//4 114//4 
f 34//6 4134//6 4181//6 
f 4181//312 4134//1550 4133//1550 
f 253//5 4126//5 4182//5 
f 4182//294 4126//1551 4125//1551 
f 258//296 4129//1552 4127//1552 
f 4129//4 258//4 257//4 
f 4183//657 4141//1556 4140//1556 
f 35//5 4141//5 4183//5 
f 1506//659 4144//1553 4143//1553 
f 4144//4 1506//4 1505//4 
f 1474//644 4139//1555 4138//1555 
f 4139//4 1474//4 1473//4 
f 4184//569 4136//1554 4135//1554 
f 116//6 4136//6 4184//6 
f 1502//658 3941//1032 2541//1032 
f 3941//4 1502//4 214//4 
f 3312//4 1472//4 2277//4 
f 1472//645 3312//1054 2590//1054 
f 3943//7 1253//7 243//7 
f 1253//570 3943//1033 2543//1033 
f 3310//4 1504//4 2263//4 
f 1504//660 3310//1034 2545//1034 
f 3307//4 256//4 2260//4 
f 256//297 3307//1035 2546//1035 
f 658//295 3944//1036 2547//1036 
f 3944//4 658//4 19//4 
f 3942//4 478//4 90//7 
f 478//313 3942//1038 2550//1038 
f 3304//4 113//4 2270//4 
f 113//240 3304//1037 2549//1037 
f 2421//4 4065//4 2420//4 
f 2420//757 3481//1430 3479//1430 
f 2425//757 3478//1430 3476//1430 
f 2426//7 4067//1714 2425//4 
f 2936//1195 2640//858 2144//858 
f 2142//1715 3362//1676 4084//1675 
f 2501//1016 2784//1015 2499//1015 
f 3171//4 2784//4 2501//4 
f 783//4 782//4 1453//4 
f 1453//1301 782//1301 3196//1301 
f 3434//4 3329//4 3656//4 
f 3329//690 3434//1403 3432//1403 
f 4185//295 2338//923 2337//923 
f 48//4 2338//7 4185//7 
f 682//4 3497//4 2190//4 
f 2190//878 3497//877 2188//877 
f 212//64 2607//4 2124//4 
f 2124//848 2607//1064 2604//1064 
f 4186//1716 2063//835 2061//835 
f 553//193 2063//4 4186//4 
f 3129//1063 3460//1419 3459//1419 
f 212//64 3460//4 3129//4 
f 2368//4 2533//4 2532//4 
f 2532//1415 2533//1028 2608//1028 
f 2126//4 2604//4 3451//4 
f 2604//1064 2126//848 2124//848 
f 2401//4 3454//4 4187//4 
f 3454//1416 2401//1026 2619//1026 
f 48//4 4188//7 4189//7 
f 4189//1052 4188//772 4190//772 
f 2368//1029 3464//1421 3463//1421 
f 3721//4 3464//4 2368//4 
f 1391//4 3453//4 2608//4 
f 2608//1028 3453//1415 2532//1415 
f 3455//1417 2536//1030 2620//1030 
f 2534//4 2536//4 3455//4 
f 2920//1194 4046//1193 2918//1193 
f 4046//4 2920//4 747//4 
f 2210//4 2619//4 912//4 
f 2619//1026 2210//1416 3454//1416 
f 2531//4 2529//4 2401//4 
f 2529//1027 2531//1423 3466//1423 
f 3456//4 2620//4 4191//4 
f 2620//1030 3456//1417 3455//1417 
f 1754//4 1871//4 1868//4 
f 4192//1646 1754//740 1753//740 
f 1341//879 1685//729 2208//729 
f 1685//4 1341//4 252//4 
f 2535//890 2677//1425 3467//1425 
f 2534//4 2677//4 2535//4 
f 2291//913 3649//1273 1718//1273 
f 3649//4 2291//4 2290//4 
f 4193//215 4194//1582 4195//1582 
f 34//6 4194//6 4193//6 
f 1798//243 4196//1583 4197//1583 
f 4196//4 1798//4 1797//4 
f 4198//225 4199//1585 4200//1585 
f 253//5 4199//5 4198//5 
f 1794//233 4201//1584 4202//1584 
f 4201//4 1794//4 1793//4 
f 2741//1105 4203//1591 4204//1591 
f 4203//4 2741//4 2740//4 
f 4205//241 4202//1584 4201//1584 
f 116//6 4202//6 4205//6 
f 414//323 4200//1585 4199//1585 
f 4200//4 414//4 413//4 
f 526//310 4195//1582 4194//1582 
f 4195//4 526//4 525//4 
f 4206//235 4197//1583 4196//1583 
f 35//5 4197//5 4206//5 
f 4207//1103 4208//1588 4209//1588 
f 35//5 4208//5 4207//5 
f 1790//392 4210//1586 4211//1586 
f 4210//4 1790//4 1789//4 
f 35//5 4212//5 4213//5 
f 4213//394 4212//1589 4214//1589 
f 2743//1106 4215//1593 4216//1593 
f 4215//4 2743//4 2742//4 
f 4217//1104 4218//1590 4219//1590 
f 116//6 4218//6 4217//6 
f 116//6 4220//6 4221//6 
f 4221//388 4220//1587 4222//1587 
f 34//6 4223//6 4224//6 
f 4224//1118 4223//1597 4225//1597 
f 1864//764 3393//763 1863//763 
f 3393//4 1864//4 2127//4 
f 1780//390 4226//1592 4227//1592 
f 4226//4 1780//4 1779//4 
f 2757//1115 4228//1596 4229//1596 
f 4228//4 2757//4 2756//4 
f 253//5 4230//5 4231//5 
f 4231//1116 4230//1595 4232//1595 
f 2760//1117 4233//1594 4234//1594 
f 4233//4 2760//4 2759//4 
f 2746//1108 4219//1590 4218//1590 
f 4219//4 2746//4 2745//4 
f 2749//1110 4209//1588 4208//1588 
f 4209//4 2749//4 2748//4 
f 253//5 4216//5 4235//5 
f 4235//1107 4216//1593 4215//1593 
f 34//6 4204//6 4236//6 
f 4236//1109 4204//1591 4203//1591 
f 2753//1113 4237//1598 4238//1598 
f 4237//4 2753//4 2752//4 
f 2755//1114 4239//1599 4240//1599 
f 4239//4 2755//4 2754//4 
f 34//6 4211//6 4241//6 
f 4241//384 4211//1586 4210//1586 
f 253//5 4227//5 4242//5 
f 4242//325 4227//1592 4226//1592 
f 869//351 4214//1589 4212//1589 
f 4214//4 869//4 868//4 
f 4243//1112 4244//1600 4245//1600 
f 116//6 4244//6 4243//6 
f 865//349 4222//1587 4220//1587 
f 4222//4 865//4 864//4 
f 4246//1111 4247//1601 4248//1601 
f 35//5 4247//5 4246//5 
f 2542//1032 4248//1601 4247//1601 
f 4248//4 2542//4 2541//4 
f 2544//1033 4245//1600 4244//1600 
f 4245//4 2544//4 2543//4 
f 35//5 4229//5 4249//5 
f 4249//1035 4229//1596 4228//1596 
f 2548//1036 4232//1595 4230//1595 
f 4232//4 2548//4 2547//4 
f 116//6 4234//6 4250//6 
f 4250//1340 4234//1594 4233//1594 
f 2551//1038 4225//1597 4223//1597 
f 4225//4 2551//4 2550//4 
f 1034//4 1889//4 2821//4 
f 2821//1135 1889//1271 3142//1271 
f 4251//1034 4240//1599 4239//1599 
f 34//6 4240//6 4251//6 
f 18//4 3488//4 1170//4 
f 1170//530 3488//529 1168//529 
f 4252//1054 4238//1598 4237//1598 
f 253//5 4238//5 4252//5 
f 4253//1254 3074//1248 4026//1248 
f 3074//4 1213//4 2131//4 
f 2435//4 3076//4 2436//4 
f 2436//1255 3076//1249 3084//1249 
f 4024//4 3083//4 4026//4 
f 4026//1248 3083//1254 4253//1254 
f 1719//4 1718//4 1057//4 
f 1057//455 1718//1273 3649//1273 
f 922//4 3085//4 3084//4 
f 3084//1249 3085//1255 2436//1255 
f 1512//4 716//4 921//4 
f 716//264 1512//263 136//263 
f 4177//1713 4254//1712 4176//1712 
f 4254//4 4177//4 473//4 
f 3093//6 558//5 4255//6 
f 3762//1262 3093//1262 4255//548 
f 3089//5 4256//5 33//5 
f 4256//549 3089//1258 3761//1258 
f 67//87 271//86 2599//1062 
f 65//15 67//12 2600//12 
f 4257//1717 3997//1640 3996//1640 
f 678//7 3997//4 4257//4 
f 50//4 2727//4 1002//4 
f 1002//422 2727//1097 2726//1097 
f 3155//4 1093//4 1177//4 
f 1177//532 1093//481 686//481 
f 2586//4 4258//4 2722//4 
f 4258//1376 4190//772 4188//772 
f 18//4 4025//4 1862//4 
f 1862//764 4025//385 2819//385 
f 3075//4 2822//4 2134//4 
f 2822//1135 3075//352 2820//352 
f 1295//1718 2135//853 181//55 
f 179//53 181//55 2135//853 
f 4024//4 1169//4 3083//4 
f 1169//530 4024//1138 2826//1138 
f 1329//4 2981//4 1683//4 
f 1683//1580 2981//1216 2980//1216 
f 1554//1580 2978//1216 2977//1216 
f 2978//4 1554//4 1281//4 
f 181//55 1294//590 1295//1718 
f 1296//1719 1295//1718 1294//590 
f 512//264 4028//970 2435//970 
f 135//7 4028//4 512//4 
f 1375//1720 2818//1134 2817//1134 
f 2818//4 1375//4 903//4 
f 1294//590 1126//501 1296//1719 
f 2118//1721 1296//1719 1126//501 
f 2116//1722 2115//1723 306//102 
f 289//95 306//102 2115//1723 
f 3196//4 784//4 2557//4 
f 784//291 3196//290 782//290 
f 3507//1572 892//367 3452//367 
f 892//4 3507//4 3508//4 
f 2119//1724 2118//1721 2117//847 
f 1126//501 2117//847 2118//1721 
f 831//4 4259//4 1349//4 
f 1349//1709 4259//1708 3259//1708 
f 482//1725 2119//1724 2036//819 
f 2117//847 2036//819 2119//1724 
f 4260//1726 3125//1345 3328//1345 
f 3125//4 4260//4 3123//4 
f 4261//1727 482//1725 287//93 
f 2036//819 287//93 482//1725 
f 2645//1082 1354//600 2643//1080 
f 3863//4 1354//4 2645//4 
f 3864//4 1351//4 2648//4 
f 2648//1082 1351//600 2646//1080 
f 1620//4 4262//4 4073//4 
f 4073//1669 4262//1668 1813//1668 
f 2115//1723 4261//1727 289//95 
f 287//93 289//95 4261//1727 
f 1498//655 3157//7 202//7 
f 3157//1276 1498//303 3156//303 
f 24//4 614//4 3159//4 
f 3159//1278 614//303 3158//1277 
f 2495//4 2094//4 2091//4 
f 2094//1428 2495//1013 3474//1013 
f 4263//4 4264//4 678//7 
f 4264//1370 4263//1728 4265//1728 
f 4266//1729 3077//1250 3430//1250 
f 3077//4 4266//4 89//7 
f 3431//1253 3082//1253 4267//1730 
f 3082//7 98//7 4267//7 
f 306//102 2114//846 2116//1722 
f 1041//1731 2116//1722 2114//846 
f 3516//1449 550//191 2526//191 
f 250//4 550//4 3516//4 
f 3131//4 3133//4 3165//4 
f 3165//1286 3133//1353 3338//1353 
f 1042//1732 1041//1731 1038//443 
f 2114//846 1038//443 1041//1731 
f 3435//4 2207//4 3251//4 
f 2207//879 3435//1404 3522//1404 
f 2653//1733 1042//1732 1040//445 
f 1038//443 1040//445 1042//1732 
f 871//7 2644//7 872//4 
f 2644//1081 871//1445 3559//1445 
f 2647//1082 3509//1445 3562//1445 
f 24//4 3509//4 2647//4 
f 3646//4 1670//4 1669//4 
f 1670//713 3646//1489 2043//826 
f 4268//643 1241//1290 1469//1290 
f 1241//7 4268//4 1007//7 
f 1632//1734 2653//1733 2652//1086 
f 1040//445 2652//1086 2653//1733 
f 1633//1735 1632//1734 1634//701 
f 2652//1086 1634//701 1632//1734 
f 1058//455 1586//454 1056//454 
f 1586//4 1058//4 3649//4 
f 2056//1272 3603//1441 3502//1441 
f 3603//4 2056//4 2055//4 
f 1353//4 3559//4 1617//4 
f 1617//1276 3559//1445 871//1445 
f 1350//4 3562//4 1615//4 
f 1615//1278 3562//1445 3509//1445 
f 3378//1322 2165//869 3436//869 
f 2162//4 2165//4 3378//4 
f 685//532 3128//1265 3524//1265 
f 682//4 3128//4 685//4 
f 3436//869 3251//1322 3378//1322 
f 3435//4 3251//4 3436//4 
f 3398//4 1970//4 3399//4 
f 3399//1523 1970//805 3731//805 
f 731//4 1032//4 1905//7 
f 1905//1427 1032//439 1427//439 
f 247//7 3637//7 248//7 
f 248//253 3637//252 701//252 
f 4269//1530 2556//1043 2555//1043 
f 678//7 2556//4 4269//4 
f 3826//634 1003//4 2726//4 
f 2726//1097 1003//422 1002//422 
f 3153//1096 3520//1451 3519//1451 
f 50//4 3520//4 3153//4 
f 682//4 3594//4 2225//4 
f 2225//890 3594//1279 1358//1279 
f 3459//1419 2605//1063 3129//1063 
f 2605//4 3459//4 3270//4 
f 775//953 2860//1152 4053//1736 
f 2860//1152 3589//1664 4053//1736 
f 247//7 249//7 3152//7 
f 3152//1272 249//572 3151//572 
f 212//64 1951//4 3463//634 
f 3463//1421 1951//1029 2368//1029 
f 3466//1423 2530//1027 2529//1027 
f 2530//4 3466//4 912//4 
f 2189//4 2188//4 2192//4 
f 2192//1438 2188//877 3497//877 
f 3467//1425 2537//890 2535//890 
f 2537//4 3467//4 3208//4 
f 3218//1475 2808//1691 4106//1693 
f 56//12 2808//12 3218//12 
f 1112//4 1376//4 1671//4 
f 1671//713 1376//712 1669//712 
f 892//4 3508//4 2227//4 
f 2227//890 3508//889 2226//889 
f 4270//4 4271//4 4272//4 
f 4271//348 4270//1737 4273//1737 
f 4274//348 4275//1737 4276//1737 
f 4275//4 4274//4 4277//4 
f 3489//1433 1168//529 3488//529 
f 1168//4 3489//4 3818//4 
f 551//192 3528//1454 2527//1454 
f 250//4 3528//4 551//4 
f 2526//191 3517//1449 3516//1449 
f 1021//4 3517//4 2526//4 
f 702//253 3151//572 249//572 
f 2056//4 3151//4 702//4 
f 3487//1433 136//263 1512//263 
f 18//4 136//4 3487//4 
f 2049//4 2964//4 858//4 
f 4018//1647 2964//1647 2049//830 
f 24//4 3713//4 613//4 
f 613//271 3713//270 971//270 
f 633//271 3715//270 725//270 
f 100//7 3715//1520 633//7 
f 4278//1716 2152//863 554//863 
f 3444//4 2152//4 2061//4 
f 3603//4 2055//4 3604//4 
f 3604//1534 2055//831 3765//831 
f 3191//1299 1307//591 3190//591 
f 1307//4 3191//4 2416//4 
f 3194//1299 1301//591 3193//591 
f 1301//4 3194//4 2415//4 
f 4279//1398 4276//1737 4275//1737 
f 729//554 4276//1738 3139//554 
f 4280//1398 4273//1737 4270//1737 
f 795//4 4273//4 3137//4 
f 1363//4 3588//4 3192//4 
f 3192//1299 3588//1464 2415//1464 
f 873//4 3587//4 3189//4 
f 3189//1299 3587//1464 2416//1464 
f 3127//4 2494//4 2957//4 
f 2494//1014 3127//1079 2637//1079 
f 682//4 2226//4 3496//4 
f 3496//1438 2226//889 3508//889 
f 4148//512 4281//1739 4282//1739 
f 4281//4 4148//4 4145//4 
f 4283//4 4152//4 4149//4 
f 4152//512 4283//1739 4284//1739 
f 2248//907 3064//1244 2921//1244 
f 3064//4 2248//4 747//4 
f 3187//1715 2601//1676 4093//1675 
f 2598//1061 2922//1195 4285//858 
f 1203//4 3583//4 2635//4 
f 3583//1296 1203//540 754//540 
f 124//1297 2610//1066 2609//1066 
f 24//4 2610//4 124//4 
f 3176//1297 2612//1066 2611//1066 
f 91//4 2612//4 3176//4 
f 2066//4 3581//4 2632//4 
f 3581//1296 2066//540 2065//540 
f 2414//965 2106//841 2412//841 
f 2106//4 2414//4 1363//4 
f 873//4 2194//4 2419//4 
f 2419//965 2194//841 2417//841 
f 3585//1065 1934//400 3541//400 
f 91//4 1934//4 3585//4 
f 3586//1065 976//400 3543//400 
f 24//4 976//4 3586//4 
f 3177//4 2611//4 3849//4 
f 2611//1066 3177//1297 3176//1297 
f 2609//1066 3179//1297 124//1297 
f 3179//4 2609//4 3851//4 
f 3338//1353 3166//1286 3165//1286 
f 1669//4 3166//4 3338//4 
f 3135//1740 3006//1225 3005//1225 
f 3134//4 3006//4 3135//7 
f 1457//4 1422//4 968//4 
f 1422//1741 1457//636 1456//636 
f 1176//531 684//365 1174//365 
f 682//4 684//4 1176//4 
f 3445//4 1588//4 252//4 
f 1588//1742 3445//1410 3444//1410 
f 1872//4 4016//4 1094//4 
f 1094//482 4016//1446 3510//1446 
f 4286//1726 1867//1456 3535//1456 
f 1867//4 3328//4 1754//4 
f 1637//704 2649//703 1635//703 
f 2649//4 1637//4 1399//4 
f 3538//1418 2121//1145 2790//1145 
f 247//7 2121//7 3538//7 
f 3265//4 3779//4 3182//4 
f 4287//1673 3265//1327 3264//1327 
f 2972//4 3784//4 2973//4 
f 4288//1672 2972//1327 3267//1327 
f 4289//1617 833//333 832//333 
f 48//4 833//7 4289//7 
f 2675//1088 1179//425 2673//1087 
f 1179//4 2675//4 1773//4 
f 1014//4 2678//4 1769//4 
f 2678//1088 1014//425 2676//425 
f 2674//1088 4085//1466 1911//1466 
f 20//4 4085//4 2674//4 
f 4290//4 1098//4 2157//4 
f 4290//1740 2157//865 2156//865 
f 2534//1088 3457//1466 1910//1466 
f 3457//4 2534//4 3455//4 
f 3828//1561 2626//1073 3827//1073 
f 2628//634 2626//1743 2158//4 
f 2415//4 2413//4 2412//4 
f 2413//965 2415//1464 3588//1464 
f 2416//4 2418//4 2417//4 
f 2418//965 2416//1464 3587//1464 
f 4004//4 3156//4 726//4 
f 726//271 3156//303 1498//303 
f 792//271 3158//1277 614//303 
f 4009//4 3158//4 792//4 
f 2730//4 3672//4 1107//4 
f 1107//487 3672//486 1105//486 
f 4291//4 4292//4 678//7 
f 4292//692 4291//1744 4293//1744 
f 3255//4 2508//4 2510//4 
f 2508//1018 3255//1324 3253//1324 
f 3258//4 2506//4 2507//4 
f 2506//1018 3258//1324 3256//1324 
f 3998//1717 2557//1233 3048//1233 
f 3196//4 2557//4 3998//4 
f 2497//1014 3474//1013 2495//1013 
f 49//7 3474//7 2497//7 
f 1611//4 1608//4 3364//4 
f 3364//1411 4293//1744 4291//1744 
f 24//4 394//4 3256//4 
f 3256//1324 394//1018 2506//1018 
f 433//7 2511//7 3253//554 
f 3253//1324 2511//1018 2508//1018 
f 3392//4 4294//4 742//4 
f 742//283 4294//282 681//282 
f 2492//1431 2493//1012 2179//1012 
f 1155//4 2493//4 2492//4 
f 2496//1207 2091//836 4295//836 
f 2495//4 2091//4 2496//4 
f 2843//4 1015//4 2841//4 
f 1015//426 2843//1465 3570//1465 
f 2290//4 3556//4 3555//4 
f 3555//1645 2723//1094 2722//1094 
f 2847//4 1180//4 2845//4 
f 1180//426 2847//1465 3571//1465 
f 433//7 495//7 3276//7 
f 3276//1334 495//369 3274//369 
f 3281//1334 1807//369 3279//369 
f 24//4 1807//4 3281//4 
f 1636//704 3195//1300 3595//1300 
f 1107//4 3195//4 1636//4 
f 1175//531 1358//1279 3594//1279 
f 893//4 1358//4 1175//4 
f 2366//1694 3188//1745 4296//1746 
f 3426//1399 3186//859 3427//1400 
f 1205//403 1936//401 1935//401 
f 1936//4 1205//4 3982//4 
f 24//4 3598//4 3207//4 
f 3207//402 3598//1478 1660//1478 
f 977//4 982//4 3981//4 
f 982//403 977//401 975//401 
f 3206//402 3597//1478 1662//1478 
f 433//7 3597//7 3206//7 
f 2955//4 2093//4 2162//4 
f 4295//836 2955//1207 2496//1207 
f 521//4 523//4 1028//4 
f 1028//969 523//1471 1435//1471 
f 2433//969 435//1471 1434//1471 
f 433//7 435//4 2433//4 
f 4297//1522 4298//1747 4299//1747 
f 1806//4 1108//4 3512//4 
f 3831//1517 2814//1133 3829//1133 
f 48//4 2814//7 3831//7 
f 3696//4 3558//4 3699//4 
f 3699//912 3558//1460 3557//1460 
f 50//4 1001//4 2099//4 
f 2099//838 1001//421 2097//837 
f 1182//4 3543//4 979//4 
f 3543//400 1182//1065 3586//1065 
f 3541//400 1013//1065 3585//1065 
f 1013//4 3541//4 897//4 
f 2237//902 3680//901 2236//901 
f 1514//4 3680//4 2237//4 
f 2107//842 1306//1470 1305//1470 
f 1306//4 2107//4 1363//4 
f 2193//842 1152//1469 1311//1469 
f 873//4 1152//4 2193//4 
f 2357//4 2249//4 2921//4 
f 2249//907 2357//906 2247//906 
f 1662//4 3275//4 3989//4 
f 3275//1334 1662//1478 3597//1478 
f 3278//1334 1660//1478 3598//1478 
f 1660//4 3278//4 3990//4 
f 20//4 3178//4 2065//4 
f 2065//540 3178//1296 3581//1296 
f 754//540 309//1296 3583//1296 
f 309//4 754//4 3346//4 
f 3595//4 1106//4 1887//4 
f 1106//487 3595//1300 3195//1300 
f 2940//4 4018//4 1098//4 
f 4018//1647 2940//1199 2963//1199 
f 1079//4 885//4 2725//4 
f 2725//1095 885//362 2724//362 
f 2169//539 1910//1466 3457//1466 
f 1910//4 2169//4 1908//4 
f 1911//4 2167//4 1912//4 
f 2167//539 1911//1466 4085//1466 
f 701//4 3537//4 3688//4 
f 3537//1418 701//252 3637//252 
f 1095//482 686//481 1093//481 
f 682//4 686//4 1095//4 
f 2676//4 1016//4 3726//4 
f 1016//426 2676//425 1014//425 
f 20//4 2673//4 1181//4 
f 1181//426 2673//1087 1179//425 
f 4006//1439 4300//1748 4301//1748 
f 4005//4 4300//4 4006//4 
f 4008//1439 4302//1748 4303//1748 
f 4007//4 4302//4 4008//4 
f 3377//1202 4023//1648 2948//1648 
f 3526//4 4023//4 3377//4 
f 2098//838 3213//1307 3578//1307 
f 3214//4 3213//4 2098//4 
f 3519//1451 2682//1096 3153//1096 
f 2680//4 2682//4 3519//4 
f 2103//1095 3652//1482 3624//1482 
f 2101//4 3652//4 2103//4 
f 606//902 3578//1307 3213//1307 
f 50//4 3578//4 606//7 
f 3216//1749 1367//1055 3331//1347 
f 1367//1055 2591//1057 3331//1347 
f 2527//1454 552//192 551//192 
f 2526//4 552//4 2527//4 
f 3554//1459 1394//620 3552//620 
f 1394//4 3554//4 3967//4 
f 3130//4 1695//4 3740//4 
f 1695//492 3130//1267 3373//1267 
f 4059//4 2999//4 2996//4 
f 2999//1750 4059//1663 4058//1663 
f 4056//4 3000//4 3002//4 
f 3000//1750 4056//1663 4055//1663 
f 2505//4 2431//4 1435//4 
f 2431//969 2505//968 2430//968 
f 2434//969 2509//968 2432//968 
f 2509//4 2434//4 1434//4 
f 3454//4 1591//4 4187//4 
f 4187//1751 1591//680 1590//680 
f 4304//4 2833//4 89//7 
f 2833//1142 4304//1394 3419//1394 
f 4305//1751 2400//959 2399//959 
f 2400//4 1590//4 1497//7 
f 1496//4 2161//4 3246//4 
f 3246//1752 2161//868 2160//868 
f 2532//4 2186//4 4306//4 
f 4306//1654 2186//876 2185//876 
f 1322//4 2096//4 2095//4 
f 2095//1083 2096//1474 1639//1474 
f 494//370 3254//629 1432//629 
f 433//7 3254//7 494//7 
f 1438//370 3257//629 1436//629 
f 24//4 3257//4 1438//4 
f 2620//4 2409//4 4191//4 
f 4191//1752 2409//963 2408//963 
f 895//370 3274//369 495//369 
f 3274//4 895//4 2176//4 
f 3279//4 1437//4 2174//4 
f 1437//370 3279//369 1807//369 
f 4282//7 95//7 29//7 
f 95//399 4282//1739 4281//1739 
f 3288//4 2402//4 2912//4 
f 2402//961 3288//1339 3287//1339 
f 4284//4 972//4 26//4 
f 972//399 4284//1739 4283//1739 
f 3988//4 2246//4 886//4 
f 886//363 2246//1477 3596//1477 
f 4307//7 98//7 2835//7 
f 3408//1385 4307//1753 2835//1143 
f 2108//842 2412//841 2106//841 
f 2412//4 2108//4 1305//4 
f 1439//4 4308//4 1440//4 
f 1440//1447 4308//1754 4309//1754 
f 2195//842 2417//841 2194//841 
f 2417//4 2195//4 1311//4 
f 581//1222 1633//1735 579//203 
f 1634//701 579//203 1633//1735 
f 4267//1730 4310//1730 3431//1253 
f 4310//6 558//5 3431//6 
f 4311//5 3430//5 33//5 
f 3430//1250 4311//1729 4266//1729 
f 881//4 703//4 1514//4 
f 1514//1481 703//254 3608//254 
f 4312//1741 2059//833 2058//833 
f 2059//4 1456//4 1454//634 
f 827//4 2728//4 2729//4 
f 2729//1488 2728//1098 3645//1098 
f 4313//1049 4303//1748 4302//1748 
f 2424//7 4313//1755 2426//7 
f 4314//1049 4301//1748 4300//1748 
f 986//4 4314//4 2421//4 
f 3287//1339 2406//961 2402//961 
f 247//7 2406//4 3287//4 
f 2792//4 3511//4 2793//4 
f 2793//916 4309//1754 4308//1754 
f 2513//1019 3502//1441 3603//1441 
f 247//7 3502//7 2513//61 
f 1893//4 2984//4 930//4 
f 930//381 2984//1563 3832//1563 
f 1806//1488 2792//1124 3817//1124 
f 2792//4 1806//4 3512//4 
f 2670//380 2671//1484 3629//1484 
f 2671//4 2670//4 931//4 
f 3923//1602 1492//653 3342//653 
f 3011//4 1492//4 1496//4 
f 4270//4 4272//4 2563//4 
f 4315//1045 4272//1756 4316//1756 
f 4317//1045 4277//1757 4318//1757 
f 2560//4 4275//4 4277//4 
f 2629//7 3372//7 231//7 
f 3372//607 2629//1075 1384//1075 
f 3660//4 3370//4 3661//4 
f 3370//607 3660//1496 3685//1496 
f 3639//1486 1824//752 1823//752 
f 1824//4 3639//4 1846//4 
f 1876//4 3634//4 1874//4 
f 3634//1486 1876//752 3633//752 
f 1613//1605 850//340 3940//340 
f 1045//4 850//4 1613//4 
f 3424//4 4319//4 3141//4 
f 4319//1758 3424//1665 4060//1665 
f 1363//4 3193//4 1303//4 
f 1303//592 3193//591 1301//591 
f 1309//592 3190//591 1307//591 
f 873//4 3190//4 1309//4 
f 4320//1758 3423//1665 4063//1665 
f 3138//4 3423//4 4320//4 
f 4321//1758 2797//1126 2795//1126 
f 26//4 2797//4 4321//4 
f 2800//4 4322//1520 100//7 
f 4322//1758 2800//1126 2799//1126 
f 24//4 983//4 975//4 
f 975//401 983//403 982//403 
f 3363//1332 3495//1437 3494//1437 
f 3495//4 3363//4 3365//4 
f 434//4 1935//7 91//4 
f 1935//401 434//403 1205//403 
f 1598//1611 1116//495 2187//1610 
f 1113//4 1116//4 1598//4 
f 873//4 1599//4 3632//4 
f 3632//1486 1599//686 3642//686 
f 1939//1612 3240//1311 3361//1311 
f 3015//4 3240//4 1939//4 
f 3286//1337 1593//681 3285//681 
f 1593//4 3286//4 3630//4 
f 79//13 2938//14 83//22 
f 327//85 83//60 2938//1642 
f 270//85 63//60 2924//1642 
f 62//13 2924//16 63//14 
f 3553//1459 2637//1079 3127//1079 
f 49//7 2637//7 3553//7 
f 3639//4 3640//4 1302//4 
f 1302//592 3640//686 2397//686 
f 1308//592 3642//686 1599//686 
f 3634//4 3642//4 1308//4 
f 3340//1354 3009//1357 3346//1357 
f 3009//4 3340//4 1494//4 
f 3169//1635 4099//1689 1925//1688 
f 62//13 3169//16 1925//16 
f 3580//1635 4122//1689 2072//1688 
f 79//13 3580//22 2072//22 
f 1312//594 3628//1369 3360//1369 
f 212//64 3628//4 1312//4 
f 3345//1356 3355//1364 3354//1364 
f 214//4 3355//4 3345//4 
f 3174//4 2724//4 887//4 
f 887//363 2724//362 885//362 
f 3346//1357 3341//1354 3340//1354 
f 754//4 3341//4 3346//4 
f 2402//4 2405//1759 2403//4 
f 2403//1019 2405//960 2512//960 
f 91//4 3349//4 1390//4 
f 1390//1359 3349//1358 3347//1358 
f 2111//844 3055//843 2109//843 
f 3055//4 2111//4 2410//4 
f 787//4 3446//4 2061//4 
f 3446//1760 787//293 786//293 
f 3347//1358 1561//1360 1390//1359 
f 1561//4 3347//4 1117//4 
f 3250//4 929//4 3629//4 
f 3629//1484 929//380 2670//380 
f 3354//1364 1431//1356 3345//1356 
f 1431//4 3354//4 851//4 
f 3012//4 1313//4 3013//4 
f 1313//594 3012//593 213//593 
f 1823//752 3641//1486 3639//1486 
f 1363//4 3641//4 1823//4 
f 2657//4 2656//4 1824//4 
f 2656//751 2657//1127 1461//1127 
f 2655//751 2654//1127 2802//1127 
f 2654//4 2655//4 1876//4 
f 4323//1541 4324//1761 3781//1761 
f 4324//4 4323//4 26//4 
f 4325//1543 4326//1762 3786//1762 
f 4326//7 4325//7 29//7 
f 1323//576 3635//1487 3650//1487 
f 872//4 3635//4 1323//4 
f 3636//4 1273//4 1276//4 
f 1273//576 3636//1487 3651//1487 
f 2236//7 3607//7 316//7 
f 3607//1481 2236//901 3680//901 
f 3482//1431 2636//1078 3625//1078 
f 2636//4 3482//4 3702//4 
f 1724//4 2712//4 2711//4 
f 2712//1092 1724//1491 1342//1491 
f 2717//1092 1721//1491 874//1491 
f 1721//4 2717//4 2716//4 
f 754//4 1681//4 596//4 
f 596//209 1681//628 1430//628 
f 1274//576 2711//575 1272//575 
f 4070//4 2711//4 1274//4 
f 4069//4 2716//4 1325//4 
f 1325//576 2716//575 1324//575 
f 3685//7 3284//7 231//7 
f 3284//1337 3685//1496 3660//1496 
f 3244//4 1046//4 3245//4 
f 1046//449 3244//527 1161//527 
f 56//12 3602//12 3362//12 
f 4083//1062 3362//1676 3602//1677 
f 1114//494 3248//619 1392//619 
f 3248//4 1114//4 3247//4 
f 1858//1498 2490//1009 2901//1009 
f 1855//4 2490//4 1858//4 
f 2130//4 3665//4 3664//4 
f 3665//1497 2130//1007 2149//1007 
f 212//64 2125//4 1668//4 
f 1668//711 2125//710 1666//710 
f 2112//1083 1635//703 2649//703 
f 1636//4 1635//4 2112//845 
f 1272//4 2713//4 1276//4 
f 2713//1092 1272//575 2711//575 
f 2718//1092 1324//575 2716//575 
f 872//4 1324//4 2718//4 
f 1356//601 2643//1080 1354//600 
f 2643//193 1356//4 872//4 
f 1275//601 2646//1080 1351//600 
f 24//4 2646//4 1275//4 
f 91//4 310//7 2334//7 
f 2334//920 310//919 2332//919 
f 201//751 3633//752 1876//752 
f 873//4 3633//4 201//7 
f 2618//4 4327//4 3387//4 
f 4327//1763 2618//1068 2617//1068 
f 2615//4 4328//4 3390//4 
f 4328//1763 2615//1068 2614//1068 
f 2280//4 3087//4 2281//4 
f 2281//909 3087//1495 3659//1495 
f 2346//927 3353//1180 2900//1180 
f 3353//4 2346//4 3978//4 
f 3348//4 2331//4 3977//4 
f 2331//920 3348//921 2335//921 
f 1079//4 3624//4 2732//4 
f 2732//1099 3624//1482 3652//1482 
f 2048//1184 2047//1687 2907//1185 
f 2047//1687 2216//886 2907//1185 
f 398//7 4111//4 399//4 
f 399//927 4111//926 2347//926 
f 597//209 3339//208 595//208 
f 3339//4 597//4 3922//4 
f 1983//1633 3271//1330 3983//1330 
f 3271//4 1983//634 3568//4 
f 1047//449 396//448 1045//448 
f 396//4 1047//4 397//4 
f 1552//909 2731//908 2282//908 
f 1079//4 2731//4 1552//4 
f 3671//1502 2852//1501 3669//1501 
f 2850//4 2852//4 3671//4 
f 3350//4 1115//4 1391//4 
f 1115//494 3350//493 1113//493 
f 3209//4 3210//4 2489//4 
f 2489//1010 3210//1505 3675//1505 
f 2149//1007 3396//1497 3665//1497 
f 2148//4 3396//4 2149//4 
f 1594//682 3398//705 1643//705 
f 3398//4 1594//4 1970//4 
f 2367//1691 4329//1692 4117//1693 
f 2367//1691 2366//1694 4329//1692 
f 2132//4 3666//4 2901//4 
f 2901//1009 3666//1498 1858//1498 
f 3677//4 2487//4 2130//4 
f 2487//1008 3677//1507 3676//1507 
f 1355//601 3650//1487 3635//1487 
f 2622//4 3650//4 1355//4 
f 1352//601 3651//1487 3636//1487 
f 2624//4 3651//4 1352//4 
f 1665//711 3360//1369 3628//1369 
f 3360//4 1665//4 3954//4 
f 1812//4 3563//4 763//4 
f 763//285 3563//1011 1385//1011 
f 293//4 3638//4 1080//4 
f 3638//1305 293//96 292//96 
f 2733//1099 2282//908 2731//908 
f 4071//4 2282//4 2733//4 
f 3405//1383 3643//1383 1167//528 
f 3643//4 3407//4 1167//4 
f 891//366 1174//365 684//365 
f 3657//4 1174//4 891//4 
f 1919//4 845//4 846//4 
f 845//1650 1919//786 2141//786 
f 1916//4 4103//4 4104//4 
f 4103//1650 1916//784 2914//784 
f 2110//844 3817//1124 2792//1124 
f 2729//4 3817//4 2110//4 
f 2521//4 1369//4 1370//4 
f 1369//1760 2521//1023 2519//1023 
f 3214//4 3679//4 2237//4 
f 3679//1508 3214//1321 2628//1321 
f 4330//1764 2851//1150 2850//1150 
f 48//4 2851//7 4330//7 
f 883//360 1548//359 881//359 
f 1549//4 1548//4 883//4 
f 970//398 4331//206 968//206 
f 4331//4 970//4 678//7 
f 1464//4 3687//4 2051//4 
f 3682//1509 1464//640 3681//640 
f 3531//4 4055//4 795//4 
f 4332//1750 3531//1455 3529//1455 
f 4333//1750 3534//1455 3533//1455 
f 3534//1069 4058//1069 729//554 
f 853//634 1495//7 3268//4 
f 3752//1529 4334//1529 3268//1328 
f 1469//4 856//4 1470//4 
f 1470//1510 856//344 2788//344 
f 4335//1653 1286//582 1285//582 
f 1286//845 4335//4 100//7 
f 26//4 1328//4 4336//4 
f 4336//1653 1328//582 1327//582 
f 1097//1765 3601//1479 3600//1479 
f 3601//4 1097//4 1096//4 
f 3537//4 2791//4 3688//4 
f 3688//1511 2791//1123 3686//1123 
f 3684//1512 2786//1122 2986//1122 
f 2051//4 2786//4 3684//4 
f 1595//682 3285//681 1593//681 
f 3285//7 1595//7 231//7 
f 3927//4 2869//4 3099//4 
f 2869//1159 3927//1387 3411//1387 
f 3931//4 2865//4 3096//4 
f 2865//1157 3931//1389 3412//1389 
f 2862//1155 4337//1386 3409//1386 
f 4337//4 2862//4 90//7 
f 2596//4 2595//4 1869//4 
f 1869//840 2595//1059 2101//839 
f 3936//4 2883//4 3110//4 
f 2883//1167 3936//1392 3416//1392 
f 2880//1165 4338//1393 3417//1393 
f 4338//4 2880//4 214//4 
f 2877//1163 4339//1390 3413//1390 
f 4339//7 2877//7 243//7 
f 3933//4 2873//4 3121//4 
f 2873//1161 3933//1391 3415//1391 
f 682//4 3659//4 683//4 
f 683//366 3659//1495 3087//1495 
f 3994//4 3596//4 1877//4 
f 1877//768 3596//1477 2246//1477 
f 785//4 4340//4 1370//4 
f 1370//1453 4340//1766 3526//1766 
f 251//4 3352//4 252//4 
f 3352//1361 251//1121 1429//1121 
f 4328//4 2458//4 3390//4 
f 3390//1378 2458//989 3389//989 
f 3387//1378 2455//989 3385//989 
f 4327//4 2455//4 3387//4 
f 1687//730 2208//729 1685//729 
f 2208//4 1687//4 2589//4 
f 3351//1361 2589//1513 3703//1513 
f 2589//4 3351//4 1429//4 
f 4017//4 3388//4 100//7 
f 3388//1378 4017//1521 3719//1521 
f 3386//1378 108//1521 3718//1521 
f 24//4 108//4 3386//4 
f 3662//1395 1146//514 1144//514 
f 1146//4 3662//4 3741//4 
f 3402//1382 695//536 2903//536 
f 695//7 3402//70 29//7 
f 3404//1382 3751//536 2568//536 
f 3751//4 3404//4 26//4 
f 4064//4 2910//4 764//4 
f 764//285 2910//284 762//284 
f 1686//730 3703//1513 2589//1513 
f 3703//4 1686//4 252//4 
f 2527//4 3527//4 3526//4 
f 3526//1766 3527//1453 1370//1453 
f 834//4 3963//4 2887//4 
f 4341//1618 834//335 245//335 
f 3073//1247 1495//1603 3925//1603 
f 1495//7 3073//4 3072//4 
f 4007//4 3401//4 4302//4 
f 3401//1382 4007//1405 3727//1405 
f 3403//1382 4005//1405 3437//1405 
f 4005//4 3403//4 4300//4 
f 250//4 3515//4 1023//4 
f 1023//430 3515//429 1021//429 
f 4164//4 3747//4 2345//4 
f 2345//925 3747//924 2344//924 
f 2342//925 3750//924 2341//924 
f 4162//4 3750//4 2342//4 
f 2641//1684 4095//1683 4342//1767 
f 2641//1684 4342//1767 2642//1670 
f 3730//1523 2899//1178 2946//1178 
f 1811//4 2899//4 3730//4 
f 2605//4 3270//4 2606//4 
f 2606//1414 3270//1329 3269//1329 
f 3767//1206 694//249 29//7 
f 694//339 3767//336 843//336 
f 1142//339 661//336 1140//336 
f 661//4 1142//4 26//4 
f 2915//1192 4343//1355 3343//1355 
f 4343//779 2915//4 19//4 
f 3407//4 2488//4 3676//4 
f 3676//1507 2488//1008 2487//1008 
f 317//7 4344//4 4161//4 
f 4161//341 4344//1704 1620//1704 
f 3675//1505 2491//1010 2489//1010 
f 2901//4 2491//4 3675//4 
f 3492//1436 2858//1151 2857//1151 
f 20//4 2858//4 3492//4 
f 2120//1436 2855//1151 2854//1151 
f 2855//4 2120//4 498//4 
f 3739//5 2834//5 33//5 
f 2834//1142 3739//1141 2832//1141 
f 2836//1144 3738//1144 2837//1143 
f 3738//6 558//5 2837//6 
f 1105//4 3673//4 1321//4 
f 3673//1503 1105//486 3672//486 
f 2872//1159 3807//1158 2870//1158 
f 3807//7 2872//7 243//7 
f 2917//1192 3106//1191 2916//1191 
f 3106//4 2917//4 3104//4 
f 3811//4 2868//4 214//4 
f 2868//1157 3811//1156 2866//1156 
f 2864//1155 3102//1154 2863//1154 
f 3102//4 2864//4 3100//4 
f 3223//4 2854//4 4345//4 
f 2854//1151 3223//1436 2120//1436 
f 2857//1151 3222//1436 3492//1436 
f 3222//4 2857//4 4346//4 
f 3799//4 2886//4 19//4 
f 2886//1167 3799//1166 2884//1166 
f 2882//1165 3117//1164 2881//1164 
f 3117//4 2882//4 3115//4 
f 2879//1163 3113//1162 2878//1162 
f 3113//4 2879//4 3111//4 
f 3797//4 2876//4 90//7 
f 2876//1161 3797//1160 2874//1160 
f 3389//4 2343//4 100//7 
f 2343//925 3389//989 2458//989 
f 1429//4 1022//4 1021//4 
f 1022//430 1429//1121 251//1121 
f 2340//925 3385//989 2455//989 
f 24//4 3385//4 2340//4 
f 1811//1179 3742//1528 3663//1528 
f 4014//4 3742//4 1811//4 
f 2483//4 3399//4 2946//4 
f 2946//1178 3399//1523 3730//1523 
f 2233//7 98//7 3081//7 
f 2231//895 2233//895 3081//1252 
f 2230//4 3078//4 89//7 
f 3078//1251 2230//894 2228//894 
f 67//87 2599//1062 2600//1677 
f 2601//1676 2600//1677 2599//1062 
f 2050//4 3766//4 3765//4 
f 3766//1534 2050//1187 2404//1187 
f 3736//1526 2832//1141 3739//1141 
f 2832//4 3736//4 89//7 
f 3738//1144 2836//1144 3733//1525 
f 2836//7 98//7 3733//7 
f 3080//6 558//5 2231//6 
f 3081//1252 3080//1252 2231//895 
f 3079//5 2228//5 33//5 
f 2228//894 3079//1251 3078//1251 
f 2807//1694 2143//1745 4347//1746 
f 3470//1399 4348//859 3471//1399 
f 844//338 2903//536 695//536 
f 2903//4 844//4 4178//4 
f 2568//4 1141//4 4179//4 
f 1141//338 2568//536 3751//536 
f 3170//1291 2501//1016 2500//1016 
f 3171//4 2501//4 3170//4 
f 1469//1290 1471//643 4268//643 
f 1443//4 1471//4 1469//4 
f 3734//754 1827//754 3732//1525 
f 1827//6 558//5 3732//6 
f 3737//1526 1828//755 3735//755 
f 1828//5 3737//5 33//5 
f 20//4 3571//4 1691//4 
f 1691//718 3571//1465 2847//1465 
f 3570//7 1679//4 498//4 
f 1679//718 3570//1465 2843//1465 
f 2517//1684 4116//1683 4349//1767 
f 2517//1684 4349//1767 2518//1670 
f 2498//4 2500//4 2499//4 
f 2500//1016 2498//1291 3170//1291 
f 2469//7 98//7 3744//7 
f 3746//996 2469//996 3744//896 
f 3743//893 2464//993 3745//993 
f 2464//4 3743//4 89//7 
f 2232//6 558//5 3746//6 
f 3744//896 2232//896 3746//996 
f 3745//993 2229//893 3743//893 
f 2229//5 3745//5 33//5 
f 2954//4 971//4 3714//4 
f 3714//1519 971//270 3713//270 
f 3717//1519 725//270 3715//270 
f 2951//4 725//4 3717//4 
f 1830//756 3735//755 1828//755 
f 3735//4 1830//4 89//7 
f 1827//754 3734//754 1825//753 
f 3734//7 98//7 1825//7 
f 2642//1670 4342//1767 4350//1768 
f 2642//1670 4350//1768 4074//1671 
f 1829//756 3764//800 1944//800 
f 3764//5 1829//5 33//5 
f 3763//6 558//5 1826//6 
f 1943//799 3763//799 1826//753 
f 1587//4 1586//4 2540//4 
f 1587//678 2540//1031 2539//1031 
f 3721//1420 594//207 593//207 
f 594//4 3721//4 2370//4 
f 212//64 592//4 3720//4 
f 3720//1418 592//206 1044//206 
f 1016//4 498//4 3726//4 
f 3726//1424 498//170 497//170 
f 496//4 3724//4 3938//4 
f 3465//1422 3724//1422 496//169 
f 3729//337 2802//1127 2654//1127 
f 2802//4 3729//1535 29//7 
f 660//337 1461//1127 2657//1127 
f 1461//4 660//4 26//4 
f 2856//4 1693//4 4351//4 
f 1693//718 2856//717 1692//717 
f 1680//718 2853//717 1678//717 
f 2853//4 1680//4 4352//4 
f 2129//850 3664//849 2127//849 
f 3664//4 2129//4 3074//4 
f 2134//852 3143//851 2132//851 
f 2822//4 3143//4 2134//4 
f 2963//1199 2964//1647 4018//1647 
f 2964//4 2963//4 2941//4 
f 2939//1200 3789//1545 3788//1545 
f 3789//4 2939//4 1098//4 
f 1944//7 3758//4 89//7 
f 3758//1532 1944//800 3764//800 
f 1943//7 98//7 3755//7 
f 3763//799 1943//799 3755//1531 
f 905//374 4353//373 903//373 
f 3259//4 905//4 908//4 
f 2889//5 3759//5 33//5 
f 3759//1532 2889//1170 3757//1170 
f 2894//6 558//5 3754//6 
f 3756//1173 2894//1173 3754//1531 
f 2782//1119 2734//1100 2191//1100 
f 2735//4 2734//4 2782//4 
f 922//376 3820//375 920//375 
f 2131//4 3820//4 922//4 
f 1168//4 3818//4 1214//4 
f 1214//547 3818//546 1212//546 
f 2403//4 3604//4 2404//4 
f 2404//1187 3604//1534 3766//1534 
f 2911//1188 3793//1547 3792//1547 
f 3793//4 2911//4 2050//4 
f 1221//7 98//7 3762//7 
f 4255//548 1221//548 3762//1262 
f 3761//1258 1222//549 4256//549 
f 1222//7 3761//4 89//7 
f 3441//1409 398//1412 2180//1412 
f 398//7 3441//4 4111//4 
f 1421//4 3442//4 2180//4 
f 3442//1409 1421//1408 211//1408 
f 3826//1561 2679//1089 2158//1089 
f 2679//4 3826//634 2726//4 
f 2819//4 4026//4 2128//4 
f 2128//850 4026//1248 3074//1248 
f 3084//4 2133//4 2132//4 
f 2133//852 3084//1249 3076//1249 
f 2824//4 2945//1091 473//4 
f 2945//1201 2824//1136 2944//1136 
f 2894//1173 3756//1173 2892//1172 
f 3756//7 98//7 2892//7 
f 3758//4 3757//4 89//7 
f 2891//1171 3757//1170 2889//1170 
f 3770//5 2890//5 33//5 
f 2890//1171 3770//1174 2895//1174 
f 2896//1175 3775//1175 2893//1172 
f 3775//6 558//5 2893//6 
f 1156//4 934//4 1421//4 
f 934//383 1156//382 781//382 
f 1106//4 1321//4 1485//4 
f 1485//650 1321//649 1483//649 
f 3776//7 98//7 1082//7 
f 1084//472 3776//472 1082//471 
f 3091//1260 2468//995 2467//995 
f 3091//7 98//7 2468//7 
f 4255//6 558//5 1083//6 
f 1221//548 4255//548 1083//471 
f 2466//994 2465//994 3090//1259 
f 3090//4 2465//4 89//7 
f 3777//4 1087//7 89//7 
f 1087//474 3777//473 1085//473 
f 4256//5 1086//5 33//5 
f 1086//474 4256//549 1222//549 
f 3740//1352 1036//442 2104//442 
f 1695//4 1036//4 3740//4 
f 24//4 2341//4 3712//4 
f 3712//1519 2341//924 3750//924 
f 2344//4 3716//4 100//7 
f 3716//1519 2344//924 3747//924 
f 3772//1538 2895//1174 3770//1174 
f 2895//4 3772//4 89//7 
f 3775//1175 2896//1175 3773//1539 
f 3773//7 98//7 3776//7 
f 3771//1537 1085//473 3777//473 
f 1085//5 3771//5 33//5 
f 1084//6 558//5 3774//6 
f 3776//472 1084//472 3774//1540 
f 1132//4 2068//4 3473//4 
f 3473//1426 2068//1548 1399//1548 
f 3832//1563 931//381 930//381 
f 931//4 3832//4 2672//4 
f 1620//4 3505//4 3691//4 
f 3691//1769 4354//1770 4355//1770 
f 1484//650 2067//771 1888//771 
f 1439//4 2067//4 1484//4 
f 3090//1259 3088//1259 2466//994 
f 2466//5 3088//5 33//5 
f 3507//4 2781//4 2192//4 
f 2781//1119 3507//1572 3843//1572 
f 2467//995 3092//1261 3091//1260 
f 2467//6 558//5 3092//6 
f 2827//1169 4356//1168 2888//1168 
f 2105//4 3669//4 2827//4 
f 2518//1670 4349//1767 4357//1768 
f 2518//1670 4357//1768 4082//1671 
f 1213//547 4253//1254 3083//1254 
f 3074//4 4253//4 1213//4 
f 716//4 2436//4 921//4 
f 921//376 2436//1255 3085//1255 
f 211//4 780//4 747//4 
f 780//383 211//1408 1421//1408 
f 3475//337 843//336 3767//336 
f 843//4 3475//4 3477//4 
f 1140//4 836//4 3480//4 
f 836//337 1140//336 661//336 
f 2730//1503 2109//843 3055//843 
f 2110//4 2109//4 2730//4 
f 893//368 1178//607 1372//607 
f 1178//4 893//4 1175//4 
f 2782//4 3843//4 3452//4 
f 3452//367 3843//1572 3507//1572 
f 1485//4 1888//4 1887//4 
f 1887//1426 1888//771 2067//771 
f 1059//4 3830//4 3829//4 
f 3830//1517 1059//457 507//457 
f 3057//4 3816//4 1321//4 
f 3816//1557 3057//1238 3815//1238 
f 1984//1463 3960//1579 3854//1579 
f 3606//4 3960//4 1984//4 
f 2093//4 3490//4 2162//4 
f 2162//870 3490//1434 1428//1434 
f 2482//4 2484//4 3663//4 
f 3663//1528 2484//1179 1811//1179 
f 2209//1323 2588//1053 2163//1053 
f 2208//4 2588//4 2209//4 
f 443//1312 4358//15 4359//15 
f 442//4 4358//4 443//7 
f 945//1312 4360//15 4361//15 
f 944//4 4360//4 945//4 
f 1157//520 1761//1344 3326//1344 
f 1761//4 1157//4 1156//4 
f 4362//1372 4361//15 4360//15 
f 974//4 4361//4 4362//4 
f 4363//1372 4359//15 4358//15 
f 1031//4 4359//4 4363//4 
f 3086//4 3693//4 3087//4 
f 3693//1678 3086//1256 4087//1256 
f 3521//4 2680//4 3519//4 
f 2680//1090 3521//1565 3834//1565 
f 2626//1743 3828//1771 2158//4 
f 2158//1089 3828//1561 3826//1561 
f 1439//4 1483//4 3814//4 
f 3814//1557 1483//649 1321//649 
f 2166//870 3436//869 2165//869 
f 1018//4 3436//4 2166//4 
f 2925//4 2926//4 1059//4 
f 2926//456 2925//1568 3835//1568 
f 507//457 3831//1517 3830//1517 
f 48//4 3831//7 507//7 
f 1242//4 3569//4 1241//7 
f 3569//1463 1242//561 3568//561 
f 4364//1613 3706//1772 4346//1772 
f 3706//4 692//4 1528//4 
f 3704//4 1416//4 1419//4 
f 4365//1614 3704//1772 4345//1772 
f 3005//1225 4290//1740 3135//1740 
f 4290//4 3005//4 1098//4 
f 3134//1224 3842//1570 3841//1570 
f 1550//4 3842//4 3134//4 
f 781//4 1158//4 747//4 
f 1158//520 781//382 1156//382 
f 2131//2 1212//546 3818//546 
f 1213//4 1212//4 2131//4 
f 3819//2 920//375 3820//375 
f 3489//4 920//4 3819//4 
f 3252//1323 3378//1322 3251//1322 
f 3378//4 3252//4 2163//4 
f 730//571 361//1338 3921//1338 
f 49//7 361//4 730//70 
f 4366//1773 4367//1774 4368//1774 
f 757//4 4367//4 4366//4 
f 690//4 4369//4 4370//4 
f 4370//1773 4369//1774 4371//1774 
f 2955//4 4295//4 2093//4 
f 2093//741 4295//836 2091//836 
f 3821//1558 1373//609 1374//608 
f 50//4 1373//4 3821//4 
f 2941//4 3788//4 1762//4 
f 3788//1545 2941//1200 2939//1200 
f 3851//1577 978//371 3850//1578 
f 2609//4 978//4 3851//4 
f 3849//1577 896//371 3848//371 
f 2611//4 896//4 3849//4 
f 3288//4 2912//4 3792//4 
f 3792//1547 2912//1188 2911//1188 
f 2631//1077 4031//1473 2168//1473 
f 1914//4 4031//4 2631//4 
f 2634//1077 4032//1473 2170//1473 
f 1909//7 4032//4 2634//4 
f 825//4 2944//4 1805//4 
f 2825//1137 2944//1136 2824//1136 
f 3209//4 3211//4 292//4 
f 292//96 3211//1305 3638//1305 
f 48//4 3711//7 4372//7 
f 4372//1720 3711//1518 3708//1518 
f 1546//4 1545//4 3606//4 
f 3606//1480 1545//667 3171//667 
f 1167//528 290//528 3405//1383 
f 18//4 3405//4 290//4 
f 2989//1577 2633//1076 3584//1076 
f 2634//4 2633//4 2989//4 
f 2631//4 2630//4 2987//4 
f 2987//1577 2630//1076 3582//1076 
f 48//4 508//7 3835//7 
f 3835//1568 508//456 2926//456 
f 2092//741 1428//1434 3490//1434 
f 1427//4 1428//4 2092//4 
f 470//4 4304//4 89//7 
f 4304//1394 470//156 111//156 
f 1372//607 894//368 893//368 
f 3452//4 894//4 1372//4 
f 3627//634 3135//7 2156//1775 
f 2156//865 3135//1740 4290//1740 
f 2632//1077 3582//1076 2630//1076 
f 3581//4 3582//4 2632//4 
f 2635//1077 3584//1076 2633//1076 
f 3583//4 3584//4 2635//4 
f 3856//1413 1937//793 2183//793 
f 1937//4 3856//4 1940//4 
f 3543//4 3544//4 979//4 
f 979//372 3544//1219 2988//1219 
f 897//372 3542//1219 2990//1219 
f 3541//4 3542//4 897//4 
f 2956//1208 4035//1264 3126//1264 
f 4035//4 2956//4 2955//4 
f 2158//4 2681//4 3834//4 
f 3834//1565 2681//1090 2680//1090 
f 2400//4 4305//4 1590//4 
f 1590//680 4305//1751 4187//1751 
f 409//7 98//7 4307//7 
f 410//135 409//134 4307//1753 
f 1144//514 963//1395 3662//1395 
f 963//7 1144//4 232//70 
f 2623//7 4052//1776 3567//1661 
f 3567//1462 4052//1662 3863//1581 
f 943//387 4009//386 941//386 
f 4009//4 943//4 3158//4 
f 4004//4 1235//4 3156//4 
f 1235//387 4004//386 1234//386 
f 2625//4 4051//4 3565//4 
f 3565//1462 4051//1581 3864//1581 
f 3174//4 2102//4 2724//4 
f 2102//840 3174//1293 3173//1293 
f 2126//4 3451//4 2183//4 
f 2183//793 3451//1413 3856//1413 
f 3456//4 4191//4 2160//4 
f 2160//868 4191//1752 3246//1752 
f 3605//1480 3854//1579 3960//1579 
f 3854//4 3605//4 1241//7 
f 3939//4 3197//4 2400//4 
f 3197//958 3939//1604 3725//1604 
f 2532//4 4306//4 2369//4 
f 2369//932 4306//1654 3071//1654 
f 2399//959 4187//1751 4305//1751 
f 2401//4 4187//4 2399//4 
f 3071//4 2185//4 2184//4 
f 2185//876 3071//1654 4306//1654 
f 556//194 555//194 4310//1730 
f 555//5 558//5 4310//6 
f 4311//1729 468//155 467//155 
f 468//6 4311//5 33//5 
f 3208//962 3469//1609 3952//1609 
f 3467//4 3469//4 3208//4 
f 2408//963 3246//1752 4191//1752 
f 3246//4 2408//4 2407//4 
f 3841//1570 3004//1224 3134//1224 
f 3004//4 3841//4 1098//4 
f 3560//1462 1353//599 3566//599 
f 1353//4 3560//4 3559//4 
f 942//387 3564//599 1350//599 
f 3565//4 3564//4 942//4 
f 1232//387 3566//599 1353//599 
f 3567//1661 3566//1777 1232//4 
f 597//4 1560//4 3922//4 
f 3922//1602 1560//867 1496//867 
f 1350//4 3561//4 3562//4 
f 3561//1462 1350//599 3564//599 
f 1497//1605 1589//679 3245//679 
f 1590//4 1589//4 1497//7 
f 3953//1611 2184//875 3247//875 
f 2184//4 3953//4 2187//4 
f 1492//4 3923//4 1496//4 
f 1496//867 3923//1602 3922//1602 
f 1046//4 1613//4 3245//4 
f 3245//679 1613//1605 1497//1605 
f 3954//1612 1667//794 1938//794 
f 1665//4 1667//4 3954//4 
f 980//372 3850//1578 978//371 
f 2987//4 3850//4 980//4 
f 898//372 3848//371 896//371 
f 2989//4 3848//4 898//4 
f 3575//4 3979//4 2175//4 
f 2175//872 3979//871 2174//871 
f 3577//655 3980//1778 2177//1630 
f 2177//872 3980//871 2176//871 
f 3247//875 1598//1611 3953//1611 
f 1114//4 1598//4 3247//4 
f 1659//872 3972//1467 3574//1467 
f 1436//4 3972//4 1659//4 
f 3011//4 1493//4 1492//4 
f 1493//654 3011//1228 3008//1228 
f 1432//4 3971//4 1664//4 
f 1664//872 3971//1468 3576//1468 
f 1616//4 3947//4 726//4 
f 3947//1606 1616//1266 3945//1266 
f 1614//4 3950//4 792//4 
f 3950//1606 1614//1266 3949//1266 
f 1938//794 1939//1612 3954//1612 
f 1939//4 1938//4 1937//4 
f 3269//1329 1940//1414 2606//1414 
f 1940//4 3269//4 3268//4 
f 3348//4 3977//4 1117//4 
f 1117//496 3977//1230 3010//1230 
f 851//341 3978//1070 2621//1070 
f 3353//4 3978//4 851//4 
f 2957//1208 2496//1207 2955//1207 
f 2494//4 2496//4 2957//4 
f 2371//932 3072//931 2370//931 
f 3072//4 2371//4 3071//4 
f 2510//1051 2965//1050 2572//1050 
f 2509//4 2965//4 2510//4 
f 2507//1051 2967//1050 2571//1050 
f 2505//4 2967//4 2507//4 
f 3241//4 3984//4 3015//4 
f 3015//1232 3984//1231 3014//1231 
f 3198//4 3514//4 3199//4 
f 3199//1658 3514//1214 4044//1214 
f 3205//1658 2974//1214 4045//1214 
f 3202//4 2974//4 3205//4 
f 3506//4 1623//4 929//4 
f 4159//1703 3506//1444 4158//1444 
f 3243//4 2502//4 1878//4 
f 1878//768 2502//767 1647//767 
f 3137//4 3136//4 4050//4 
f 4050//1660 3136//1269 4049//1269 
f 3139//554 3140//1779 4048//1702 
f 4048//1660 3140//1269 4047//1269 
f 1867//4 1646//4 4340//4 
f 4340//1766 1646//707 1645//707 
f 1232//4 1234//4 3946//1607 
f 3946//1606 1234//386 4004//386 
f 1494//654 3342//653 1492//653 
f 3340//4 3342//4 1494//4 
f 3948//1606 941//386 4009//386 
f 942//4 941//4 3948//4 
f 2177//1630 3576//4 1420//7 
f 1420//1051 3576//1468 3971//1468 
f 1529//1051 3574//1467 3972//1467 
f 2175//4 3574//4 1529//4 
f 2187//4 1118//4 3010//4 
f 1118//497 2187//1610 1116//495 
f 852//341 3940//340 850//340 
f 1497//7 3940//4 852//4 
f 3013//1232 3361//1311 3240//1311 
f 1313//4 3361//4 3013//4 
f 1031//13 3859//535 3858//535 
f 3859//4 1031//4 4363//4 
f 974//13 3862//535 3860//535 
f 974//4 4362//4 3862//4 
f 2155//1780 3627//634 2156//1775 
f 1983//1633 3627//1633 2155//864 
f 1719//4 4081//4 2539//4 
f 2539//1031 4081//678 1587//678 
f 593//207 3462//1420 3721//1420 
f 212//64 3462//4 593//4 
f 1044//206 3458//1418 3720//1418 
f 3458//4 1044//4 3752//4 
f 4033//4 2141//4 29//7 
f 2141//786 4033//1650 845//1650 
f 4034//4 2914//4 26//4 
f 2914//784 4034//1650 4103//1650 
f 2720//1331 3987//1483 3626//1483 
f 3987//4 2720//4 2721//4 
f 2339//1707 3656//1494 2828//1494 
f 3434//4 3656//4 2339//4 
f 3465//4 1162//4 912//4 
f 496//169 1162//169 3465//1422 
f 3468//4 497//4 4108//4 
f 497//170 3468//1424 3726//1424 
f 3459//4 3461//4 3270//4 
f 3270//1329 3461//1328 3268//1328 
f 3073//1247 3924//1247 2370//931 
f 594//4 2370//4 3924//4 
f 4355//1770 4373//1769 3691//1769 
f 317//7 4373//4 4355//4 
f 3725//1604 2398//958 3197//958 
f 2531//4 2398//4 3725//4 
f 884//4 3968//4 4035//4 
f 3968//1620 884//361 3966//361 
f 3952//1609 2407//962 3208//962 
f 2407//4 3952//4 3951//7 
f 1384//4 1385//4 3371//4 
f 3371//1461 1385//1011 3563//1011 
f 3173//1293 1869//840 2102//840 
f 1869//4 3173//4 3172//4 
f 3593//1292 3994//1639 3993//1639 
f 3994//4 3593//4 3596//4 
f 1882//4 1285//4 1284//4 
f 1285//582 1882//1653 4335//1653 
f 1327//582 1883//1653 4336//1653 
f 1883//4 1327//4 1326//4 
f 4374//1764 3655//1493 3653//1493 
f 3655//4 4374//4 3973//4 
f 3272//1331 3983//1330 3271//1330 
f 3627//634 3983//4 3272//4 
f 883//4 3678//4 2628//634 
f 3678//1508 883//360 882//360 
f 1121//500 4011//1237 1663//1237 
f 1770//7 4011//4 1121//4 
f 3631//1485 1808//747 1596//747 
f 1809//4 1808//4 3631//4 
f 1531//500 4010//1237 1661//1237 
f 1774//4 4010//4 1531//4 
f 2968//1212 1138//1621 1137//1621 
f 1435//4 1138//4 2968//4 
f 1434//4 1433//4 2966//4 
f 2966//1212 1433//1622 1592//1622 
f 1662//4 3989//4 1122//4 
f 1122//500 3989//499 1120//499 
f 1660//4 3990//4 1532//4 
f 1532//500 3990//499 1530//499 
f 3631//4 4001//4 1812//4 
f 1812//1461 4001//1632 3661//1632 
f 1983//634 2293//914 1098//4 
f 2155//864 2293//864 1983//1633 
f 3338//4 3337//4 2104//4 
f 2104//442 3337//1352 3740//1352 
f 3679//4 882//4 2237//4 
f 882//360 3679//1508 3678//1508 
f 3279//4 2174//4 3280//4 
f 3280//1629 2174//871 3979//871 
f 3274//4 2176//4 3277//4 
f 3277//1629 2176//871 3980//871 
f 3286//4 3661//4 3630//4 
f 3630//1485 3661//1632 4001//1632 
f 2735//1101 4020//1616 3525//1616 
f 1868//4 4020//4 2735//4 
f 292//4 925//4 3964//4 
f 3964//1504 925//377 924//377 
f 2100//1074 3827//1073 2626//1073 
f 3827//634 2100//4 2097//4 
f 701//4 3688//4 1511//4 
f 1511//1509 3688//1511 3687//1511 
f 719//4 3965//4 3677//4 
f 3965//1506 719//265 718//265 
f 2736//1101 2191//1100 2734//1100 
f 2191//4 2736//4 2189//4 
f 3992//1637 1441//630 3690//630 
f 1441//4 3992//4 1009//7 
f 3683//1510 3684//1512 3689//1512 
f 3684//4 3683//4 2788//4 
f 2839//1146 2790//1145 2121//1145 
f 2790//4 2839//4 2787//4 
f 1464//4 3682//4 3687//4 
f 3687//1511 3682//1509 1511//1509 
f 3958//1435 690//246 689//246 
f 690//4 3958//4 4369//4 
f 3957//1615 757//246 756//246 
f 757//4 3957//4 4367//4 
f 1443//4 1470//4 3689//4 
f 3689//1512 1470//1510 3683//1510 
f 898//4 2990//4 1770//7 
f 1770//1631 2990//1219 3542//1219 
f 1774//1631 2988//1219 3544//1219 
f 980//4 2988//4 1774//4 
f 3991//1637 2985//1218 4000//1218 
f 2985//4 3991//4 3690//4 
f 4000//4 2838//4 1009//7 
f 2838//1146 4000//1218 2985//1218 
f 1868//1275 1870//765 1357//765 
f 1871//4 1870//4 1868//4 
f 4265//1728 3365//1370 4264//1370 
f 3495//4 3365//4 4088//4 
f 1465//641 3765//831 2055//831 
f 3765//4 1465//4 1464//4 
f 2332//4 3008//4 2333//4 
f 2333//1623 3008//1228 3011//1228 
f 1366//1056 2048//1184 2904//1181 
f 2048//1184 2905//1182 2904//1181 
f 1121//4 1120//4 3577//655 
f 3577//1629 1120//499 3989//499 
f 1531//4 1530//4 3575//4 
f 3575//1629 1530//499 3990//499 
f 1098//4 4019//4 857//4 
f 857//345 4019//830 2049//830 
f 1442//631 4268//643 1471//643 
f 4268//4 1442//4 1007//7 
f 3263//4 3201//4 26//4 
f 3201//1304 3263//1302 3198//1302 
f 3204//1303 3266//1302 3202//1302 
f 3266//70 3204//193 29//7 
f 3272//4 3626//4 1549//4 
f 1549//669 3626//1483 3987//1483 
f 3730//4 3731//4 1809//4 
f 1809//748 3731//805 1970//805 
f 852//4 2621//4 3241//4 
f 3241//1628 2621//1070 3978//1070 
f 3010//4 3970//4 3011//4 
f 3970//1623 3010//1230 3977//1230 
f 2627//1074 2628//1321 3214//1321 
f 2628//634 2627//4 2626//1743 
f 1374//608 3518//1450 3821//1558 
f 4077//4 3518//4 1374//4 
f 3697//1515 4027//1649 4041//1649 
f 3154//4 4027//4 3697//4 
f 2930//1197 2992//769 2928//769 
f 2992//4 2930//70 29//7 
f 1885//4 2934//4 26//4 
f 2934//1197 1885//769 2932//769 
f 2347//4 3014//4 2348//4 
f 2348//1628 3014//1231 3984//1231 
f 1529//4 2571//4 2570//4 
f 2570//1212 2571//1050 2967//1050 
f 48//4 1860//7 3698//7 
f 3698//1515 1860//761 3696//761 
f 3967//1620 3126//1264 4035//1264 
f 3554//4 3126//4 3967//4 
f 2573//1212 2572//1050 2965//1050 
f 1420//7 2572//4 2573//4 
f 3155//1275 3525//1616 4020//1616 
f 3525//4 3155//4 1177//4 
f 3982//1631 1663//1237 4011//1237 
f 1205//4 1663//4 3982//4 
f 1443//631 3690//630 1441//630 
f 3690//4 1443//4 3689//4 
f 3981//1631 1661//1237 4010//1237 
f 982//4 1661//4 3981//4 
f 1466//641 3681//640 1464//640 
f 702//4 3681//4 1466//4 
f 3187//1715 4093//1675 4375//1781 
f 3188//1745 3187//1715 4375//1781 
f 1346//4 3154//4 1718//4 
f 3154//1499 1346//597 3667//597 
f 2839//4 2986//4 2787//4 
f 2787//13 2986//1122 2786//1122 
f 3687//4 3686//4 2051//4 
f 2051//13 3686//1123 2791//1123 
f 2964//4 2788//4 858//4 
f 858//345 2788//344 856//344 
f 881//4 1544//4 703//4 
f 1544//669 881//359 1548//359 
f 1029//438 2996//437 635//437 
f 4059//4 2996//4 1029//4 
f 1450//438 3002//437 1448//437 
f 4056//4 3002//4 1450//4 
f 48//4 4041//7 3668//7 
f 3668//1499 4041//1649 4027//1649 
f 3702//1517 4040//1516 3701//1516 
f 967//4 4040//4 3702//4 
f 1810//748 1596//747 1808//747 
f 1594//4 1596//4 1810//4 
f 1547//4 2178//4 2783//4 
f 2783//1120 2178//1571 1098//1571 
f 3700//1517 4269//1530 3753//1530 
f 678//7 4269//4 3700//4 
f 1256//4 3921//4 3792//4 
f 3921//1338 1256//571 730//571 
f 3188//1745 4375//1781 4376//1782 
f 3188//1745 4376//1782 4296//1746 
f 1754//4 4192//4 1871//4 
f 1871//766 4192//1646 4015//1646 
f 4103//4 2931//4 1656//4 
f 2931//1197 4103//1650 4034//1650 
f 845//4 2927//4 697//4 
f 2927//1196 845//1650 4033//1650 
f 1347//598 3829//1133 2814//1133 
f 3829//4 1347//4 1346//4 
f 4368//1774 1418//1773 4366//1773 
f 1418//4 3705//4 3704//4 
f 1527//4 3707//4 3706//4 
f 4371//1774 1527//1773 4370//1773 
f 3482//4 2181//4 967//4 
f 967//397 2181//396 933//396 
f 1769//745 1907//744 1767//744 
f 2678//4 1907//4 1769//4 
f 2675//4 1913//4 1773//4 
f 1773//746 1913//744 1771//744 
f 2841//1148 1479//1401 3428//1401 
f 1015//4 1479//4 2841//4 
f 3708//4 3710//4 511//4 
f 511//175 3710//174 509//174 
f 2845//1148 1482//1401 3429//1401 
f 1180//4 1482//4 2845//4 
f 2846//1148 4167//1149 2844//1149 
f 4090//4 4167//4 2846//4 
f 1638//4 3694//4 827//4 
f 827//328 3694//327 825//327 
f 4092//4 4166//4 2842//634 
f 2842//1148 4166//1147 2840//1147 
f 634//438 4335//1653 1882//1653 
f 4335//4 634//7 100//7 
f 1449//438 4336//1653 1883//1653 
f 26//4 4336//4 1449//4 
f 95//7 4377//4 100//7 
f 1031//13 4377//13 95//399 
f 972//4 4378//4 26//4 
f 974//13 4378//13 972//399 
f 64//49 3216//1749 4043//1657 
f 4043//1657 3216//1749 3331//1347 
f 1348//598 3667//597 1346//597 
f 48//4 3667//7 1348//7 
f 678//7 3701//4 932//4 
f 932//397 3701//1516 4040//1516 
f 4064//4 1238//4 2910//4 
f 1238//558 4064//557 591//557 
f 1768//745 3428//1401 1479//1401 
f 2842//634 3428//4 1768//1402 
f 2846//4 3429//4 1772//4 
f 1772//746 3429//1401 1482//1401 
f 1357//4 1872//4 1094//4 
f 1872//766 1357//765 1870//765 
f 1620//4 3052//4 4030//4 
f 4030//1562 3052//1138 3215//1138 
f 253//5 4242//5 2010//5 
f 2010//326 4242//325 2008//325 
f 2009//326 2753//1113 3323//1113 
f 2753//4 2009//4 824//4 
f 2013//385 2755//1114 3324//1114 
f 2755//4 2013//4 940//4 
f 34//6 4241//6 2014//6 
f 2014//385 4241//384 2012//384 
f 2018//350 865//349 2017//349 
f 865//4 2018//4 863//4 
f 2016//350 4243//1112 3315//1112 
f 116//6 4243//6 2016//6 
f 253//5 4235//5 951//5 
f 951//391 4235//1107 3299//1107 
f 948//389 2746//1108 3296//1108 
f 2746//4 948//4 1777//4 
f 116//6 4221//6 949//6 
f 949//389 4221//388 947//388 
f 953//391 1780//390 952//390 
f 1780//4 953//4 1778//4 
f 2021//352 869//351 2020//351 
f 869//4 2021//4 867//4 
f 958//395 2749//1110 3295//1110 
f 2749//4 958//4 1784//4 
f 34//6 4236//6 954//6 
f 954//393 4236//1109 3297//1109 
f 2019//352 4246//1111 3313//1111 
f 35//5 4246//5 2019//5 
f 956//393 1790//392 955//392 
f 1790//4 956//4 1788//4 
f 35//5 4213//5 959//5 
f 959//395 4213//394 957//394 
f 637//226 4198//225 376//225 
f 253//5 4198//5 637//5 
f 652//234 1794//233 650//233 
f 1794//4 652//4 1792//4 
f 609//216 4193//215 357//215 
f 34//6 4193//6 609//6 
f 687//244 1798//243 619//243 
f 1798//4 687//4 1796//4 
f 618//244 4207//1103 3291//1103 
f 35//5 4207//5 618//5 
f 651//234 4217//1104 3293//1104 
f 116//6 4217//6 651//6 
f 356//216 2741//1105 3289//1105 
f 2741//4 356//4 1802//4 
f 375//226 2743//1106 3290//1106 
f 2743//4 375//4 1787//4 
f 2003//311 4224//1118 3321//1118 
f 34//6 4224//6 2003//6 
f 2004//311 526//310 2002//310 
f 526//4 2004//4 524//4 
f 2006//324 4231//1116 3317//1116 
f 253//5 4231//5 2006//5 
f 1999//242 2760//1117 3319//1117 
f 2760//4 1999//4 673//4 
f 1995//236 2757//1115 3320//1115 
f 2757//4 1995//4 656//4 
f 2000//242 4205//241 1998//241 
f 116//6 4205//6 2000//6 
f 2007//324 414//323 2005//323 
f 414//4 2007//4 412//4 
f 1996//236 4206//235 1994//235 
f 35//5 4206//5 1996//5 
f 590//558 4121//1186 2908//1186 
f 4121//4 590//4 319//7 
f 3727//7 2991//4 29//7 
f 2991//770 3727//1405 4007//1405 
f 3437//4 1884//4 26//4 
f 1884//770 3437//1405 4005//1405 
f 1651//1658 4147//1700 4146//1700 
f 443//7 1652//4 1651//554 
f 1657//1658 4151//1700 4150//1700 
f 945//4 615//4 1657//4 
f 2798//4 4156//4 2801//4 
f 2801//1660 4156//1701 4155//1701 
f 4154//4 2794//4 2796//4 
f 2794//1660 4154//1701 4153//1701 
f 2499//4 2785//4 1098//4 
f 2785//1120 2499//1015 2784//1015 
f 2834//5 3419//5 33//5 
f 111//156 3419//1394 4304//1394 
f 2837//6 558//5 3408//6 
f 4307//1753 3408//1385 410//135 
f 3781//4 662//4 3782//4 
f 3782//1298 662//237 3183//237 
f 3172//4 3993//4 2358//4 
f 3993//1639 3172//1292 3593//1292 
f 2975//1659 3185//1783 3184//554 
f 3184//237 3185//1298 3787//1298 
f 3181//4 3180//4 3183//4 
f 3183//237 3180//1298 3782//1298 
f 4014//1527 1361//603 1360//602 
f 1195//4 1361//4 4014//4 
f 3645//4 826//4 3379//4 
f 826//328 3645//1098 2728//1098 
f 2182//874 2180//1412 398//1412 
f 2180//4 2182//4 2181//4 
f 1920//238 846//347 4078//347 
f 1919//4 846//4 1920//4 
f 1908//780 2170//1473 4032//1473 
f 2169//4 2170//4 1908//4 
f 4039//1652 926//378 318//378 
f 926//4 4039//4 4064//4 
f 2167//4 2168//4 1912//4 
f 1912//780 2168//1473 4031//1473 
f 2997//1223 3719//1521 4017//1521 
f 3532//4 3719//4 2997//4 
f 3530//4 3718//4 3001//4 
f 3001//1223 3718//1521 108//1521 
f 2470//1363 442//1362 1722//1362 
f 442//4 2470//4 4358//4 
f 944//4 2477//4 4360//4 
f 2477//1363 944//1362 1725//1362 
f 4070//4 2714//4 2711//4 
f 2714//1363 4070//1536 3769//1536 
f 2715//1363 4069//1536 3768//1536 
f 4069//4 2715//4 2716//4 
f 2277//645 1474//644 2275//644 
f 1474//4 2277//4 1472//4 
f 2252//570 4184//569 2250//569 
f 116//6 4184//6 2252//6 
f 2263//660 1506//659 2261//659 
f 1506//4 2263//4 1504//4 
f 2256//658 4183//657 2254//657 
f 35//5 4183//5 2256//5 
f 2262//660 4251//1034 3309//1034 
f 34//6 4251//6 2262//6 
f 2251//570 2544//1033 3302//1033 
f 2544//4 2251//4 1255//4 
f 2255//658 2542//1032 3301//1032 
f 2542//4 2255//4 1503//4 
f 2276//645 4252//1054 3311//1054 
f 253//5 4252//5 2276//5 
f 2270//240 115//239 2269//239 
f 115//4 2270//4 113//4 
f 34//6 4181//6 2266//6 
f 2266//313 4181//312 2264//312 
f 253//5 4182//5 2273//5 
f 2273//295 4182//294 2271//294 
f 2260//297 258//296 2259//296 
f 258//4 2260//4 256//4 
f 2272//295 2548//1036 3305//1036 
f 2548//4 2272//4 788//4 
f 2265//313 2551//1038 3308//1038 
f 2551//4 2265//4 803//4 
f 116//6 4250//6 2268//6 
f 2268//240 4250//1340 3303//1340 
f 35//5 4249//5 2258//5 
f 2258//297 4249//1035 3306//1035 
f 2622//4 2473//4 3650//4 
f 2473//998 2622//997 2471//997 
f 2476//998 2624//1072 2474//997 
f 2624//4 2476//4 3651//4 
f 4038//1652 591//557 4064//557 
f 591//4 4038//4 319//7 
f 1886//770 2932//769 1885//769 
f 2932//4 1886//4 3439//4 
f 2928//4 2993//4 3500//4 
f 2993//770 2928//769 2992//769 
f 678//7 933//4 679//7 
f 679//874 933//396 2181//396 
f 1628//4 3936//4 3935//4 
f 3936//1392 1628//533 1629//533 
f 4338//1393 657//534 1191//534 
f 657//4 4338//4 214//4 
f 1627//4 3933//4 3932//4 
f 3933//1391 1627//399 244//399 
f 1626//7 4339//7 243//7 
f 4339//1390 1626//535 1189//535 
f 3343//4 52//7 255//7 
f 52//11 3343//1355 4343//1355 
f 59//7 3931//4 3930//4 
f 3931//1389 59//213 653//213 
f 51//7 3927//4 3926//4 
f 3927//1387 51//10 317//10 
f 4337//1386 477//214 38//214 
f 477//4 4337//4 90//7 
f 2470//4 3768//4 2472//1402 
f 2472//998 3768//1536 4069//1536 
f 2475//998 3769//1536 4070//1536 
f 2477//4 3769//4 2475//4 
f 3053//1236 4073//1669 4072//1669 
f 1620//4 4073//4 3053//4 
f 2672//4 3215//4 3054//4 
f 3215//1138 2672//1562 4030//1562 
f 1768//1402 1767//1784 1909//7 
f 1909//780 1767//744 1907//744 
f 1772//4 1771//4 1914//4 
f 1914//780 1771//744 1913//744 
f 1638//1514 4124//1655 3825//1655 
f 1454//634 4124//1785 1638//4 
f 4310//1730 4267//1730 556//194 
f 4267//7 98//7 556//4 
f 433//7 91//4 467//7 
f 89//7 467//7 91//4 
f 467//155 4266//1729 4311//1729 
f 4266//4 467//7 89//7 
f 230//627 3836//1567 1719//1567 
f 48//4 3836//1566 230//4 
f 4379//4 2105//4 1037//4 
f 2105//1625 4379//1624 3974//1624 
f 2142//1715 4084//1675 4380//1781 
f 2143//1745 2142//1715 4380//1781 
f 1193//4 3203//4 3202//4 
f 3203//1303 1193//513 295//513 
f 3200//1303 1139//513 121//513 
f 1139//4 3200//4 3198//4 
f 1372//4 1371//4 4086//4 
f 4086//1678 1371//606 3657//606 
f 927//379 1384//1075 2629//1075 
f 1384//4 927//4 926//4 
f 1720//1071 3863//1581 4052//1662 
f 3863//4 1720//4 1354//4 
f 3864//4 1723//4 1351//4 
f 1723//1071 3864//1581 4051//1581 
f 3003//1223 1448//437 3002//437 
f 26//4 1448//4 3003//4 
f 2998//1223 635//437 2996//437 
f 635//7 2998//779 100//7 
f 4071//4 2280//4 2282//4 
f 2280//1257 4071//1533 3760//1533 
f 2943//1201 3822//1559 1129//1559 
f 3695//4 3822//4 2943//4 
f 1985//4 1468//4 1986//4 
f 1986//1544 1468//642 1467//642 
f 2472//1402 2471//1786 2623//7 
f 2623//1071 2471//997 2622//997 
f 2475//4 2474//4 2625//4 
f 2625//1071 2474//997 2624//1072 
f 3695//1514 825//327 3694//327 
f 825//4 3695//4 2943//4 
f 4042//1546 861//346 860//346 
f 861//4 4042//4 3793//4 
f 2143//1745 4381//1782 4347//1746 
f 2143//1745 4380//1781 4381//1782 
f 318//7 928//554 231//7 
f 928//379 318//378 926//378 
f 4086//4 4087//4 2594//4 
f 2594//1257 4087//1256 3086//1256 
f 3526//4 1645//4 2503//4 
f 1645//707 3526//1766 4340//1766 
f 2856//4 4351//4 4382//4 
f 4382//247 4351//1787 1528//1787 
f 4383//247 4352//1787 1419//1787 
f 2853//4 4352//4 4383//4 
f 553//193 4098//4 3375//4 
f 3375//1373 4098//1686 4114//1686 
f 3693//4 3657//4 891//4 
f 3657//606 3693//1678 4086//1678 
f 3536//4 2062//4 3376//4 
f 3376//1373 2062//834 3374//834 
f 553//193 2650//4 3124//4 
f 3124//1263 2650//1084 3122//1084 
f 3381//4 2823//4 473//4 
f 2823//1137 3381//1375 1805//1375 
f 4299//1747 3728//1522 4297//1522 
f 3728//4 4299//4 473//4 
f 3498//1406 946//250 2933//250 
f 944//4 946//4 3498//4 
f 444//140 3501//1440 1393//4 
f 3501//1406 444//250 2929//250 
f 3123//1263 4114//1686 4098//1686 
f 4260//4 4114//4 3123//4 
f 4072//1669 3054//1236 3053//1236 
f 3054//4 4072//4 1813//4 
f 2597//1060 2101//839 2595//1059 
f 2101//4 2597//4 3652//4 
f 1456//4 1455//4 1454//634 
f 1454//1379 1455//635 3392//635 
f 2721//1685 2719//962 4097//962 
f 1244//4 2719//4 2721//4 
f 3608//7 705//7 316//7 
f 705//255 3608//254 703//254 
f 704//255 4102//1274 1240//1274 
f 2721//4 4102//4 704//4 
f 4077//1564 1000//420 878//420 
f 1000//4 4077//4 1374//4 
f 4096//1685 1240//1274 4102//1274 
f 1240//7 4096//4 1241//7 
f 553//193 3510//4 2651//4 
f 2651//1085 3510//1446 4016//1446 
f 1419//4 4092//4 2842//634 
f 4384//1679 1419//1787 4352//1787 
f 1528//4 4090//4 2846//4 
f 4385//1679 1528//1787 4351//1787 
f 1244//562 3568//561 1242//561 
f 3271//4 3568//4 1244//4 
f 1755//1085 3122//1084 2650//1084 
f 1752//4 3122//4 1755//4 
f 880//4 1100//4 1550//4 
f 1550//1569 1100//485 1099//485 
f 4318//1757 2559//1045 4317//1045 
f 2559//1044 4318//4 100//7 
f 26//4 2562//4 4316//4 
f 4316//1756 2562//1045 4315//1045 
f 924//377 3674//1504 3964//1504 
f 3675//4 3674//4 924//4 
f 2982//559 2983//1696 4110//1696 
f 2983//4 2982//4 1239//4 
f 718//265 3644//1506 3965//1506 
f 3644//4 718//4 1167//4 
f 317//7 4161//4 765//4 
f 765//560 4161//341 4160//341 
f 4097//4 1243//4 1241//7 
f 1243//562 4097//962 2719//962 
f 391//4 689//4 392//4 
f 689//246 391//1435 3958//1435 
f 3491//4 756//4 912//4 
f 756//246 3491//1435 3957//1615 
f 2596//1060 3760//1533 4071//1533 
f 2594//4 3760//4 2596//4 
f 116//6 4386//6 3097//6 
f 3097//1159 4386//1387 3926//1387 
f 3104//1192 3344//1355 3929//1355 
f 3344//4 3104//4 2917//4 
f 35//5 4387//5 3094//5 
f 3094//1157 4387//1389 3930//1389 
f 3100//1155 3410//1386 3928//1386 
f 3410//4 3100//4 2864//4 
f 3115//1165 3418//1393 3934//1393 
f 3418//4 3115//4 2882//4 
f 3111//1163 3414//1390 3937//1390 
f 3414//4 3111//4 2879//4 
f 3108//1167 4388//1392 3935//1392 
f 253//5 4388//5 3108//5 
f 3119//1161 4389//1391 3932//1391 
f 34//6 4389//6 3119//6 
f 3786//1762 3783//1543 4325//1543 
f 3784//4 3783//4 3786//4 
f 3781//1761 3778//1541 4323//1541 
f 3779//4 3778//4 3781//4 
f 3391//1379 3825//1655 4124//1655 
f 3825//4 3391//4 3823//4 
f 317//7 1624//4 4157//4 
f 4157//1703 1624//700 1623//700 
f 64//49 4037//1651 1446//447 
f 64//49 4043//1657 4037//1651 
f 2245//4 4170//4 3243//4 
f 3243//1314 4170//1576 3847//1576 
f 4101//1698 732//274 4112//274 
f 1395//4 732//4 4101//4 
f 2971//1314 4115//1313 3242//1313 
f 2970//4 4115//4 2971//4 
f 4113//1697 3242//1313 4115//1313 
f 3242//4 4113//4 4112//4 
f 733//275 3966//361 884//361 
f 1394//4 3966//4 733//4 
f 3250//1320 4119//1319 2113//1319 
f 2909//4 4119//4 3250//4 
f 734//275 4112//274 732//274 
f 3242//4 4112//4 734//4 
f 4334//4 853//634 3268//4 
f 853//342 4334//1529 3752//1529 
f 594//4 3925//4 855//4 
f 855//343 3925//1603 1495//1603 
f 57//92 199//59 198//59 
f 57//1706 3218//1475 199//1287 
f 130//92 193//59 69//92 
f 193//1287 3168//1289 69//1308 
f 313//7 4107//4 3939//4 
f 4107//335 313//106 312//106 
f 497//4 311//4 4108//4 
f 4108//1608 311//105 890//105 
f 4263//1728 3163//1283 4088//1283 
f 3163//4 4263//4 678//7 
f 3959//4 4390//4 3262//4 
f 3262//1326 4390//1325 3260//1325 
f 2928//4 3790//4 2929//4 
f 2929//250 3790//1406 3501//1406 
f 2933//250 3438//1406 3498//1406 
f 2932//4 3438//4 2933//4 
f 3962//1619 4185//295 3969//295 
f 48//4 4185//7 3962//7 
f 3249//1320 4158//1444 3506//1444 
f 317//7 4158//4 3249//4 
f 4110//1696 766//559 2982//559 
f 317//7 766//4 4110//4 
f 1623//4 1622//4 1893//4 
f 1893//1695 1622//699 2942//699 
f 4165//1711 4173//1788 2459//1069 
f 2459//987 4173//986 2457//988 
f 2454//987 4174//986 2452//986 
f 4163//4 4174//4 2454//4 
f 833//333 2816//332 831//332 
f 48//4 2816//7 833//7 
f 2909//1699 2908//1186 4121//1186 
f 1238//4 2908//4 2909//4 
f 2903//4 4178//4 2428//4 
f 2428//967 4178//966 2426//966 
f 2568//4 4179//4 2423//4 
f 2423//967 4179//966 2421//966 
f 3963//1619 4341//1618 3961//1618 
f 834//4 4341//4 3963//4 
f 4328//4 2456//4 2458//4 
f 2456//987 4328//1763 3975//1627 
f 2453//987 4327//1763 3976//1627 
f 4327//4 2453//4 2455//4 
f 1360//602 3741//1527 4014//1527 
f 1146//4 3741//4 1360//4 
f 2427//967 4313//1049 2902//1049 
f 4313//1755 2427//1789 2426//7 
f 2422//967 4314//1049 2569//1049 
f 4314//4 2422//4 2421//4 
f 2829//4 4168//4 2828//4 
f 4168//1707 2829//1139 3999//1139 
f 3329//4 2043//4 3648//4 
f 3648//1490 2043//826 3646//1489 
f 4165//1705 2949//1204 3748//1204 
f 2950//1206 2949//4 4165//1711 
f 2953//4 2952//4 4163//4 
f 4163//1705 2952//1204 3749//1204 
f 2830//1140 2827//1169 2887//1169 
f 2827//4 2830//4 2829//4 
f 2337//4 2339//4 3999//4 
f 3999//1139 2339//1707 4168//1707 
f 3647//1490 2828//1494 3656//1494 
f 2828//4 3647//4 3646//4 
f 4120//1699 2113//1319 4119//1319 
f 2113//4 4120//4 319//7 
f 2945//1091 1129//4 473//4 
f 1129//1559 2945//1201 2943//1201 
f 3391//4 742//4 3823//4 
f 3823//1560 742//283 680//283 
f 843//4 3477//4 1460//4 
f 1460//1667 3477//1429 4067//1429 
f 1140//4 3480//4 1458//4 
f 1458//1667 3480//1429 4065//1429 
f 2338//923 3433//922 2336//922 
f 48//4 3433//7 2338//7 
f 3539//1458 4175//1636 3988//1636 
f 4175//4 3539//4 1081//4 
f 1079//4 3540//4 3988//4 
f 3540//1458 1079//1457 1543//1457 
f 1879//1638 1644//706 2359//706 
f 1644//4 1879//4 1647//4 
f 4164//1705 2457//988 4173//986 
f 2457//4 4164//4 2345//4 
f 4162//1705 2452//986 4174//986 
f 2452//4 4162//4 2342//4 
f 3417//4 1191//4 1186//4 
f 1191//534 3417//1393 4338//1393 
f 3416//4 1629//4 19//4 
f 1629//533 3416//1392 3936//1392 
f 244//399 3415//1391 3933//1391 
f 3415//4 244//7 90//7 
f 3413//4 1189//4 1187//4 
f 1189//535 3413//1390 4339//1390 
f 4343//1355 134//11 52//11 
f 134//61 4343//779 19//4 
f 3412//1388 653//140 214//4 
f 653//213 3412//1389 3931//1389 
f 317//10 3411//1387 3927//1387 
f 3411//7 317//7 243//7 
f 3409//4 38//7 37//7 
f 38//214 3409//1386 4337//1386 
f 3107//1192 4137//1191 3105//1191 
f 253//5 4137//5 3107//5 
f 3099//1159 2871//1158 3098//1158 
f 2871//4 3099//4 2869//4 
f 2244//905 2284//903 2242//903 
f 2284//4 2244//4 1081//4 
f 3096//1157 2867//1156 3095//1156 
f 2867//4 3096//4 2865//4 
f 3103//1155 4142//1154 3101//1154 
f 34//6 4142//6 3103//6 
f 3110//1167 2885//1166 3109//1166 
f 2885//4 3110//4 2883//4 
f 3114//1163 4131//1162 3112//1162 
f 116//6 4131//6 3114//6 
f 3121//1161 2875//1160 3120//1160 
f 2875//4 3121//4 2873//4 
f 3118//1165 4128//1164 3116//1164 
f 35//5 4128//5 3118//5 
f 1439//4 4180//4 2324//4 
f 2324//917 4180//964 2411//964 
f 2111//4 2793//4 2325//4 
f 2325//917 2793//916 2323//916 
f 2426//7 4068//1790 4067//1714 
f 4068//1667 2426//966 4178//966 
f 4066//1666 2421//966 4179//966 
f 2421//4 4066//4 4065//4 
f 2942//699 4109//1695 1893//1695 
f 317//7 4109//4 2942//4 
f 1719//1567 1423//627 230//627 
f 1423//4 1719//4 907//4 
f 2243//904 3988//1636 4175//1636 
f 3988//4 2243//4 2246//4 
f 1439//4 3282//4 4171//4 
f 4171//1710 3282//1335 3056//1335 
f 4177//4 3855//4 473//4 
f 3855//1374 4177//1713 3379//1713 
f 2944//4 2825//4 1805//4 
f 1805//1375 2825//1137 2823//1137 
f 2337//923 3969//295 4185//295 
f 3963//4 3969//4 2337//4 
f 1983//634 1098//4 1546//4 
f 1546//668 1098//873 2178//873 
f 3948//4 3949//4 2953//4 
f 2953//1205 3949//1266 1614//1266 
f 2950//1205 3945//1266 1616//1266 
f 3946//1607 3945//1791 2950//1206 
f 2969//4 3847//4 2294//4 
f 2294//915 3847//1576 4170//1576 
f 2325//4 2411//4 2410//4 
f 2410//1710 2411//964 4180//964 
f 2797//1126 2979//1125 2796//1125 
f 26//4 2979//4 2797//4 
f 2800//1126 2976//1125 2798//1125 
f 2976//7 2800//4 100//7 
f 3506//4 4159//4 1623//4 
f 1623//700 4159//1703 4157//1703 
f 3479//1430 1845//757 2420//757 
f 2657//4 1845//4 3479//4 
f 3476//1430 1873//757 2425//757 
f 2654//4 1873//4 3476//4 
f 1467//642 1762//1544 1986//1544 
f 1762//4 1467//4 363//4 
f 2245//915 2242//903 2284//903 
f 2243//4 2242//4 2245//4 
f 3379//1713 3380//1374 3855//1374 
f 1805//4 3380//4 3379//4 
f 4254//1712 1110//489 1109//489 
f 1110//4 4254//4 473//4 
f 1439//4 3815//4 3059//4 
f 3059//1239 3815//1238 3057//1238 
f 860//346 3791//1546 4042//1546 
f 1256//4 3791//4 860//4 
f 4258//4 3384//4 4012//4 
f 3384//1377 4258//1376 3383//1376 
f 1159//1792 142//1793 569//1794 
f 569//1794 567//1795 1159//1792 
f 3382//1377 4289//1617 3959//1617 
f 48//4 4289//7 3382//7 
f 4190//772 2586//1052 4189//1052 
f 2586//4 4190//4 4258//4 
f 3749//4 2954//4 3714//4 
f 2954//1205 3749//1204 2952//1204 
f 2951//1205 3748//1204 2949//1204 
f 3748//4 2951//4 3717//4 
f 832//333 3959//1617 4289//1617 
f 3959//4 832//4 4390//4 
f 48//4 1606//7 3432//7 
f 3432//1403 1606//690 3329//690 
f 3996//1640 3998//1717 4257//1717 
f 3998//4 3996//4 3995//4 
f 3058//1239 3056//1335 3282//1335 
f 3056//4 3058//4 3057//4 
f 48//4 3383//7 4188//7 
f 4188//772 3383//1376 4258//1376 
f 1239//4 4160//4 1620//4 
f 4160//341 1239//560 765//560 
f 2140//4 4391//4 472//4 
f 4391//1796 2140//857 2139//857 
f 4065//4 3481//4 2420//4 
f 3481//1430 4065//1429 3480//1429 
f 3478//1430 4067//1429 3477//1429 
f 4067//1714 3478//1797 2425//4 
f 3379//4 4176//4 1109//4 
f 1109//489 4176//1712 4254//1712 
f 1861//762 3696//761 1860//761 
f 3696//4 1861//4 3558//4 
f 3997//1640 1941//795 3995//795 
f 678//7 1941//4 3997//4 
f 878//420 3833//1564 4077//1564 
f 3834//4 3833//4 878//4 
f 3328//1345 4286//1726 4260//1726 
f 1867//4 4286//4 3328//4 
f 4015//4 1753//4 4016//4 
f 1753//740 4015//1646 4192//1646 
f 1859//762 4189//1052 2586//1052 
f 48//4 4189//7 1859//7 
f 3125//1345 1752//739 3327//739 
f 1752//4 3125//4 3122//4 
f 3328//4 3327//4 1754//4 
f 1754//740 3327//739 1752//739 
f 3434//1403 2336//922 3433//922 
f 2336//4 3434//4 2339//4 
f 785//4 1867//4 4340//4 
f 1867//1456 785//292 3536//292 
f 4147//1700 1652//222 4145//222 
f 1652//4 4147//4 1651//554 
f 1329//4 4154//4 2981//4 
f 4154//1701 1329//579 1573//579 
f 4156//1701 1281//579 1233//579 
f 2978//4 1281//4 4156//4 
f 4151//1700 615//222 4149//222 
f 615//4 4151//4 1657//4 
f 3171//4 1547//4 2784//4 
f 1547//668 3171//667 1545//667 
f 4260//4 3535//4 4114//4 
f 3535//1456 4260//1726 4286//1726 
f 1985//4 1099//4 1468//4 
f 1099//485 1985//1569 1550//1569 
f 3365//4 4265//4 4088//4 
f 4088//1283 4265//1728 4263//1728 
f 970//4 3162//4 678//7 
f 3162//1284 970//398 969//398 
f 663//238 4104//347 4080//347 
f 1916//4 4104//4 663//4 
f 1918//4 1920//4 4036//4 
f 4036//237 1920//238 4079//238 
f 1651//554 4045//1798 2975//1659 
f 2975//1215 4045//1214 2974//1214 
f 3181//1215 4044//1214 3514//1214 
f 1657//4 4044//4 3181//4 
f 3184//554 4079//1799 4078//1674 
f 4079//238 3184//237 4036//237 
f 3183//4 664//4 4080//4 
f 664//238 3183//237 662//237 
f 2555//4 2554//4 2557//4 
f 2557//1233 2554//1042 3049//1042 
f 3784//4 3787//4 2973//4 
f 2973//1215 3787//1298 3185//1298 
f 3182//1215 3782//1298 3180//1298 
f 3779//4 3782//4 3182//4 
f 4319//4 2799//4 4047//4 
f 2799//1126 4319//1758 4322//1758 
f 2795//1126 4320//1758 4321//1758 
f 4049//4 4320//4 2795//4 
f 2151//4 3445//4 252//4 
f 3445//1410 2151//862 3443//862 
f 795//4 1574//4 4273//4 
f 4273//1737 1574//674 4271//348 
f 4319//4 4047//4 3141//4 
f 3141//1270 4047//1269 3140//1269 
f 4276//1737 862//348 4274//348 
f 729//554 862//1800 4276//1738 
f 3138//1270 4049//1269 3136//1269 
f 4049//4 3138//4 4320//4 
f 3963//4 2831//4 2887//4 
f 2887//1169 2831//1140 2830//1140 
f 3422//4 4270//4 2563//4 
f 4270//1737 3422//1398 4280//1398 
f 4275//1737 3425//1398 4279//1398 
f 2560//4 3425//4 4275//4 
f 3139//1270 4279//1398 3425//1398 
f 4276//1738 4279//4 3139//554 
f 3444//1410 1096//1742 1588//1742 
f 3446//4 1096//4 3444//4 
f 4273//4 4280//4 3137//4 
f 3137//1270 4280//1398 3422//1398 
f 554//863 4186//1716 4278//1716 
f 553//193 4186//4 554//4 
f 4058//1069 4057//1801 729//554 
f 729//273 4057//272 727//272 
f 4055//4 4054//4 795//4 
f 795//273 4054//272 793//272 
f 1620//4 1197//4 4262//4 
f 1813//1668 4262//1668 1197//537 
f 2152//863 3443//862 2151//862 
f 3444//4 3443//4 2152//4 
f 680//283 3824//1560 3823//1560 
f 3824//4 680//4 678//7 
f 4274//4 728//4 1284//4 
f 728//273 4274//348 862//348 
f 4271//4 794//4 1326//4 
f 794//273 4271//348 1574//674 
f 3048//1233 4257//1717 3998//1717 
f 678//7 4257//4 3048//4 
f 2063//835 3374//834 2062//834 
f 553//193 3374//4 2063//4 
f 2061//835 4278//1716 4186//1716 
f 2152//4 4278//4 2061//4 
f 3752//1529 854//342 853//342 
f 1044//4 854//4 3752//4 
f 1495//1603 889//343 855//343 
f 853//634 889//1802 1495//7 
f 1193//513 4148//512 296//512 
f 4148//4 1193//4 4146//4 
f 1139//513 4152//512 122//512 
f 4152//4 1139//4 4150//4 
f 4264//4 3367//4 678//7 
f 3367//1371 4264//1370 3365//1370 
f 3951//7 890//1803 313//7 
f 890//105 3951//1608 4108//1608 
f 496//4 3938//4 312//4 
f 312//106 3938//335 4107//335 
f 1608//4 4293//4 3364//4 
f 4293//1744 1608//692 4292//692 
f 3364//4 3366//4 3365//4 
f 3366//1371 3364//1411 3449//1411 
f 3449//4 4291//4 678//7 
f 4291//1744 3449//1411 3364//1411 
f 2723//1094 3556//1093 2587//1093 
f 3556//4 2723//4 3555//4 
f 832//4 1349//4 4390//4 
f 4390//1325 1349//1709 4169//1709 
f 1609//693 3995//795 1941//795 
f 3998//4 3995//4 1609//4 
f 4258//4 4012//4 2722//4 
f 2722//1094 4012//1645 3555//1645 
f 3555//4 3261//4 3260//4 
f 3261//1326 3555//1645 4012//1645 
f 2290//4 3557//4 3556//4 
f 3557//1460 2290//912 3699//912 
f 1610//693 4292//692 1608//692 
f 4292//4 1610//4 678//7 
f 2555//1043 3753//1530 4269//1530 
f 3702//4 3753//4 2555//4 
f 2849//4 834//4 2888//4 
f 834//335 2849//334 246//334 
f 4346//1772 3955//1613 4364//1613 
f 2857//4 3955//4 4346//4 
f 3558//1460 2587//1093 3556//1093 
f 1861//4 2587//4 3558//4 
f 2854//4 3956//4 4345//4 
f 4345//1772 3956//1614 4365//1614 
f 2817//1134 4372//1720 1375//1720 
f 48//4 4372//7 2817//7 
f 4298//1747 1108//488 1898//488 
f 1108//4 4298//4 4297//4 
f 1898//488 4299//1747 4298//1747 
f 4299//4 1898//4 473//4 
f 1926//1682 4392//1804 4116//1683 
f 1926//1682 4100//1690 4392//1804 
f 1139//4 3199//4 4150//4 
f 4150//1700 3199//1658 1657//1658 
f 4146//1700 3205//1658 1651//1658 
f 1193//4 3205//4 4146//4 
f 4050//4 4153//4 1573//4 
f 4153//1701 4050//1660 2794//1660 
f 4155//1701 4048//1660 2801//1660 
f 4048//1702 4155//1805 1233//7 
f 678//7 3049//4 2556//4 
f 2556//1043 3049//1042 2554//1042 
f 1456//636 4312//1741 1422//1741 
f 2059//4 4312//4 1456//4 
f 3392//4 1457//4 4294//4 
f 1457//636 3392//635 1455//635 
f 3513//1448 1440//1447 3511//1447 
f 1440//4 3513//4 473//4 
f 3494//4 3493//4 2059//4 
f 2059//833 3493//832 2057//832 
f 2807//1694 4393//1806 4105//1692 
f 2807//1694 4347//1746 4393//1806 
f 2058//833 1422//1741 4312//1741 
f 1422//4 2058//4 969//4 
f 1886//4 4006//4 3439//4 
f 3439//1407 4006//1439 986//1439 
f 2993//4 4008//4 3500//4 
f 3500//1407 4008//1439 2424//1439 
f 1453//4 3273//4 3494//4 
f 3494//1437 3273//1332 3363//1332 
f 2359//706 2358//1638 1879//1638 
f 2358//4 2359//4 1646//4 
f 2138//4 577//4 1490//4 
f 577//201 2138//1807 4394//1807 
f 26//4 4316//4 3484//4 
f 3484//581 4316//1756 4272//1756 
f 4277//1757 1284//581 3483//581 
f 4274//4 1284//4 4277//4 
f 4326//1762 1921//787 1918//787 
f 1921//70 4326//7 29//7 
f 3483//581 4318//1757 4277//1757 
f 4318//4 3483//4 100//7 
f 4271//4 1326//4 4272//4 
f 4272//1756 1326//581 3484//581 
f 4324//1761 1917//785 835//785 
f 1917//4 4324//4 26//4 
f 3495//1437 2057//832 3493//832 
f 2057//4 3495//4 4088//4 
f 3265//4 4287//4 3779//4 
f 3779//1542 4287//1673 4076//1673 
f 26//4 4062//4 2561//4 
f 2561//1046 4062//1432 3485//1432 
f 4061//4 2558//7 100//7 
f 2558//1046 4061//1432 3486//1432 
f 3784//1542 4288//1672 4075//1672 
f 2972//4 4288//4 3784//4 
f 3534//1069 4333//1808 4058//1069 
f 4058//1663 4333//1750 2999//1750 
f 4055//1663 4332//1750 3000//1750 
f 3531//4 4332//4 4055//4 
f 3512//1448 4297//1522 3728//1522 
f 1108//4 4297//4 3512//4 
f 2058//4 2060//4 969//4 
f 969//398 2060//1284 3162//1284 
f 4272//4 4315//4 2563//4 
f 2563//1046 4315//1045 2562//1045 
f 4323//4 3780//4 26//4 
f 3780//1542 4323//1541 3778//1541 
f 3498//4 3440//4 986//4 
f 3440//1407 3498//1406 3438//1406 
f 3499//1407 3501//1406 3790//1406 
f 3501//1440 3499//4 2424//7 
f 2560//1046 4317//1045 2559//1045 
f 2560//4 4277//4 4317//4 
f 3785//1542 4325//1543 3783//1543 
f 4325//7 3785//7 29//7 
f 4331//206 681//282 4294//282 
f 681//4 4331//4 678//7 
f 4322//1520 4060//779 100//7 
f 4060//1665 4322//1758 4319//1758 
f 2972//1327 3202//1302 3266//1302 
f 3202//4 2972//4 2974//4 
f 4063//1665 4321//1758 4320//1758 
f 26//4 4321//4 4063//4 
f 3198//4 3265//4 3514//4 
f 3265//1327 3198//1302 3263//1302 
f 727//4 4059//4 1029//4 
f 4059//1663 727//272 4057//272 
f 4056//1663 793//272 4054//272 
f 793//4 4056//4 1450//4 
f 2560//4 3486//4 3424//4 
f 3424//1665 3486//1432 4061//1432 
f 4075//655 3267//655 29//7 
f 3267//1327 4075//1672 4288//1672 
f 2563//4 3485//4 3423//4 
f 3423//1665 3485//1432 4062//1432 
f 3264//1327 4076//1673 4287//1673 
f 4076//4 3264//4 26//4 
f 4261//76 2115//32 790//298 
f 791//302 790//298 2115//32 
f 2977//1216 3857//1580 1554//1580 
f 3857//4 2977//7 100//7 
f 3201//4 121//4 26//4 
f 121//513 3201//1304 3200//1303 
f 3204//193 295//7 29//7 
f 295//513 3204//1303 3203//1303 
f 2980//1216 3861//1580 1683//1580 
f 26//4 3861//4 2980//4 
f 4302//1748 2902//1049 4313//1049 
f 3401//4 2902//4 4302//4 
f 4300//1748 2569//1049 4314//1049 
f 3403//4 2569//4 4300//4 
f 4308//1754 2323//916 2793//916 
f 1439//4 2323//4 4308//4 
f 835//785 3781//1761 4324//1761 
f 3781//4 835//4 662//4 
f 3786//4 1918//4 4036//4 
f 1918//787 3786//1762 4326//1762 
f 3534//1455 2613//1067 3532//1067 
f 2614//1626 2613//1809 3534//1069 
f 3531//1455 2616//1067 3530//1067 
f 2617//4 2616//4 3531//4 
f 4388//1392 378//533 1190//533 
f 253//5 378//5 4388//5 
f 3418//1393 1186//534 1185//534 
f 1186//4 3418//4 3417//4 
f 3414//1390 1187//535 1192//535 
f 1187//4 3414//4 3413//4 
f 4389//1391 761//399 1188//399 
f 34//6 761//6 4389//6 
f 35//5 607//6 4387//5 
f 4387//1389 607//213 36//213 
f 3344//1355 255//11 254//11 
f 255//7 3344//4 3343//4 
f 116//6 636//6 4386//6 
f 4386//1387 636//10 112//10 
f 3410//1386 37//214 608//214 
f 37//7 3410//4 3409//4 
f 48//4 3961//7 245//7 
f 245//335 3961//1618 4341//1618 
f 4356//1168 3669//1501 2852//1501 
f 3669//4 4356//4 2827//4 
f 4303//1748 2424//1439 4008//1439 
f 2424//7 4303//1810 4313//1755 
f 4301//1748 986//1439 4006//1439 
f 986//4 4301//4 4314//4 
f 2138//4 4395//4 2139//4 
f 2139//857 4395//1796 4391//1796 
f 2818//1134 831//332 2816//332 
f 831//4 2818//4 4259//4 
f 3533//1455 2999//1750 4333//1750 
f 2999//4 3533//4 2997//4 
f 4309//1754 3511//1447 1440//1447 
f 3511//4 4309//4 2793//4 
f 3000//4 3529//4 3001//4 
f 3529//1455 3000//1750 4332//1750 
f 2520//4 3601//4 1096//4 
f 3601//1479 2520//1022 3599//1022 
f 250//4 3600//4 3528//4 
f 3600//1479 250//1765 1097//1765 
f 2519//1023 3446//1760 1369//1760 
f 3446//4 2519//4 1096//4 
f 2521//1023 3599//1022 2520//1022 
f 3600//4 3599//4 2521//4 
f 3536//4 787//4 2062//4 
f 787//293 3536//292 785//292 
f 4396//1811 4397//1811 4398//1195 
f 2924//1642 4397//1811 4396//1811 
f 2938//1642 4399//1812 4400//1812 
f 4400//1812 4399//1812 4401//1061 
f 1457//4 968//4 4294//4 
f 4294//282 968//206 4331//206 
f 786//293 1369//1760 3446//1760 
f 1369//4 786//4 785//4 
f 1653//223 443//1312 1553//1312 
f 443//7 1653//4 1652//4 
f 4362//4 1330//4 3862//4 
f 1330//580 4362//1372 3368//1372 
f 1282//580 4363//1372 3369//1372 
f 3859//4 4363//4 1282//4 
f 945//4 616//4 615//4 
f 616//223 945//1312 1684//1312 
f 2459//1069 3975//1813 2614//1626 
f 2614//1068 3975//1627 4328//1763 
f 2454//4 3976//4 2617//4 
f 2617//1068 3976//1627 4327//1763 
f 2615//1068 3532//1067 2613//1067 
f 3532//4 2615//4 3719//4 
f 3530//4 2618//4 3718//4 
f 2618//1068 3530//1067 2616//1067 
f 1195//4 1813//4 1196//4 
f 1197//537 1196//537 1813//1668 
f 2978//1216 2798//1125 2976//1125 
f 2798//4 2978//4 4156//4 
f 4117//1693 4329//1692 4402//1814 
f 3591//1475 4117//1693 4402//1814 
f 3218//1475 4403//1815 4013//1476 
f 4013//1476 4403//1815 4404//930 
f 4154//4 2796//4 2981//4 
f 2981//1216 2796//1125 2979//1125 
f 48//4 3654//7 3711//7 
f 3711//1518 3654//1492 3709//1492 
f 3704//1772 3226//1310 3224//1310 
f 3705//4 3226//4 3704//4 
f 3260//4 4169//4 3259//4 
f 4169//1709 3260//1325 4390//1325 
f 3706//1772 3221//1310 3220//1310 
f 3707//4 3221//4 3706//4 
f 696//251 4078//347 846//347 
f 4078//1674 696//1816 444//140 
f 1655//251 4080//347 4104//347 
f 4080//4 1655//4 946//4 
f 2850//1150 4374//1764 4330//1764 
f 4374//4 2850//4 3671//4 
f 1645//4 1647//4 2503//4 
f 2503//1017 1647//767 2502//767 
f 317//7 3504//4 4344//4 
f 4344//1704 3504//1442 3692//1442 
f 4281//4 4145//4 1654//4 
f 1654//223 4145//222 1652//222 
f 1233//7 1283//4 3369//4 
f 1283//580 1233//579 1281//579 
f 1573//4 1331//4 3368//4 
f 1331//580 1573//579 1329//579 
f 4283//4 4149//4 617//4 
f 617//223 4149//222 615//222 
f 4259//1708 903//373 4353//373 
f 2818//4 903//4 4259//4 
f 3503//1443 4355//1770 4354//1770 
f 317//7 4355//4 3503//4 
f 1620//4 3692//4 3505//4 
f 3692//1442 1620//1704 4344//1704 
f 3505//4 4354//4 3691//4 
f 4354//1770 3505//1443 3503//1443 
f 3986//1634 4405//788 4099//1689 
f 3169//1635 3986//1634 4099//1689 
f 3580//1635 4029//1634 4122//1689 
f 4029//1634 4406//930 4122//1689 
f 884//4 2948//4 1405//4 
f 1405//1017 2948//1648 4023//1648 
f 474//4 4172//4 4394//4 
f 4394//1807 4172//201 577//201 
f 1375//4 3708//4 904//4 
f 3708//1518 1375//1720 4372//1720 
f 1418//4 4368//4 3705//4 
f 3705//1309 4368//1774 4367//1774 
f 3707//1309 4371//1774 4369//1774 
f 1527//4 4371//4 3707//4 
f 3220//1310 4346//1772 3706//1772 
f 3222//4 4346//4 3220//4 
f 3223//4 4345//4 3224//4 
f 3224//1310 4345//1772 3704//1772 
f 122//4 4284//4 26//4 
f 4284//1739 122//512 4152//512 
f 4282//1739 296//512 4148//512 
f 296//7 4282//7 29//7 
f 1188//399 3932//1391 4389//1391 
f 3932//4 1188//4 1627//4 
f 1192//535 3937//1390 3414//1390 
f 116//6 3937//6 1192//6 
f 1185//534 3934//1393 3418//1393 
f 35//5 3934//5 1185//5 
f 1190//533 3935//1392 4388//1392 
f 3935//4 1190//4 1628//4 
f 36//213 3930//1389 4387//1389 
f 3930//4 36//7 59//7 
f 253//5 3929//5 254//5 
f 254//11 3929//1355 3344//1355 
f 112//10 3926//1387 4386//1387 
f 3926//4 112//7 51//7 
f 34//6 3928//6 608//5 
f 608//214 3928//1386 3410//1386 
f 3670//1502 2105//1625 3973//1625 
f 2105//4 3670//4 3669//4 
f 2851//1150 246//334 2849//334 
f 48//4 246//7 2851//7 
f 2849//4 2888//4 2852//4 
f 2852//1501 2888//1168 4356//1168 
f 697//251 2929//250 444//250 
f 2927//4 2929//4 697//4 
f 2931//4 2933//4 1656//4 
f 1656//251 2933//250 946//250 
f 4361//15 1684//1312 945//1312 
f 974//4 1684//4 4361//4 
f 1031//4 1553//4 4359//4 
f 4359//15 1553//1312 443//1312 
f 2366//1694 4296//1746 4407//1806 
f 2366//1694 4407//1806 4329//1692 
f 4360//15 3368//1372 4362//1372 
f 2477//4 3368//4 4360//4 
f 2470//4 3369//4 4358//4 
f 4358//15 3369//1372 4363//1372 
f 3958//4 3219//4 4369//4 
f 4369//1774 3219//1309 3707//1309 
f 4367//1774 3225//1309 3705//1309 
f 3957//4 3225//4 4367//4 
f 114//4 3794//4 4132//4 
f 3794//1549 114//239 3838//239 
f 3796//1550 479//312 2267//312 
f 479//4 3796//4 90//7 
f 3800//1551 659//294 2274//294 
f 659//4 3800//4 19//4 
f 257//4 3802//4 4129//4 
f 3802//1552 257//296 3837//296 
f 1473//4 3809//4 4139//4 
f 3809//1555 1473//644 3840//644 
f 3812//1556 1501//657 2257//657 
f 1501//4 3812//4 214//4 
f 1505//4 3804//4 4144//4 
f 3804//1553 1505//659 3839//659 
f 3806//1554 1254//569 2253//569 
f 1254//7 3806//7 243//7 
f 973//4 4283//4 617//4 
f 4283//1739 973//399 972//399 
f 3862//535 1683//1580 3861//1580 
f 1330//4 1683//4 3862//4 
f 4281//1739 1030//399 95//399 
f 1030//4 4281//4 1654//4 
f 3859//535 1554//1580 3857//1580 
f 1554//4 3859//4 1282//4 
f 3709//4 3655//4 3974//4 
f 3655//1493 3709//1492 3654//1492 
f 4408//790 2071//790 4409//1400 
f 4406//930 2071//790 4408//790 
f 4082//1671 4357//1768 3844//1574 
f 2923//1573 4082//1671 3844//1574 
f 2923//1573 3845//1575 4002//1643 
f 2924//1642 4002//1643 3845//1575 
f 4074//1671 4350//1768 3852//1574 
f 2937//1573 4074//1671 3852//1574 
f 2937//1573 3853//1575 4022//1643 
f 2938//1642 4022//1643 3853//1575 
f 3858//535 4377//13 1031//13 
f 4377//4 3858//4 100//7 
f 26//4 4378//4 3860//4 
f 3860//535 4378//13 974//13 
f 3795//1549 2878//1162 3113//1162 
f 2878//7 3795//7 243//7 
f 2874//4 3798//4 4133//4 
f 3798//1550 2874//1160 3797//1160 
f 2884//4 3801//4 4125//4 
f 3801//1551 2884//1166 3799//1166 
f 2881//4 3803//4 214//4 
f 3803//1552 2881//1164 3117//1164 
f 2866//4 3813//4 4140//4 
f 3813//1556 2866//1156 3811//1156 
f 2916//4 3810//4 19//4 
f 3810//1555 2916//1191 3106//1191 
f 2863//4 3805//4 90//7 
f 3805//1553 2863//1154 3102//1154 
f 2870//4 3808//4 4135//4 
f 3808//1554 2870//1158 3807//1158 
f 1418//1773 647//232 646//232 
f 647//4 1418//4 1592//4 
f 522//4 1527//4 1137//4 
f 1527//1773 522//626 1410//626 
f 3708//4 511//4 904//4 
f 904//374 511//175 510//175 
f 3259//4 4353//4 905//4 
f 4353//373 3259//1708 4259//1708 
f 2745//4 3886//4 4219//4 
f 3886//1590 2745//1108 3915//1108 
f 2739//7 3887//7 243//7 
f 3887//1590 2739//1104 3294//1104 
f 2748//4 3881//4 4209//4 
f 3881//1588 2748//1110 3914//1110 
f 2738//4 3882//4 214//4 
f 3882//1588 2738//1103 3292//1103 
f 2744//4 3894//4 19//4 
f 3894//1593 2744//1107 3300//1107 
f 2747//4 3888//4 90//7 
f 3888//1591 2747//1109 3298//1109 
f 2742//4 3896//4 4215//4 
f 3896//1593 2742//1106 3895//1106 
f 2740//4 3890//4 4203//4 
f 3890//1591 2740//1105 3889//1105 
f 2750//4 3920//4 214//4 
f 3920//1601 2750//1111 3314//1111 
f 3903//1596 2546//1035 3307//1035 
f 2546//4 3903//4 214//4 
f 2756//4 3904//4 4228//4 
f 3904//1596 2756//1115 3902//1115 
f 2541//4 3919//4 4248//4 
f 3919//1601 2541//1032 3941//1032 
f 3868//1583 655//235 1997//235 
f 655//4 3868//4 214//4 
f 525//4 3865//4 4195//4 
f 3865//1582 525//310 3883//310 
f 1797//4 3869//4 4196//4 
f 3869//1583 1797//243 3867//243 
f 3866//1582 1800//215 358//215 
f 1800//4 3866//4 90//7 
f 418//7 3870//7 243//7 
f 3870//1584 418//241 2001//241 
f 413//4 3873//4 4200//4 
f 3873//1585 413//323 3878//323 
f 3874//1585 1786//225 377//225 
f 1786//4 3874//4 19//4 
f 1793//4 3872//4 4201//4 
f 3872//1584 1793//233 3871//233 
f 2547//4 3900//4 4232//4 
f 3900//1595 2547//1036 3944//1036 
f 2758//4 3901//4 19//4 
f 3901//1595 2758//1116 3318//1116 
f 2751//7 3918//7 243//7 
f 3918//1600 2751//1112 3316//1112 
f 2550//4 3905//4 4225//4 
f 3905//1597 2550//1038 3942//1038 
f 2543//4 3917//4 4245//4 
f 3917//1600 2543//1033 3943//1033 
f 2761//4 3906//4 90//7 
f 3906//1597 2761//1118 3322//1118 
f 3898//1594 2549//1037 3304//1037 
f 2549//7 3898//7 243//7 
f 2759//4 3899//4 4233//4 
f 3899//1594 2759//1117 3897//1117 
f 3909//1598 2590//1054 3312//1054 
f 2590//4 3909//4 19//4 
f 2752//4 3910//4 4237//4 
f 3910//1598 2752//1113 3908//1113 
f 3912//1599 2545//1034 3310//1034 
f 2545//4 3912//4 90//7 
f 2754//4 3913//4 4239//4 
f 3913//1599 2754//1114 3911//1114 
f 864//4 3879//4 4222//4 
f 3879//1587 864//349 3916//349 
f 3880//1587 1775//388 950//388 
f 1775//7 3880//7 243//7 
f 868//4 3884//4 4214//4 
f 3884//1589 868//351 3907//351 
f 528//4 3875//4 90//7 
f 3875//1586 528//384 2015//384 
f 1783//4 3885//4 214//4 
f 3885//1589 1783//394 960//394 
f 1789//4 3877//4 4210//4 
f 3877//1586 1789//392 3876//392 
f 416//4 3892//4 19//4 
f 3892//1592 416//325 2011//325 
f 1779//4 3893//4 4226//4 
f 3893//1592 1779//390 3891//390 
f 4373//1769 1463//639 1462//639 
f 317//7 1463//4 4373//4 
f 48//4 4330//7 3653//7 
f 3653//1493 4330//1764 4374//1764 
f 509//4 4379//4 1037//4 
f 4379//1624 509//174 3710//174 
f 3973//1625 3671//1502 3670//1502 
f 4374//4 3671//4 3973//4 
f 2073//1682 4410//1804 4095//1683 
f 2073//1682 4123//1690 4410//1804 
f 2138//1807 1585//677 500//677 
f 2138//4 1487//4 1585//4 
f 510//175 905//374 904//374 
f 905//4 510//4 1037//4 
f 1419//4 4384//4 4092//4 
f 4092//1681 4384//1679 4091//1679 
f 1528//4 4385//4 4090//4 
f 4090//1680 4385//1679 4089//1679 
f 2843//4 2840//4 3722//4 
f 3722//1681 2840//1147 4166//1147 
f 3709//4 3974//4 3710//4 
f 3710//174 3974//1624 4379//1624 
f 3723//1680 2844//1149 4167//1149 
f 2847//4 2844//4 3723//4 
f 1419//1787 1415//247 4383//247 
f 1416//4 1415//4 1419//4 
f 692//4 691//4 1528//4 
f 1528//1787 691//247 4382//247 
f 646//232 4366//1773 1418//1773 
f 757//4 4366//4 646//7 
f 1410//626 4370//1773 1527//1773 
f 690//4 4370//4 1410//4 
f 4352//1787 4091//1679 4384//1679 
f 1680//4 4091//4 4352//4 
f 1693//4 4089//4 4351//4 
f 4351//1787 4089//1679 4385//1679 
f 1416//248 4365//1614 3956//1614 
f 3704//4 4365//4 1416//4 
f 692//248 4364//1613 3955//1613 
f 3706//4 4364//4 692//4 
f 1417//248 4383//247 1415//247 
f 2853//4 4383//4 1417//4 
f 2856//4 4382//4 693//4 
f 693//248 4382//247 691//247 
f 3691//4 1462//4 964//4 
f 1462//639 3691//1769 4373//1769 
f 474//4 4394//4 500//4 
f 500//677 4394//1807 2138//1807 
f 4209//1588 3291//1103 4207//1103 
f 3291//4 4209//4 3881//4 
f 4219//1590 3293//1104 4217//1104 
f 3293//4 4219//4 3886//4 
f 35//5 3295//5 4208//5 
f 4208//1588 3295//1110 2749//1110 
f 116//6 3296//6 4218//6 
f 4218//1590 3296//1108 2746//1108 
f 253//5 3290//5 4216//5 
f 4216//1593 3290//1106 2743//1106 
f 4204//1591 3289//1105 2741//1105 
f 34//6 3289//6 4204//6 
f 4203//1591 3297//1109 4236//1109 
f 3297//4 4203//4 3890//4 
f 4215//1593 3299//1107 4235//1107 
f 3299//4 4215//4 3896//4 
f 4194//1582 2002//310 526//310 
f 34//6 2002//6 4194//6 
f 4195//1582 357//215 4193//215 
f 357//4 4195//4 3865//4 
f 4197//1583 619//243 1798//243 
f 35//5 619//5 4197//5 
f 4196//1583 1994//235 4206//235 
f 1994//4 4196//4 3869//4 
f 4248//1601 3313//1111 4246//1111 
f 3313//4 4248//4 3919//4 
f 4245//1600 3315//1112 4243//1112 
f 3315//4 4245//4 3917//4 
f 4247//1601 3301//1032 2542//1032 
f 35//5 3301//5 4247//5 
f 4244//1600 3302//1033 2544//1033 
f 116//6 3302//6 4244//6 
f 35//5 3320//5 4229//5 
f 4229//1596 3320//1115 2757//1115 
f 4228//1596 3306//1035 4249//1035 
f 3306//4 4228//4 3904//4 
f 4199//1585 2005//323 414//323 
f 253//5 2005//5 4199//5 
f 4201//1584 1998//241 4205//241 
f 1998//4 4201//4 3872//4 
f 4202//1584 650//233 1794//233 
f 116//6 650//6 4202//6 
f 4200//1585 376//225 4198//225 
f 376//4 4200//4 3873//4 
f 4225//1597 3321//1118 4224//1118 
f 3321//4 4225//4 3905//4 
f 34//6 3308//6 4223//6 
f 4223//1597 3308//1038 2551//1038 
f 253//5 3305//5 4230//5 
f 4230//1595 3305//1036 2548//1036 
f 4233//1594 3303//1340 4250//1340 
f 3303//4 4233//4 3899//4 
f 116//6 3319//6 4234//6 
f 4234//1594 3319//1117 2760//1117 
f 4232//1595 3317//1116 4231//1116 
f 3317//4 4232//4 3900//4 
f 4239//1599 3309//1034 4251//1034 
f 3309//4 4239//4 3913//4 
f 4237//1598 3311//1054 4252//1054 
f 3311//4 4237//4 3910//4 
f 4240//1599 3324//1114 2755//1114 
f 34//6 3324//6 4240//6 
f 4238//1598 3323//1113 2753//1113 
f 253//5 3323//5 4238//5 
f 35//5 2020//5 4212//5 
f 4212//1589 2020//351 869//351 
f 4210//1586 2012//384 4241//384 
f 2012//4 4210//4 3877//4 
f 4214//1589 957//394 4213//394 
f 957//4 4214//4 3884//4 
f 34//6 955//6 4211//6 
f 4211//1586 955//392 1790//392 
f 253//5 952//5 4227//5 
f 4227//1592 952//390 1780//390 
f 4226//1592 2008//325 4242//325 
f 2008//4 4226//4 3893//4 
f 116//6 2017//6 4220//6 
f 4220//1587 2017//349 865//349 
f 4222//1587 947//388 4221//388 
f 947//4 4222//4 3879//4 
f 4133//1550 2264//312 4181//312 
f 2264//4 4133//4 3798//4 
f 116//6 2269//6 4130//6 
f 4130//1549 2269//239 115//239 
f 35//5 2259//5 4127//5 
f 4127//1552 2259//296 258//296 
f 4125//1551 2271//294 4182//294 
f 2271//4 4125//4 3801//4 
f 4138//1555 2275//644 1474//644 
f 253//5 2275//5 4138//5 
f 4143//1553 2261//659 1506//659 
f 34//6 2261//6 4143//6 
f 4140//1556 2254//657 4183//657 
f 2254//4 4140//4 3813//4 
f 4135//1554 2250//569 4184//569 
f 2250//4 4135//4 3808//4 
f 4132//1549 3112//1162 4131//1162 
f 3112//4 4132//4 3794//4 
f 34//6 3120//6 4134//6 
f 4134//1550 3120//1160 2875//1160 
f 253//5 3109//5 4126//5 
f 4126//1551 3109//1166 2885//1166 
f 4129//1552 3116//1164 4128//1164 
f 3116//4 4129//4 3802//4 
f 4139//1555 3105//1191 4137//1191 
f 3105//4 4139//4 3809//4 
f 4144//1553 3101//1154 4142//1154 
f 3101//4 4144//4 3804//4 
f 4141//1556 3095//1156 2867//1156 
f 35//5 3095//5 4141//5 
f 4136//1554 3098//1158 2871//1158 
f 116//6 3098//6 4136//6 
f 467//7 215//7 433//7 
f 433//7 215//7 214//4 
f 101//4 557//4 556//4 
f 557//8 101//12 559//12 
f 159//353 3164//1285 2439//971 
f 2439//971 2437//1817 1915//782 
f 559//12 1049//8 557//8 
f 1049//5 559//5 558//5 
f 260//79 156//34 184//57 
f 87//78 156//34 260//79 
f 2138//4 1490//4 4395//4 
f 4395//1796 1490//652 1489//652 
f 3164//1285 2437//1817 2439//971 
f 611//355 2437//1817 3164//1285 
f 4//2 14//2 10//2 
f 3//22 10//22 14//22 
f 4391//4 1489//4 472//4 
f 1489//652 4391//1796 4395//1796 
f 97//5 253//5 22//5 
f 35//5 253//5 97//5 
f 2891//4 2895//4 89//7 
f 3757//4 2891//4 89//7 
f 480//27 88//300 481//31 
f 842//21 481//31 88//300 
f 3408//6 558//5 410//5 
f 410//5 558//5 437//5 
f 34//6 33//5 111//6 
f 3419//5 111//6 33//5 
f 40//2 12//2 4//2 
f 12//2 14//2 4//2 
f 2896//7 98//7 3773//7 
f 2892//7 98//7 2896//7 
f 117//6 116//6 359//6 
f 761//6 359//6 116//6 
f 4411//789 3472//789 3471//1399 
f 4412//930 3472//789 4411//789 
f 2285//687 3572//1818 2803//911 
f 749//46 3572//1818 2285//687 
f 154//32 151//27 152//27 
f 152//27 151//27 758//31 
f 4413//1400 4414//1400 4415//1021 
f 4416//790 4414//1400 4413//1400 
f 2287//687 2286//911 3070//911 
f 3070//911 2286//911 640//227 
f 1270//574 2639//1819 1764//743 
f 2639//1819 2603//286 1764//743 
f 4397//1811 4417//1061 4398//1195 
f 4398//1195 4417//1061 4418//1020 
f 4419//930 4404//930 4420//789 
f 4013//1476 4404//930 4419//930 
f 2288//227 1555//671 2289//228 
f 2638//286 2289//228 1555//671 
f 2667//3 3031//3 582//2 
f 1730//3 2667//3 582//2 
f 1766//542 1271//542 1765//743 
f 2363//541 1271//542 1766//542 
f 4350//1768 4421//1020 3852//1574 
f 4342//1767 4421//1020 4350//1768 
f 4422//790 4423//1400 4424//1400 
f 4424//1400 4423//1400 4425//1021 
f 2288//227 640//227 1555//671 
f 3070//911 640//227 2288//227 
f 4415//1021 4426//1021 4427//1020 
f 4414//1400 4426//1021 4415//1021 
f 4428//1021 4429//1021 4430//1020 
f 4431//1400 4429//1021 4428//1021 
f 4432//858 4418//1020 4433//1021 
f 4398//1195 4418//1020 4432//858 
f 2360//605 2364//929 2361//573 
f 81//75 2364//929 2360//605 
f 1207//541 2593//1058 2592//542 
f 3334//1350 2593//1058 1207//541 
f 4422//790 4434//790 4423//1400 
f 4435//788 4434//790 4422//790 
f 4435//788 4436//788 4434//790 
f 4437//1288 4436//788 4435//788 
f 1602//687 3450//911 2708//911 
f 3450//911 1426//227 2708//911 
f 4438//1812 4439//1061 4440//1061 
f 4440//1061 4439//1061 4441//1020 
f 2278//743 2592//542 2044//743 
f 2278//743 2044//743 2279//286 
f 2708//911 1425//227 2995//1221 
f 2995//1221 1425//227 3060//1240 
f 4296//1746 4442//790 4407//1806 
f 4407//1806 4442//790 4443//788 
f 4444//1400 4445//1021 4446//1399 
f 4444//1400 4446//1399 4447//789 
f 4329//1692 4443//788 4402//1814 
f 4329//1692 4407//1806 4443//788 
f 4376//1782 4445//1021 4444//1400 
f 4375//1781 4445//1021 4376//1782 
f 4448//1061 4449//1061 4450//1020 
f 4003//1644 4449//1061 4448//1061 
f 2639//1819 2638//286 2603//286 
f 2638//286 1555//671 2603//286 
f 4375//1781 4093//1675 4451//1020 
f 4375//1781 4451//1020 4445//1021 
f 174//46 3573//687 1602//687 
f 1602//687 3573//687 3450//911 
f 103//15 1//15 15//8 
f 1//1 16//1 15//1 
f 4003//1644 4452//1812 4449//1061 
f 2924//1642 4452//1812 4003//1644 
f 2279//286 772//286 1424//228 
f 2279//286 2044//743 772//286 
f 420//1 349//1 3//1 
f 10//22 3//22 349//22 
f 774//228 773//287 3060//1240 
f 1425//227 774//228 3060//1240 
f 4453//789 4454//1399 4455//1399 
f 4454//1399 4456//859 4455//1399 
f 3986//1634 4437//1288 4435//788 
f 69//1308 4437//1288 3986//1634 
f 9//8 47//8 2//15 
f 2//1 47//1 369//1 
f 4457//789 4454//1399 4453//789 
f 4458//930 4457//789 4453//789 
f 4455//1399 4456//859 4459//859 
f 4460//858 4459//859 4456//859 
f 4461//930 4457//789 4458//930 
f 4462//1289 4461//930 4458//930 
f 2361//573 2363//541 1766//542 
f 2364//929 2363//541 2361//573 
f 199//1287 4463//1289 4464//1289 
f 4464//1289 4463//1289 4412//930 
f 4393//1806 4420//789 4404//930 
f 4347//1746 4420//789 4393//1806 
f 4465//930 4412//930 4411//789 
f 4464//1289 4412//930 4465//930 
f 1208//542 1207//541 2592//542 
f 1208//542 2592//542 2278//743 
f 4380//1781 4348//859 4381//1782 
f 4381//1782 4348//859 3470//1399 
f 4380//1781 4084//1675 4466//858 
f 4380//1781 4466//858 4348//859 
f 4467//1399 4094//1399 2145//859 
f 4468//789 4094//1399 4467//1399 
f 240//77 3334//1350 1368//605 
f 1368//605 3334//1350 1207//541 
f 4469//86 4470//86 3846//1195 
f 270//85 4470//86 4469//86 
f 4471//1195 4466//858 4084//1675 
f 4083//1062 4471//1195 4084//1675 
f 314//8 15//8 54//12 
f 55//1 54//1 15//1 
f 3592//1476 4472//930 4473//1289 
f 193//1287 3592//1476 4473//1289 
f 2924//1642 3845//1575 4474//1812 
f 3845//1575 3844//1574 4474//1812 
f 790//298 480//27 4261//76 
f 482//27 4261//76 480//27 
f 1070//3 2773//3 676//2 
f 1705//3 1070//3 676//2 
f 4438//1812 4475//1812 4439//1061 
f 2938//1642 4475//1812 4438//1812 
f 4021//1644 4476//1195 4477//86 
f 327//85 4021//1644 4477//86 
f 4347//1746 4381//1782 3470//1399 
f 4347//1746 3470//1399 4420//789 
f 2935//1195 4478//858 2640//858 
f 2640//858 4478//858 4479//859 
f 4105//1692 4404//930 4403//1815 
f 4105//1692 4393//1806 4404//930 
f 4447//789 4446//1399 1923//789 
f 2365//930 4447//789 1923//789 
f 4480//1195 4432//858 4460//858 
f 4460//858 4432//858 4459//859 
f 4481//859 3186//859 3426//1399 
f 4481//859 4285//858 3186//859 
f 3168//1289 4461//930 4462//1289 
f 69//1308 3168//1289 4462//1289 
f 4482//790 4483//1400 2810//790 
f 2809//788 4482//790 2810//790 
f 4468//789 4411//789 4094//1399 
f 4465//930 4411//789 4468//789 
f 2922//1195 2514//858 4285//858 
f 4285//858 2514//858 3186//859 
f 4467//1399 2145//859 4479//859 
f 2640//858 4479//859 2145//859 
f 4480//1195 4398//1195 4432//858 
f 4396//1811 4398//1195 4480//1195 
f 4463//1289 4419//930 4412//930 
f 4419//930 3472//789 4412//930 
f 1923//789 4446//1399 3426//1399 
f 4446//1399 4481//859 3426//1399 
f 4469//86 3846//1195 2922//1195 
f 2922//1195 3846//1195 2514//858 
f 4348//859 4466//858 2146//859 
f 4348//859 2146//859 3471//1399 
f 4471//1195 2144//858 4466//858 
f 4466//858 2144//858 2146//859 
f 82//87 329//86 4083//1062 
f 329//86 4471//1195 4083//1062 
f 4472//930 4447//789 2365//930 
f 4473//1289 4472//930 2365//930 
f 4342//1767 4484//1021 4421//1020 
f 4095//1683 4484//1021 4342//1767 
f 4476//1195 4485//1020 4478//858 
f 4485//1020 4486//1021 4478//858 
f 4095//1683 4487//1400 4484//1021 
f 4095//1683 4410//1804 4487//1400 
f 3041//2 2658//2 533//2 
f 2665//2 3041//2 533//2 
f 4420//789 3470//1399 3472//789 
f 4419//930 4420//789 3472//789 
f 4094//1399 3471//1399 2146//859 
f 4411//789 3471//1399 4094//1399 
f 2936//1195 2144//858 4471//1195 
f 329//86 2936//1195 4471//1195 
f 4477//86 4476//1195 2935//1195 
f 4476//1195 4478//858 2935//1195 
f 3218//1475 4106//1693 4403//1815 
f 4106//1693 4105//1692 4403//1815 
f 4003//1644 4448//1061 4470//86 
f 270//85 4003//1644 4470//86 
f 199//1287 4013//1476 4463//1289 
f 4013//1476 4419//930 4463//1289 
f 4488//1288 4489//1288 4490//788 
f 630//1308 4489//1288 4488//1288 
f 4490//788 4491//788 4416//790 
f 4489//1288 4491//788 4490//788 
f 4409//1400 3658//1400 4492//1021 
f 2071//790 3658//1400 4409//1400 
f 327//85 4477//86 328//86 
f 328//86 4477//86 2935//1195 
f 630//1308 3579//1288 4493//1288 
f 3579//1288 2811//788 4493//1288 
f 4494//1021 4415//1021 4441//1020 
f 4413//1400 4415//1021 4494//1021 
f 4408//790 4409//1400 4487//1400 
f 4487//1400 4409//1400 4495//1021 
f 4491//788 2811//788 4496//790 
f 4493//1288 2811//788 4491//788 
f 4488//1288 4490//788 2069//788 
f 2069//788 4490//788 2070//790 
f 193//1287 4118//1289 3167//1288 
f 4118//1289 1922//788 3167//1288 
f 4497//1288 4458//930 4498//788 
f 4458//930 4453//789 4498//788 
f 3217//1288 4499//788 2809//788 
f 2809//788 4499//788 4482//790 
f 4500//1061 4401//1061 4399//1812 
f 4501//1020 4401//1061 4500//1061 
f 4502//1020 4503//1061 4401//1061 
f 4400//1812 4401//1061 4503//1061 
f 4445//1021 4481//859 4446//1399 
f 4445//1021 4451//1020 4481//859 
f 3658//1400 4413//1400 4494//1021 
f 2070//790 4413//1400 3658//1400 
f 4504//1288 4465//930 4499//788 
f 4499//788 4465//930 4468//789 
f 4483//1400 4486//1021 4505//1400 
f 2810//790 4483//1400 4505//1400 
f 4414//1400 4505//1400 4426//1021 
f 4496//790 4505//1400 4414//1400 
f 4123//1690 4408//790 4410//1804 
f 4410//1804 4408//790 4487//1400 
f 3846//1195 4448//1061 2515//1020 
f 4470//86 4448//1061 3846//1195 
f 630//1308 4488//1288 4029//1634 
f 4029//1634 4488//1288 2069//788 
f 4439//1061 4503//1061 4506//1020 
f 4475//1812 4503//1061 4439//1061 
f 2938//1642 4400//1812 4475//1812 
f 4475//1812 4400//1812 4503//1061 
f 4296//1746 4444//1400 4442//790 
f 4296//1746 4376//1782 4444//1400 
f 69//1308 4507//1288 4437//1288 
f 4437//1288 4507//1288 4436//788 
f 4497//1288 4498//788 4507//1288 
f 69//1308 4497//1288 4507//1288 
f 69//1308 4462//1289 4497//1288 
f 4462//1289 4458//930 4497//1288 
f 2938//1642 4508//1812 4399//1812 
f 4508//1812 4500//1061 4399//1812 
f 4436//788 4509//790 4434//790 
f 4434//790 4509//790 4510//1400 
f 4455//1399 4459//859 4510//1400 
f 4509//790 4455//1399 4510//1400 
f 4100//1690 4405//788 4511//790 
f 4099//1689 4405//788 4100//1690 
f 3852//1574 4508//1812 3853//1575 
f 2938//1642 3853//1575 4508//1812 
f 4511//790 4422//790 4424//1400 
f 4405//788 4422//790 4511//790 
f 4100//1690 4511//790 4392//1804 
f 4392//1804 4511//790 4431//1400 
f 4116//1683 4431//1400 4428//1021 
f 4116//1683 4392//1804 4431//1400 
f 4511//790 4424//1400 4431//1400 
f 4431//1400 4424//1400 4429//1021 
f 4454//1399 4512//1021 4456//859 
f 4450//1020 4456//859 4512//1021 
f 4449//1061 4460//858 4450//1020 
f 4450//1020 4460//858 4456//859 
f 199//1287 4504//1288 3217//1288 
f 3217//1288 4504//1288 4499//788 
f 4492//1021 4494//1021 4506//1020 
f 3658//1400 4494//1021 4492//1021 
f 4501//1020 4502//1020 4401//1061 
f 4495//1021 4502//1020 4501//1020 
f 4513//1061 4427//1020 4485//1020 
f 4485//1020 4427//1020 4426//1021 
f 4415//1021 4427//1020 4441//1020 
f 4440//1061 4441//1020 4427//1020 
f 4514//790 3427//1400 4515//1400 
f 3427//1400 2516//1021 4515//1400 
f 4452//1812 4480//1195 4449//1061 
f 4449//1061 4480//1195 4460//858 
f 4461//930 4514//790 4457//789 
f 4514//790 4515//1400 4457//789 
f 3985//788 1924//790 4514//790 
f 4514//790 1924//790 3427//1400 
f 4498//788 4509//790 4436//788 
f 4507//1288 4498//788 4436//788 
f 270//85 4469//86 271//86 
f 271//86 4469//86 2922//1195 
f 4435//788 4422//790 4405//788 
f 3986//1634 4435//788 4405//788 
f 4472//930 4442//790 4447//789 
f 4442//790 4444//1400 4447//789 
f 4483//1400 4467//1399 4479//859 
f 4482//790 4467//1399 4483//1400 
f 2924//1642 4396//1811 4452//1812 
f 4452//1812 4396//1811 4480//1195 
f 4504//1288 4464//1289 4465//930 
f 199//1287 4464//1289 4504//1288 
f 630//1308 4493//1288 4489//1288 
f 4489//1288 4493//1288 4491//788 
f 4483//1400 4479//859 4486//1021 
f 4478//858 4486//1021 4479//859 
f 4485//1020 4426//1021 4486//1021 
f 4505//1400 4486//1021 4426//1021 
f 4021//1644 4516//1812 4513//1061 
f 2938//1642 4516//1812 4021//1644 
f 2924//1642 4474//1812 4517//1812 
f 4474//1812 4518//1061 4517//1812 
f 2924//1642 4517//1812 4519//1812 
f 4519//1812 4517//1812 4520//1061 
f 193//1287 4473//1289 4118//1289 
f 4473//1289 2365//930 4118//1289 
f 4516//1812 4438//1812 4440//1061 
f 2938//1642 4438//1812 4516//1812 
f 2924//1642 4519//1812 4397//1811 
f 4397//1811 4519//1812 4417//1061 
f 4093//1675 2598//1061 4451//1020 
f 4093//1675 2599//1062 2598//1061 
f 3852//1574 4500//1061 4508//1812 
f 3852//1574 4421//1020 4500//1061 
f 3592//1476 4402//1814 4443//788 
f 3591//1475 4402//1814 3592//1476 
f 4122//1689 4406//930 4123//1690 
f 4123//1690 4406//930 4408//790 
f 4029//1634 2069//788 4406//930 
f 2069//788 2071//790 4406//930 
f 4448//1061 4450//1020 2515//1020 
f 2515//1020 4450//1020 4512//1021 
f 3168//1289 3985//788 4461//930 
f 3985//788 4514//790 4461//930 
f 3985//788 1922//788 1924//790 
f 3167//1288 1922//788 3985//788 
f 4451//1020 4285//858 4481//859 
f 4451//1020 2598//1061 4285//858 
f 4513//1061 4440//1061 4427//1020 
f 4516//1812 4440//1061 4513//1061 
f 4453//789 4455//1399 4509//790 
f 4498//788 4453//789 4509//790 
f 4434//790 4510//1400 4423//1400 
f 4423//1400 4510//1400 4433//1021 
f 4349//1767 4521//1020 4357//1768 
f 4357//1768 4521//1020 3844//1574 
f 4418//1020 4522//1020 4425//1021 
f 4417//1061 4522//1020 4418//1020 
f 4429//1021 4522//1020 4430//1020 
f 4430//1020 4522//1020 4520//1061 
f 4428//1021 4430//1020 4521//1020 
f 4521//1020 4430//1020 4518//1061 
f 4502//1020 4506//1020 4503//1061 
f 4492//1021 4506//1020 4502//1020 
f 4495//1021 4492//1021 4502//1020 
f 4409//1400 4492//1021 4495//1021 
f 4457//789 4515//1400 4454//1399 
f 4515//1400 4512//1021 4454//1399 
f 4482//790 4468//789 4467//1399 
f 4499//788 4468//789 4482//790 
f 4491//788 4496//790 4416//790 
f 4416//790 4496//790 4414//1400 
f 4490//788 4416//790 2070//790 
f 2070//790 4416//790 4413//1400 
f 2810//790 4505//1400 4496//790 
f 2811//788 2810//790 4496//790 
f 3844//1574 4521//1020 4518//1061 
f 3844//1574 4518//1061 4474//1812 
f 4517//1812 4518//1061 4520//1061 
f 4430//1020 4520//1061 4518//1061 
f 4417//1061 4520//1061 4522//1020 
f 4519//1812 4520//1061 4417//1061 
f 4515//1400 2516//1021 4512//1021 
f 2515//1020 4512//1021 2516//1021 
f 3592//1476 4443//788 4472//930 
f 4443//788 4442//790 4472//930 
f 4484//1021 4501//1020 4421//1020 
f 4421//1020 4501//1020 4500//1061 
f 4494//1021 4441//1020 4506//1020 
f 4439//1061 4506//1020 4441//1020 
f 4021//1644 4513//1061 4476//1195 
f 4476//1195 4513//1061 4485//1020 
f 4432//858 4433//1021 4459//859 
f 4510//1400 4459//859 4433//1021 
f 4418//1020 4425//1021 4433//1021 
f 4423//1400 4433//1021 4425//1021 
f 4484//1021 4495//1021 4501//1020 
f 4487//1400 4495//1021 4484//1021 
f 4424//1400 4425//1021 4429//1021 
f 4429//1021 4425//1021 4522//1020 
f 4349//1767 4428//1021 4521//1020 
f 4116//1683 4428//1021 4349//1767 
f 202//7 85//7 26//4 
f 26//4 85//7 29//7 
# 9072 faces

