# 3ds Max Wavefront OBJ Exporter v0.99 - (c)2007 guruware
# File Created: 07.12.2025 00:14:40

#
# object Rectangle091
#

v  10.5686 20.9300 19.8098
v  9.2561 20.9300 21.1222
v  9.2561 22.9284 21.1222
v  13.2556 22.9284 22.4968
v  11.9432 22.9284 23.8093
v  11.9431 20.9300 23.8092
v  10.5686 18.9316 19.8098
v  9.2566 20.9318 23.8088
v  9.9630 20.9318 24.5153
v  9.9630 22.9291 24.5153
v  9.2566 22.9291 23.8088
v  11.9121 23.8300 21.1533
v  10.5996 23.8300 22.4657
v  11.3056 23.8300 23.1717
v  11.9432 18.9316 23.8093
v  10.8841 20.9300 24.8684
v  9.5405 18.0300 23.5248
v  10.5996 18.0300 22.4657
v  11.3056 18.0300 23.1717
v  13.0393 22.9429 18.6119
v  13.0393 20.9300 18.6119
v  11.7665 20.9300 17.3391
v  12.6180 23.8300 21.8593
v  14.1000 25.7960 19.6725
v  14.0170 25.8539 19.5895
v  12.1827 25.8539 21.4239
v  11.7665 22.9429 17.3391
v  9.9322 20.9300 19.1734
v  13.0393 18.9170 18.6119
v  11.7665 18.9170 17.3391
v  12.6180 18.0300 21.8593
v  15.7263 18.9170 21.2989
v  15.7263 20.9300 21.2989
v  13.8920 20.9300 23.1332
v  12.5245 25.4300 21.7656
v  12.5654 25.3127 21.8066
v  14.3997 25.3127 19.9722
v  11.9121 24.7281 21.1533
v  11.2050 24.7281 20.4462
v  11.2050 23.9300 20.4462
v  10.1336 23.9023 19.3749
v  10.1780 23.9936 19.4192
v  12.0123 23.9936 17.5849
v  12.3518 24.4451 17.9243
v  12.2872 24.3824 17.8597
v  10.4529 24.3824 19.6941
v  8.5641 23.5773 23.0952
v  8.5588 23.5329 23.1015
v  9.2614 23.5329 23.8040
v  9.6180 23.7420 21.4840
v  9.6542 23.7646 21.5203
v  10.9666 23.7646 20.2078
v  11.2050 17.9300 20.4462
v  13.0393 17.9300 18.6119
v  13.7464 17.9300 19.3190
v  9.9322 17.9300 19.1734
v  9.9322 18.9170 19.1734
v  11.9121 17.9300 21.1533
v  13.8920 18.9170 23.1332
v  10.5358 22.9260 25.0089
v  10.5024 22.9255 24.9984
v  10.5025 20.9300 24.9984
v  11.7962 23.5049 23.6623
v  11.8203 23.4612 23.6864
v  13.1327 23.4612 22.3740
v  11.8628 18.4922 23.7288
v  11.8425 18.4445 23.7086
v  13.1549 18.4445 22.3962
v  10.3565 20.9300 24.9063
v  10.3564 18.9372 24.9063
v  10.3948 18.9364 24.9374
v  13.3067 24.4451 22.5480
v  13.3713 24.3824 22.6125
v  15.2056 24.3824 20.7782
v  13.3263 22.9300 22.5675
v  13.3263 20.9300 22.5675
v  8.5919 18.1769 23.0650
v  9.2962 18.1768 23.7692
v  9.2847 18.2078 23.7807
v  9.5829 18.1437 21.4490
v  9.5492 18.1723 21.4153
v  10.8617 18.1723 20.1029
v  10.6097 23.4696 19.8510
v  10.4979 20.9300 19.7391
v  11.2588 25.3127 20.5000
v  11.2997 25.4300 20.5409
v  13.1340 25.4300 18.7066
v  11.9121 24.9333 21.1533
v  11.9121 23.9300 21.1533
v  12.6192 23.9300 21.8604
v  12.6192 24.7281 21.8604
v  13.0007 23.7718 22.2420
v  8.0565 20.9300 22.5295
v  8.0669 20.9300 22.5629
v  8.0670 22.9255 22.5629
v  8.2721 18.2809 22.6168
v  8.2613 18.2952 22.6444
v  8.2344 18.3289 22.6175
v  13.3160 25.7233 18.8885
v  13.3929 25.7960 18.9654
v  13.7464 24.9333 19.3190
v  11.4816 25.7233 20.7228
v  14.4535 18.9170 20.0261
v  14.4535 20.9300 20.0261
v  14.7786 24.6709 20.3511
v  14.6995 24.6966 20.2721
v  12.8652 24.6966 22.1064
v  9.3568 23.4155 21.2229
v  9.3790 23.4612 21.2451
v  10.6914 23.4612 19.9327
v  8.2587 23.5564 22.5595
v  8.2769 23.5665 22.5279
v  8.2500 23.5285 22.5011
v  10.0004 18.1769 24.4735
v  9.9886 18.2078 24.4846
v  11.6163 18.1437 23.4824
v  11.5813 18.1180 23.4474
v  12.8938 18.1180 22.1350
v  10.0462 23.7554 24.4294
v  10.0657 23.7740 24.4103
v  9.3604 23.7740 23.7050
v  10.5491 23.4281 24.8937
v  10.5264 23.4690 24.8711
v  10.4971 23.4571 24.8802
v  10.6692 18.4445 19.9104
v  10.6914 18.3987 19.9327
v  9.3790 18.3987 21.2451
v  9.2886 18.6457 21.1547
v  9.2771 18.7000 21.1432
v  10.5896 18.7000 19.8308
v  8.1631 18.4660 22.4639
v  8.1438 18.5116 22.4446
v  8.1602 18.5049 22.4112
v  8.2764 23.5127 22.7724
v  8.2516 23.4853 22.7476
v  8.2578 23.4582 22.7732
v  8.1279 20.9300 22.6706
v  8.1023 20.9300 22.6334
v  8.1024 18.9357 22.6334
v  13.2556 20.9300 22.4968
v  15.7263 17.9300 21.2989
v  13.8920 17.9300 23.1332
v  12.6192 17.9300 21.8604
v  9.2578 23.4838 23.8076
v  10.4516 23.3360 24.9247
v  10.4685 23.2961 24.9416
v  10.4985 23.3094 24.9453
v  14.4535 22.9430 20.0261
v  15.4805 23.9936 21.0531
v  15.5249 23.9023 21.0974
v  13.6462 23.9936 22.8874
v  10.5895 18.3718 24.8406
v  10.5571 18.3806 24.8580
v  10.5324 18.3410 24.8332
v  10.4175 18.2058 24.7183
v  10.3852 18.1785 24.6861
v  10.4149 18.1665 24.6659
v  10.9590 24.6966 20.2002
v  10.8799 24.6709 20.1211
v  11.0243 23.8970 20.2656
v  12.7933 24.6966 18.3659
v  11.9378 18.8126 23.8039
v  11.9312 18.7557 23.7973
v  13.2436 18.7557 22.4849
v  10.5682 20.9300 25.0150
v  10.5682 18.9335 25.0150
v  10.6000 18.9332 25.0170
v  11.9121 25.9300 21.1533
v  12.0044 25.9214 21.2456
v  13.8387 25.9214 19.4112
v  8.4334 23.7184 22.6845
v  8.3995 23.6935 22.6505
v  8.3793 23.6815 22.6802
v  9.3093 23.7104 23.7561
v  9.2962 23.6832 23.7692
v  10.0004 23.6831 24.4735
v  14.4294 25.1888 20.0020
v  8.2090 23.4952 22.5921
v  8.2186 23.5079 22.5633
v  8.1943 23.4690 22.5390
v  8.0669 22.9277 22.3678
v  8.0821 22.9279 22.3332
v  8.0821 20.9300 22.3332
v  13.0007 18.0882 22.2420
v  12.9633 18.0564 22.2045
v  12.9625 18.1723 22.2037
v  12.9948 18.2037 22.2361
v  11.6824 18.2037 23.5485
v  10.6344 18.3396 19.8756
v  10.6097 18.3904 19.8510
v  10.4994 18.8643 19.7406
v  13.7464 24.7281 19.3190
v  13.0393 24.7281 18.6119
v  13.0393 24.9333 18.6119
v  11.2050 24.9333 20.4462
v  10.6126 18.7191 24.9957
v  10.6445 18.7143 24.9892
v  10.6530 18.7665 24.9977
v  10.5264 18.3910 24.8711
v  10.4971 18.4029 24.8802
v  10.4733 18.3648 24.8564
v  9.2566 18.9354 23.8088
v  8.5501 18.9354 23.1024
v  8.5552 18.4316 23.1075
v  8.3594 18.2505 22.8325
v  8.3574 18.2785 22.8534
v  8.3294 18.2991 22.8254
v  10.8234 23.7718 20.0647
v  10.8609 23.8036 20.1021
v  10.5849 24.5023 19.8261
v  10.8617 23.6877 20.1029
v  10.8293 23.6563 20.0706
v  9.5169 23.6563 21.3830
v  10.3457 18.1196 24.5968
v  10.3809 18.1415 24.6319
v  10.3518 18.1539 24.6526
v  10.1725 18.0368 24.3046
v  10.1410 18.0450 24.3359
v  9.4352 18.0450 23.6301
v  8.1023 20.9300 22.2972
v  8.1141 18.7586 22.3090
v  8.1230 18.7038 22.3179
v  8.1025 18.7067 22.3536
v  10.3321 23.6511 24.7152
v  10.3577 23.6673 24.7024
v  10.3249 23.6914 24.6696
v  11.6824 23.6563 23.5485
v  11.7133 23.6221 23.5794
v  13.0257 23.6221 22.2669
v  13.1549 23.4155 22.3962
v  13.1897 23.5204 22.4310
v  13.2144 23.4696 22.4557
v  13.6905 23.9023 22.9318
v  10.5396 23.3751 24.9227
v  10.5581 23.3314 24.9413
v  10.5889 23.3405 24.9335
v  10.8053 20.9300 24.9375
v  10.8437 20.9300 24.9063
v  10.8437 22.9283 24.9063
v  13.7674 23.7078 23.0086
v  13.7310 23.8070 22.9722
v  13.2369 23.4166 22.4782
v  15.6017 23.7078 21.1743
v  10.3409 18.6372 24.8836
v  10.3741 18.6155 24.9052
v  10.3872 18.6511 24.9183
v  10.2904 18.2960 24.7635
v  10.2622 18.2720 24.7353
v  10.2847 18.2482 24.7315
v  8.3502 18.2089 22.7333
v  8.3630 18.1926 22.7077
v  8.3958 18.1686 22.7405
v  9.3823 18.0698 23.6831
v  8.6768 18.0698 22.9776
v  8.7015 18.0561 22.9526
v  9.9886 23.6521 24.4846
v  10.4207 23.5157 24.8377
v  10.4479 23.5311 24.8310
v  10.4210 23.5647 24.8041
v  9.4567 18.2745 21.3228
v  9.4290 18.3136 21.2951
v  10.7415 18.3136 19.9827
v  8.2014 18.4142 22.4525
v  8.2248 18.3718 22.4759
v  8.2074 18.3806 22.5082
v  8.1407 18.5240 22.6138
v  8.1238 18.5638 22.5969
v  8.1201 18.5506 22.5669
v  8.3472 18.4033 22.8899
v  8.3377 18.3645 22.8688
v  8.3628 18.3460 22.8939
v  11.9275 23.8070 17.5000
v  11.8911 23.7078 17.4637
v  10.0568 23.7078 19.2980
v  8.5197 23.7618 22.8206
v  8.4831 23.7463 22.7839
v  8.4648 23.7309 22.8094
v  9.7693 23.8131 21.6354
v  9.8096 23.8224 21.6757
v  11.1220 23.8224 20.3632
v  8.0937 23.0993 22.3448
v  8.0784 23.0966 22.3792
v  8.0870 23.1498 22.3879
v  9.2886 23.2143 21.1547
v  9.3024 23.2671 21.1685
v  10.6148 23.2671 19.8560
v  12.7844 24.7153 22.0257
v  12.7023 24.7266 21.9435
v  12.6656 23.9279 21.9069
v  14.6188 24.7153 20.1913
v  10.5893 18.7742 25.0063
v  10.5577 18.7788 25.0046
v  10.5499 18.7306 24.9967
v  10.4837 18.6052 24.9568
v  10.4525 18.6187 24.9485
v  10.4379 18.5790 24.9339
v  13.7464 22.9429 19.3190
v  12.9562 24.7266 18.5287
v  12.8741 24.7153 18.4466
v  11.0397 24.7153 20.2810
v  10.1974 23.7281 24.5805
v  10.2200 23.7461 24.5646
v  10.1831 23.7581 24.5277
v  11.4694 23.8003 23.3355
v  11.5078 23.7841 23.3739
v  12.8202 23.7841 22.0614
v  11.8628 23.3678 23.7288
v  11.8809 23.3183 23.7470
v  13.1933 23.3183 22.4346
v  10.7227 23.2615 24.9176
v  10.7362 23.2095 24.9311
v  10.7731 23.2121 24.9053
v  8.0697 23.1409 22.4528
v  8.0762 23.1457 22.4209
v  8.0677 23.0935 22.4124
v  8.1175 23.1871 22.6329
v  8.1041 23.2003 22.6001
v  8.0931 23.1580 22.5891
v  11.4121 25.6371 20.6533
v  10.3556 23.3685 24.8710
v  10.3741 23.3352 24.8895
v  10.4039 23.3560 24.8998
v  10.3679 23.4784 24.8410
v  10.3942 23.4982 24.8410
v  10.3687 23.5301 24.8156
v  8.4471 18.2318 22.9431
v  8.4529 18.2018 22.9260
v  8.4858 18.1911 22.9589
v  8.4849 18.1319 22.8680
v  8.5008 18.1139 22.8454
v  8.5377 18.1019 22.8823
v  10.8954 18.1437 20.1366
v  10.9304 18.1180 20.1716
v  9.6180 18.1180 21.4841
v  10.8998 18.0278 20.1410
v  10.8609 18.0564 20.1021
v  8.3865 23.5996 22.8825
v  8.3574 23.5815 22.8534
v  8.3585 23.5497 22.8739
v  8.4612 23.6845 22.9080
v  8.4279 23.6705 22.8747
v  8.4209 23.6446 22.8940
v  11.7426 18.2745 23.6087
v  11.7133 18.2378 23.5794
v  13.0257 18.2378 22.2669
v  10.4790 18.2248 24.7301
v  10.5090 18.2579 24.7600
v  10.4779 18.2685 24.7787
v  10.7475 23.1561 24.9424
v  10.7564 23.1014 24.9513
v  10.7935 23.1030 24.9256
v  10.5634 23.0319 25.0103
v  10.5577 23.0812 25.0046
v  10.5257 23.0759 24.9988
v  13.1752 18.4922 22.4164
v  13.1933 18.5417 22.4346
v  11.8809 18.5417 23.7470
v  13.2571 18.4984 22.4983
v  13.2369 18.4434 22.4782
v  10.5670 23.3616 19.8083
v  10.5872 23.4166 19.8285
v  10.0931 23.8070 19.3344
v  10.6490 23.3678 19.8902
v  10.6308 23.3183 19.8721
v  9.3184 23.3183 21.1845
v  10.1714 18.2154 24.6445
v  10.1393 18.2018 24.6124
v  10.1574 18.1755 24.6042
v  10.2722 18.0849 24.5232
v  10.3094 18.1007 24.5605
v  10.2815 18.1137 24.5823
v  10.6891 18.4995 24.8840
v  10.7255 18.4955 24.8577
v  10.7436 18.5446 24.8757
v  10.7475 18.7038 24.9424
v  10.7845 18.7017 24.9166
v  10.7935 18.7570 24.9256
v  9.8096 18.0376 21.6757
v  9.7693 18.0469 21.6354
v  11.0817 18.0469 20.3230
v  8.5958 18.0771 22.8967
v  8.6195 18.0635 22.8705
v  8.6594 18.0580 22.9104
v  10.3436 23.3117 24.8747
v  10.3262 23.3431 24.8573
v  10.2963 23.3147 24.8389
v  10.3948 20.9300 24.9375
v  10.3948 22.9236 24.9374
v  10.1613 23.7398 24.5444
v  10.1223 23.6282 24.6183
v  10.1393 23.6581 24.6124
v  10.1065 23.6688 24.5796
v  8.0551 18.8281 22.5020
v  8.0608 18.7788 22.5076
v  8.0666 18.7840 22.5397
v  8.1136 18.6540 22.3647
v  8.0980 18.6583 22.3988
v  8.2469 23.4953 22.4418
v  8.2724 23.5361 22.4673
v  8.2995 23.5417 22.4317
v  9.4860 23.6221 21.3521
v  9.9639 18.3271 24.5066
v  9.9598 18.3762 24.5096
v  9.2578 18.3762 23.8076
v  10.2442 18.4077 24.7752
v  10.2664 18.4323 24.7975
v  10.2405 18.4664 24.7832
v  9.4666 23.8232 23.5988
v  9.4352 23.8150 23.6301
v  10.1410 23.8150 24.3359
v  8.6772 23.8157 22.8093
v  8.6372 23.8064 22.7693
v  8.6069 23.7984 22.8018
v  9.3568 18.4445 21.2229
v  9.3365 18.4922 21.2026
v  10.6490 18.4922 19.8902
v  8.1270 18.6027 22.3781
v  8.1425 18.5530 22.3936
v  8.1264 18.5589 22.4273
v  8.1759 23.3352 22.6913
v  8.1655 23.3560 22.6615
v  8.1477 23.3193 22.6437
v  8.1508 23.3852 22.4955
v  8.1427 23.3751 22.5258
v  8.1631 23.4171 22.5462
v  12.9243 23.8321 22.1656
v  12.9633 23.8036 22.2045
v  13.2393 24.5023 22.4805
v  12.9288 23.7163 22.1700
v  12.8938 23.7420 22.1350
v  11.5813 23.7420 23.4474
v  10.3079 18.2273 24.7248
v  10.3380 18.2529 24.7550
v  10.3139 18.2730 24.7607
v  10.3910 18.4144 24.8641
v  10.4182 18.3957 24.8650
v  10.4407 18.4317 24.8875
v  8.1202 18.5389 22.5372
v  8.1383 18.4963 22.5553
v  8.1377 18.5092 22.5845
v  8.2244 18.3816 22.6975
v  8.2244 18.3617 22.6712
v  8.2498 18.3299 22.6966
v  13.6541 25.9214 19.2267
v  13.7464 25.9300 19.3189
v  11.8198 25.9214 21.0610
v  12.2656 25.7960 21.5068
v  12.3426 25.7233 21.5837
v  14.1769 25.7233 19.7494
v  8.2058 23.4244 22.7018
v  8.2142 23.4002 22.7296
v  8.2354 23.4302 22.7508
v  9.9579 23.4284 24.5102
v  9.2566 23.4284 23.8088
v  11.4694 18.0597 23.3355
v  11.4300 18.0469 23.2961
v  12.7424 18.0469 21.9837
v  10.2239 18.0525 24.4189
v  10.1835 18.0469 24.3784
v  10.2153 18.0387 24.3474
v  8.1907 18.5483 22.7218
v  8.2081 18.5168 22.7392
v  8.2264 18.5452 22.7691
v  8.0821 18.9351 22.5975
v  8.3471 23.6542 22.6479
v  8.2766 23.5597 22.7234
v  8.2498 23.5301 22.6966
v  8.2490 23.5091 22.7221
v  10.6550 24.5538 19.8962
v  12.4894 24.5538 18.0619
v  15.0736 24.5023 20.6462
v  15.0035 24.5538 20.5760
v  13.1691 24.5538 22.4104
v  10.2329 23.6094 24.7060
v  10.2119 23.5815 24.7079
v  10.2400 23.5609 24.7360
v  10.1755 23.4567 24.7182
v  10.1966 23.4955 24.7277
v  10.1715 23.5139 24.7026
v  10.4462 23.7358 24.5784
v  10.4123 23.7284 24.6073
v  10.4468 23.7032 24.6417
v  10.3767 23.7507 24.5716
v  10.4103 23.7583 24.5424
v  10.3732 23.7776 24.5054
v  8.5600 18.0823 22.6922
v  8.5305 18.0901 22.7254
v  8.4937 18.1093 22.6887
v  8.5682 18.0742 22.7631
v  8.5981 18.0663 22.7303
v  8.6372 18.0535 22.7693
v  8.0687 23.1294 22.5155
v  8.0672 23.1355 22.4842
v  8.0591 23.0858 22.4761
v  8.0565 22.9260 22.5296
v  8.0504 22.9264 22.4972
v  8.0504 20.9300 22.4972
v  10.6209 23.0899 25.0040
v  10.6269 23.0377 25.0100
v  10.6592 23.0401 25.0038
v  10.6643 18.9325 25.0089
v  10.6643 20.9300 25.0089
v  10.6319 20.9300 25.0150
v  10.0246 23.6050 19.2659
v  9.9970 23.4989 19.2382
v  10.5339 23.2459 19.7752
v  11.8590 23.6050 17.4315
v  11.9121 18.0300 21.1533
v  12.8841 18.0027 22.1253
v  12.8425 17.9810 22.0838
v  10.7731 18.6479 24.9053
v  10.7362 18.6505 24.9311
v  10.7227 18.5985 24.9176
v  10.5581 18.5286 24.9413
v  10.5889 18.5195 24.9335
v  10.6059 18.5659 24.9505
v  15.6615 23.4989 21.2340
v  15.6338 23.6050 21.2064
v  13.7995 23.6050 23.0407
v  10.7628 18.8146 24.9578
v  10.8000 18.8135 24.9321
v  10.8040 18.8712 24.9361
v  10.8053 18.9317 24.9375
v  10.8437 18.9316 24.9063
v  9.3604 18.0860 23.7050
v  10.1244 18.1116 24.5075
v  10.1613 18.1202 24.5444
v  10.1415 18.1409 24.5585
v  8.2013 23.4074 22.3962
v  8.2278 23.4118 22.3599
v  8.2077 23.3645 22.3399
v  8.1635 23.3118 22.3585
v  8.1897 23.3154 22.3218
v  8.1738 23.2645 22.3059
v  14.4535 24.9333 20.0260
v  12.6192 24.9333 21.8604
v  13.1854 25.5387 18.7580
v  8.3053 18.2579 22.5564
v  8.2867 18.2685 22.5875
v  8.2587 18.3035 22.5595
v  8.4237 18.1568 22.6186
v  8.4523 18.1496 22.5844
v  8.4870 18.1241 22.6192
v  10.3852 23.6815 24.6861
v  10.4149 23.6935 24.6659
v  10.3809 23.7184 24.6319
v  10.5895 23.4882 24.8406
v  10.5643 23.5285 24.8154
v  10.5324 23.5190 24.8332
v  11.9221 23.1600 23.7882
v  11.9312 23.1043 23.7973
v  13.2436 23.1043 22.4849
v  10.7845 23.1582 24.9166
v  10.1725 23.8232 24.3046
v  10.2960 23.8064 24.4282
v  10.2635 23.7984 24.4585
v  10.3022 23.7858 24.4972
v  8.0565 20.9300 22.4011
v  8.0504 20.9300 22.4335
v  8.0504 22.9272 22.4335
v  8.0614 18.7701 22.4445
v  8.0554 18.8223 22.4385
v  8.0616 18.8199 22.4062
v  11.1129 17.9384 20.3541
v  11.0681 17.9488 20.3093
v  8.1241 23.3314 22.5073
v  8.1319 23.3405 22.4765
v  8.1148 23.2941 22.4595
v  8.1814 23.3605 22.3763
v  10.7436 23.3154 24.8757
v  10.7255 23.3645 24.8577
v  10.6891 23.3605 24.8840
v  10.5571 23.4794 24.8580
v  10.5802 23.4377 24.8810
v  10.6129 23.4458 24.8640
v  8.5008 23.7461 22.8454
v  9.3412 23.7554 23.7242
v  9.3242 23.7343 23.7411
v  10.0291 23.7343 24.4460
v  8.5682 23.7858 22.7631
v  8.5230 23.7583 22.6551
v  8.4870 23.7358 22.6192
v  8.4581 23.7284 22.6531
v  10.2922 18.4017 24.8076
v  10.2686 18.3757 24.7840
v  10.2930 18.3473 24.7890
v  10.3942 18.3617 24.8410
v  8.1943 18.4914 22.7098
v  8.1759 18.5248 22.6913
v  8.1655 18.5040 22.6615
v  8.2004 18.3957 22.6472
v  14.4535 24.7281 20.0261
v  8.1488 23.1582 22.2809
v  8.1230 23.1561 22.3179
v  8.1342 23.2095 22.3292
v  10.5699 22.9892 19.8112
v  9.2575 22.9892 21.1236
v  9.2615 23.0473 21.1276
v  10.4203 18.6339 24.9357
v  10.4320 20.9300 24.9631
v  10.4320 18.9357 24.9630
v  10.4679 18.9351 24.9833
v  8.1421 23.0841 22.6848
v  8.1176 23.0954 22.6487
v  8.1111 23.0555 22.6422
v  8.2439 23.3426 22.7866
v  8.2268 23.3730 22.7579
v  8.2081 23.3431 22.7392
v  8.4193 23.6549 22.4820
v  8.3885 23.6208 22.4512
v  8.3561 23.6169 22.4882
v  8.4237 23.7032 22.6186
v  9.2672 18.2827 23.7982
v  8.5641 18.2827 23.0952
v  8.5715 18.2430 23.0869
v  8.4786 18.2215 22.9746
v  13.8684 23.2779 23.1096
v  13.8502 23.3897 23.0914
v  13.3029 23.1855 22.5442
v  15.7027 23.2779 21.2753
v  11.7901 23.2779 17.3627
v  11.8083 23.3897 17.3809
v  9.9558 23.2779 19.1970
v  13.0965 24.5992 22.3377
v  13.0214 24.6383 22.2627
v  12.8425 23.8790 22.0838
v  14.9308 24.5992 20.5034
v  12.6371 24.6383 18.2096
v  12.5620 24.5992 18.1346
v  10.7277 24.5992 19.9689
v  10.6595 23.5005 24.7916
v  10.6337 23.5417 24.7659
v  10.5981 23.5361 24.7930
v  10.6142 23.6208 24.6769
v  10.5834 23.6549 24.6460
v  10.5465 23.6508 24.6787
v  10.6209 23.2460 24.9655
v  10.6059 23.2941 24.9505
v  10.5748 23.2860 24.9579
v  10.5893 23.0858 25.0063
v  10.3315 18.0486 24.3941
v  10.3708 18.0614 24.4334
v  10.3351 18.0663 24.4673
v  10.4810 18.1496 24.6131
v  10.4462 18.1241 24.5784
v  10.4825 18.1196 24.5452
v  13.5981 24.0807 22.8393
v  13.5464 24.1633 22.7876
v  13.1342 23.6149 22.3754
v  15.4324 24.0807 21.0049
v  15.2672 24.3143 20.8397
v  15.3256 24.2412 20.8981
v  13.4328 24.3143 22.6741
v  10.3913 24.3143 19.6325
v  10.3329 24.2412 19.5741
v  10.7207 23.6583 19.9619
v  12.2257 24.3143 17.7982
v  12.0604 24.0807 17.6330
v  12.1121 24.1633 17.6847
v  10.2261 24.0807 19.4673
v  10.7055 18.4482 24.8376
v  10.6692 18.4526 24.8641
v  10.6473 18.4076 24.8423
v  10.6142 18.2392 24.6769
v  10.6435 18.2758 24.7061
v  10.6063 18.2795 24.7384
v  11.0039 23.7841 20.2452
v  10.9401 23.8573 20.1813
v  10.9816 23.8790 20.2228
v  10.8027 24.6383 20.0440
v  12.8575 18.0954 22.0988
v  12.8202 18.0759 22.0614
v  11.5451 18.0954 23.4112
v  13.2231 23.2143 22.4644
v  13.2093 23.2671 22.4506
v  11.8969 23.2671 23.7630
v  13.2902 23.2459 22.5315
v  10.6010 18.6457 19.8423
v  10.6148 18.5929 19.8560
v  9.3024 18.5929 21.1685
v  10.5493 18.5554 19.7905
v  10.5339 18.6141 19.7752
v  11.5585 25.7960 20.7997
v  11.6415 25.8539 20.8827
v  13.4758 25.8539 19.0484
v  14.3588 25.4300 19.9313
v  14.3074 25.5387 19.8799
v  12.4731 25.5387 21.7143
v  11.3897 23.8224 23.2558
v  11.4300 23.8131 23.2961
v  12.7424 23.8131 21.9837
v  10.2239 23.8075 24.4189
v  10.2561 23.8157 24.3882
v  10.2153 23.8213 24.3474
v  8.4188 18.1780 22.5509
v  8.3906 18.1849 22.5855
v  8.3588 18.2158 22.5537
v  8.3317 18.3148 22.3943
v  8.3593 18.2758 22.4219
v  8.3270 18.2795 22.4591
v  8.5002 23.5716 23.0313
v  8.4713 23.5649 23.0024
v  8.4715 23.5213 23.0142
v  8.3008 23.3558 22.8507
v  8.3199 23.3768 22.8697
v  8.3029 23.4165 22.8456
v  8.0591 18.7742 22.4761
v  8.1427 18.4849 22.5258
v  8.1241 18.5286 22.5073
v  8.1319 18.5195 22.4765
v  10.3125 23.2854 24.8551
v  10.3161 22.9219 24.8683
v  8.3594 23.6094 22.8325
v  8.3897 23.6284 22.8628
v  8.3956 23.6536 22.8424
v  8.3406 23.6326 22.7575
v  8.3104 23.6071 22.7274
v  8.3047 23.5869 22.7515
v  10.3630 18.2351 24.7461
v  10.3321 18.2089 24.7152
v  10.3577 18.1926 24.7024
v  10.2200 18.1139 24.5646
v  10.2560 18.1291 24.6006
v  10.2326 18.1467 24.6157
v  9.2566 18.4316 23.8088
v  9.9579 18.4316 24.5102
v  10.2198 18.4435 24.7625
v  10.6209 18.7701 25.0040
v  10.6319 18.9328 25.0150
v  10.5175 18.1452 24.5801
v  10.5772 18.2431 24.7093
v  8.2995 18.3183 22.4317
v  8.2738 18.3594 22.4059
v  8.3058 18.3562 22.3684
v  8.2393 18.4930 22.3020
v  8.2595 18.4454 22.3222
v  8.2278 18.4481 22.3599
v  10.1915 23.5497 24.7069
v  9.9702 23.5773 24.5013
v  9.9785 23.6170 24.4939
v  9.2750 23.6170 23.7904
v  10.4685 18.5638 24.9416
v  10.4985 18.5506 24.9453
v  10.5142 18.5935 24.9610
v  10.6338 18.6634 24.9784
v  10.6021 18.6693 24.9852
v  10.5894 18.6209 24.9726
v  10.2622 23.5880 24.7353
v  10.2847 23.6117 24.7315
v  10.2543 23.6340 24.7012
v  10.2560 23.7309 24.6006
v  10.2326 23.7132 24.6157
v  10.2668 23.6954 24.6499
v  8.4648 18.1291 22.8094
v  8.4497 18.1468 22.8328
v  8.4155 18.1646 22.7986
v  8.3301 18.2720 22.8032
v  8.3339 18.2482 22.7807
v  8.3642 18.2260 22.8110
v  8.2102 18.5746 22.7529
v  8.1970 18.9354 22.7493
v  8.5501 20.9318 23.1024
v  8.1800 18.7005 22.2427
v  8.1915 18.6463 22.2541
v  8.1601 18.6479 22.2923
v  8.2077 18.4955 22.3399
v  8.1897 18.5446 22.3218
v  8.2212 18.5424 22.2838
v  8.4737 18.2561 22.9891
v  8.4713 18.2951 23.0024
v  8.4431 18.3042 22.9742
v  8.3706 18.3861 22.9133
v  8.3821 18.4304 22.9319
v  8.3606 18.4462 22.9104
v  8.1377 23.3507 22.5845
v  8.1407 23.3360 22.6138
v  8.1593 23.3743 22.6324
v  8.0952 23.2119 22.5683
v  8.0905 23.2221 22.5373
v  8.0786 23.1764 22.5254
v  9.4072 23.8039 23.6582
v  9.3823 23.7902 23.6831
v  10.0878 23.7902 24.3886
v  8.5804 23.7875 22.8314
v  8.5421 23.7751 22.7932
v  10.4927 23.0700 24.9887
v  10.4980 23.0243 24.9940
v  10.5312 23.0283 25.0043
v  10.4279 23.0147 24.9590
v  10.4232 23.0555 24.9543
v  10.3866 23.0470 24.9293
v  8.5210 18.1202 22.9041
v  9.3412 18.1046 23.7242
v  8.6360 18.1046 23.0191
v  8.6551 18.0860 22.9997
v  13.0931 25.3127 18.6657
v  13.0634 25.1888 18.6359
v  11.2291 25.1888 20.4703
v  10.0341 18.2884 24.5652
v  10.0630 18.2951 24.5941
v  10.0512 18.3386 24.5939
v  10.0585 18.2141 24.5545
v  10.0908 18.2215 24.5868
v  10.0763 18.2561 24.5917
v  8.1111 18.8045 22.6422
v  8.1064 18.8453 22.6375
v  8.0864 18.8402 22.6018
v  8.0837 18.6922 22.5568
v  8.0741 18.7375 22.5473
v  8.0687 18.7306 22.5155
v  8.1569 23.3904 22.6037
v  8.2244 23.4982 22.6712
v  8.0914 23.0632 22.6068
v  8.0821 22.9249 22.5975
v  8.1488 18.7017 22.2809
v  8.1398 18.7570 22.2719
v  8.1710 18.7560 22.2337
v  9.2681 18.7557 21.1342
v  9.2615 18.8126 21.1276
v  10.5739 18.8126 19.8152
v  8.0565 22.9275 22.4011
v  8.0614 23.0899 22.4445
v  10.0291 18.1257 24.4460
v  10.0139 18.1497 24.4607
v  9.3093 18.1496 23.7561
v  10.1233 18.1644 24.5701
v  10.0884 18.1564 24.5352
v  10.1055 18.1326 24.5225
v  10.4855 18.7454 24.9815
v  10.5181 18.7375 24.9912
v  10.5257 18.7840 24.9988
v  10.4167 18.7646 24.9478
v  10.4517 18.7544 24.9671
v  10.4586 18.7968 24.9740
v  10.4182 23.4643 24.8650
v  10.5282 23.3211 24.9451
v  10.5101 23.3637 24.9271
v  10.4809 23.3507 24.9277
v  10.4486 23.5790 24.7933
v  10.5090 23.6021 24.7600
v  10.4779 23.5915 24.7787
v  10.5059 23.5564 24.8067
v  8.6465 18.0525 22.8414
v  8.6772 18.0443 22.8093
v  8.7180 18.0387 22.8501
v  9.4666 18.0368 23.5988
v  9.5014 18.0317 23.5640
v  10.2073 18.0317 24.2700
v  8.1279 22.9283 22.2601
v  8.1591 22.9283 22.2217
v  8.1591 20.9300 22.2217
v  8.1604 22.9891 22.2231
v  8.1293 22.9888 22.2614
v  8.1333 23.0465 22.2654
v  10.6473 23.4524 24.8423
v  10.6692 23.4074 24.8641
v  10.7055 23.4118 24.8376
v  10.7210 23.4602 24.7837
v  10.6970 23.5038 24.7596
v  9.9346 23.0475 19.1758
v  9.9426 23.1637 19.1838
v  11.7769 23.1637 17.3495
v  10.4994 22.9957 19.7406
v  8.5981 23.7937 22.7303
v  8.5600 23.7776 22.6922
v  8.5305 23.7699 22.7254
v  9.6915 23.7841 21.5576
v  9.7299 23.8003 21.5960
v  11.0423 23.8003 20.2836
v  10.4455 18.3793 24.8624
v  10.3893 18.2195 24.7340
v  8.1508 18.4748 22.4955
v  8.2277 18.3443 22.6447
v  10.7681 22.9281 24.9631
v  10.7322 22.9279 24.9833
v  10.7322 20.9300 24.9833
v  10.6862 23.0966 24.9870
v  10.6925 23.0422 24.9933
v  10.7270 23.0440 24.9781
v  10.2340 18.0725 24.4850
v  10.1949 18.0635 24.4459
v  10.1831 18.1019 24.5277
v  10.1453 18.0932 24.4900
v  10.1687 18.0771 24.4696
v  10.6534 18.6078 24.9543
v  10.6873 18.6027 24.9384
v  10.7007 18.6540 24.9518
v  10.7206 18.7607 24.9717
v  10.6862 18.7634 24.9870
v  10.6775 18.7102 24.9784
v  8.4474 18.1323 22.7482
v  8.4686 18.1196 22.7197
v  8.5049 18.1007 22.7559
v  8.5804 18.0725 22.8314
v  8.5574 18.0860 22.8582
v  8.5197 18.0982 22.8206
v  8.4858 23.6688 22.9589
v  8.5195 23.6766 22.9926
v  8.5301 23.7036 22.9770
v  8.4145 23.5818 22.9299
v  8.4437 23.5941 22.9591
v  8.4471 23.6282 22.9431
v  8.1425 23.3070 22.3936
v  8.1264 23.3011 22.4273
v  8.1438 23.3484 22.4446
v  8.0980 23.2017 22.3988
v  8.1136 23.2060 22.3647
v  8.1025 23.1533 22.3536
v  8.3162 18.2359 22.6170
v  8.3353 18.2248 22.5864
v  8.3667 18.1943 22.6178
v  8.4334 18.1415 22.6845
v  8.4128 18.1539 22.7136
v  8.3793 18.1785 22.6802
v  10.6718 18.5530 24.9229
v  10.6381 18.5589 24.9390
v  10.6208 18.5116 24.9216
v  10.5802 18.4223 24.8810
v  10.6129 18.4142 24.8640
v  10.6345 18.4586 24.8856
v  10.4810 23.7104 24.6131
v  11.6163 23.7163 23.4824
v  11.6501 23.6877 23.5162
v  12.9625 23.6877 22.2037
v  9.7299 18.0597 21.5960
v  9.6915 18.0759 21.5576
v  11.0039 18.0759 20.2452
v  8.5230 18.1017 22.6551
v  11.9221 18.7000 23.7882
v  11.9107 18.6457 23.7768
v  13.2231 18.6457 22.4644
v  10.7594 18.5954 24.8916
v  8.4953 23.6956 22.9421
v  8.5069 23.7191 22.9239
v  8.5429 23.7274 22.9599
v  8.5579 23.7483 22.9410
v  12.7561 23.9112 21.9973
v  12.7998 23.8970 22.0411
v  12.9443 24.6709 22.1855
v  12.7818 23.8003 22.0230
v  8.1498 23.1203 22.6925
v  8.1970 20.9273 22.7493
v  8.1631 23.3940 22.4639
v  8.1798 23.4014 22.4309
v  8.1602 23.3551 22.4112
v  8.2248 23.4882 22.4759
v  8.2074 23.4794 22.5082
v  8.2322 23.5190 22.5330
v  10.5086 23.1678 24.9817
v  10.5181 23.1225 24.9912
v  10.5499 23.1294 24.9967
v  10.4379 23.2810 24.9339
v  10.4217 23.3193 24.9177
v  10.3910 23.3002 24.9065
v  8.4849 23.7281 22.8680
v  8.4497 23.7132 22.8328
v  8.4375 23.6932 22.8545
v  8.3193 23.6249 22.7024
v  8.3502 23.6511 22.7333
v  8.3630 23.6673 22.7077
v  13.0709 23.6990 22.3122
v  13.1034 23.6583 22.3447
v  13.4912 24.2412 22.7325
v  13.0550 23.5855 22.2962
v  10.8234 18.0882 20.0647
v  10.7984 18.2378 20.0397
v  10.7691 18.2745 20.0104
v  10.7207 18.2017 19.9619
v  9.4860 18.2378 21.3521
v  10.7415 23.5463 19.9827
v  10.7155 23.5049 19.9568
v  9.4031 23.5049 21.2692
v  10.6612 23.5688 19.9024
v  10.6900 23.6149 19.9312
v  10.2778 24.1633 19.5190
v  13.0827 18.3136 22.3239
v  13.1086 18.3551 22.3499
v  11.7962 18.3551 23.6623
v  13.1630 18.2911 22.4042
v  13.1342 18.2451 22.3754
v  15.7239 23.0475 21.2965
v  15.7159 23.1637 21.2885
v  13.8816 23.1637 23.1228
v  11.8203 18.3987 23.6864
v  10.6834 18.4028 24.8155
v  9.4290 23.5463 21.2951
v  8.2738 23.5005 22.4059
v  8.2498 23.4572 22.3820
v  10.7007 23.2060 24.9518
v  10.6873 23.2573 24.9384
v  10.6534 23.2521 24.9543
v  10.6530 23.0935 24.9977
v  10.4103 18.1017 24.5424
v  10.3732 18.0823 24.5054
v  10.4091 18.0775 24.4718
v  10.3022 18.0742 24.4972
v  11.7291 25.8959 20.9703
v  13.9294 25.8959 19.5020
v  13.5634 25.8959 19.1359
v  12.4121 25.6371 21.6533
v  12.0951 25.8959 21.3363
v  14.2464 25.6371 19.8190
v  11.1220 18.0376 20.3632
v  11.1631 18.0319 20.4043
v  10.5739 23.0473 19.8152
v  10.5038 23.0603 19.7451
v  10.5111 23.1236 19.7524
v  13.2502 18.8126 22.4915
v  13.2542 18.8708 22.4955
v  13.3203 18.7997 22.5616
v  13.3130 18.7364 22.5543
v  10.2400 18.2991 24.7360
v  10.2671 18.3220 24.7631
v  10.2439 18.3516 24.7593
v  10.1223 18.2318 24.6183
v  10.1530 18.2448 24.6490
v  10.1355 18.2782 24.6509
v  8.0839 18.7454 22.5799
v  8.0931 18.7020 22.5891
v  8.1070 18.7131 22.6224
v  8.1315 18.5790 22.6275
v  8.1477 18.5407 22.6437
v  8.1589 18.5597 22.6743
v  11.2110 25.0605 20.4522
v  8.1644 18.8129 22.2271
v  8.1279 20.9300 22.2601
v  8.2539 23.5485 22.6709
v  8.2613 23.5647 22.6444
v  8.2344 23.5311 22.6175
v  8.3314 23.6405 22.6760
v  9.2681 23.1043 21.1342
v  9.2771 23.1600 21.1432
v  10.5896 23.1600 19.8308
v  8.1601 23.2121 22.2923
v  9.5169 18.2037 21.3830
v  8.3867 18.2092 22.5189
v  10.3414 18.4042 24.8374
v  10.3636 18.4356 24.8596
v  10.3358 18.4597 24.8512
v  10.4065 18.5961 24.9219
v  8.2058 18.4356 22.7018
v  8.2280 18.4042 22.7240
v  8.2354 18.4298 22.7508
v  8.3318 18.3298 22.8472
v  10.3636 23.4244 24.8596
v  10.3414 23.4558 24.8374
v  10.3146 23.4302 24.8300
v  10.2182 23.5302 24.7336
v  10.3518 23.7060 24.6526
v  10.2448 23.7618 24.5456
v  10.2722 23.7751 24.5232
v  10.2340 23.7875 24.4850
v  10.6976 20.9300 24.9984
v  10.6925 18.8178 24.9933
v  10.7270 18.8160 24.9781
v  10.7309 18.8725 24.9820
v  10.6381 23.3011 24.9390
v  10.6345 23.4014 24.8856
v  10.5144 23.6820 24.6466
v  10.4799 23.6751 24.6748
v  10.4484 23.6241 24.7492
v  10.4790 23.6352 24.7301
v  10.4476 23.6657 24.6987
v  8.1076 23.0454 22.3025
v  8.0873 23.0440 22.3384
v  8.2867 23.5915 22.5875
v  8.3053 23.6021 22.5564
v  8.3867 23.6508 22.5189
v  8.3284 23.6106 22.5233
v  8.0677 18.7665 22.4124
v  8.0721 18.8178 22.3729
v  8.0873 18.8160 22.3384
v  8.0834 18.8725 22.3345
v  8.1037 18.8717 22.2986
v  10.2072 23.7740 24.5080
v  10.1128 23.8039 24.3639
v  14.5367 24.7266 20.1092
v  11.1218 24.7266 20.3631
v  11.1129 23.9216 20.3541
v  10.0908 23.6384 24.5868
v  10.0912 23.5557 24.6223
v  10.1062 23.5941 24.6217
v  10.0763 23.6039 24.5917
v  8.1361 18.8130 22.6788
v  8.1279 18.9364 22.6706
v  8.1591 18.9372 22.7089
v  8.1591 20.9300 22.7089
v  8.1111 18.6078 22.4120
v  8.0998 18.6139 22.4445
v  8.1148 18.5659 22.4595
v  8.1075 18.5740 22.4906
v  10.3986 23.1722 24.9297
v  10.3872 23.2089 24.9183
v  10.3531 23.1897 24.8957
v  10.4203 23.2261 24.9357
v  10.4325 23.1871 24.9479
v  10.4653 23.2003 24.9613
v  8.0774 23.1840 22.4944
v  8.1075 23.2860 22.4906
v  10.2766 23.6556 24.6936
v  10.3893 23.6405 24.7340
v  10.3630 23.6249 24.7461
v  10.3927 23.5960 24.7758
v  8.3314 18.2195 22.6760
v  8.3193 18.2351 22.7024
v  8.2896 18.2640 22.6727
v  8.3718 18.2044 22.7888
v  10.5444 18.5831 24.9614
v  10.5699 18.4748 24.9145
v  10.5396 18.4849 24.9227
v  10.5192 18.4429 24.9023
v  10.3000 18.1853 24.6831
v  10.2668 18.1646 24.6499
v  10.2910 18.1473 24.6356
v  10.1906 18.1895 24.6375
v  8.0928 18.6209 22.4759
v  8.0786 18.6836 22.5254
v  10.5894 23.2391 24.9726
v  10.5400 23.1764 24.9868
v  8.1798 18.4586 22.4309
v  8.2498 18.4028 22.3820
v  10.5465 18.2092 24.6787
v  10.5144 18.1780 24.6466
v  10.5511 18.1737 24.6138
v  10.4476 18.1943 24.6987
v  8.5069 18.1409 22.9239
v  8.4953 18.1644 22.9421
v  8.4612 18.1755 22.9080
v  8.6194 18.1257 23.0363
v  9.3242 18.1257 23.7411
v  10.4479 18.3289 24.8310
v  10.4761 18.3154 24.8208
v  10.5059 18.3035 24.8067
v  10.5374 18.2935 24.7885
v  8.2090 18.3648 22.5921
v  8.2186 18.3521 22.5633
v  8.2322 18.3410 22.5330
v  8.2500 18.3315 22.5011
v  8.1315 23.2810 22.6275
v  8.1435 23.2638 22.6589
v  8.1589 23.3002 22.6743
v  8.1818 23.2228 22.7245
v  8.1602 23.2445 22.6913
v  8.1471 23.2089 22.6782
v  10.5643 18.3315 24.8154
v  10.5981 18.3239 24.7930
v  10.6236 18.3647 24.8185
v  10.6337 18.3183 24.7659
v  10.6595 18.3594 24.7916
v  8.3561 18.2431 22.4882
v  8.3284 18.2494 22.5233
v  8.2769 18.2935 22.5279
v  8.2996 18.2854 22.4945
v  8.0608 23.0812 22.5076
v  8.0666 23.0759 22.5397
v  8.0741 23.1225 22.5473
v  8.0714 23.0243 22.5674
v  8.0864 23.0198 22.6018
v  10.1415 23.7191 24.5585
v  10.1233 23.6956 24.5701
v  10.1574 23.6845 24.6042
v  10.0139 23.7103 24.4607
v  10.4927 18.7900 24.9887
v  10.5358 18.9340 25.0089
v  10.5358 20.9300 25.0089
v  8.3061 23.5083 22.8215
v  8.3318 23.5302 22.8472
v  8.3294 23.5609 22.8254
v  8.3888 23.5302 22.9199
v  8.3628 23.5139 22.8939
v  8.3706 23.4739 22.9133
v  8.4437 18.2658 22.9592
v  8.3585 18.3102 22.8739
v  8.5210 23.7398 22.9041
v  8.5754 23.7668 22.9201
v  8.5958 23.7829 22.8967
v  8.6351 23.7883 22.9360
v  8.6594 23.8020 22.9104
v  8.0533 18.8250 22.4702
v  8.0484 20.9300 22.4653
v  10.5812 18.7245 24.9982
v  10.5281 18.6378 24.9749
v  10.5587 18.6288 24.9757
v  10.5710 18.6760 24.9879
v  10.1766 23.7076 24.5936
v  10.2230 23.6536 24.6698
v  10.2443 23.6758 24.6612
v  10.2109 23.6932 24.6279
v  8.3956 18.2064 22.8424
v  8.4042 18.1842 22.8211
v  8.4375 18.1668 22.8545
v  8.4718 18.1523 22.8887
v  10.7594 23.2645 24.8916
v  11.9107 23.2143 23.7768
v  10.5952 23.0350 25.0121
v  10.6001 20.9300 25.0170
v  9.5492 23.6877 21.4153
v  9.5829 23.7163 21.4490
v  10.8954 23.7163 20.1366
v  8.4523 23.7104 22.5844
v  8.4188 23.6820 22.5509
v  8.3906 23.6751 22.5855
v  10.4232 18.8045 24.9543
v  10.3434 18.7884 24.8932
v  10.3806 18.7759 24.9232
v  10.3866 18.8130 24.9293
v  10.0630 23.5649 24.5941
v  10.0650 23.4653 24.6148
v  10.0774 23.5128 24.6201
v  10.0512 23.5213 24.5939
v  12.5951 25.1888 21.8363
v  12.6131 25.0605 21.8543
v  14.4475 25.0605 20.0200
v  10.1915 18.3102 24.7069
v  10.1639 18.2930 24.6793
v  10.1829 18.2604 24.6789
v  10.1455 18.3298 24.6766
v  10.1715 18.3460 24.7026
v  10.1521 18.3861 24.6948
v  8.1296 18.6339 22.6451
v  8.1175 18.6729 22.6329
v  8.1041 18.6597 22.6001
v  8.1356 18.6878 22.6667
v  8.1471 18.6511 22.6782
v  8.1697 18.6703 22.7123
v  10.1521 23.4739 24.6948
v  10.1335 23.4296 24.6833
v  10.1550 23.4138 24.7048
v  9.2847 23.6522 23.7807
v  8.5109 23.6459 23.0069
v  8.4786 23.6384 22.9746
v  8.4737 23.6039 22.9891
v  11.1585 23.9279 20.3998
v  11.1631 23.8281 20.4043
v  8.4506 18.3947 23.0004
v  8.4453 18.3472 22.9880
v  8.4715 18.3386 23.0142
v  9.2614 18.3271 23.8040
v  10.4855 23.1145 24.9815
v  10.4763 23.1580 24.9723
v  10.4430 23.1469 24.9584
v  10.4586 23.0632 24.9740
v  11.9378 23.0473 23.8039
v  11.9418 22.9892 23.8079
v  13.2542 22.9892 22.4955
v  10.8000 23.0465 24.9321
v  10.8040 22.9888 24.9361
v  10.8423 22.9891 24.9049
v  10.2465 18.0300 24.2308
v  10.2503 18.0336 24.3129
v  10.2913 18.0393 24.3539
v  10.2561 18.0443 24.3882
v  11.5078 18.0759 23.3739
v  10.4464 18.0970 24.5090
v  11.7426 23.5855 23.6087
v  11.7702 23.5463 23.6363
v  13.0827 23.5463 22.3239
v  11.5451 23.7646 23.4112
v  10.4091 23.7824 24.4718
v  9.3184 18.5417 21.1845
v  8.2052 18.5935 22.2679
v  8.3162 23.6241 22.6170
v  8.3353 23.6352 22.5864
v  8.2896 23.5960 22.6727
v  8.3011 23.6110 22.6457
v  10.5834 18.2051 24.6460
v  11.6501 18.1723 23.5162
v  8.2817 18.3998 22.3443
v  9.4031 18.3551 21.2692
v  10.3531 18.6703 24.8957
v  10.3181 18.6915 24.8680
v  10.3070 18.6611 24.8568
v  9.9630 18.9354 24.5153
v  10.3161 18.9354 24.8683
v  10.3161 20.9273 24.8684
v  8.3270 23.5805 22.4591
v  8.3593 23.5842 22.4219
v  9.4567 23.5855 21.3228
v  10.7691 23.5855 20.0104
v  11.7702 18.3136 23.6363
v  10.6711 18.3148 24.7337
v  10.0456 18.2490 24.5610
v  9.2750 18.2430 23.7904
v  10.4636 23.0198 24.9790
v  10.4679 20.9300 24.9833
v  10.4679 22.9249 24.9833
v  9.6542 18.0954 21.5203
v  8.5202 18.1196 22.5829
v  10.7815 18.5424 24.8442
v  11.8969 18.5929 23.7630
v  10.2072 18.0860 24.5080
v  10.2448 18.0982 24.5456
v  8.2393 23.3670 22.3020
v  9.3365 23.3678 21.2026
v  10.2913 23.8207 24.3539
v  10.2503 23.8263 24.3129
v  10.2073 23.8283 24.2700
v  10.2465 23.8300 24.2308
v  9.5405 23.8300 23.5248
v  8.1738 18.5954 22.3059
v  10.7309 22.9875 24.9820
v  10.7668 22.9882 24.9617
v  10.7628 23.0454 24.9578
v  8.4937 23.7507 22.6887
v  8.4718 23.7076 22.8887
v  10.2635 18.0616 24.4585
v  10.2960 18.0535 24.4282
v  8.0837 23.1678 22.5568
v  8.0839 23.1145 22.5799
v  8.1333 18.8135 22.2654
v  8.1293 18.8712 22.2614
v  8.1604 18.8709 22.2231
v  8.1076 18.8146 22.3025
v  13.8896 23.0475 23.1308
v  13.3203 23.0603 22.5616
v  8.6069 18.0616 22.8018
v  8.5421 18.0849 22.7932
v  10.7564 18.7586 24.9513
v  10.7118 18.7067 24.9629
v  12.6610 18.0319 21.9023
v  12.7021 18.0376 21.9434
v  11.3897 18.0376 23.2558
v  12.6656 17.9321 21.9069
v  13.3248 22.9957 22.5660
v  13.2502 23.0473 22.4915
v  10.5699 18.8708 19.8112
v  10.5038 18.7997 19.7451
v  8.6465 23.8075 22.8414
v  8.6869 23.8131 22.8819
v  8.7180 23.8213 22.8501
v  8.6195 23.7965 22.8705
v  8.1800 23.1595 22.2427
v  8.1710 23.1040 22.2337
v  8.1644 23.0471 22.2271
v  8.7525 18.0336 22.8151
v  9.8507 18.0319 21.7168
v  10.5374 23.5665 24.7885
v  10.5421 23.6106 24.7370
v  10.5709 23.5745 24.7658
v  10.6063 23.5805 24.7384
v  10.3172 23.7277 24.6180
v  10.3457 23.7404 24.5968
v  10.3094 23.7593 24.5605
v  10.3400 23.7699 24.5349
v  8.1478 23.2615 22.3427
v  8.1270 23.2573 22.3781
v  8.1582 23.4046 22.5752
v  8.1383 23.3637 22.5553
v  8.1852 23.4571 22.5683
v  8.0766 18.7900 22.5726
v  8.0714 18.8356 22.5674
v  8.0611 18.8316 22.5342
v  8.0914 18.7968 22.6068
v  8.4581 18.1315 22.6531
v  8.3995 18.1665 22.6505
v  10.6542 18.5049 24.9052
v  10.7069 18.5482 24.9019
v  10.7069 23.3118 24.9019
v  10.6718 23.3070 24.9229
v  10.6542 23.3551 24.9052
v  10.6208 23.3484 24.9216
v  11.9418 18.8708 23.8079
v  10.8423 18.8709 24.9049
v  12.7142 24.6709 18.2868
v  15.6845 23.3897 21.2571
v  9.9740 23.3897 19.2152
v  10.6963 18.8734 24.9971
v  10.6269 18.8223 25.0100
v  10.6592 18.8199 25.0038
v  10.6629 18.8744 25.0076
v  13.2571 23.3616 22.4983
v  13.8272 23.4989 23.0684
v  11.8313 23.4989 17.4039
v  14.8558 24.6383 20.4283
v  8.3588 23.6442 22.5537
v  8.3667 23.6657 22.6178
v  10.1065 18.1911 24.5796
v  10.0728 18.1834 24.5459
v  10.3351 23.7937 24.4673
v  10.4210 18.2952 24.8041
v  10.3927 18.2639 24.7758
v  10.4197 18.2489 24.7643
v  10.3669 18.2810 24.7839
v  10.3945 18.3115 24.8115
v  10.3687 18.3299 24.8156
v  8.1852 18.4029 22.5683
v  8.1631 18.4429 22.5462
v  8.1717 18.4319 22.5163
v  8.1582 18.4554 22.5752
v  8.1798 18.4164 22.5967
v  8.1779 18.4317 22.6247
v  10.4902 23.4046 24.9072
v  10.4687 23.4436 24.8856
v  10.4407 23.4283 24.8875
v  10.5192 23.4171 24.9023
v  8.2516 18.3747 22.7476
v  8.2578 18.4017 22.7732
v  8.2625 18.4911 22.8052
v  8.2468 18.4587 22.7779
v  8.2679 18.4323 22.7990
v  10.3178 23.4853 24.8138
v  10.2922 23.4582 24.8076
v  10.2602 23.3689 24.8029
v  10.2875 23.4013 24.8186
v  10.2664 23.4277 24.7975
v  10.3845 18.4689 24.8805
v  10.3556 18.4914 24.8710
v  10.2788 18.5174 24.8215
v  10.3075 18.4869 24.8386
v  10.3262 18.5168 24.8573
v  10.6236 23.4953 24.8185
v  10.6834 23.4572 24.8155
v  8.1111 23.2521 22.4120
v  8.0928 23.2391 22.4759
v  8.0998 23.2460 22.4445
v  8.0869 23.1965 22.4316
v  10.6209 18.6139 24.9655
v  10.6666 18.6583 24.9674
v  8.4831 18.1137 22.7839
v  8.4298 18.1473 22.7744
v  10.2815 23.7463 24.5823
v  10.2910 23.7126 24.6356
v  8.2014 23.4458 22.4525
v  8.2231 23.4524 22.4181
v  12.4192 24.5023 17.9917
v  15.5653 23.8070 21.1379
v  10.3249 18.1686 24.6696
v  10.3172 18.1323 24.6180
v  11.9680 23.9023 17.5405
v  10.5174 24.4451 19.7587
v  10.7875 23.7369 20.0288
v  15.1411 24.4451 20.7136
v  11.3486 18.0319 23.2147
v  10.2895 18.0319 24.2738
v  8.0578 22.9856 22.4024
v  8.0517 22.9844 22.4348
v  8.0554 23.0377 22.4385
v  8.0484 22.9268 22.4654
v  10.6014 23.3940 24.9023
v  10.5699 23.3852 24.9145
v  8.5558 23.4837 23.1056
v  8.3472 23.4567 22.8899
v  8.3246 23.4376 22.8673
v  8.3398 23.3962 22.8897
v  12.1672 24.2412 17.7398
v  15.3807 24.1633 20.9533
v  13.2902 18.6141 22.5315
v  13.2749 18.5554 22.5161
v  13.2093 18.5929 22.4506
v  10.5493 23.3046 19.7905
v  10.6010 23.2143 19.8423
v  10.9666 18.0954 20.2078
v  10.9401 18.0027 20.1813
v  10.5491 18.4319 24.8937
v  10.6014 18.4660 24.9023
v  8.1843 23.4377 22.4852
v  8.1717 23.4281 22.5163
v  8.3471 18.2058 22.6479
v  8.3011 18.2489 22.6457
v  10.4197 23.6110 24.7643
v  10.4175 23.6542 24.7183
v  10.4486 18.2809 24.7933
v  10.4484 18.2359 24.7492
v  8.1843 18.4223 22.4852
v  8.1943 18.3910 22.5390
v  10.3910 23.0089 24.9337
v  10.3489 23.0375 24.8987
v  10.2660 23.2833 24.8158
v  10.2809 23.2564 24.8307
v  10.0243 18.3324 24.5669
v  10.0409 18.3869 24.5907
v  10.2147 18.5042 24.7645
v  10.1957 18.4831 24.7455
v  8.2496 18.5767 22.7994
v  8.2347 18.6036 22.7845
v  8.1317 18.8511 22.6744
v  8.1666 18.8225 22.7165
v  8.0869 18.6634 22.4316
v  8.0762 18.7143 22.4209
v  8.0870 18.7102 22.3879
v  8.0802 18.6693 22.4633
v  10.6338 23.1965 24.9784
v  10.6445 23.1457 24.9892
v  10.6775 23.1498 24.9784
v  10.6021 23.1907 24.9852
v  10.1835 23.8131 24.3784
v  10.1687 23.7829 24.4696
v  10.1949 23.7965 24.4459
v  10.1549 23.8020 24.4060
v  10.4733 23.4952 24.8564
v  10.5021 23.5079 24.8467
v  8.2446 23.5446 22.5893
v  8.2625 23.3689 22.8052
v  8.3134 23.4749 22.8445
v  8.2827 23.3331 22.8326
v  8.1697 23.1897 22.7123
v  8.1974 23.1684 22.7472
v  8.2086 23.1988 22.7584
v  8.4298 23.7126 22.7744
v  8.3958 23.6914 22.7405
v  8.3823 23.6746 22.7654
v  8.4474 23.7277 22.7482
v  13.2464 25.6371 18.8189
v  11.3511 25.5387 20.5923
v  8.2749 23.5377 22.7480
v  8.3642 23.6340 22.8110
v  10.3679 18.3816 24.8410
v  10.3910 23.4456 24.8641
v  8.2013 18.4144 22.6743
v  9.5014 23.8283 23.5640
v  8.7114 23.8207 22.7741
v  8.0897 23.2311 22.5067
v  8.0802 23.1907 22.4633
v  10.1294 23.7883 24.4303
v  10.1244 23.7483 24.5075
v  10.1453 23.7668 24.4900
v  10.1068 23.7721 24.4514
v  8.0834 22.9875 22.3345
v  8.0683 22.9866 22.3691
v  8.0721 23.0422 22.3729
v  8.0616 23.0401 22.4062
v  8.3823 18.1853 22.7654
v  8.3406 18.2273 22.7575
v  10.3000 23.6746 24.6831
v  10.3079 23.6326 24.7248
v  10.5748 18.5740 24.9579
v  10.5282 18.5389 24.9451
v  8.5579 18.1116 22.9410
v  8.5754 18.0932 22.9201
v  8.6140 18.0879 22.9586
v  8.6351 18.0717 22.9360
v  11.7689 23.0475 17.3415
v  10.0867 23.7535 24.4698
v  10.0884 23.7036 24.5352
v  10.1055 23.7274 24.5225
v  10.0688 23.7324 24.4858
v  10.5710 23.1840 24.9879
v  10.5812 23.1355 24.9982
v  10.6126 23.1409 24.9957
v  8.0774 18.6760 22.4944
v  8.0672 18.7245 22.4842
v  8.0697 18.7191 22.4528
v  10.2109 18.1668 24.6279
v  10.1766 18.1523 24.5936
v  10.1974 18.1319 24.5805
v  8.3718 23.6556 22.7888
v  8.4042 23.6758 22.8211
v  8.4155 23.6954 22.7986
v  10.5021 18.3521 24.8467
v  8.2446 18.3153 22.5893
v  8.0683 18.8734 22.3691
v  8.0669 20.9300 22.3677
v  8.0897 18.6288 22.5067
v  8.1040 18.5831 22.5210
v  8.1044 18.5935 22.5512
v  10.5587 23.2311 24.9757
v  10.5444 23.2769 24.9614
v  10.5142 23.2665 24.9610
v  10.2443 18.1842 24.6612
v  10.2766 18.2044 24.6936
v  10.2543 18.2260 24.7012
v  8.1201 23.3094 22.5669
v  8.1202 23.3211 22.5372
v  8.1040 23.2769 22.5210
v  8.6140 23.7721 22.9586
v  10.5634 18.8281 25.0103
v  10.5952 18.8250 25.0121
v  10.5987 18.8770 25.0157
v  10.6306 18.8756 25.0137
v  8.5301 18.1564 22.9770
v  8.5429 18.1326 22.9599
v  8.5796 18.1275 22.9966
v  8.5956 18.1064 22.9787
v  10.3945 23.5485 24.8115
v  10.3420 23.5597 24.7888
v  10.3669 23.5790 24.7839
v  10.3380 23.6071 24.7550
v  8.2766 18.3003 22.7234
v  8.2815 18.2810 22.6985
v  8.3104 18.2529 22.7274
v  8.2539 18.3115 22.6709
v  10.4687 18.4164 24.8856
v  10.4616 18.4696 24.9085
v  10.4902 18.4554 24.9072
v  10.5101 18.4963 24.9271
v  8.2004 23.4643 22.6472
v  8.2030 23.4807 22.6199
v  8.1798 23.4436 22.5967
v  8.2277 23.5157 22.6447
v  10.7432 23.4146 24.8059
v  11.8425 23.4155 23.7086
v  13.1752 23.3678 22.4164
v  8.2280 23.4558 22.7240
v  8.6047 18.1497 23.0515
v  8.0551 23.0319 22.5020
v  8.0533 23.0350 22.4702
v  8.0497 22.9830 22.4667
v  9.4072 18.0561 23.6582
v  10.1128 18.0561 24.3639
v  8.6869 18.0469 22.8819
v  10.6976 22.9277 24.9985
v  8.2815 23.5790 22.6985
v  10.4207 18.3443 24.8377
v  8.2030 18.3793 22.6199
v  10.4455 23.4807 24.8624
v  8.1792 23.1047 22.7290
v  8.3861 23.5670 22.9015
v  8.4156 23.5441 22.9466
v  10.8383 23.0471 24.9009
v  10.8317 23.1040 24.8944
v  8.6320 23.7986 22.6946
v  8.6713 23.8114 22.7339
v  8.7525 23.8263 22.8151
v  9.8507 23.8281 21.7168
v  10.5175 23.7148 24.5801
v  10.4464 23.7630 24.5090
v  8.5936 18.0775 22.6563
v  8.6320 18.0614 22.6946
v  8.6713 18.0486 22.7339
v  10.8317 18.7560 24.8944
v  10.8113 18.6463 24.8739
v  10.8227 18.7005 24.8853
v  8.1023 22.9281 22.2972
v  8.1037 22.9882 22.2986
v  10.7634 18.4930 24.8261
v  10.7210 18.3998 24.7837
v  8.4853 18.1452 22.5479
v  8.4193 18.2051 22.4820
v  10.8113 23.2137 24.8739
v  10.7975 23.2664 24.8602
v  10.7815 23.3176 24.8442
v  13.2346 23.1600 22.4758
v  8.2052 23.2664 22.2679
v  8.1915 23.2137 22.2541
v  8.2595 23.4146 22.3222
v  8.3058 23.5038 22.3684
v  9.2575 18.8708 21.1236
v  8.4853 23.7148 22.5479
v  8.5564 23.7630 22.6190
v  8.5202 23.7404 22.5829
v  8.5564 18.0970 22.6190
v  10.7975 18.5935 24.8602
v  8.4516 23.6862 22.5143
v  8.2212 23.3176 22.2838
v  13.0454 25.0605 18.6179
v  10.6711 23.5452 24.7337
v  10.6435 23.5842 24.7061
v  10.5772 23.6169 24.7093
v  12.9948 23.6563 22.2361
v  10.7681 18.9319 24.9631
v  10.7681 20.9300 24.9631
v  10.7668 18.8717 24.9617
v  10.7206 23.0993 24.9717
v  10.7118 23.1533 24.9629
v  10.6666 23.2017 24.9674
v  8.0766 23.0700 22.5726
v  8.0784 18.7634 22.3792
v  8.0937 18.7607 22.3448
v  10.3400 18.0901 24.5349
v  10.3767 18.1093 24.5716
v  8.1342 18.6505 22.3292
v  8.1478 18.5985 22.3427
v  8.5049 23.7593 22.7559
v  8.4686 23.7404 22.7197
v  8.4128 23.7060 22.7136
v  8.5808 18.2078 23.0768
v  8.1814 18.4995 22.3763
v  8.1635 18.5482 22.3585
v  10.4123 18.1315 24.6073
v  10.4468 18.1568 24.6417
v  8.2231 18.4076 22.4181
v  8.2013 18.4526 22.3962
v  10.4799 18.1849 24.6748
v  10.5117 18.2158 24.7066
v  10.5117 23.6442 24.7066
v  10.5709 18.2854 24.7658
v  10.5421 18.2494 24.7370
v  8.2724 18.3239 22.4673
v  8.2468 18.3647 22.4418
v  8.1296 23.2261 22.6451
v  8.1258 23.1343 22.6569
v  8.1070 23.1469 22.6224
v  8.0983 23.1056 22.6137
v  8.1747 23.2788 22.7058
v  8.1943 23.3685 22.7098
v  11.0817 23.8131 20.3230
v  11.0681 23.9112 20.3093
v  12.7818 18.0597 22.0230
v  12.7561 17.9488 21.9973
v  10.5805 18.7557 19.8218
v  10.5212 18.6745 19.7624
v  10.5111 18.7364 19.7524
v  13.3130 23.1236 22.5543
v  12.8841 23.8573 22.1253
v  12.8575 23.7646 22.0988
v  8.5044 23.6110 23.0198
v  8.5715 23.6170 23.0869
v  9.2672 23.5773 23.7982
v  10.2895 23.8281 24.2738
v  11.3486 23.8281 23.2147
v  12.7021 23.8224 21.9434
v  12.9288 18.1437 22.1700
v  12.9243 18.0278 22.1656
v  10.9304 23.7420 20.1716
v  10.8998 23.8321 20.1410
v  10.5872 18.4434 19.8285
v  10.5670 18.4984 19.8083
v  10.6308 18.5417 19.8721
v  10.6692 23.4155 19.9104
v  10.6344 23.5204 19.8756
v  13.1897 18.3396 22.4310
v  13.1327 18.3987 22.3740
v  10.8293 18.2037 20.0706
v  10.7875 18.1231 20.0288
v  13.0366 23.7369 22.2779
v  10.4128 18.4491 24.8859
v  10.3433 23.5091 24.8164
v  8.2490 18.3508 22.7221
v  8.2244 23.4784 22.6975
v  13.0550 18.2745 22.2962
v  13.1034 18.2017 22.3447
v  13.0709 18.1610 22.3122
v  10.7532 23.6990 19.9945
v  10.7984 23.6221 20.0397
v  13.1630 23.5688 22.4042
v  13.1086 23.5049 22.3499
v  10.7155 18.3551 19.9568
v  10.6612 18.2911 19.9024
v  8.1398 23.1030 22.2719
v  10.4825 23.7404 24.5452
v  10.7432 18.4454 24.8059
v  8.4516 18.1737 22.5143
v  8.2817 23.4602 22.3443
v  8.2996 23.5745 22.4945
v  8.0821 20.9300 22.5975
v  8.7114 18.0393 22.7741
v  10.8383 18.8129 24.9009
v  10.3708 23.7986 24.4334
v  10.3315 23.8114 24.3941
v  10.8227 23.1595 24.8853
v  11.0423 18.0597 20.2836
v  13.2346 18.7000 22.4758
v  8.3377 23.4955 22.8688
v  8.2901 23.4523 22.8212
v  8.2679 23.4277 22.7990
v  8.2822 23.3936 22.8249
v  8.5936 23.7824 22.6563
v  10.7634 23.3670 24.8261
v  9.8937 23.8300 21.7598
v  11.2061 23.8300 20.4474
v  8.7954 23.8283 22.8581
v  8.1141 23.1014 22.3090
v  11.2061 18.0300 20.4474
v  9.8937 18.0300 21.7598
v  8.7954 18.0317 22.8581
v  10.2346 23.2479 24.7869
v  10.2480 23.2236 24.8003
v  8.4453 23.5128 22.9880
v  8.4197 23.5020 22.9624
v  8.4271 23.4553 22.9769
v  8.4431 23.5557 22.9741
v  8.1024 22.9243 22.6334
v  9.2561 18.9316 21.1222
v  8.1591 18.9316 22.2217
v  10.6976 18.9323 24.9985
v  10.4860 23.7646 24.4703
v  11.0243 17.9630 20.2656
v  13.3029 18.6745 22.5442
v  10.5805 23.1043 19.8218
v  10.5212 23.1855 19.7624
v  10.8841 22.9284 24.8684
v  8.5238 18.1437 22.5081
v  10.8037 18.4921 24.7880
v  10.1279 18.3710 24.6706
v  10.1335 18.4304 24.6833
v  8.1590 18.7045 22.7016
v  8.1974 18.6915 22.7472
v  10.3637 23.1555 24.9064
v  10.3181 23.1684 24.8680
v  8.2468 23.4013 22.7779
v  8.2814 23.4843 22.7968
v  8.2977 23.4155 22.2820
v  8.2210 23.2282 22.7708
v  8.1953 23.2547 22.7380
v  8.5574 23.7740 22.8582
v  8.5377 23.7581 22.8823
v  10.1294 18.0717 24.4303
v  10.1549 18.0580 24.4060
v  8.2721 23.5790 22.6168
v  10.4761 23.5446 24.8208
v  10.5511 23.6862 24.6138
v  8.3247 23.3132 22.8769
v  8.3418 23.3322 22.8941
v  10.6970 18.3562 24.7596
v  8.3885 18.2392 22.4512
v  8.3317 23.5452 22.3943
v  10.1884 18.5468 24.7407
v  10.1713 18.5278 24.7236
v  8.2785 18.6121 22.8308
v  8.2651 18.6364 22.8173
v  9.9702 18.2827 24.5013
v  10.4320 22.9243 24.9630
v  8.5658 18.1514 23.0126
v  8.5195 18.1834 22.9926
v  10.5400 18.6836 24.9868
v  10.4971 18.6481 24.9702
v  10.1906 23.6705 24.6375
v  10.2026 23.6284 24.6757
v  8.4279 18.1895 22.8747
v  8.3897 18.2316 22.8628
v  10.8841 18.9316 24.8684
v  10.8827 18.8708 24.8670
v  8.0905 18.6378 22.5373
v  8.1086 18.6052 22.5817
v  10.5281 23.2221 24.9749
v  10.4837 23.2547 24.9568
v  10.2230 18.2064 24.6698
v  10.2329 18.2505 24.7060
v  8.1044 23.2665 22.5512
v  8.1238 23.2961 22.5969
v  8.3339 23.6117 22.7807
v  8.3019 23.5640 22.7750
v  10.4809 18.5092 24.9277
v  10.4330 18.4857 24.9061
v  8.3047 18.2730 22.7515
v  8.2749 18.3223 22.7480
v  10.3174 23.5377 24.7905
v  10.3139 23.5869 24.7607
v  10.4616 23.3904 24.9085
v  10.4128 23.4109 24.8859
v  8.1569 18.4696 22.6037
v  8.1795 18.4491 22.6526
v  10.3420 18.3003 24.7888
v  10.3433 18.3508 24.8164
v  8.1779 23.4283 22.6247
v  8.2012 23.4456 22.6743
v  8.1970 22.9284 22.1813
v  8.1970 20.9300 22.1813
v  8.1984 22.9892 22.1827
v  12.7113 23.9216 21.9525
v  12.6610 23.8281 21.9023
v  10.3529 23.0026 24.9028
v  10.3093 23.0268 24.8615
v  8.3978 18.4804 22.9501
v  8.3784 18.4945 22.9307
v  8.2315 23.1445 22.7838
v  8.2415 23.1718 22.7938
v  9.9598 23.4837 24.5096
v  10.1153 23.3796 24.6676
v  10.1347 23.3654 24.6869
v  8.4529 23.6581 22.9260
v  8.4164 23.6152 22.9124
v  10.2816 18.7155 24.8339
v  10.2716 18.6882 24.8239
v  8.3865 18.2604 22.8825
v  8.4209 18.2154 22.8940
v  10.1714 23.6446 24.6445
v  10.1829 23.5996 24.6789
v  10.4653 18.6597 24.9613
v  10.5086 18.6922 24.9817
v  10.0728 23.6766 24.5459
v  10.0528 23.7085 24.4996
v  8.0517 22.9814 22.4985
v  8.0611 23.0283 22.5342
v  8.0952 18.6481 22.5683
v  8.1169 18.6187 22.6129
v  10.4971 23.2119 24.9702
v  10.4525 23.2413 24.9485
v  10.2026 18.2316 24.6757
v  10.2119 18.2785 24.7079
v  8.1086 23.2547 22.5817
v  10.5669 18.8785 25.0137
v  10.5312 18.8316 25.0043
v  8.3301 23.5880 22.8032
v  8.3023 23.5379 22.7983
v  10.4516 18.5240 24.9247
v  10.4039 18.5040 24.8998
v  10.2930 23.5127 24.7890
v  10.2904 23.5640 24.7635
v  8.3019 18.2960 22.7750
v  8.2764 18.3473 22.7724
v  10.3174 18.3223 24.7905
v  10.3178 18.3747 24.8138
v  10.4330 23.3743 24.9061
v  10.3845 23.3911 24.8805
v  8.1593 18.4857 22.6324
v  8.1849 18.4689 22.6809
v  10.4979 22.9300 19.7391
v  9.9322 22.9429 19.1734
v  8.1795 23.4109 22.6526
v  8.2827 18.5269 22.8326
v  8.2822 18.4664 22.8249
v  10.2405 23.3936 24.7832
v  10.2328 23.3331 24.7827
v  10.2963 18.5452 24.8389
v  10.2499 18.5511 24.7998
v  8.4043 23.4434 22.9541
v  8.3821 23.4296 22.9319
v  8.3978 23.3796 22.9501
v  8.3948 23.4890 22.9375
v  10.1113 18.4165 24.6611
v  10.1153 18.4804 24.6676
v  8.1876 18.7229 22.7374
v  8.2315 18.7155 22.7838
v  8.0577 22.9797 22.5308
v  10.0585 23.6459 24.5545
v  10.0384 23.6814 24.5115
v  10.5346 18.8803 25.0077
v  10.4980 18.8356 24.9940
v  8.5539 18.1786 23.0270
v  8.5109 18.2141 23.0069
v  10.1639 23.5670 24.6793
v  10.1530 23.6152 24.6490
v  8.4164 18.2448 22.9124
v  8.3861 18.2930 22.9015
v  10.4325 18.6729 24.9479
v  10.4763 18.7020 24.9723
v  10.4636 18.8402 24.9790
v  10.5012 18.8823 24.9972
v  8.5044 18.2490 23.0198
v  8.5439 18.2095 23.0399
v  13.2749 23.3046 22.5161
v  10.5222 23.7420 24.5065
v  10.5573 23.7163 24.5415
v  8.1169 23.2413 22.6129
v  10.7612 18.3987 24.7455
v  10.7834 18.4445 24.7677
v  8.4578 18.2037 22.4421
v  8.4901 18.1723 22.4744
v  8.3199 23.4612 22.3042
v  8.3440 23.5049 22.3283
v  10.4217 18.5407 24.9177
v  10.3741 18.5248 24.8895
v  10.2671 23.5379 24.7631
v  10.2686 23.4843 24.7840
v  8.3023 18.3220 22.7983
v  8.2814 18.3757 22.7968
v  10.1068 18.0879 24.4514
v  10.6629 22.9856 25.0076
v  10.6963 22.9866 24.9971
v  8.0578 18.8744 22.4024
v  8.1849 23.3911 22.6809
v  13.8920 22.9430 23.1332
v  15.7263 22.9430 21.2989
v  10.0867 18.1064 24.4698
v  10.6306 22.9844 25.0137
v  8.5956 23.7535 22.9787
v  8.0517 18.8756 22.4348
v  8.4747 18.3869 23.0245
v  8.4593 18.4483 23.0116
v  8.2088 23.0574 22.7611
v  8.1722 23.0715 22.7220
v  8.1666 23.0375 22.7165
v  8.1361 23.0470 22.6788
v  10.0409 23.4731 24.5907
v  10.0538 23.4117 24.6060
v  10.3043 18.8026 24.8566
v  10.3489 18.8225 24.8987
v  10.8827 22.9892 24.8670
v  10.3279 23.1371 24.8778
v  10.2816 23.1445 24.8339
v  8.8346 23.8300 22.8189
v  8.8346 18.0300 22.8189
v  10.0456 23.6110 24.5610
v  10.0255 23.6504 24.5215
v  8.0682 22.9777 22.5642
v  10.0162 18.3812 24.5660
v  10.0321 18.4412 24.5844
v  8.4747 23.4731 23.0245
v  8.4994 23.4788 23.0492
v  8.4984 23.5275 23.0411
v  8.4810 23.4187 23.0333
v  8.1626 18.8574 22.7124
v  8.2039 18.8332 22.7561
v  8.1970 18.9316 22.1813
v  8.7607 18.0368 22.8929
v  10.8053 22.9283 24.9375
v  8.7607 23.8232 22.8929
v  8.1279 18.9317 22.2601
v  10.0688 18.1275 24.4858
v  8.7294 18.0450 22.9244
v  10.5987 22.9830 25.0157
v  8.7294 23.8150 22.9244
v  8.1023 18.9319 22.2972
v  8.5796 23.7324 22.9966
v  8.0497 18.8770 22.4667
v  8.7505 18.0376 22.7348
v  8.7916 18.0319 22.7759
v  8.2090 23.1043 22.1933
v  8.2024 23.0473 22.1867
v  10.8787 18.8126 24.8630
v  10.4517 23.1056 24.9671
v  10.4085 23.1343 24.9396
v  8.0983 18.7544 22.6137
v  8.1258 18.7257 22.6569
v  10.1062 18.2658 24.6217
v  10.1187 18.3159 24.6498
v  8.4145 18.2782 22.9299
v  8.3888 18.3298 22.9199
v  10.1355 23.5818 24.6509
v  10.1455 23.5302 24.6766
v  10.4430 18.7131 24.9584
v  10.3986 18.6878 24.9297
v  10.7322 18.9320 24.9833
v  8.7015 23.8039 22.9526
v  8.0821 18.9320 22.3332
v  10.4667 18.8846 24.9821
v  10.4279 18.8453 24.9590
v  10.4065 23.2638 24.9219
v  10.3596 23.2788 24.8907
v  8.1435 18.5961 22.6589
v  8.1747 18.5812 22.7058
v  10.2182 18.3298 24.7336
v  10.2209 18.3851 24.7520
v  8.5951 18.0954 22.5794
v  8.6324 18.0759 22.6167
v  8.5589 18.1180 22.5431
v  10.5910 18.1723 24.5753
v  10.6233 18.2037 24.6076
v  8.4901 23.6877 22.4744
v  8.4578 23.6563 22.4421
v  8.4269 18.2378 22.4112
v  10.6233 23.6563 24.6076
v  10.6542 23.6222 24.6385
v  10.3306 23.8224 24.3149
v  10.5910 23.6877 24.5753
v  8.7505 23.8224 22.7348
v  8.7916 23.8281 22.7759
v  10.3306 18.0376 24.3149
v  8.2295 18.6457 22.2138
v  8.2433 18.5929 22.2276
v  10.8516 23.2143 24.8359
v  10.8378 23.2671 24.8221
v  10.4103 23.8003 24.3946
v  10.3709 23.8131 24.3552
v  10.4487 23.7841 24.4330
v  8.6708 18.0597 22.6551
v  8.7102 18.0469 22.6945
v  10.5573 18.1437 24.5415
v  10.5222 18.1180 24.5065
v  8.5238 23.7163 22.5081
v  8.5588 23.7420 22.5431
v  10.4487 18.0759 24.4330
v  10.4103 18.0597 24.3946
v  8.6324 23.7841 22.6167
v  8.6708 23.8003 22.6551
v  8.3440 18.3551 22.3283
v  8.3699 18.3136 22.3542
v  10.7112 23.5463 24.6954
v  10.7371 23.5049 24.7214
v  8.2593 18.5417 22.2436
v  8.2180 23.1600 22.2023
v  10.8631 18.7000 24.8474
v  10.8721 18.7557 24.8564
v  10.8218 23.3183 24.8061
v  10.8037 23.3678 24.7880
v  10.7371 18.3551 24.7214
v  8.4269 23.6222 22.4112
v  10.6542 18.2378 24.6385
v  8.3976 23.5855 22.3819
v  8.3699 23.5463 22.3542
v  10.6835 18.2745 24.6678
v  10.7112 18.3136 24.6954
v  8.2295 23.2143 22.2138
v  8.1984 18.8708 22.1827
v  8.3199 18.3987 22.3042
v  8.2024 18.8126 22.1867
v  8.2090 18.7557 22.1933
v  10.8721 23.1043 24.8564
v  10.8787 23.0473 24.8630
v  10.7834 23.4155 24.7677
v  10.3709 18.0469 24.3552
v  8.7102 23.8131 22.6945
v  8.2774 18.4921 22.2617
v  10.7612 23.4612 24.7455
v  10.8516 18.6457 24.8359
v  8.2593 23.3183 22.2436
v  8.2433 23.2671 22.2276
v  8.2774 23.3678 22.2617
v  10.8218 18.5417 24.8061
v  8.2977 18.4445 22.2820
v  10.8631 23.1600 24.8474
v  8.2180 18.7000 22.2023
v  10.8378 18.5929 24.8221
v  10.4860 18.0954 24.4703
v  8.5951 23.7646 22.5794
v  10.6835 23.5855 24.6678
v  8.3976 18.2745 22.3819
v  10.3910 18.5597 24.9065
v  10.3436 18.5483 24.8747
v  8.3061 18.3516 22.8215
v  8.2901 18.4077 22.8212
v  10.2439 23.5083 24.7593
v  10.2442 23.4523 24.7752
v  10.0878 18.0698 24.3886
v  8.6768 23.7902 22.9776
v  8.0669 18.9323 22.3678
v  8.2142 18.4597 22.7296
v  10.3358 23.4002 24.8512
v  10.3146 18.4298 24.8300
v  10.0657 18.0860 24.4103
v  10.6643 22.9275 25.0089
v  13.2556 18.9316 22.4968
v  10.5686 22.9284 19.8098
v  8.6551 23.7740 22.9997
v  8.0565 18.9325 22.4011
v  10.5669 22.9814 25.0137
v  8.5658 23.7085 23.0126
v  8.0517 18.8785 22.4985
v  8.1317 23.0089 22.6744
v  8.1064 23.0147 22.6375
v  10.0341 23.5716 24.5652
v  10.0142 23.6153 24.5296
v  10.0462 18.1046 24.4294
v  10.6319 22.9272 25.0150
v  8.6360 23.7554 23.0191
v  8.0504 18.9328 22.4335
v  8.3083 18.5672 22.8606
v  8.3008 18.5042 22.8507
v  10.2147 23.3558 24.7645
v  10.2048 23.2928 24.7570
v  8.2929 23.2710 22.8452
v  8.2656 23.3089 22.8155
v  8.2496 23.2833 22.7994
v  8.2264 23.3147 22.7691
v  10.2660 18.5767 24.8158
v  10.2202 18.5890 24.7725
v  8.5358 18.2447 23.0512
v  8.5002 18.2884 23.0313
v  11.1585 17.9321 20.3998
v  13.3248 18.8643 22.5660
v  10.0528 18.1514 24.4996
v  10.0384 18.1786 24.5115
v  10.5346 22.9797 25.0077
v  10.6000 22.9268 25.0170
v  8.5539 23.6814 23.0270
v  8.0577 18.8803 22.5308
v  8.6194 23.7343 23.0363
v  8.0484 18.9332 22.4654
v  12.7113 17.9384 21.9525
v  8.1176 18.7646 22.6487
v  8.1498 18.7397 22.6925
v  10.4167 23.0954 24.9478
v  10.3729 23.1203 24.9156
v  10.0912 18.3042 24.6223
v  10.1030 18.3580 24.6457
v  10.3637 18.7045 24.9064
v  10.4085 18.7257 24.9396
v  8.1590 23.1555 22.7016
v  8.1356 23.1722 22.6667
v  10.1279 23.4890 24.6706
v  10.1187 23.5441 24.6498
v  8.4156 18.3159 22.9466
v  8.3948 18.3710 22.9375
v  12.7998 17.9630 22.0411
v  10.9816 17.9810 20.2228
v  10.1966 18.3645 24.7277
v  10.1981 18.4224 24.7408
v  8.1602 18.6155 22.6913
v  8.1953 18.6052 22.7380
v  10.3741 23.2445 24.9052
v  10.3274 23.2547 24.8700
v  8.0833 22.9754 22.5987
v  8.1035 22.9728 22.6346
v  10.0045 23.5757 24.5356
v  10.0243 23.5275 24.5669
v  8.2102 23.2854 22.7529
v  8.1907 23.3117 22.7218
v  10.3596 18.5812 24.8907
v  10.3125 18.5746 24.8551
v  10.2209 23.4749 24.7520
v  10.2198 23.4165 24.7625
v  8.3029 18.4435 22.8456
v  8.3134 18.3851 22.8445
v  13.2144 18.3904 22.4557
v  13.0366 18.1231 22.2779
v  10.7532 18.1610 19.9945
v  10.6900 18.2451 19.9312
v  10.3075 23.3730 24.8386
v  8.2268 18.4869 22.7579
v  10.2875 18.4587 24.8186
v  10.5682 22.9264 25.0150
v  8.6047 23.7103 23.0515
v  8.0504 18.9335 22.4972
v  8.5439 23.6504 23.0399
v  8.0682 18.8823 22.5642
v  8.4984 18.3324 23.0411
v  8.5298 18.2843 23.0608
v  10.3910 18.8511 24.9337
v  10.4308 18.8872 24.9619
v  10.4979 18.9300 19.7391
v  10.3129 22.9954 24.8652
v  8.5032 23.4239 23.0555
v  8.5501 22.9291 23.1024
v  10.0255 18.2095 24.5215
v  10.5012 22.9777 24.9972
v  8.5919 23.6831 23.0650
v  8.0565 18.9340 22.5296
v  10.0774 18.3472 24.6201
v  10.0885 18.4046 24.6383
v  8.1421 18.7759 22.6848
v  8.1792 18.7552 22.7290
v  10.3806 23.0841 24.9232
v  10.3364 23.1047 24.8862
v  8.4197 18.3580 22.9624
v  8.4043 18.4165 22.9541
v  10.1113 23.4434 24.6611
v  10.1030 23.5020 24.6457
v  10.3279 18.7229 24.8778
v  10.3729 18.7397 24.9156
v  10.0142 18.2447 24.5296
v  9.9785 18.2430 24.4939
v  10.0045 18.2843 24.5356
v  10.0954 18.4679 24.6477
v  8.2227 18.7437 22.7750
v  10.1755 18.4033 24.7182
v  10.1757 18.4638 24.7256
v  10.3409 23.2228 24.8836
v  10.2945 23.2282 24.8444
v  8.1818 18.6372 22.7245
v  8.2210 18.6318 22.7708
v  8.5358 23.6153 23.0512
v  8.5298 23.5757 23.0608
v  8.5808 23.6521 23.0768
v  8.0833 18.8846 22.5987
v  8.1035 18.8872 22.6346
v  8.0670 18.9345 22.5629
v  10.3274 18.6052 24.8700
v  10.2809 18.6036 24.8307
v  8.3199 18.4831 22.8697
v  8.3246 18.4224 22.8673
v  10.1957 23.3768 24.7455
v  10.1981 23.4376 24.7408
v  10.5024 18.9345 24.9984
v  8.5260 18.3286 23.0687
v  8.4994 18.3812 23.0492
v  10.3529 18.8574 24.9028
v  10.3937 18.8900 24.9364
v  10.0162 23.4788 24.5660
v  9.9967 23.5313 24.5394
v  8.2439 18.5174 22.7866
v  10.2788 23.3426 24.8215
v  10.2602 18.4911 24.8029
v  10.4667 22.9754 24.9821
v  8.4810 18.4412 23.0333
v  8.2039 23.0268 22.7561
v  10.0321 23.4187 24.5844
v  10.3093 18.8332 24.8615
v  8.4177 23.3921 22.9700
v  10.2904 23.1163 24.8427
v  10.0099 18.4361 24.5622
v  8.2002 18.8646 22.7525
v  9.9967 18.3286 24.5394
v  10.4308 22.9728 24.9619
v  10.3937 22.9699 24.9364
v  8.5032 18.4361 23.0555
v  8.5247 18.3777 23.0745
v  9.9909 23.4823 24.5407
v  10.0099 23.4239 24.5622
v  8.2002 22.9954 22.7525
v  8.1626 23.0026 22.7124
v  8.1601 22.9668 22.7100
v  8.1290 22.9699 22.6717
v  8.3247 18.5468 22.8769
v  10.1884 23.3132 24.7407
v  8.2785 23.2479 22.8308
v  10.2346 18.6121 24.7869
v  8.1722 18.7884 22.7220
v  8.2151 18.7727 22.7674
v  10.3434 23.0716 24.8932
v  10.2980 23.0872 24.8503
v  10.0650 18.3947 24.6148
v  10.0748 18.4572 24.6271
v  8.4506 23.4653 23.0004
v  8.4383 23.4028 22.9905
v  8.4177 18.4679 22.9700
v  8.4271 18.4046 22.9769
v  10.0954 23.3921 24.6477
v  10.0885 23.4553 24.6383
v  8.2227 23.1163 22.7750
v  8.1876 23.1371 22.7374
v  10.2904 18.7437 24.8427
v  10.3364 18.7552 24.8862
v  8.2086 18.6611 22.7584
v  8.2527 18.6618 22.8050
v  10.3070 23.1988 24.8568
v  10.2604 23.1982 24.8127
v  10.1550 18.4462 24.7048
v  10.1533 18.5104 24.7056
v  8.3606 23.4138 22.9104
v  8.3598 23.3496 22.9121
v  8.3398 18.4638 22.8897
v  8.3418 18.5278 22.8941
v  10.1713 23.3322 24.7236
v  10.1757 23.3962 24.7256
v  8.2651 23.2236 22.8173
v  8.2347 23.2564 22.7845
v  10.2945 18.6318 24.8444
v  10.2480 18.6364 24.8003
v  8.2656 18.5511 22.8155
v  10.2499 23.3089 24.7998
v  10.2328 18.5269 24.7827
v  8.1279 22.9236 22.6706
v  10.3554 18.8932 24.9052
v  10.3129 18.8646 24.8652
v  8.5588 18.3271 23.1015
v  8.5260 23.5313 23.0687
v  8.1290 18.8900 22.6717
v  9.9639 23.5329 24.5066
v  10.3554 22.9668 24.9052
v  10.3564 22.9228 24.9063
v  10.3151 22.9632 24.8674
v  9.9909 18.3777 24.5407
v  8.5247 23.4823 23.0745
v  8.1601 18.8932 22.7100
v  8.5260 18.4330 23.0783
v  8.1980 22.9632 22.7503
v  8.1591 22.9228 22.7089
v  8.5558 18.3762 23.1056
v  9.9871 23.4270 24.5394
v  10.3043 23.0574 24.8566
v  8.2088 18.8026 22.7611
v  8.4593 23.4117 23.0116
v  10.0538 18.4483 24.6060
v  8.4383 18.4572 22.9905
v  10.0749 23.4028 24.6271
v  8.2151 23.0872 22.7674
v  10.2980 18.7727 24.8503
v  10.2716 23.1718 24.8239
v  8.2415 18.6882 22.7938
v  8.3784 23.3654 22.9307
v  10.1347 18.4945 24.6869
v  8.2527 23.1982 22.8050
v  10.1533 23.3496 24.7056
v  8.3598 18.5104 22.9121
v  10.2604 18.6618 24.8127
v  8.2929 18.5890 22.8452
v  10.2202 23.2710 24.7725
v  10.2048 18.5672 24.7570
v  8.3083 23.2928 22.8606
v  10.3151 18.8968 24.8674
v  8.5260 23.4270 23.0783
v  9.9871 18.4330 24.5394
v  8.1980 18.8968 22.7503
v  8.5552 23.4284 23.1075
v  8.1970 22.9219 22.7493
v  13.3263 18.9300 22.5675
v  14.4535 17.9300 20.0261
v  11.7665 17.9300 17.3391
v  13.7464 18.9170 19.3190
v  13.7464 20.9300 19.3190
# 2351 vertices

vn -0.7071 -0.0000 -0.7071
vn -0.7071 0.0000 -0.7071
vn -0.7070 0.0159 -0.7070
vn 0.7070 0.0159 0.7070
vn 0.7071 -0.0000 0.7071
vn -0.7070 -0.0159 -0.7070
vn -0.7071 0.0000 0.7071
vn 0.0000 1.0000 0.0000
vn 0.0000 1.0000 -0.0000
vn 0.0112 0.9999 0.0112
vn 0.7070 -0.0159 0.7070
vn 0.6959 0.0000 0.7181
vn -0.0111 -0.9999 0.0111
vn 0.0000 -1.0000 -0.0000
vn 0.0112 -0.9999 0.0112
vn 0.7071 -0.0000 -0.7071
vn 0.3127 0.8969 0.3127
vn 0.7071 0.0000 -0.7071
vn 0.7071 0.0000 0.7071
vn 0.6342 0.4423 0.6342
vn -0.5828 0.5663 -0.5828
vn -0.4004 0.8242 -0.4004
vn -0.6914 0.2259 0.6862
vn -0.7015 0.1425 0.6983
vn -0.6999 0.1422 0.6999
vn -0.3059 0.9016 -0.3059
vn -0.2654 0.9269 -0.2654
vn -0.0000 -1.0000 -0.0000
vn 0.0000 -1.0000 0.0000
vn -0.2420 0.0083 0.9702
vn -0.3504 0.0067 0.9366
vn -0.3507 -0.0000 0.9365
vn 0.5436 0.6395 0.5436
vn 0.5702 0.5913 0.5702
vn 0.6173 -0.4877 0.6173
vn 0.5948 -0.5407 0.5948
vn -0.6581 -0.0000 0.7529
vn -0.6579 -0.0011 0.7531
vn -0.5991 -0.0023 0.8007
vn 0.4004 0.8242 0.4004
vn -0.6120 -0.5149 0.6003
vn -0.6062 -0.5147 0.6062
vn -0.6436 -0.4142 0.6436
vn -0.3449 -0.8730 -0.3449
vn -0.3823 -0.8412 -0.3823
vn -0.6342 0.4423 -0.6342
vn -0.9702 0.0000 0.2423
vn -0.9365 0.0000 0.3507
vn -0.9366 0.0067 0.3504
vn -0.7516 -0.6592 -0.0239
vn -0.7910 -0.6069 0.0771
vn -0.8166 -0.5750 0.0516
vn -0.3929 0.8315 -0.3929
vn 0.1585 0.9745 0.1585
vn -0.5948 0.5407 -0.5948
vn -0.5702 0.5913 -0.5702
vn -0.7338 0.6630 -0.1482
vn -0.6835 0.6908 -0.2356
vn -0.7125 0.6499 -0.2645
vn -0.6003 -0.5149 0.6120
vn -0.6388 -0.4145 0.6482
vn 0.3449 -0.8730 0.3449
vn 0.3059 -0.9016 0.3058
vn 0.3059 -0.9016 0.3059
vn -0.4252 0.7893 0.4430
vn -0.3542 0.8573 0.3736
vn -0.3640 0.8573 0.3640
vn 0.1251 0.5070 0.8528
vn 0.1022 0.5483 0.8300
vn -0.0049 0.5048 0.8632
vn -0.5948 -0.5407 -0.5948
vn -0.5702 -0.5913 -0.5702
vn -0.6708 -0.3161 -0.6709
vn -0.6837 -0.2552 -0.6837
vn -0.8343 -0.4921 -0.2486
vn -0.8547 -0.4439 -0.2691
vn -0.8095 -0.4626 -0.3615
vn -0.8168 0.3344 0.4701
vn -0.8310 0.3188 0.4559
vn -0.8141 0.2440 0.5271
vn -0.8005 0.0000 0.5994
vn -0.8484 0.0000 0.5294
vn -0.8485 -0.0036 0.5291
vn -0.7071 -0.0000 0.7071
vn -0.7055 0.0670 0.7055
vn -0.2997 0.2785 0.9125
vn -0.2881 0.2512 0.9241
vn -0.1787 0.2996 0.9372
vn 0.5828 0.5663 0.5828
vn 0.2916 -0.6066 0.7396
vn 0.2020 -0.5821 0.7876
vn 0.1760 -0.6237 0.7616
vn 0.0552 -0.7657 0.6408
vn 0.0211 -0.7946 0.6067
vn 0.1031 -0.8280 0.5511
vn -0.1585 0.9745 -0.1585
vn 0.7012 -0.1292 0.7012
vn 0.6938 -0.1928 0.6938
vn -0.1239 0.0000 0.9923
vn -0.1237 -0.0098 0.9923
vn 0.0001 -0.0113 0.9999
vn 0.0463 0.9979 0.0463
vn -0.5141 0.8552 -0.0661
vn -0.5511 0.8280 -0.1031
vn -0.6067 0.7946 -0.0211
vn -0.5581 0.6140 0.5581
vn -0.6062 0.5147 0.6062
vn -0.6003 0.5149 0.6120
vn 0.6696 0.3214 0.6696
vn -0.8406 0.5409 0.0275
vn -0.8055 0.5875 -0.0777
vn -0.8300 0.5483 -0.1022
vn -0.9364 0.0145 -0.3507
vn -0.8946 0.0151 -0.4466
vn -0.8947 0.0000 -0.4467
vn 0.3823 -0.8412 0.3823
vn 0.4181 -0.8064 0.4181
vn -0.7071 0.0001 -0.7071
vn 0.1057 -0.2014 0.9738
vn 0.2224 -0.2188 0.9501
vn 0.2311 -0.1653 0.9588
vn 0.1022 -0.5483 0.8300
vn -0.0049 -0.5048 0.8632
vn -0.0275 -0.5409 0.8406
vn -0.7072 -0.0158 0.7068
vn -0.7636 -0.4644 0.4485
vn -0.7703 -0.3739 0.5166
vn -0.7865 -0.3620 0.5004
vn -0.3823 0.8412 -0.3823
vn -0.4181 0.8064 -0.4181
vn 0.0277 -0.8792 0.4757
vn 0.0661 -0.8552 0.5141
vn -0.0144 -0.8207 0.5712
vn -0.0894 -0.9897 0.1116
vn -0.1485 -0.9741 0.1704
vn -0.1595 -0.9742 0.1595
vn -0.8484 0.0000 -0.5294
vn -0.8354 -0.1878 -0.5165
vn -0.8256 -0.2486 -0.5066
vn -0.8725 -0.2420 -0.4245
vn -0.1618 0.6892 0.7063
vn -0.0682 0.7485 0.6596
vn -0.1016 0.7731 0.6261
vn 0.4181 0.8064 0.4181
vn 0.4522 0.7688 0.4522
vn 0.5948 0.5407 0.5948
vn 0.0355 0.4268 0.9036
vn 0.0532 0.3850 0.9214
vn 0.1654 0.4182 0.8932
vn 0.5994 0.0000 0.8005
vn 0.6581 -0.0000 0.7529
vn 0.6581 0.0158 0.7528
vn 0.6277 0.4604 0.6277
vn -0.6117 -0.0696 0.7880
vn -0.5492 -0.1103 0.8284
vn -0.5446 -0.0978 0.8330
vn -0.4091 -0.4333 0.8030
vn -0.4284 -0.4497 0.7837
vn -0.3461 -0.5363 0.7698
vn -0.7063 -0.6892 0.1618
vn -0.6596 -0.7485 0.0682
vn -0.6261 -0.7731 0.1016
vn -0.2929 -0.9102 0.2929
vn -0.3031 -0.9101 0.2826
vn -0.2346 -0.9484 0.2133
vn -0.6388 0.4145 0.6482
vn -0.1571 0.5152 0.8426
vn -0.0516 0.5750 0.8166
vn -0.0771 0.6069 0.7910
vn -0.4845 -0.7283 -0.4845
vn -0.5150 -0.6852 -0.5150
vn -0.7649 -0.5609 -0.3169
vn -0.7396 -0.6066 -0.2916
vn -0.7876 -0.5821 -0.2020
vn -0.9125 -0.2785 0.2997
vn -0.9241 -0.2512 0.2881
vn -0.9372 -0.2996 0.1787
vn -0.7491 -0.1246 0.6506
vn -0.7668 -0.1974 0.6108
vn -0.7580 -0.2039 0.6196
vn -0.6277 0.4604 -0.6277
vn -0.4571 0.8801 0.1286
vn -0.4963 0.8636 0.0894
vn -0.5555 0.8135 0.1722
vn -0.1363 0.9812 -0.1363
vn -0.0914 0.9916 -0.0914
vn -0.8821 0.1829 -0.4341
vn -0.9244 0.1755 -0.3387
vn -0.9151 0.2323 -0.3295
vn -0.6709 0.3161 -0.6709
vn -0.6554 0.3753 -0.6554
vn 0.0687 0.9953 0.0687
vn -0.0091 -0.1364 0.9906
vn -0.1317 -0.1184 0.9842
vn -0.1379 -0.1568 0.9780
vn -0.2777 -0.2228 0.9345
vn -0.3791 -0.1794 0.9078
vn -0.3875 -0.2023 0.8994
vn -0.0687 0.9953 -0.0687
vn -0.2916 0.7633 0.5765
vn -0.2092 0.8290 0.5186
vn -0.2470 0.8413 0.4808
vn 0.1804 0.9669 0.1804
vn 0.2235 0.9487 0.2235
vn 0.6173 0.4877 0.6173
vn 0.6375 0.4325 0.6375
vn 0.4791 0.3656 0.7980
vn 0.4941 0.3079 0.8130
vn 0.5635 0.3129 0.7646
vn -0.9738 0.2014 -0.1057
vn -0.9501 0.2188 -0.2224
vn -0.9588 0.1653 -0.2311
vn -0.8786 0.1191 0.4626
vn -0.9152 0.1556 0.3716
vn -0.9216 0.1311 0.3652
vn -0.4662 0.7518 -0.4662
vn -0.4980 0.2029 0.8431
vn -0.4896 0.1876 0.8515
vn -0.4070 0.2452 0.8799
vn -0.3565 0.3752 0.8557
vn -0.2603 0.4474 0.8556
vn -0.2801 0.4723 0.8357
vn -0.7183 -0.4010 0.5686
vn -0.6990 -0.4981 0.5131
vn -0.6763 -0.5055 0.5358
vn -0.5765 -0.7633 0.2916
vn -0.5186 -0.8290 0.2092
vn -0.4808 -0.8413 0.2470
vn -0.3059 -0.9016 -0.3059
vn -0.7535 0.3844 0.5334
vn -0.7703 0.3739 0.5166
vn -0.7676 0.2861 0.5735
vn -0.6688 0.5940 0.4471
vn -0.6952 0.5828 0.4206
vn -0.7212 0.4887 0.4909
vn 0.4845 -0.7283 0.4845
vn 0.4522 -0.7688 0.4522
vn 0.1726 -0.7649 0.6206
vn 0.2050 -0.7292 0.6529
vn 0.1188 -0.6998 0.7044
vn 0.5066 0.2486 0.8256
vn 0.5165 0.1878 0.8354
vn 0.5863 0.1908 0.7873
vn -0.1272 0.0794 0.9887
vn -0.1317 0.1184 0.9842
vn -0.2486 0.0993 0.9635
vn 0.6375 -0.4325 0.6375
vn -0.6173 0.4877 -0.6173
vn -0.6375 0.4325 -0.6375
vn -0.4909 -0.4887 0.7212
vn -0.5131 -0.4981 0.6990
vn -0.4471 -0.5940 0.6688
vn -0.0528 -0.9171 0.3951
vn -0.0120 -0.8999 0.4360
vn -0.0894 -0.8636 0.4963
vn 0.4419 -0.4752 0.7609
vn 0.5105 -0.4828 0.7116
vn 0.5305 -0.4282 0.7316
vn 0.5066 -0.2486 0.8256
vn 0.5762 -0.2526 0.7773
vn 0.5863 -0.1908 0.7873
vn -0.0914 -0.9916 -0.0914
vn -0.1363 -0.9812 -0.1363
vn -0.3760 -0.9026 0.2097
vn -0.3106 -0.9406 0.1373
vn -0.2672 -0.9465 0.1807
vn -0.5598 0.1337 0.8177
vn -0.5659 0.1446 0.8117
vn -0.6223 0.0913 0.7775
vn -0.5994 0.0000 0.8005
vn -0.5991 0.0023 0.8007
vn -0.3265 0.7746 0.5417
vn -0.5686 0.4010 0.7183
vn -0.5131 0.4981 0.6990
vn -0.5358 0.5055 0.6763
vn -0.9887 -0.0794 0.1272
vn -0.9842 -0.1184 0.1317
vn -0.9635 -0.0993 0.2486
vn -0.8603 -0.2998 -0.4123
vn -0.9034 -0.2877 -0.3178
vn -0.6891 0.6230 -0.3701
vn -0.6612 0.6676 -0.3423
vn -0.6103 0.6783 -0.4092
vn -0.4522 0.7688 -0.4522
vn -0.6983 -0.1425 0.7015
vn -0.7047 -0.0673 0.7063
vn -0.7055 -0.0670 0.7055
vn -0.5942 -0.1824 0.7833
vn -0.5865 -0.1738 0.7910
vn -0.6353 -0.1098 0.7644
vn -0.1006 0.9898 0.1006
vn -0.1595 0.9742 0.1595
vn -0.1485 0.9741 0.1704
vn -0.1910 0.9815 0.0101
vn -0.2355 0.9713 -0.0344
vn -0.2923 0.9560 0.0267
vn -0.6173 -0.4877 -0.6173
vn -0.8456 -0.3560 -0.3977
vn -0.8287 -0.4103 -0.3807
vn -0.8731 -0.3937 -0.2875
vn -0.8515 0.1876 0.4896
vn -0.8799 0.2452 0.4070
vn -0.8901 0.2242 0.3968
vn -0.8739 0.4636 -0.1462
vn -0.9036 0.4268 -0.0355
vn -0.8842 0.4668 -0.0161
vn 0.3449 0.8730 0.3449
vn 0.3059 0.9016 0.3059
vn -0.2559 -0.6175 0.7438
vn -0.2294 -0.5950 0.7703
vn -0.3231 -0.5168 0.7928
vn -0.3408 -0.3530 0.8714
vn -0.2415 -0.4210 0.8743
vn -0.2240 -0.3929 0.8919
vn -0.9365 -0.3450 0.0632
vn -0.9206 -0.3824 0.0791
vn -0.9234 -0.3322 0.1925
vn -0.8557 -0.3752 0.3565
vn -0.8556 -0.4474 0.2603
vn -0.8357 -0.4723 0.2801
vn -0.0463 0.9979 -0.0463
vn 0.3929 0.8315 0.3929
vn -0.8570 0.2842 0.4299
vn -0.8340 0.2174 0.5071
vn -0.8243 0.2311 0.5168
vn -0.7068 0.0158 0.7072
vn -0.7070 0.0157 0.7070
vn 0.1804 -0.9669 0.1804
vn 0.1363 -0.9812 0.1363
vn -0.0705 -0.9661 0.2485
vn -0.1151 -0.9722 0.2039
vn -0.0554 -0.9878 0.1457
vn -0.8177 -0.1337 0.5598
vn -0.8117 -0.1446 0.5659
vn -0.7775 -0.0913 0.6223
vn -0.8948 -0.0051 0.4464
vn -0.6408 0.7657 -0.0552
vn -0.8148 0.4954 0.3011
vn -0.8357 0.4723 0.2801
vn -0.8390 0.3960 0.3731
vn -0.7071 0.0001 0.7071
vn -0.3256 0.8877 -0.3256
vn 0.3256 0.8877 0.3256
vn -0.4485 0.4644 0.7636
vn -0.5166 0.3739 0.7703
vn -0.5004 0.3620 0.7865
vn -0.6506 0.1246 0.7491
vn -0.6108 0.1974 0.7668
vn -0.6196 0.2039 0.7580
vn 0.2022 0.8925 0.4033
vn 0.1385 0.8784 0.4575
vn 0.1765 0.8505 0.4955
vn 0.0991 0.9030 0.4180
vn 0.1621 0.9175 0.3632
vn 0.1207 0.9391 0.3218
vn -0.3218 -0.9391 -0.1207
vn -0.3772 -0.9243 -0.0583
vn -0.4180 -0.9030 -0.0991
vn -0.3353 -0.9420 -0.0163
vn -0.2791 -0.9571 -0.0781
vn -0.2355 -0.9713 -0.0344
vn -0.9780 0.1568 0.1379
vn -0.9834 0.1805 0.0163
vn -0.9906 0.1364 0.0091
vn -0.9702 0.0083 0.2420
vn -0.9923 0.0098 0.1237
vn -0.9923 0.0000 0.1239
vn 0.1137 0.1522 0.9818
vn 0.1195 0.1020 0.9876
vn 0.2373 0.1108 0.9651
vn 0.2423 -0.0136 0.9701
vn 0.2423 -0.0000 0.9702
vn 0.1239 0.0000 0.9923
vn -0.6634 0.3460 -0.6634
vn 0.5635 -0.3129 0.7646
vn 0.4941 -0.3079 0.8130
vn 0.4791 -0.3656 0.7980
vn 0.0532 -0.3850 0.9214
vn 0.1654 -0.4182 0.8932
vn 0.1828 -0.3709 0.9105
vn 0.6634 0.3460 0.6634
vn 0.5236 -0.1259 0.8426
vn 0.5935 -0.1279 0.7946
vn 0.5979 -0.0638 0.7990
vn 0.5993 -0.0157 0.8004
vn 0.6581 -0.0158 0.7528
vn -0.3640 -0.8573 0.3640
vn -0.3619 -0.7828 0.5062
vn -0.3265 -0.7746 0.5417
vn -0.4034 -0.6941 0.5963
vn -0.7390 0.5268 -0.4200
vn -0.6893 0.5352 -0.4883
vn -0.7116 0.4828 -0.5105
vn -0.7806 0.4214 -0.4616
vn -0.7316 0.4282 -0.5305
vn -0.7493 0.3715 -0.5482
vn 0.7071 0.0002 0.7071
vn -0.5879 0.5556 -0.5879
vn -0.6529 -0.7292 -0.2050
vn -0.7044 -0.6998 -0.1188
vn -0.7338 -0.6630 -0.1482
vn -0.4955 -0.8505 -0.1765
vn -0.4419 -0.8641 -0.2408
vn -0.4033 -0.8925 -0.2022
vn 0.0211 0.7946 0.6067
vn 0.1031 0.8280 0.5511
vn 0.0661 0.8552 0.5141
vn 0.2916 0.6066 0.7396
vn 0.2645 0.6499 0.7125
vn 0.1760 0.6237 0.7616
vn 0.6837 0.2552 0.6837
vn 0.6938 0.1928 0.6938
vn 0.5762 0.2526 0.7773
vn -0.0894 0.9897 0.1116
vn 0.0344 0.9713 0.2355
vn -0.0267 0.9560 0.2923
vn 0.0163 0.9420 0.3353
vn -0.9702 0.0000 -0.2423
vn -0.9923 0.0000 -0.1239
vn -0.9922 0.0126 -0.1240
vn -0.9818 -0.1522 -0.1137
vn -0.9876 -0.1020 -0.1195
vn -0.9651 -0.1108 -0.2373
vn -0.9214 0.3850 -0.0532
vn -0.8932 0.4182 -0.1654
vn -0.9105 0.3709 -0.1828
vn -0.7609 0.4752 -0.4419
vn 0.5305 0.4282 0.7316
vn 0.5105 0.4828 0.7116
vn 0.4419 0.4752 0.7609
vn 0.2020 0.5821 0.7876
vn 0.2262 0.5382 0.8119
vn 0.3169 0.5609 0.7648
vn -0.5186 0.8290 0.2092
vn -0.4342 0.7893 0.4342
vn -0.5000 0.7071 0.5000
vn -0.4919 0.7072 0.5079
vn -0.3353 0.9420 -0.0163
vn -0.3632 0.9175 -0.1621
vn -0.4033 0.8925 -0.2022
vn -0.4574 0.8784 -0.1385
vn -0.5271 -0.2440 0.8141
vn -0.5379 -0.2559 0.8032
vn -0.4701 -0.3344 0.8168
vn -0.2603 -0.4474 0.8556
vn -0.8431 -0.2029 0.4980
vn -0.8515 -0.1876 0.4896
vn -0.8799 -0.2452 0.4070
vn -0.8743 -0.4210 0.2415
vn -0.7773 0.2526 -0.5762
vn -0.8256 0.2486 -0.5066
vn -0.8130 0.3079 -0.4941
vn -0.7056 0.0645 -0.7056
vn -0.7012 0.1292 -0.7012
vn -0.4682 -0.1373 0.8729
vn -0.5294 -0.0000 0.8484
vn -0.5291 -0.0036 0.8485
vn -0.4464 -0.0051 0.8948
vn -0.7975 0.0364 0.6022
vn -0.8434 0.0577 0.5342
vn -0.8457 0.0436 0.5319
vn -0.7734 0.0978 0.6263
vn -0.8053 0.1550 0.5723
vn -0.8117 0.1446 0.5659
vn -0.4645 0.8046 -0.3698
vn -0.4986 0.7670 -0.4038
vn -0.5482 0.7610 -0.3471
vn -0.4955 0.8505 -0.1765
vn -0.6889 -0.2256 0.6889
vn -0.6914 -0.2259 0.6862
vn -0.6742 -0.3171 0.6670
vn -0.7000 -0.4069 0.5869
vn 0.6891 0.2242 0.6891
vn -0.6891 0.2242 -0.6891
vn 0.2446 0.9383 0.2446
vn -0.2446 0.9382 -0.2446
vn 0.4375 0.6330 0.6386
vn 0.4092 0.6783 0.6103
vn 0.3423 0.6676 0.6612
vn 0.4038 0.7671 0.4986
vn 0.3698 0.8046 0.4645
vn 0.3133 0.7983 0.5144
vn 0.1981 0.3218 0.9259
vn 0.1828 0.3709 0.9105
vn 0.0692 0.3415 0.9373
vn -0.0091 0.1364 0.9906
vn 0.0886 -0.9790 0.1834
vn 0.1327 -0.9647 0.2274
vn 0.0781 -0.9571 0.2791
vn 0.2408 -0.8641 0.4419
vn 0.2022 -0.8925 0.4033
vn 0.2578 -0.8996 0.3525
vn 0.5295 0.6627 0.5295
vn 0.4686 0.7489 0.4686
vn -0.4686 0.7489 -0.4686
vn -0.5295 0.6627 -0.5295
vn 0.4883 -0.5352 0.6893
vn 0.4200 -0.5268 0.7390
vn 0.3961 -0.5761 0.7150
vn 0.4038 -0.7670 0.4986
vn 0.4361 -0.7267 0.5308
vn 0.3791 -0.7209 0.5801
vn -0.2235 0.9487 -0.2235
vn 0.2235 -0.9487 0.2235
vn 0.2654 -0.9269 0.2654
vn 0.6709 0.3161 0.6709
vn 0.6554 0.3753 0.6554
vn -0.6709 -0.3161 -0.6709
vn -0.6554 -0.3753 -0.6554
vn -0.3127 0.8969 -0.3127
vn 0.5879 0.5556 0.5879
vn 0.0914 0.9916 0.0914
vn 0.1363 0.9812 0.1363
vn -0.0705 0.9661 0.2485
vn -0.0101 0.9815 0.1910
vn -0.0554 0.9878 0.1457
vn -0.4790 -0.8327 -0.2779
vn -0.5319 -0.8196 -0.2130
vn -0.5668 -0.7857 -0.2479
vn -0.5612 -0.6837 -0.4665
vn -0.5308 -0.7267 -0.4361
vn -0.5801 -0.7209 -0.3791
vn -0.7094 0.2243 0.6681
vn -0.7196 0.2219 0.6580
vn -0.7193 0.1401 0.6804
vn -0.7360 0.0519 0.6749
vn -0.7337 0.0545 0.6772
vn -0.7596 0.1151 0.6402
vn -0.9906 -0.1364 0.0091
vn -0.9036 -0.4268 -0.0355
vn -0.9214 -0.3850 -0.0532
vn -0.8932 -0.4182 -0.1654
vn -0.6184 0.0844 0.7813
vn -0.7636 0.4644 0.4485
vn -0.7428 0.4775 0.4694
vn -0.7210 0.5694 0.3949
vn -0.7438 0.6175 0.2559
vn -0.7703 0.5950 0.2294
vn -0.7928 0.5168 0.3231
vn -0.1323 -0.6641 0.7359
vn -0.1618 -0.6892 0.7063
vn -0.0682 -0.7485 0.6596
vn -0.2092 -0.8290 0.5186
vn -0.1722 -0.8135 0.5555
vn -0.2576 -0.7489 0.6105
vn -0.7070 -0.0157 0.7070
vn -0.7068 -0.0158 0.7072
vn -0.6402 -0.1151 0.7596
vn 0.1137 -0.1522 0.9818
vn 0.1240 -0.0126 0.9922
vn 0.2967 -0.8710 0.3915
vn 0.3471 -0.7610 0.5482
vn -0.6103 -0.6783 -0.4092
vn -0.6386 -0.6330 -0.4375
vn -0.5897 -0.6381 -0.4950
vn -0.6633 -0.4866 -0.5686
vn -0.6409 -0.5395 -0.5461
vn -0.6893 -0.5352 -0.4883
vn -0.5735 0.2861 0.7676
vn -0.6862 0.2259 0.6914
vn -0.6670 0.3171 0.6742
vn -0.6707 0.3168 0.6707
vn -0.2881 -0.2512 0.9241
vn -0.1787 -0.2996 0.9372
vn -0.1663 -0.2657 0.9496
vn 0.2113 -0.2710 0.9391
vn 0.0955 -0.2495 0.9636
vn 0.0833 -0.2963 0.9515
vn -0.4284 0.4497 0.7837
vn -0.3461 0.5363 0.7698
vn -0.3700 0.5539 0.7458
vn -0.1722 0.8135 0.5555
vn -0.2576 0.7489 0.6105
vn -0.2246 0.7317 0.6435
vn -0.5555 -0.8135 0.1722
vn -0.6105 -0.7489 0.2576
vn -0.6435 -0.7317 0.2246
vn -0.7837 -0.4497 0.4284
vn -0.7698 -0.5363 0.3461
vn -0.7458 -0.5539 0.3700
vn -0.7813 -0.0844 0.6184
vn -0.7295 -0.2546 -0.6348
vn -0.7167 -0.3154 -0.6220
vn -0.7646 -0.3129 -0.5635
vn -0.7116 -0.4828 -0.5105
vn -0.7316 -0.4282 -0.5305
vn -0.6835 -0.4316 -0.5887
vn -0.7138 -0.3114 0.6273
vn -0.7196 -0.2219 0.6580
vn -0.7296 -0.2187 0.6480
vn -0.7435 -0.1287 0.6562
vn -0.7262 -0.0609 0.6848
vn -0.7288 -0.0590 0.6822
vn -0.9234 0.3322 0.1925
vn -0.9125 0.2785 0.2997
vn -0.8998 0.3046 0.3123
vn -0.9437 0.1933 0.2684
vn -0.9606 0.2305 0.1553
vn -0.9701 0.1942 0.1458
vn -0.2240 0.9485 0.2240
vn -0.2929 0.9102 0.2929
vn -0.2826 0.9101 0.3031
vn -0.3533 0.9307 0.0947
vn -0.3951 0.9171 0.0528
vn -0.3557 0.0799 0.9312
vn -0.3527 0.0536 0.9342
vn -0.2449 0.0666 0.9673
vn -0.5302 0.0292 0.8474
vn -0.5319 0.0436 0.8457
vn -0.6008 0.0275 0.7989
vn -0.5417 -0.7746 0.3265
vn -0.4342 -0.7893 0.4342
vn -0.4430 -0.7893 0.4252
vn -0.3736 -0.8573 0.3542
vn -0.6696 0.3214 -0.6696
vn -0.6681 -0.2243 0.7094
vn -0.6580 -0.2219 0.7196
vn -0.6804 -0.1401 0.7193
vn -0.6055 -0.4112 0.6813
vn -0.5869 -0.4069 0.7000
vn -0.6273 -0.3114 0.7138
vn -0.8457 -0.0436 0.5319
vn -0.8474 -0.0292 0.5302
vn -0.8931 -0.0410 0.4480
vn -0.9516 -0.1628 0.2605
vn -0.9583 -0.1314 0.2539
vn -0.9780 -0.1568 0.1379
vn -0.9083 0.3633 0.2076
vn -0.8556 0.4474 0.2603
vn -0.8908 0.0612 0.4504
vn -0.8948 0.0051 0.4464
vn -0.7773 -0.2526 -0.5762
vn -0.7873 -0.1908 -0.5863
vn -0.7396 -0.1923 -0.6449
vn -0.6938 -0.1928 -0.6938
vn -0.7012 -0.1292 -0.7012
vn -0.9701 0.0136 -0.2423
vn -0.9818 0.1522 -0.1137
vn -0.4919 -0.7072 0.5079
vn -0.5510 -0.6142 0.5649
vn -0.5581 -0.6140 0.5581
vn -0.4742 -0.6028 0.6417
vn -0.5018 -0.6092 0.6141
vn -0.4352 -0.7014 0.5645
vn -0.3599 -0.1058 0.9270
vn -0.2539 -0.1314 0.9583
vn -0.2486 -0.0993 0.9635
vn -0.5342 -0.0577 0.8434
vn -0.4536 -0.0810 0.8875
vn -0.4504 -0.0612 0.8908
vn -0.2415 0.4210 0.8743
vn -0.0632 0.3450 0.9365
vn -0.0791 0.3824 0.9206
vn -0.1925 0.3322 0.9234
vn 0.0239 0.6592 0.7516
vn 0.2050 0.7292 0.6529
vn 0.1188 0.6998 0.7044
vn 0.1482 0.6630 0.7338
vn -0.2485 -0.9661 0.0705
vn -0.1910 -0.9815 0.0101
vn -0.1457 -0.9878 0.0554
vn -0.1006 -0.9898 0.1006
vn -0.0474 -0.9978 0.0474
vn -0.0362 -0.9976 0.0586
vn -0.8004 0.0157 -0.5993
vn -0.7528 0.0158 -0.6581
vn -0.7529 0.0000 -0.6581
vn -0.7514 0.0643 -0.6567
vn -0.7990 0.0638 -0.5979
vn -0.7946 0.1279 -0.5935
vn 0.3961 0.5761 0.7150
vn 0.4200 0.5268 0.7390
vn 0.4883 0.5352 0.6893
vn 0.5216 0.5900 0.6163
vn 0.4950 0.6381 0.5897
vn -0.7038 0.0971 -0.7038
vn -0.2791 0.9571 -0.0781
vn -0.3218 0.9391 -0.1207
vn -0.3772 0.9243 -0.0583
vn -0.1804 0.9669 -0.1804
vn -0.1356 -0.4847 0.8641
vn -0.0361 -0.7213 0.6917
vn -0.8739 -0.4636 -0.1462
vn -0.8426 -0.5152 0.1571
vn 0.5293 0.0155 0.8483
vn 0.4466 0.0151 0.8946
vn 0.4467 0.0000 0.8947
vn 0.3387 0.1755 0.9244
vn 0.3454 0.1176 0.9311
vn 0.4411 0.1226 0.8890
vn -0.0947 -0.9307 0.3533
vn -0.1373 -0.9406 0.3106
vn -0.2470 -0.8414 0.4808
vn -0.2855 -0.8502 0.4422
vn -0.2097 -0.9026 0.3760
vn 0.3038 -0.3416 0.8894
vn 0.3977 -0.3560 0.8456
vn 0.4123 -0.2998 0.8603
vn 0.4341 -0.1829 0.8821
vn 0.3387 -0.1755 0.9244
vn 0.3295 -0.2323 0.9151
vn -0.5344 -0.8437 0.0513
vn -0.4757 -0.8792 -0.0277
vn -0.4360 -0.8999 0.0120
vn -0.3533 -0.9307 0.0947
vn -0.4169 -0.8932 0.1687
vn -0.4571 -0.8801 0.1286
vn -0.6763 0.5055 0.5358
vn -0.6531 0.5108 0.5590
vn -0.6141 0.6092 0.5018
vn -0.7415 0.3011 0.5996
vn -0.7278 0.3069 0.6133
vn -0.7183 0.4010 0.5686
vn -0.8287 0.4103 -0.3807
vn -0.8731 0.3937 -0.2875
vn -0.8547 0.4439 -0.2691
vn -0.9035 0.2877 -0.3178
vn -0.8603 0.2998 -0.4123
vn -0.8725 0.2420 -0.4245
vn -0.6734 -0.7340 -0.0878
vn -0.6206 -0.7649 -0.1726
vn -0.5866 -0.7979 -0.1387
vn -0.5141 -0.8552 -0.0661
vn -0.5712 -0.8207 0.0144
vn -0.6067 -0.7946 -0.0211
vn 0.3807 -0.4103 0.8287
vn 0.2875 -0.3937 0.8731
vn 0.2691 -0.4439 0.8547
vn 0.2262 -0.5382 0.8119
vn 0.3169 -0.5609 0.7649
vn 0.3402 -0.5128 0.7882
vn 0.2408 0.8641 0.4419
vn 0.3823 0.8412 0.3823
vn -0.1804 -0.9669 -0.1804
vn -0.2235 -0.9487 -0.2235
vn -0.3632 -0.9175 -0.1621
vn 0.6837 -0.2552 0.6837
vn 0.6709 -0.3161 0.6709
vn 0.5482 -0.3715 0.7493
vn -0.6417 0.6028 0.4742
vn -0.5963 0.6941 0.4034
vn -0.5645 0.7014 0.4352
vn -0.5062 0.7828 0.3619
vn -0.7957 0.0451 0.6041
vn -0.8343 0.4921 -0.2486
vn -0.7882 0.5128 -0.3402
vn -0.8095 0.4626 -0.3615
vn -0.7396 0.6066 -0.2916
vn -0.7876 0.5821 -0.2020
vn -0.7616 0.6237 -0.1760
vn -0.2605 0.1628 0.9516
vn -0.2539 0.1314 0.9583
vn -0.1379 0.1568 0.9780
vn -0.3875 0.2023 0.8994
vn -0.3968 0.2242 0.8901
vn -0.4818 0.1716 0.8593
vn -0.5765 0.7633 0.2916
vn -0.6105 0.7489 0.2576
vn -0.6579 0.6711 0.3418
vn -0.7359 0.6641 0.1323
vn -0.7063 0.6892 0.1618
vn -0.6596 0.7485 0.0682
vn 0.4845 0.7283 0.4845
vn -0.4522 -0.7688 -0.4522
vn -0.5150 0.6852 -0.5150
vn -0.5436 0.6395 -0.5436
vn 0.5150 -0.6852 0.5150
vn 0.5436 -0.6395 0.5436
vn 0.7038 0.0971 0.7038
vn 0.5702 -0.5913 0.5702
vn 0.4639 -0.5853 0.6650
vn -0.6386 0.6330 -0.4375
vn -0.6650 0.5853 -0.4639
vn 0.4123 0.2998 0.8603
vn 0.3977 0.3560 0.8456
vn 0.3038 0.3416 0.8894
vn 0.2311 0.1653 0.9588
vn 0.1621 -0.9175 0.3632
vn 0.1207 -0.9391 0.3218
vn 0.1756 -0.9466 0.2704
vn 0.0163 -0.9420 0.3353
vn -0.1379 0.9808 -0.1379
vn 0.1379 0.9808 0.1379
vn -0.2273 0.9469 -0.2273
vn 0.5316 0.6593 0.5316
vn 0.2273 0.9469 0.2273
vn 0.4662 0.7519 0.4662
vn -0.0456 -0.9979 -0.0456
vn 0.7056 -0.0645 0.7056
vn -0.5004 -0.3620 0.7865
vn -0.4849 -0.3488 0.8020
vn -0.5492 -0.2670 0.7919
vn -0.5686 -0.4010 0.7183
vn -0.5508 -0.3934 0.7361
vn -0.5996 -0.3011 0.7415
vn -0.9270 -0.1058 0.3599
vn -0.9216 -0.1311 0.3652
vn -0.8835 -0.1003 0.4577
vn -0.8994 -0.2023 0.3875
vn -0.8901 -0.2242 0.3968
vn -0.8593 -0.1716 0.4818
vn -0.6935 0.1951 -0.6935
vn -0.7470 -0.1289 -0.6522
vn -0.8005 0.0000 -0.5994
vn -0.8197 0.5438 0.1800
vn -0.7910 0.6069 0.0771
vn -0.8166 0.5750 0.0516
vn -0.6917 0.7213 0.0361
vn -0.6938 0.1928 -0.6938
vn -0.6837 0.2552 -0.6837
vn -0.7646 0.3129 -0.5635
vn -0.4181 -0.8064 -0.4181
vn -0.5144 -0.7983 -0.3133
vn -0.4425 -0.3020 0.8444
vn -0.4299 -0.2842 0.8570
vn -0.5071 -0.2174 0.8340
vn -0.4747 -0.1548 0.8665
vn -0.8570 -0.2842 0.4299
vn -0.8444 -0.3020 0.4425
vn -0.8243 -0.2311 0.5168
vn -0.7800 -0.2770 0.5611
vn -0.4299 0.2842 0.8570
vn -0.4425 0.3020 0.8444
vn -0.5168 0.2311 0.8243
vn -0.5611 0.2770 0.7800
vn -0.0144 0.8207 0.5712
vn -0.1286 0.8801 0.4571
vn -0.0528 0.9171 0.3951
vn -0.0947 0.9307 0.3533
vn 0.3507 -0.0000 0.9365
vn 0.3454 -0.1176 0.9311
vn 0.4411 -0.1226 0.8890
vn 0.4453 -0.0612 0.8933
vn 0.2875 0.3937 0.8731
vn 0.3402 0.5128 0.7882
vn 0.2779 0.8327 0.4790
vn 0.2130 0.8196 0.5319
vn 0.0878 0.7340 0.6734
vn 0.1726 0.7649 0.6206
vn 0.1387 0.7979 0.5866
vn -0.8426 0.1259 -0.5236
vn -0.8890 0.1226 -0.4411
vn -0.7044 0.6998 -0.1188
vn -0.6529 0.7292 -0.2050
vn -0.5144 0.7982 -0.3133
vn -0.6000 0.7490 -0.2811
vn -0.9588 -0.1653 -0.2311
vn -0.9311 -0.1176 -0.3454
vn -0.8890 -0.1226 -0.4411
vn -0.8933 -0.0612 -0.4453
vn -0.8469 -0.0628 -0.5280
vn -0.1687 0.8932 0.4169
vn -0.2133 0.9484 0.2346
vn -0.5869 0.4069 0.7000
vn -0.6480 0.2187 0.7296
vn -0.6133 0.3069 0.7278
vn -0.6273 0.3114 0.7138
vn -0.7989 -0.0275 0.6008
vn -0.8007 -0.0023 0.5991
vn -0.7531 -0.0011 0.6579
vn -0.7529 0.0000 0.6581
vn -0.8894 -0.3416 -0.3038
vn -0.9259 -0.3218 -0.1981
vn -0.9105 -0.3709 -0.1828
vn -0.9373 -0.3415 -0.0692
vn -0.5406 0.0849 0.8370
vn -0.5446 0.0978 0.8330
vn -0.6088 0.0618 0.7909
vn -0.4682 0.1373 0.8729
vn -0.4626 0.1191 0.8786
vn -0.3716 0.1556 0.9152
vn -0.9744 0.2236 0.0253
vn -0.9373 0.3415 -0.0692
vn -0.2835 0.6377 0.7162
vn -0.0361 0.7213 0.6917
vn -0.1323 0.6641 0.7359
vn -0.1040 0.6366 0.7641
vn -0.6917 -0.7213 0.0361
vn -0.7359 -0.6641 0.1323
vn -0.7641 -0.6366 0.1040
vn -0.7162 -0.6377 0.2835
vn -0.0489 -0.3059 0.9508
vn 0.1462 -0.4636 0.8739
vn 0.0355 -0.4268 0.9036
vn 0.0161 -0.4668 0.8842
vn -0.1926 -0.7117 0.6755
vn -0.2246 -0.7317 0.6435
vn -0.1363 -0.7948 0.5914
vn -0.4206 -0.5828 0.6952
vn -0.9515 -0.2963 -0.0833
vn -0.9701 -0.1942 0.1458
vn 0.0833 0.2963 0.9515
vn -0.1458 0.1942 0.9701
vn -0.7882 -0.5128 -0.3402
vn -0.6650 -0.5853 -0.4639
vn 0.3133 -0.7982 0.5144
vn 0.2779 -0.8327 0.4790
vn 0.3341 -0.8393 0.4288
vn 0.1387 -0.7979 0.5866
vn -0.5963 -0.6941 0.4034
vn -0.6417 -0.6028 0.4742
vn -0.6688 -0.5940 0.4471
vn -0.5079 -0.7072 0.4919
vn -0.5000 -0.7071 0.5000
vn -0.0516 -0.5750 0.8166
vn 0.0516 -0.6245 0.7793
vn 0.1482 -0.6630 0.7338
vn 0.2356 -0.6908 0.6835
vn -0.8406 -0.5409 0.0275
vn -0.8055 -0.5875 -0.0777
vn -0.7616 -0.6237 -0.1760
vn -0.7125 -0.6499 -0.2645
vn -0.8994 0.2023 0.3875
vn -0.8665 0.1548 0.4747
vn -0.8593 0.1716 0.4818
vn -0.7880 0.0696 0.6117
vn -0.8284 0.1103 0.5492
vn -0.8330 0.0978 0.5446
vn 0.2645 -0.6499 0.7125
vn 0.3423 -0.6676 0.6612
vn 0.3701 -0.6230 0.6891
vn 0.4092 -0.6783 0.6103
vn 0.4375 -0.6330 0.6386
vn -0.5482 -0.7610 -0.3471
vn -0.6000 -0.7490 -0.2811
vn -0.6835 -0.6908 -0.2356
vn -0.6315 -0.7096 -0.3126
vn -0.9842 0.1184 0.1317
vn -0.9635 0.0993 0.2486
vn -0.9583 0.1314 0.2539
vn -0.9342 0.0536 0.3527
vn -0.8931 0.0410 0.4480
vn -0.4034 0.6941 0.5963
vn -0.4742 0.6028 0.6417
vn -0.4471 0.5940 0.6688
vn -0.5510 0.6142 0.5649
vn -0.3557 -0.0799 0.9312
vn -0.2420 -0.0083 0.9702
vn -0.2423 0.0000 0.9702
vn -0.7919 0.2670 0.5492
vn -0.7800 0.2770 0.5611
vn -0.7865 0.3620 0.5004
vn -0.7488 0.2096 0.6288
vn -0.7580 0.2039 0.6196
vn -0.7435 0.1287 0.6562
vn -0.7278 -0.3069 0.6133
vn -0.7676 -0.2861 0.5735
vn -0.5417 0.7746 0.3265
vn -0.4422 0.8502 0.2855
vn -0.3760 0.9026 0.2097
vn -0.3343 0.9083 0.2513
vn -0.2672 0.9465 0.1807
vn -0.9958 -0.0914 0.0039
vn -1.0000 0.0000 -0.0000
vn -0.0163 -0.1805 0.9834
vn -0.1553 -0.2305 0.9606
vn -0.0363 -0.2654 0.9634
vn -0.0253 -0.2236 0.9744
vn -0.3722 0.6839 0.6275
vn -0.3949 0.5694 0.7210
vn -0.3122 0.6556 0.6875
vn -0.3418 0.6711 0.6579
vn -0.7210 -0.5694 0.3949
vn -0.6875 -0.6556 0.3122
vn -0.6579 -0.6711 0.3418
vn -0.6275 -0.6839 0.3722
vn 0.5482 0.3715 0.7493
vn 0.6709 0.3161 0.6708
vn -0.0039 0.0914 0.9958
vn 0.0000 -0.0000 1.0000
vn -0.3449 0.8730 -0.3449
vn -0.4419 0.8641 -0.2408
vn -0.4790 0.8327 -0.2779
vn -0.5319 0.8196 -0.2130
vn -0.5319 -0.0436 0.8457
vn -0.6593 -0.0172 0.7517
vn -0.6022 -0.0364 0.7975
vn -0.6008 -0.0275 0.7989
vn -0.6580 0.2219 0.7196
vn -0.6933 0.0654 0.7177
vn -0.6741 0.1381 0.7256
vn -0.6804 0.1401 0.7193
vn 0.6935 0.1951 0.6935
vn -0.5735 -0.2861 0.7676
vn -0.5863 -0.2942 0.7548
vn -0.5334 -0.3844 0.7535
vn -0.6288 -0.2096 0.7488
vn -0.6196 -0.2039 0.7580
vn -0.6562 -0.1287 0.7435
vn -0.8729 -0.1373 0.4682
vn -0.8786 -0.1191 0.4626
vn -0.9152 -0.1556 0.3716
vn -0.8370 -0.0849 0.5406
vn -0.8330 -0.0978 0.5446
vn -0.7909 -0.0618 0.6088
vn -0.6562 0.1287 0.7435
vn -0.6848 0.0609 0.7262
vn -0.6822 0.0590 0.7288
vn -0.6436 0.4142 0.6436
vn -0.6813 0.4112 0.6055
vn -0.7000 0.4069 0.5869
vn -0.7138 0.3114 0.6273
vn -0.0456 0.9979 -0.0456
vn -0.7177 -0.0654 0.6933
vn -0.7256 -0.1381 0.6741
vn -0.7193 -0.1401 0.6804
vn -0.6999 -0.1422 0.6999
vn -0.3599 0.1058 0.9270
vn -0.3652 0.1311 0.9216
vn -0.4577 0.1003 0.8835
vn -0.4504 0.0612 0.8908
vn 0.7012 0.1292 0.7012
vn 0.7056 0.0645 0.7056
vn 0.5935 0.1279 0.7946
vn 0.5979 0.0638 0.7990
vn 0.6567 0.0643 0.7514
vn 0.0001 -0.9998 0.0223
vn -0.0019 -0.9957 0.0928
vn 0.0438 -0.9894 0.1385
vn -0.0101 -0.9815 0.1910
vn 0.2174 -0.9248 0.3121
vn 0.5150 0.6852 0.5150
vn 0.2654 0.9269 0.2654
vn 0.1756 0.9466 0.2704
vn -0.6375 -0.4325 -0.6375
vn -0.7013 -0.3744 -0.6066
vn -0.6734 0.7340 -0.0878
vn -0.6206 0.7649 -0.1726
vn -0.7641 0.6366 0.1040
vn -0.7224 0.6915 0.0054
vn 0.3698 -0.8046 0.4645
vn -0.6163 -0.5900 -0.5216
vn -0.5436 -0.6395 -0.5436
vn -0.6088 -0.0618 0.7909
vn -0.6624 -0.0292 0.7486
vn -0.6638 -0.0330 0.7472
vn -0.5801 0.7209 -0.3791
vn -0.5308 0.7267 -0.4361
vn -0.4845 0.7283 -0.4845
vn 0.4665 -0.6837 0.5612
vn -0.6416 -0.3147 0.6995
vn -0.6707 -0.3168 0.6707
vn -0.4480 0.0410 0.8931
vn -0.4467 0.0000 0.8947
vn -0.4464 0.0051 0.8948
vn -0.2654 -0.9269 -0.2654
vn -0.3525 -0.8996 -0.2578
vn 0.5887 -0.4316 0.6835
vn 0.6554 -0.3753 0.6554
vn -0.1687 -0.8932 0.4169
vn -0.1286 -0.8801 0.4571
vn -0.6633 0.4866 -0.5686
vn 0.0438 0.9894 0.1385
vn -0.0019 0.9957 0.0928
vn -0.0362 0.9976 0.0586
vn 0.0001 0.9998 0.0223
vn -0.0111 0.9999 0.0111
vn -0.7493 -0.3715 -0.5482
vn 0.4453 0.0612 0.8933
vn 0.5280 0.0628 0.8469
vn 0.5236 0.1259 0.8426
vn -0.4180 0.9030 -0.0991
vn -0.6275 0.6839 0.3722
vn -0.0267 -0.9560 0.2923
vn 0.0344 -0.9713 0.2355
vn -0.9516 0.1628 0.2605
vn -0.9270 0.1058 0.3599
vn -0.7946 -0.1279 -0.5935
vn -0.7990 -0.0638 -0.5979
vn -0.7514 -0.0643 -0.6567
vn -0.8426 -0.1259 -0.5236
vn -0.2923 -0.9560 0.0267
vn -0.3951 -0.9171 0.0528
vn 0.5165 -0.1878 0.8354
vn 0.4245 -0.2420 0.8725
vn 0.0456 -0.9979 0.0456
vn 0.0914 -0.9916 0.0914
vn -0.7056 -0.0645 -0.7056
vn -0.2485 0.9661 0.0705
vn -0.2039 0.9722 0.1151
vn -0.1457 0.9878 0.0554
vn -0.3106 0.9406 0.1373
vn -0.7295 0.2546 -0.6348
vn -0.7396 0.1924 -0.6449
vn -0.7470 0.1289 -0.6522
vn -0.0928 -0.9957 0.0019
vn 0.2356 0.6908 0.6835
vn 0.2811 0.7490 0.6000
vn 0.3126 0.7096 0.6315
vn 0.3791 0.7209 0.5801
vn -0.0513 0.8437 0.5344
vn 0.0277 0.8792 0.4757
vn -0.0120 0.8999 0.4360
vn 0.0583 0.9243 0.3772
vn -0.7980 0.3656 -0.4791
vn -0.8456 0.3560 -0.3977
vn -0.9032 0.4182 0.0965
vn -0.9206 0.3824 0.0791
vn -0.8632 0.5048 0.0049
vn -0.9312 -0.0799 0.3557
vn -0.9342 -0.0536 0.3527
vn -0.9673 -0.0666 0.2449
vn -0.8908 -0.0612 0.4504
vn -0.4575 -0.8784 -0.1385
vn -0.5511 -0.8280 -0.1031
vn 0.3615 -0.4626 0.8095
vn 0.4616 -0.4214 0.7806
vn 0.4616 0.4214 0.7806
vn 0.3807 0.4103 0.8287
vn 0.3615 0.4626 0.8095
vn 0.2691 0.4439 0.8547
vn 0.6567 -0.0643 0.7514
vn 0.3495 -0.0587 0.9351
vn 0.1195 -0.1020 0.9876
vn 0.2373 -0.1108 0.9651
vn 0.2412 -0.0553 0.9689
vn -0.5668 0.7857 -0.2479
vn -0.5866 0.7979 -0.1387
vn -0.5358 -0.5055 0.6763
vn -0.5590 -0.5108 0.6531
vn 0.0781 0.9571 0.2791
vn -0.0771 -0.6069 0.7910
vn -0.1040 -0.6366 0.7641
vn -0.0054 -0.6915 0.7224
vn -0.2041 -0.5704 0.7956
vn -0.1800 -0.5438 0.8197
vn -0.2801 -0.4723 0.8357
vn -0.8632 -0.5048 0.0049
vn -0.8842 -0.4668 -0.0161
vn -0.8528 -0.5070 -0.1251
vn -0.9032 -0.4182 0.0965
vn -0.8844 -0.4523 0.1153
vn -0.8919 -0.3929 0.2240
vn -0.0965 0.4182 0.9032
vn -0.1153 0.4523 0.8844
vn -0.2240 0.3929 0.8919
vn 0.0161 0.4668 0.8842
vn -0.8310 -0.3188 0.4559
vn -0.8141 -0.2440 0.5271
vn -0.7690 -0.1040 0.6307
vn -0.7984 -0.1647 0.5792
vn -0.7910 -0.1738 0.5865
vn -0.4559 0.3188 0.8310
vn -0.5271 0.2440 0.8141
vn -0.6307 0.1040 0.7690
vn -0.5792 0.1647 0.7984
vn -0.5865 0.1738 0.7910
vn -0.4180 -0.2652 0.8689
vn -0.4980 -0.2029 0.8431
vn -0.6263 -0.0978 0.7734
vn -0.5723 -0.1549 0.8053
vn -0.5659 -0.1446 0.8117
vn 0.3701 0.6230 0.6891
vn 0.4639 0.5853 0.6650
vn -0.8894 0.3416 -0.3038
vn -0.9515 0.2963 -0.0833
vn -0.9259 0.3218 -0.1981
vn -0.9391 0.2710 -0.2113
vn 0.1981 -0.3218 0.9259
vn 0.3178 -0.2877 0.9035
vn -0.4963 -0.8636 0.0894
vn -0.5914 -0.7948 0.1363
vn -0.0894 0.8636 0.4963
vn -0.1363 0.7948 0.5914
vn -0.7649 0.5609 -0.3169
vn -0.7150 0.5761 -0.3961
vn -0.1016 -0.7731 0.6261
vn -0.0513 -0.8437 0.5344
vn 0.0345 -0.9978 0.0567
vn -0.9689 0.0553 -0.2412
vn -0.9911 0.0509 -0.1230
vn -0.9876 0.1020 -0.1195
vn -0.9999 0.0113 -0.0001
vn 0.2486 0.4921 0.8343
vn 0.1462 0.4636 0.8739
vn -0.7063 0.0673 0.7047
vn -0.7491 0.1246 0.6506
vn -0.7544 0.1201 0.6453
vn -0.7313 0.0568 0.6797
vn 0.1251 -0.5070 0.8528
vn 0.2486 -0.4921 0.8343
vn -0.8119 0.5382 -0.2262
vn -0.8528 0.5070 -0.1251
vn -0.6408 -0.7657 -0.0552
vn -0.7224 -0.6915 0.0054
vn -0.0054 0.6915 0.7224
vn 0.0552 0.7657 0.6408
vn 0.0239 -0.6592 0.7516
vn 0.0878 -0.7340 0.6734
vn -0.8119 -0.5382 -0.2262
vn -0.8300 -0.5483 -0.1022
vn -0.5997 0.0185 0.8000
vn -0.6586 0.0130 0.7524
vn -0.6688 0.0432 0.7422
vn -0.6670 0.0400 0.7440
vn -0.6868 -0.1416 0.7129
vn -0.6963 -0.0663 0.7147
vn -0.6749 -0.0519 0.7360
vn -0.6772 -0.0545 0.7337
vn -0.7422 -0.0432 0.6688
vn -0.7440 -0.0400 0.6670
vn -0.8000 -0.0185 0.5997
vn -0.7524 -0.0130 0.6586
vn -0.9391 -0.2710 -0.2113
vn -0.9501 -0.2188 -0.2224
vn -0.9151 -0.2323 -0.3295
vn -0.9636 -0.2495 -0.0955
vn 0.2113 0.2710 0.9391
vn 0.2224 0.2188 0.9501
vn 0.3295 0.2323 0.9151
vn 0.0955 0.2495 0.9636
vn -0.1151 0.9722 0.2039
vn -0.2097 0.9026 0.3760
vn -0.1373 0.9406 0.3106
vn -0.1807 0.9465 0.2672
vn -0.0275 0.5409 0.8406
vn 0.0777 0.5875 0.8055
vn -0.7793 0.6245 -0.0516
vn -0.7690 0.1040 0.6307
vn -0.7752 0.1902 0.6023
vn -0.7382 0.0492 0.6728
vn -0.7909 0.0618 0.6088
vn -0.7486 0.0292 0.6624
vn -0.7472 0.0330 0.6638
vn -0.5914 0.7948 0.1363
vn -0.6261 0.7731 0.1016
vn -0.6755 0.7117 0.1926
vn -0.5344 0.8437 0.0513
vn -0.5316 0.6594 -0.5316
vn -0.8215 0.4154 0.3907
vn -0.7458 0.5539 0.3700
vn -0.3565 -0.3752 0.8557
vn -0.3408 0.3530 0.8714
vn -0.8714 -0.3530 0.3408
vn -0.0474 0.9978 0.0474
vn -0.1385 0.9894 -0.0438
vn -0.9634 0.2654 0.0363
vn -0.9636 0.2495 -0.0955
vn -0.2513 0.9083 0.3343
vn -0.3619 0.7828 0.5062
vn -0.2855 0.8502 0.4422
vn -0.3248 0.8557 0.4030
vn -0.8933 0.0612 -0.4453
vn -0.9351 0.0587 -0.3495
vn -0.9311 0.1176 -0.3454
vn -0.9651 0.1108 -0.2373
vn -0.6755 -0.7117 0.1926
vn -0.7438 -0.6175 0.2559
vn -0.1926 0.7117 0.6755
vn -0.2559 0.6175 0.7438
vn 0.0692 -0.3415 0.9373
vn -0.0632 -0.3450 0.9365
vn -0.5062 -0.7828 0.3619
vn -0.4422 -0.8502 0.2855
vn -0.4030 -0.8557 0.3248
vn -0.3343 -0.9083 0.2513
vn -0.3981 0.7878 0.4701
vn -0.5018 0.6092 0.6141
vn -0.4352 0.7014 0.5645
vn -0.4676 0.7059 0.5321
vn -0.0253 0.2236 0.9744
vn -0.0163 0.1805 0.9834
vn 0.1057 0.2014 0.9738
vn -0.9744 -0.2236 0.0253
vn -0.9834 -0.1805 0.0163
vn -0.9738 -0.2014 -0.1057
vn -0.3418 -0.6711 0.6579
vn -0.3722 -0.6839 0.6275
vn -0.2916 -0.7633 0.5765
vn -0.7162 0.6377 0.2835
vn -0.6875 0.6556 0.3122
vn -0.6435 0.7317 0.2246
vn 0.0777 -0.5875 0.8055
vn -0.7793 -0.6245 -0.0516
vn -0.9351 -0.0587 -0.3495
vn -0.9365 0.0000 -0.3507
vn -0.9634 -0.2654 0.0363
vn -0.9508 -0.3059 0.0489
vn -0.9496 -0.2657 0.1663
vn -0.0363 0.2654 0.9634
vn -0.0489 0.3059 0.9508
vn -0.1663 0.2657 0.9496
vn -0.3122 -0.6556 0.6875
vn -0.2835 -0.6377 0.7162
vn -0.3700 -0.5539 0.7458
vn -0.9372 0.2996 0.1787
vn -0.9365 0.3450 0.0632
vn -0.9508 0.3059 0.0489
vn -0.4030 0.8557 0.3248
vn -0.1272 -0.0794 0.9887
vn -0.0039 -0.0914 0.9958
vn -0.0007 -0.0456 0.9990
vn 0.1230 -0.0509 0.9911
vn -0.6141 -0.6092 0.5018
vn -0.5645 -0.7014 0.4352
vn -0.5321 -0.7059 0.4676
vn -0.4701 -0.7878 0.3981
vn -0.1800 0.5438 0.8197
vn -0.3011 0.4954 0.8148
vn -0.2041 0.5704 0.7956
vn -0.2294 0.5950 0.7703
vn -0.8148 -0.4954 0.3011
vn -0.7956 -0.5704 0.2041
vn -0.7703 -0.5950 0.2294
vn -0.8197 -0.5438 0.1800
vn -0.1153 -0.4523 0.8844
vn -0.2076 -0.3633 0.9083
vn -0.0965 -0.4182 0.9032
vn -0.0791 -0.3824 0.9206
vn -0.8743 0.4210 0.2415
vn -0.8641 0.4847 0.1356
vn -0.8844 0.4523 0.1153
vn -0.8426 0.5152 0.1571
vn 0.5461 0.5395 0.6409
vn -0.8444 0.3020 0.4425
vn -0.5649 -0.6142 0.5510
vn -0.9887 0.0794 0.1272
vn -0.9958 0.0914 0.0039
vn -0.9990 0.0456 0.0007
vn -0.2240 -0.9485 0.2240
vn -0.2133 -0.9484 0.2346
vn -0.2039 -0.9722 0.1151
vn 0.3507 0.0145 0.9364
vn -0.7956 0.5704 0.2041
vn -0.1571 -0.5152 0.8426
vn -0.8641 -0.4847 0.1356
vn -0.1356 0.4847 0.8641
vn -0.7508 0.0214 0.6601
vn -0.7548 0.2942 0.5863
vn -0.7393 0.2146 0.6382
vn 0.6522 0.1289 0.7470
vn 0.6449 0.1923 0.7396
vn -0.2274 0.9647 -0.1327
vn -0.1834 0.9790 -0.0886
vn -0.0928 0.9957 0.0019
vn 0.2967 0.8710 0.3915
vn 0.2174 0.9248 0.3121
vn -0.2704 -0.9466 -0.1756
vn -0.2274 -0.9647 -0.1327
vn -0.1834 -0.9790 -0.0886
vn 0.6449 -0.1924 0.7396
vn 0.6220 -0.3154 0.7167
vn 0.6348 -0.2546 0.7295
vn -0.8483 0.0155 -0.5293
vn -0.8469 0.0628 -0.5280
vn 0.5686 -0.4866 0.6633
vn 0.5216 -0.5900 0.6163
vn -0.3915 -0.8710 -0.2967
vn -0.4645 -0.8046 -0.3698
vn 0.6220 0.3154 0.7167
vn 0.6066 0.3744 0.7013
vn 0.5887 0.4316 0.6835
vn -0.7013 0.3744 -0.6066
vn -0.7167 0.3154 -0.6220
vn -0.6409 0.5395 -0.5461
vn -0.5897 0.6381 -0.4950
vn -0.3915 0.8710 -0.2967
vn -0.3121 0.9248 -0.2174
vn -0.3525 0.8996 -0.2578
vn -0.3121 -0.9248 -0.2174
vn 0.6066 -0.3744 0.7013
vn -0.4288 0.8393 -0.3341
vn -0.6835 0.4316 -0.5887
vn 0.4665 0.6837 0.5612
vn 0.4361 0.7267 0.5308
vn 0.3471 0.7610 0.5482
vn 0.5293 -0.0155 0.8483
vn 0.5294 -0.0000 0.8484
vn 0.5280 -0.0628 0.8469
vn 0.4341 0.1829 0.8821
vn 0.4245 0.2420 0.8725
vn 0.3178 0.2877 0.9034
vn -0.9312 0.0799 0.3557
vn -0.9244 -0.1755 -0.3387
vn -0.8821 -0.1829 -0.4341
vn 0.0583 -0.9243 0.3772
vn 0.0991 -0.9030 0.4180
vn -0.8130 -0.3079 -0.4941
vn -0.7980 -0.3656 -0.4791
vn -0.4360 0.8999 0.0120
vn -0.4757 0.8792 -0.0277
vn -0.5712 0.8207 0.0144
vn -0.6482 -0.4145 0.6388
vn -0.7609 -0.4752 -0.4419
vn -0.7806 -0.4214 -0.4616
vn 0.1385 -0.8784 0.4574
vn 0.1765 -0.8505 0.4955
vn -0.7150 -0.5761 -0.3961
vn -0.7390 -0.5268 -0.4200
vn 0.2130 -0.8196 0.5319
vn 0.2479 -0.7857 0.5668
vn 0.2479 0.7857 0.5668
vn 0.3126 -0.7096 0.6315
vn 0.2811 -0.7490 0.6000
vn -0.6612 -0.6676 -0.3423
vn -0.6891 -0.6230 -0.3701
vn -0.8729 0.1373 0.4682
vn -0.8405 0.0715 0.5371
vn -0.8835 0.1003 0.4577
vn -0.8875 0.0810 0.4536
vn -0.8233 0.1223 0.5543
vn -0.8431 0.2029 0.4980
vn -0.6995 0.3147 0.6416
vn -0.6742 0.3171 0.6670
vn -0.6889 0.2256 0.6889
vn 0.0345 0.9978 0.0567
vn 0.0456 0.9979 0.0456
vn -0.3260 -0.3294 0.8861
vn -0.3731 0.3960 0.8390
vn -0.8390 -0.3960 0.3731
vn -0.8557 0.3752 0.3565
vn -0.7873 0.1908 -0.5863
vn 0.2578 0.8996 0.3525
vn 0.5461 -0.5395 0.6409
vn -0.4288 -0.8393 -0.3341
vn -0.6163 0.5900 -0.5216
vn -0.6315 0.7096 -0.3126
vn -0.8947 0.0000 0.4467
vn -0.1385 -0.9894 -0.0438
vn 0.6522 -0.1289 0.7470
vn 0.1327 0.9647 0.2274
vn 0.0886 0.9790 0.1834
vn 0.6348 0.2546 0.7295
vn -0.7668 0.1974 0.6108
vn -0.7833 0.1824 0.5942
vn -0.7910 0.1738 0.5865
vn -0.7644 0.1098 0.6353
vn -0.2704 0.9466 -0.1756
vn 0.5686 0.4866 0.6633
vn -0.0112 0.9999 -0.0112
vn -0.0586 0.9976 0.0362
vn 0.0089 0.9999 0.0089
vn -0.0090 0.9999 -0.0090
vn -0.8354 0.1878 -0.5165
vn -0.0112 -0.9999 -0.0112
vn -0.0586 -0.9976 0.0362
vn -0.6846 0.0000 0.7289
vn -0.6984 0.0102 0.7157
vn -0.6979 0.0094 0.7161
vn -0.7256 0.1381 0.6741
vn -0.7318 0.1355 0.6679
vn -0.7206 0.0641 0.6904
vn -0.7296 0.2187 0.6480
vn -0.8485 0.0036 0.5291
vn -0.7528 -0.0158 -0.6581
vn 0.3507 -0.0145 0.9364
vn 0.2542 0.9268 0.2764
vn 0.6959 0.0159 0.7180
vn -0.3559 -0.8729 -0.3337
vn 0.6061 -0.4877 0.6283
vn -0.6620 -0.1323 0.7378
vn -0.6848 -0.0609 0.7262
vn -0.7934 -0.0536 0.6063
vn -0.7486 -0.0292 0.6624
vn -0.6063 0.0536 0.7934
vn -0.6624 0.0292 0.7486
vn -0.7984 0.1647 0.5792
vn -0.8032 0.2559 0.5379
vn -0.6058 0.5406 -0.5837
vn -0.7457 0.0365 0.6653
vn -0.7848 0.0772 0.6149
vn -0.4169 0.8932 0.1687
vn -0.4808 0.8414 0.2470
vn -0.2513 -0.9083 0.3343
vn -0.1807 -0.9465 0.2672
vn -0.7516 0.6592 -0.0239
vn 0.0516 0.6245 0.7793
vn 0.3341 0.8393 0.4288
vn -0.7142 0.0122 0.6998
vn -0.7137 0.0128 0.7004
vn 0.4950 -0.6381 0.5897
vn -0.4986 -0.7671 -0.4038
vn -0.5612 0.6837 -0.4665
vn -0.6998 -0.0122 0.7142
vn -0.7004 -0.0128 0.7137
vn -0.7219 -0.0004 0.6920
vn -0.7289 0.0000 0.6846
vn -0.7157 -0.0102 0.6984
vn -0.7161 -0.0094 0.6979
vn 0.7055 0.0669 0.7055
vn -0.7071 0.0002 0.7071
vn -0.7055 0.0668 -0.7055
vn -0.6862 -0.2259 0.6914
vn -0.5291 0.0036 0.8485
vn -0.5860 -0.6131 0.5299
vn -0.6531 -0.5108 0.5590
vn -0.1458 -0.1942 0.9701
vn -0.2684 -0.1933 0.9437
vn -0.4206 0.5828 0.6952
vn -0.4694 0.4775 0.7428
vn -0.6952 -0.5828 0.4206
vn -0.7428 -0.4775 0.4694
vn 0.6959 -0.0159 0.7180
vn 0.6945 -0.0645 0.7166
vn -0.9606 -0.2305 0.1553
vn -0.9345 -0.2228 0.2777
vn -0.1553 0.2305 0.9606
vn -0.2777 0.2228 0.9345
vn -0.3949 -0.5694 0.7210
vn -0.4485 -0.4644 0.7636
vn -0.9496 0.2657 0.1663
vn -0.9241 0.2512 0.2881
vn -0.7698 0.5363 0.3461
vn -0.8030 0.4333 0.4091
vn -0.1925 -0.3322 0.9234
vn -0.3123 -0.3046 0.8998
vn -0.7928 -0.5168 0.3231
vn -0.8215 -0.4154 0.3907
vn -0.3907 0.4154 0.8215
vn -0.3231 0.5168 0.7928
vn -0.2076 0.3633 0.9083
vn -0.3260 0.3294 0.8861
vn -0.9083 -0.3633 0.2076
vn -0.8861 -0.3294 0.3260
vn -0.3011 -0.4954 0.8148
vn -0.3731 -0.3960 0.8390
vn -0.8919 0.3929 0.2240
vn -0.8714 0.3530 0.3408
vn -0.7180 0.0159 -0.6959
vn -0.7181 0.0000 -0.6959
vn -0.7166 0.0645 -0.6945
vn -0.6581 0.0087 0.7529
vn -0.6960 0.0031 0.7181
vn -0.7119 -0.0144 0.7021
vn -0.7125 -0.0139 0.7015
vn -0.7172 0.0069 0.6969
vn -0.7169 0.0078 0.6972
vn -0.7047 0.0673 0.7063
vn -0.7021 0.0144 0.7119
vn -0.7015 0.0139 0.7125
vn -0.6990 0.4981 0.5131
vn -0.7361 0.3934 0.5508
vn -0.6920 -0.0004 0.7219
vn -0.6969 -0.0069 0.7172
vn -0.6972 -0.0078 0.7169
vn -0.7535 -0.3844 0.5334
vn -0.7212 -0.4887 0.4909
vn -0.4909 0.4887 0.7212
vn -0.5334 0.3844 0.7535
vn -0.3716 -0.1556 0.9152
vn -0.2605 -0.1628 0.9516
vn -0.5590 0.5108 0.6531
vn -0.5299 0.6131 0.5860
vn -0.9914 0.0397 0.1244
vn -0.9673 0.0666 0.2449
vn -0.9437 -0.1933 0.2684
vn -0.9078 -0.1794 0.3791
vn -0.2684 0.1933 0.9437
vn -0.3791 0.1794 0.9078
vn -0.4694 -0.4775 0.7428
vn -0.5166 -0.3739 0.7703
vn -0.9345 0.2228 0.2777
vn -0.1244 -0.0397 0.9914
vn -0.2449 -0.0666 0.9673
vn -0.7837 0.4497 0.4284
vn -0.8020 0.3488 0.4849
vn -0.2997 -0.2785 0.9125
vn -0.4070 -0.2452 0.8799
vn -0.4701 0.3344 0.8168
vn -0.4091 0.4333 0.8030
vn -0.8030 -0.4333 0.4091
vn -0.8168 -0.3344 0.4701
vn -0.3907 -0.4154 0.8215
vn -0.4559 -0.3188 0.8310
vn -0.3123 0.3046 0.8998
vn -0.4180 0.2652 0.8689
vn -0.8998 -0.3046 0.3123
vn -0.8689 -0.2652 0.4180
vn -0.7067 0.0324 -0.7067
vn -0.8861 0.3294 0.3260
vn -0.7382 -0.0492 0.6728
vn -0.7644 -0.1098 0.6353
vn -0.6353 0.1098 0.7644
vn -0.6728 0.0492 0.7382
vn -0.6223 -0.0913 0.7775
vn -0.6707 -0.0463 0.7403
vn -0.7234 0.0626 0.6876
vn -0.7262 0.0609 0.6848
vn -0.7119 0.0144 0.7021
vn -0.7378 0.1323 0.6620
vn -0.6876 -0.0626 0.7234
vn -0.7021 -0.0144 0.7119
vn -0.7498 -0.0254 0.6612
vn -0.7172 -0.0069 0.6969
vn -0.9696 0.0333 0.2426
vn -0.6055 0.4112 0.6813
vn -0.5825 0.5141 0.6296
vn -0.1140 0.9869 -0.1140
vn 0.1140 0.9869 0.1140
vn -0.6979 0.1612 -0.6979
vn 0.6979 0.1612 0.6979
vn -0.2426 -0.0333 0.9696
vn -0.3527 -0.0536 0.9342
vn -0.6296 -0.5141 0.5825
vn -0.6813 -0.4112 0.6055
vn -0.5863 0.2942 0.7548
vn -0.5508 0.3934 0.7361
vn -0.7361 -0.3934 0.5508
vn -0.7548 -0.2942 0.5863
vn -0.4626 -0.1191 0.8786
vn -0.3652 -0.1311 0.9216
vn -0.2021 0.9583 -0.2021
vn 0.6776 0.2859 0.6776
vn 0.2021 0.9583 0.2021
vn -0.6776 0.2859 -0.6776
vn -0.4480 -0.0410 0.8931
vn -0.3508 -0.0268 0.9361
vn -0.6995 -0.3147 0.6416
vn -0.6624 -0.4138 0.6245
vn 0.2947 0.9015 0.3169
vn 0.3337 0.8729 0.3559
vn -0.9078 0.1794 0.3791
vn 0.5591 -0.5912 0.5813
vn 0.5837 -0.5406 0.6058
vn -0.4292 -0.8063 -0.4070
vn -0.3934 -0.8411 -0.3712
vn -0.5813 0.5912 -0.5591
vn -0.5546 0.6394 -0.5325
vn -0.6468 0.4042 -0.6468
vn 0.2858 0.9147 0.2858
vn 0.6468 0.4042 0.6468
vn -0.2858 0.9147 -0.2858
vn -0.3968 -0.2242 0.8901
vn -0.4896 -0.1876 0.8515
vn -0.4849 0.3488 0.8020
vn -0.5379 0.2559 0.8032
vn -0.8020 -0.3488 0.4849
vn -0.8032 -0.2559 0.5379
vn -0.3248 -0.8557 0.4030
vn 0.2412 0.0553 0.9689
vn 0.3495 0.0587 0.9351
vn -0.9689 -0.0553 -0.2412
vn -0.8689 0.2652 0.4180
vn -0.6063 0.5145 -0.6063
vn 0.6063 0.5145 0.6063
vn 0.3638 0.8575 0.3638
vn -0.3638 0.8575 -0.3638
vn 0.7067 0.0324 0.7067
vn 0.5572 0.6157 0.5572
vn -0.4354 0.7879 -0.4354
vn -0.5572 0.6157 -0.5572
vn 0.4354 0.7880 0.4354
vn -0.5000 0.7071 -0.5000
vn 0.5000 0.7071 0.5000
vn -0.3981 -0.7878 0.4701
vn 0.1230 0.0509 0.9911
vn -0.4701 0.7878 0.3981
vn -0.9911 -0.0509 -0.1230
vn -0.7147 -0.0663 0.6963
vn -0.7099 -0.0154 0.7041
vn -0.7179 0.0041 0.6961
vn -0.7517 0.0172 0.6593
vn -0.7524 0.0130 0.6586
vn -0.7989 0.0275 0.6008
vn -0.6963 0.0663 0.7147
vn -0.7041 0.0154 0.7099
vn -0.6961 -0.0041 0.7179
vn -0.6586 -0.0130 0.7524
vn 0.6945 0.0645 0.7166
vn -0.6612 0.0254 0.7498
vn -0.6969 0.0069 0.7172
vn -0.0223 0.9998 -0.0001
vn -0.0223 -0.9998 -0.0001
vn -0.6416 0.3147 0.6995
vn -0.6245 0.4138 0.6624
vn -0.9361 0.0268 0.3508
vn -0.6993 -0.0670 0.7117
vn -0.7048 -0.0156 0.7092
vn -0.7147 0.0663 0.6963
vn -0.7117 0.0670 0.6993
vn -0.7129 0.1416 0.6868
vn -0.7092 0.0156 0.7048
vn -0.7529 -0.0087 0.6581
vn -0.7181 -0.0031 0.6960
vn -0.7180 -0.0159 -0.6959
vn -0.1116 -0.9897 0.0894
vn 0.5993 0.0157 0.8004
vn -0.1116 0.9897 0.0894
vn -0.8004 -0.0157 -0.5993
vn -0.4676 -0.7059 0.5321
vn -0.1704 -0.9741 0.1485
vn -0.0007 0.0456 0.9990
vn -0.1704 0.9741 0.1485
vn -0.8483 -0.0155 -0.5293
vn -0.5321 0.7059 0.4676
vn -0.9990 -0.0456 0.0007
vn -0.1024 -0.9915 -0.0803
vn -0.0567 -0.9978 -0.0345
vn -0.7048 0.1928 -0.6827
vn -0.7122 0.1292 -0.6900
vn 0.6900 -0.1292 0.7122
vn -0.4536 0.0810 0.8875
vn -0.5371 0.0715 0.8405
vn -0.8875 -0.0810 0.4536
vn -0.8405 -0.0715 0.5371
vn -0.6133 -0.3069 0.7278
vn -0.6382 -0.2146 0.7393
vn -0.7415 -0.3011 0.5996
vn -0.7488 -0.2096 0.6288
vn -0.5996 0.3011 0.7415
vn -0.6288 0.2096 0.7488
vn -0.4577 -0.1003 0.8835
vn -0.5406 -0.0849 0.8370
vn 0.4466 -0.0151 0.8946
vn -0.2346 0.9484 0.2133
vn -0.8946 -0.0151 -0.4466
vn -0.4466 -0.0205 0.8945
vn -0.5302 -0.0292 0.8474
vn -0.4747 0.1548 0.8665
vn -0.5543 0.1223 0.8233
vn -0.8665 -0.1548 0.4747
vn -0.8233 -0.1223 0.5543
vn -0.5611 -0.2770 0.7800
vn -0.6023 -0.1902 0.7752
vn -0.2764 -0.9268 -0.2542
vn -0.2346 -0.9486 -0.2124
vn -0.3169 -0.9015 -0.2947
vn 0.3712 -0.8411 0.3934
vn 0.4070 -0.8063 0.4292
vn -0.3934 0.8411 -0.3712
vn -0.4292 0.8063 -0.4070
vn -0.4632 -0.7687 -0.4411
vn 0.4070 0.8063 0.4292
vn 0.4411 0.7687 0.4632
vn 0.0803 0.9915 0.1024
vn 0.3712 0.8411 0.3934
vn -0.1024 0.9915 -0.0803
vn -0.0567 0.9978 -0.0345
vn 0.0803 -0.9915 0.1024
vn -0.6819 -0.3161 -0.6597
vn -0.6664 -0.3752 -0.6443
vn 0.6597 0.3161 0.6819
vn 0.6443 0.3752 0.6664
vn 0.1693 0.9668 0.1915
vn 0.1252 0.9811 0.1474
vn 0.2124 0.9486 0.2346
vn -0.1915 -0.9668 -0.1693
vn -0.1474 -0.9811 -0.1252
vn 0.3337 -0.8729 0.3559
vn 0.2947 -0.9015 0.3169
vn -0.3559 0.8729 -0.3337
vn -0.3169 0.9015 -0.2947
vn 0.2124 -0.9486 0.2346
vn 0.1693 -0.9668 0.1915
vn -0.2346 0.9486 -0.2124
vn -0.1915 0.9668 -0.1693
vn -0.5546 -0.6394 -0.5325
vn -0.5260 -0.6851 -0.5039
vn 0.5039 0.6851 0.5260
vn 0.5325 0.6394 0.5546
vn -0.6485 -0.4325 -0.6264
vn -0.6947 0.2551 -0.6725
vn 0.6725 -0.2551 0.6947
vn 0.6827 -0.1928 0.7048
vn 0.6264 0.4325 0.6485
vn 0.6061 0.4877 0.6283
vn 0.5325 -0.6394 0.5546
vn -0.4632 0.7687 -0.4411
vn 0.4411 -0.7687 0.4632
vn -0.4955 0.7282 -0.4734
vn -0.5260 0.6851 -0.5039
vn 0.4734 -0.7282 0.4955
vn 0.5039 -0.6851 0.5260
vn -0.6819 0.3160 -0.6597
vn -0.7166 -0.0645 -0.6945
vn -0.5813 -0.5912 -0.5591
vn -0.7122 -0.1292 -0.6900
vn -0.7048 -0.1928 -0.6827
vn 0.6827 0.1928 0.7048
vn 0.6900 0.1292 0.7122
vn 0.5837 0.5406 0.6058
vn 0.1252 -0.9811 0.1474
vn -0.1474 0.9811 -0.1252
vn -0.6283 -0.4877 -0.6061
vn 0.5591 0.5912 0.5813
vn 0.6597 -0.3160 0.6819
vn -0.6485 0.4325 -0.6264
vn -0.6664 0.3752 -0.6443
vn -0.6283 0.4877 -0.6061
vn 0.6264 -0.4325 0.6485
vn -0.6058 -0.5406 -0.5837
vn 0.6725 0.2551 0.6947
vn -0.6947 -0.2551 -0.6725
vn 0.6443 -0.3752 0.6664
vn 0.2542 -0.9268 0.2764
vn -0.2764 0.9268 -0.2542
vn 0.4734 0.7282 0.4955
vn -0.4955 -0.7282 -0.4734
vn -0.4818 -0.1716 0.8593
vn -0.5598 -0.1337 0.8177
vn -0.7919 -0.2670 0.5492
vn -0.7833 -0.1824 0.5942
vn -0.5492 0.2670 0.7919
vn -0.5942 0.1824 0.7833
vn -0.2826 -0.9101 0.3031
vn -0.3031 0.9101 0.2826
vn -0.9364 -0.0145 -0.3507
vn -0.8340 -0.2174 0.5071
vn -0.5071 0.2174 0.8340
vn -0.5168 -0.2311 0.8243
vn -0.3542 -0.8573 0.3736
vn 0.2423 0.0136 0.9701
vn -0.3736 0.8573 0.3542
vn -0.9701 -0.0136 -0.2423
vn -0.1244 0.0397 0.9914
vn -0.5860 0.6131 0.5299
vn -0.9914 -0.0397 0.1244
vn -0.8000 0.0185 0.5997
vn -0.8474 0.0292 0.5302
vn -0.6681 0.2243 0.7094
vn -0.6561 0.3167 0.6851
vn -0.4252 -0.7893 0.4430
vn 0.1240 0.0126 0.9922
vn -0.4430 0.7893 0.4252
vn -0.9922 -0.0126 -0.1240
vn -0.7147 -0.0116 0.6993
vn -0.7360 -0.0519 0.6749
vn -0.6749 0.0519 0.7360
vn -0.6993 0.0116 0.7147
vn -0.7152 0.0109 0.6988
vn -0.7403 0.0463 0.6707
vn -0.7422 0.0432 0.6688
vn -0.7775 0.0913 0.6223
vn -0.6688 -0.0432 0.7422
vn -0.6988 -0.0109 0.7152
vn -0.6851 -0.3167 0.6561
vn -0.7094 -0.2243 0.6681
vn -0.5299 -0.6131 0.5860
vn -0.5825 -0.5141 0.6296
vn -0.2426 0.0333 0.9696
vn 0.0001 0.0113 0.9999
vn -0.6296 0.5141 0.5825
vn -0.9696 -0.0333 0.2426
vn -0.5079 0.7072 0.4919
vn -0.9999 -0.0113 -0.0001
vn -0.8434 -0.0577 0.5342
vn -0.7957 -0.0451 0.6041
vn -0.5342 0.0577 0.8434
vn -0.6041 0.0451 0.7957
vn -0.6480 -0.2187 0.7296
vn -0.6679 -0.1355 0.7318
vn -0.6063 -0.0536 0.7934
vn -0.5371 -0.0715 0.8405
vn -0.7934 0.0536 0.6063
vn -0.8370 0.0849 0.5406
vn -0.6620 0.1323 0.7377
vn -0.6382 0.2146 0.7393
vn -0.7393 -0.2146 0.6382
vn -0.7377 -0.1323 0.6620
vn -0.6108 -0.1974 0.7668
vn -0.6453 -0.1201 0.7544
vn -0.8284 -0.1103 0.5492
vn -0.7848 -0.0772 0.6149
vn -0.5492 0.1103 0.8284
vn -0.6149 0.0772 0.7848
vn -0.8945 0.0205 0.4466
vn -0.8484 0.0146 0.5292
vn -0.6784 0.2257 0.6991
vn -0.6868 0.1416 0.7129
vn -0.7813 0.0844 0.6184
vn -0.8177 0.1337 0.5598
vn -0.5543 -0.1223 0.8233
vn -0.6184 -0.0844 0.7813
vn -0.6023 0.1902 0.7752
vn -0.6402 0.1151 0.7596
vn -0.7596 -0.1151 0.6402
vn -0.7752 -0.1902 0.6023
vn -0.5723 0.1549 0.8053
vn -0.8053 -0.1549 0.5723
vn -0.5792 -0.1647 0.7984
vn -0.1237 0.0098 0.9923
vn -0.5649 0.6142 0.5510
vn -0.9923 -0.0098 0.1237
vn -0.6624 0.4138 0.6245
vn -0.9361 -0.0268 0.3508
vn -0.7129 -0.1416 0.6868
vn -0.6991 -0.2257 0.6784
vn -0.5997 -0.0185 0.8000
vn -0.5292 -0.0146 0.8484
vn -0.6958 0.0021 0.7182
vn -0.7085 0.0158 0.7056
vn -0.6245 -0.4138 0.6624
vn -0.3508 0.0268 0.9361
vn -0.6120 0.5149 0.6003
vn -0.9702 -0.0083 0.2420
vn -0.6741 -0.1381 0.7256
vn -0.6904 -0.0641 0.7206
vn -0.7975 -0.0364 0.6022
vn -0.7508 -0.0214 0.6601
vn -0.6022 0.0364 0.7975
vn -0.6601 0.0214 0.7508
vn -0.7318 -0.1355 0.6679
vn -0.7234 -0.0626 0.6876
vn -0.6876 0.0626 0.7234
vn -0.6679 0.1355 0.7318
vn -0.6612 -0.0254 0.7498
vn -0.6041 -0.0451 0.7957
vn -0.6561 -0.3167 0.6851
vn -0.6670 -0.3171 0.6742
vn -0.6784 -0.2257 0.6991
vn -0.7028 -0.0148 0.7112
vn -0.7175 -0.0060 0.6966
vn -0.6506 -0.1246 0.7491
vn -0.6797 -0.0568 0.7313
vn -0.6117 0.0696 0.7880
vn -0.6653 0.0365 0.7457
vn -0.7880 -0.0696 0.6117
vn -0.7457 -0.0365 0.6653
vn -0.6851 0.3167 0.6561
vn -0.6991 0.2257 0.6784
vn -0.6482 0.4145 0.6388
vn -0.8945 -0.0205 0.4466
vn -0.8484 -0.0146 0.5292
vn -0.9366 -0.0067 0.3504
vn -0.6149 -0.0772 0.7848
vn -0.6670 -0.0400 0.7440
vn -0.7337 -0.0545 0.6772
vn -0.7544 -0.1201 0.6453
vn -0.6772 0.0545 0.7337
vn -0.6453 0.1201 0.7544
vn -0.3504 -0.0067 0.9366
vn -0.7064 -0.1425 0.6933
vn -0.7117 -0.0670 0.6993
vn -0.6581 -0.0087 0.7529
vn -0.5991 -0.0092 0.8006
vn -0.6993 0.0670 0.7117
vn -0.6933 0.1425 0.7064
vn -0.7734 -0.0978 0.6263
vn -0.6263 0.0978 0.7734
vn -0.6307 -0.1040 0.7690
vn -0.4466 0.0205 0.8945
vn -0.7092 -0.0156 0.7048
vn -0.7181 0.0031 0.6960
vn -0.7048 0.0156 0.7092
vn -0.6960 -0.0031 0.7181
vn -0.7112 0.0148 0.7028
vn -0.6966 0.0060 0.7175
vn -0.7056 -0.0158 0.7085
vn -0.7182 -0.0021 0.6958
vn -0.6933 -0.1425 0.7064
vn -0.5292 0.0146 0.8484
vn -0.5991 0.0092 0.8006
vn -0.7085 -0.0158 0.7056
vn -0.7086 -0.0675 0.7024
vn -0.7024 0.0675 0.7086
vn -0.7056 0.0158 0.7085
vn -0.7182 0.0021 0.6958
vn -0.7529 0.0087 0.6581
vn -0.7532 0.0044 0.6578
vn -0.8006 0.0092 0.5991
vn -0.7142 -0.0122 0.6998
vn -0.6998 0.0122 0.7142
vn -0.7157 0.0102 0.6984
vn -0.6984 -0.0102 0.7157
vn -0.7517 -0.0172 0.6593
vn -0.7177 -0.0050 0.6963
vn -0.6593 0.0172 0.7517
vn -0.6963 0.0050 0.7177
vn -0.6933 -0.0654 0.7177
vn -0.7035 -0.0151 0.7106
vn -0.7177 0.0654 0.6933
vn -0.7106 0.0151 0.7035
vn -0.7112 -0.0148 0.7028
vn -0.7206 -0.0641 0.6904
vn -0.7028 0.0148 0.7112
vn -0.6904 0.0641 0.7206
vn -0.7175 0.0060 0.6966
vn -0.7498 0.0254 0.6612
vn -0.6966 -0.0060 0.7175
vn -0.6601 -0.0214 0.7508
vn -0.7472 -0.0330 0.6638
vn -0.7165 -0.0086 0.6975
vn -0.6638 0.0330 0.7472
vn -0.6975 0.0086 0.7165
vn -0.6822 -0.0590 0.7288
vn -0.7009 -0.0134 0.7131
vn -0.7288 0.0590 0.6822
vn -0.7131 0.0134 0.7009
vn -0.7313 -0.0568 0.6797
vn -0.7137 -0.0128 0.7004
vn -0.7004 0.0128 0.7137
vn -0.6797 0.0568 0.7313
vn -0.7161 0.0094 0.6979
vn -0.7440 0.0400 0.6670
vn -0.6653 -0.0365 0.7457
vn -0.6979 -0.0094 0.7161
vn -0.7403 -0.0463 0.6707
vn -0.6707 0.0463 0.7403
vn -0.6728 -0.0492 0.7382
vn -0.8007 0.0023 0.5991
vn -0.6578 -0.0044 0.7532
vn -0.6958 -0.0021 0.7182
vn -0.7015 -0.1425 0.6983
vn -0.7064 0.1425 0.6933
vn -0.8006 -0.0092 0.5991
vn -0.6983 0.1425 0.7015
vn -0.6578 0.0044 0.7532
vn -0.6579 0.0011 0.7531
vn -0.6958 0.0010 0.7183
vn -0.7024 -0.0675 0.7086
vn -0.7086 0.0675 0.7024
vn -0.7532 -0.0044 0.6578
vn -0.7077 -0.0159 0.7063
vn -0.7183 0.0010 0.6958
vn -0.7531 0.0011 0.6579
vn -0.7063 -0.0673 0.7047
vn -0.7063 0.0159 0.7077
vn -0.6961 0.0041 0.7179
vn -0.7179 -0.0041 0.6961
vn -0.7099 0.0154 0.7041
vn -0.7041 -0.0154 0.7099
vn -0.7106 -0.0151 0.7035
vn -0.7035 0.0151 0.7106
vn -0.7177 0.0050 0.6963
vn -0.6963 -0.0050 0.7177
vn -0.6972 0.0078 0.7169
vn -0.7169 -0.0078 0.6972
vn -0.7125 0.0139 0.7015
vn -0.7015 -0.0139 0.7125
vn -0.7165 0.0086 0.6975
vn -0.7009 0.0134 0.7131
vn -0.7131 -0.0134 0.7009
vn -0.6975 -0.0086 0.7165
vn -0.7152 -0.0109 0.6988
vn -0.6988 0.0109 0.7152
vn -0.6993 -0.0116 0.7147
vn -0.7147 0.0116 0.6993
vn -0.6958 -0.0010 0.7183
vn -0.7077 0.0159 0.7063
vn -0.7063 -0.0159 0.7077
vn -0.7183 -0.0010 0.6958
vn -0.6920 0.0003 0.7219
vn -0.7072 0.0158 0.7068
vn -0.7219 0.0003 0.6920
# 2034 vertex normals

o Rectangle091
g Rectangle091
f 1//1 2//2 3//3 
f 4//4 5//4 6//5 
f 2//2 1//1 7//6 
f 8//7 9//7 10//7 
f 10//7 11//7 8//7 
f 12//8 13//9 14//10 
f 15//11 6//5 16//12 
f 17//13 18//14 19//15 
f 20//16 21//16 22//16 
f 14//10 23//10 12//8 
f 24//17 25//17 26//17 
f 27//2 22//2 28//2 
f 21//18 29//18 30//18 
f 31//15 19//15 18//14 
f 32//19 33//19 34//19 
f 35//20 36//20 37//20 
f 38//7 39//7 40//7 
f 41//21 42//21 43//21 
f 22//18 27//18 20//18 
f 44//22 45//22 46//22 
f 47//23 48//24 49//25 
f 50//26 51//27 52//27 
f 53//28 54//28 55//29 
f 56//2 57//2 30//2 
f 55//29 58//29 53//28 
f 34//19 59//19 32//19 
f 60//30 61//31 62//32 
f 63//33 64//34 65//34 
f 66//35 67//36 68//36 
f 69//37 70//38 71//39 
f 72//40 73//40 74//40 
f 75//7 76//7 34//7 
f 77//41 78//42 79//43 
f 80//44 81//45 82//45 
f 42//7 41//7 83//7 
f 7//7 1//7 84//7 
f 85//46 86//46 87//46 
f 85//7 88//7 86//7 
f 89//7 90//7 91//7 
f 73//7 72//7 92//7 
f 93//47 94//48 95//49 
f 96//50 97//51 98//52 
f 99//16 100//16 101//16 
f 100//53 99//53 102//53 
f 103//18 104//18 33//18 
f 105//54 106//54 107//54 
f 108//55 109//56 110//56 
f 111//57 112//58 113//59 
f 114//60 115//61 79//43 
f 116//62 117//63 118//64 
f 119//65 120//66 121//67 
f 122//68 123//69 124//70 
f 125//71 126//72 127//72 
f 54//28 53//28 56//28 
f 128//73 129//74 130//74 
f 131//75 132//76 133//77 
f 134//78 135//79 136//80 
f 137//81 138//82 139//83 
f 4//84 140//7 76//7 
f 141//28 142//28 143//28 
f 144//85 49//25 48//24 
f 145//86 146//87 147//88 
f 148//18 149//18 150//18 
f 150//89 149//89 151//89 
f 152//90 153//91 154//92 
f 155//93 156//94 157//95 
f 158//7 159//7 160//7 
f 159//96 158//96 161//96 
f 162//97 163//98 164//98 
f 165//99 166//100 167//101 
f 168//7 88//7 169//7 
f 168//102 169//102 170//102 
f 171//103 172//104 173//105 
f 174//106 175//107 176//108 
f 25//16 24//16 101//16 
f 177//109 37//109 36//109 
f 178//110 179//111 180//112 
f 181//113 182//114 183//115 
f 184//7 185//7 142//7 
f 186//116 187//117 188//117 
f 189//7 190//7 56//7 
f 57//84 56//84 191//84 
f 192//16 193//16 194//16 
f 195//118 194//118 193//118 
f 196//119 197//120 198//121 
f 199//122 200//123 201//124 
f 202//7 203//7 204//125 
f 205//126 206//127 207//128 
f 208//7 209//7 210//7 
f 211//129 212//130 213//130 
f 214//131 215//132 216//133 
f 217//134 218//135 219//136 
f 220//137 183//115 182//114 
f 221//138 222//139 223//140 
f 224//141 225//142 226//143 
f 227//144 228//145 229//145 
f 230//146 65//34 64//34 
f 231//7 232//7 233//7 
f 234//147 235//148 236//149 
f 237//150 238//151 239//152 
f 240//7 241//7 242//7 
f 241//153 240//153 243//153 
f 244//154 245//155 246//156 
f 247//157 248//158 249//159 
f 250//160 251//161 252//162 
f 253//163 254//164 255//165 
f 256//166 176//108 175//107 
f 257//167 258//168 259//169 
f 260//170 261//171 262//171 
f 263//172 264//173 265//174 
f 266//175 267//176 268//177 
f 269//178 270//179 271//180 
f 272//181 273//181 274//181 
f 20//18 273//18 272//18 
f 275//182 276//183 277//184 
f 278//185 279//186 280//186 
f 281//187 282//188 283//189 
f 284//190 285//191 286//191 
f 287//84 288//84 289//84 
f 288//192 287//192 290//192 
f 291//193 292//194 293//195 
f 294//196 295//197 296//198 
f 297//18 20//18 193//18 
f 298//199 299//199 300//199 
f 301//200 302//201 303//202 
f 304//203 305//204 306//204 
f 307//205 308//206 309//206 
f 310//207 311//208 312//209 
f 313//210 314//211 315//212 
f 316//213 317//214 318//215 
f 319//7 88//7 102//7 
f 319//216 102//216 99//216 
f 320//217 321//218 322//219 
f 323//220 324//221 325//222 
f 326//223 327//224 328//225 
f 329//226 330//227 331//228 
f 332//44 333//229 334//229 
f 335//7 336//7 56//7 
f 337//230 338//231 339//232 
f 340//233 341//234 342//235 
f 343//236 344//237 345//237 
f 346//238 347//239 348//240 
f 349//241 350//242 351//243 
f 352//244 353//245 354//246 
f 355//35 356//247 357//247 
f 358//7 359//7 142//7 
f 360//7 361//7 362//7 
f 363//248 364//249 365//249 
f 366//250 367//251 368//252 
f 369//253 370//254 371//255 
f 372//256 373//257 374//258 
f 375//259 376//260 377//261 
f 378//262 379//263 380//263 
f 381//264 382//265 383//266 
f 384//267 385//268 386//269 
f 69//37 387//270 388//271 
f 303//202 389//272 301//200 
f 390//273 391//274 392//275 
f 393//276 394//277 395//278 
f 223//140 396//279 397//280 
f 398//281 399//282 400//283 
f 401//284 213//130 212//130 
f 402//285 403//286 404//287 
f 405//288 406//289 407//290 
f 408//291 409//292 410//293 
f 411//294 412//295 413//296 
f 414//71 415//297 416//297 
f 417//298 418//299 419//300 
f 420//301 421//302 422//303 
f 423//304 424//305 425//306 
f 426//7 427//7 428//7 
f 429//307 430//308 431//308 
f 432//309 433//310 434//311 
f 435//312 436//313 437//314 
f 438//315 439//316 440//317 
f 441//318 442//319 443//320 
f 444//16 445//16 101//16 
f 445//321 444//321 446//321 
f 447//322 448//322 449//322 
f 447//7 88//7 448//7 
f 450//323 451//324 452//325 
f 453//326 454//327 11//84 
f 455//328 456//329 457//329 
f 458//330 459//331 460//332 
f 461//333 462//334 463//335 
f 464//336 139//83 138//82 
f 465//337 173//105 172//104 
f 466//338 467//339 468//340 
f 193//118 39//118 195//118 
f 88//341 195//341 39//341 
f 210//342 469//342 470//342 
f 469//7 210//7 209//7 
f 471//343 472//343 473//343 
f 148//18 472//18 471//18 
f 474//344 475//345 476//346 
f 477//347 478//348 479//349 
f 480//350 481//351 482//352 
f 483//353 484//354 485//355 
f 486//356 487//357 488//358 
f 489//359 490//360 491//361 
f 492//362 493//363 494//364 
f 495//365 496//366 497//367 
f 498//368 499//369 500//370 
f 501//371 502//372 503//373 
f 504//7 505//7 506//7 
f 505//374 504//374 507//374 
f 31//7 508//7 58//7 
f 509//7 510//7 142//7 
f 511//375 512//376 513//377 
f 514//378 515//379 516//380 
f 517//381 518//381 519//381 
f 148//18 518//18 517//18 
f 520//382 521//383 522//384 
f 237//150 523//385 524//386 
f 254//164 253//163 525//387 
f 526//388 527//389 528//390 
f 529//391 530//392 531//393 
f 532//394 533//395 534//396 
f 39//341 38//341 88//341 
f 535//397 536//397 91//397 
f 87//16 537//16 101//16 
f 537//398 87//398 86//398 
f 538//399 539//400 540//401 
f 541//402 542//403 543//404 
f 544//405 545//406 546//407 
f 547//408 548//409 549//410 
f 550//411 551//412 552//412 
f 351//243 553//413 349//241 
f 410//293 554//414 408//291 
f 555//415 556//416 557//417 
f 558//418 559//419 560//420 
f 561//421 562//422 563//423 
f 53//7 58//7 508//7 
f 564//7 565//7 56//7 
f 566//424 567//425 568//426 
f 531//393 569//427 529//391 
f 570//428 571//429 572//430 
f 573//431 574//432 575//433 
f 277//184 576//434 275//182 
f 577//435 578//436 579//437 
f 580//438 413//296 412//295 
f 581//439 582//440 583//441 
f 584//442 585//443 586//444 
f 587//445 436//313 435//312 
f 588//446 589//447 590//448 
f 591//449 442//319 441//318 
f 194//16 101//16 192//16 
f 91//397 592//397 535//397 
f 593//450 594//451 595//452 
f 596//453 597//453 598//454 
f 599//455 246//156 245//155 
f 600//456 601//457 602//458 
f 603//459 604//460 605//461 
f 606//462 607//463 608//464 
f 609//465 610//466 611//467 
f 612//468 583//441 582//440 
f 613//469 614//470 615//471 
f 328//225 616//472 326//223 
f 617//84 618//84 619//84 
f 618//473 617//473 620//473 
f 20//18 621//18 622//18 
f 622//474 621//474 623//474 
f 624//84 625//84 626//84 
f 625//475 624//475 627//475 
f 628//476 629//476 630//476 
f 20//18 299//18 298//18 
f 631//477 632//478 633//479 
f 634//480 635//481 636//482 
f 637//483 638//484 639//485 
f 499//369 498//368 640//486 
f 641//487 642//488 643//489 
f 644//490 645//491 646//492 
f 647//7 648//7 649//7 
f 648//493 647//493 650//493 
f 148//18 651//18 652//18 
f 652//494 651//494 653//494 
f 654//7 655//7 656//7 
f 655//495 654//495 657//495 
f 20//18 658//18 659//18 
f 659//496 658//496 660//496 
f 661//497 662//498 663//499 
f 664//500 665//501 666//502 
f 667//503 52//27 51//27 
f 668//84 669//84 670//84 
f 671//7 672//7 510//7 
f 672//504 671//505 673//505 
f 674//506 675//507 676//507 
f 675//7 674//7 677//7 
f 678//508 679//509 680//509 
f 681//84 682//84 56//84 
f 683//510 684//510 685//510 
f 683//7 88//7 684//7 
f 686//511 687//511 688//511 
f 687//16 686//16 101//16 
f 689//512 690//513 691//513 
f 692//514 693//515 694//516 
f 695//517 696//518 697//519 
f 698//520 699//521 700//522 
f 701//523 702//524 703//525 
f 704//526 705//527 706//528 
f 562//422 561//421 707//529 
f 708//530 709//531 710//532 
f 386//269 711//533 384//267 
f 712//7 10//7 9//7 
f 713//534 714//535 715//536 
f 716//537 717//538 718//539 
f 719//540 720//541 721//542 
f 722//543 723//544 724//545 
f 202//7 725//546 726//547 
f 407//290 727//548 405//288 
f 198//121 728//549 196//119 
f 503//373 729//550 501//371 
f 646//492 730//551 644//490 
f 666//502 731//552 664//500 
f 732//553 733//554 734//555 
f 735//556 736//557 737//558 
f 738//559 479//349 478//348 
f 739//560 740//561 741//562 
f 742//563 743//564 744//565 
f 745//566 746//567 747//568 
f 748//569 749//570 750//571 
f 751//572 752//573 753//574 
f 754//575 755//576 756//577 
f 757//578 758//579 759//580 
f 463//335 760//581 461//333 
f 761//84 203//84 762//84 
f 763//582 764//583 765//584 
f 766//585 767//586 768//587 
f 769//588 770//589 771//590 
f 772//591 773//592 774//593 
f 775//594 776//595 777//596 
f 778//597 779//598 780//599 
f 781//600 782//601 783//602 
f 784//603 785//604 275//182 
f 786//605 787//606 788//607 
f 789//608 790//609 791//610 
f 331//228 792//611 329//226 
f 793//612 794//613 795//614 
f 796//615 797//615 798//615 
f 797//16 796//16 101//16 
f 799//616 800//617 801//618 
f 802//619 803//620 804//621 
f 805//622 806//623 807//624 
f 808//625 809//626 810//627 
f 777//596 811//628 775//594 
f 468//340 467//339 812//629 
f 813//630 605//461 604//460 
f 814//631 95//49 94//48 
f 815//632 816//633 817//634 
f 818//635 819//636 820//636 
f 560//420 821//637 558//418 
f 315//212 822//638 313//210 
f 823//639 824//640 825//641 
f 826//642 827//643 828//644 
f 829//645 830//646 831//647 
f 832//648 833//649 834//650 
f 835//651 324//221 323//220 
f 836//652 837//653 838//654 
f 839//655 259//169 258//168 
f 840//656 841//657 842//658 
f 843//659 844//660 845//661 
f 846//662 847//663 848//664 
f 849//665 850//666 851//667 
f 852//668 853//669 854//670 
f 855//671 856//672 857//673 
f 858//674 859//675 631//477 
f 860//676 861//676 862//676 
f 861//7 860//7 863//7 
f 864//677 865//678 866//679 
f 867//503 868//680 869//680 
f 870//681 201//124 200//123 
f 721//542 871//682 719//540 
f 710//532 872//683 708//530 
f 873//684 98//52 97//51 
f 874//685 875//686 876//687 
f 877//688 878//689 879//690 
f 880//691 881//692 458//330 
f 882//693 883//694 884//695 
f 885//696 886//697 887//698 
f 888//699 889//700 890//701 
f 891//702 892//703 893//704 
f 894//705 895//706 896//707 
f 897//708 898//709 899//710 
f 900//711 901//712 902//713 
f 903//714 904//715 905//716 
f 906//717 907//718 908//719 
f 909//720 910//721 911//722 
f 912//723 913//724 914//725 
f 915//726 916//727 917//728 
f 918//729 919//730 920//731 
f 482//352 921//732 480//350 
f 922//307 923//733 924//733 
f 925//734 926//735 927//735 
f 488//358 928//736 486//356 
f 929//737 930//738 931//738 
f 513//377 932//739 511//375 
f 899//710 933//740 897//708 
f 934//741 935//742 936//743 
f 937//7 938//7 939//7 
f 940//203 691//513 690//513 
f 604//460 603//459 941//744 
f 762//7 942//7 761//7 
f 943//745 944//746 945//747 
f 946//748 947//749 948//750 
f 949//751 950//752 951//753 
f 952//754 953//755 954//756 
f 955//757 956//758 957//759 
f 958//760 959//761 960//762 
f 961//7 962//7 963//7 
f 964//763 229//145 228//145 
f 336//7 965//7 56//7 
f 190//7 189//7 126//7 
f 966//84 967//7 968//7 
f 967//170 966//764 969//764 
f 970//765 971//766 972//766 
f 973//7 974//7 975//7 
f 976//767 977//768 978//768 
f 979//7 980//7 142//7 
f 981//769 982//769 983//769 
f 148//18 982//18 981//18 
f 984//770 978//768 977//768 
f 663//499 985//771 661//497 
f 972//766 986//765 970//765 
f 398//281 987//772 988//773 
f 989//774 990//775 991//776 
f 878//689 877//688 992//777 
f 993//778 994//779 995//780 
f 370//254 369//253 996//781 
f 997//782 446//782 444//782 
f 997//7 88//7 446//7 
f 170//16 998//16 101//16 
f 998//783 170//783 169//783 
f 999//784 685//784 684//784 
f 685//16 999//16 101//16 
f 1000//7 88//7 688//7 
f 1000//785 688//785 687//785 
f 1001//7 88//7 26//7 
f 1001//786 26//786 25//786 
f 449//16 1002//16 101//16 
f 1002//787 449//787 448//787 
f 378//262 1003//262 1004//788 
f 1004//7 1003//7 564//7 
f 598//454 1005//454 596//453 
f 1006//7 1007//7 623//7 
f 162//97 1008//97 1009//789 
f 1010//7 1011//7 142//7 
f 1012//790 1013//791 1014//792 
f 1015//793 1016//794 1017//795 
f 1018//796 1019//797 1020//798 
f 1021//799 1022//800 1023//801 
f 1024//7 88//7 798//7 
f 1024//802 798//802 797//802 
f 1025//803 817//634 816//633 
f 851//667 1026//804 849//665 
f 1027//805 1028//806 1029//807 
f 960//762 1030//808 958//760 
f 1031//809 1032//810 1033//810 
f 595//452 1034//811 593//450 
f 1035//812 969//764 966//764 
f 697//519 1036//813 695//517 
f 1037//814 1038//815 1039//816 
f 1040//817 296//198 295//197 
f 1041//818 1042//819 1043//820 
f 1044//821 207//128 206//127 
f 1045//822 1046//823 1047//824 
f 1048//825 476//346 475//345 
f 546//407 1049//826 544//405 
f 1050//827 1051//828 1052//829 
f 1053//830 876//687 875//686 
f 1054//831 1055//832 1056//833 
f 1057//834 991//776 990//775 
f 1058//835 575//433 574//432 
f 636//482 1059//836 1060//837 
f 1061//838 1062//839 1063//840 
f 1064//841 1065//842 281//187 
f 282//188 281//187 1065//842 
f 1066//843 1067//844 112//58 
f 1068//845 611//467 1069//846 
f 1070//847 563//423 1071//848 
f 1072//849 1073//850 1074//851 
f 1052//829 1075//852 1050//827 
f 783//602 1076//853 781//600 
f 290//192 1077//192 288//192 
f 148//18 106//18 105//18 
f 300//199 1078//199 298//199 
f 1078//7 300//7 1079//7 
f 392//275 1080//854 390//273 
f 1081//855 1082//856 1083//857 
f 806//623 805//622 1084//858 
f 1085//859 1086//860 1087//861 
f 419//300 1088//862 417//298 
f 1089//863 1090//864 1091//865 
f 1092//866 1093//867 1094//868 
f 1095//869 1096//870 1097//871 
f 1098//872 780//599 779//598 
f 568//426 1099//873 566//424 
f 1100//874 750//571 749//570 
f 1101//875 1102//876 1103//877 
f 1104//878 1105//879 1106//880 
f 1107//881 759//580 758//579 
f 1108//882 744//565 743//564 
f 1109//883 1110//884 1111//885 
f 1112//886 1113//887 1114//888 
f 368//252 1115//889 366//250 
f 1091//865 1116//890 1089//863 
f 810//627 1117//891 808//625 
f 639//485 1118//892 637//483 
f 951//753 1119//893 949//751 
f 133//77 1120//894 131//75 
f 1121//895 737//558 736//557 
f 1122//896 1123//897 1124//898 
f 157//95 1125//899 155//93 
f 1126//900 1127//901 1128//902 
f 1129//903 1130//904 825//641 
f 201//124 1131//905 1132//906 
f 154//92 1133//907 1134//908 
f 98//52 1135//909 1136//910 
f 540//401 1137//911 1138//912 
f 1139//913 1140//914 1141//915 
f 1142//916 1143//917 1144//918 
f 1145//919 1146//920 1147//921 
f 1148//922 1149//923 1147//921 
f 700//522 1150//924 1151//925 
f 1152//926 1153//927 1151//925 
f 1154//928 1155//929 1156//930 
f 1157//931 1158//932 813//630 
f 1159//933 1160//934 1161//935 
f 1162//936 579//437 578//436 
f 831//647 1163//937 829//645 
f 1164//938 1165//939 62//32 
f 1166//940 1167//941 1168//942 
f 1169//943 1170//944 1171//945 
f 771//590 1172//946 769//588 
f 1173//947 271//180 270//179 
f 1174//948 936//743 1175//949 
f 1176//950 1177//951 1178//952 
f 394//277 393//276 1179//953 
f 1180//954 497//367 496//366 
f 293//195 1181//955 291//193 
f 1182//956 1183//957 1184//958 
f 1161//935 1185//959 1159//933 
f 1186//960 1187//961 1188//962 
f 1189//963 1190//964 1191//965 
f 1128//902 1192//966 1126//900 
f 312//209 1193//967 310//207 
f 676//507 1194//968 674//506 
f 353//245 352//244 1195//969 
f 167//101 1196//970 165//99 
f 1197//129 1198//971 1199//971 
f 1200//972 1201//973 1202//974 
f 834//650 1203//975 832//648 
f 1204//976 1205//977 1206//978 
f 795//614 525//387 793//612 
f 527//389 526//388 883//694 
f 1083//857 1207//979 1081//855 
f 1208//980 1209//981 1210//982 
f 35//7 88//7 36//7 
f 1211//983 1212//983 1213//983 
f 1214//984 1215//985 1216//986 
f 1217//987 1218//988 1219//989 
f 1220//990 1221//991 1222//992 
f 1223//993 1224//994 1225//995 
f 1226//996 1227//997 1228//998 
f 11//84 10//84 453//326 
f 1229//999 741//562 740//561 
f 1230//1000 1231//1001 1232//1002 
f 1079//7 1233//7 1078//7 
f 1234//1003 280//186 279//186 
f 1235//1004 1236//1005 1237//1006 
f 404//287 1238//1007 402//285 
f 1239//1008 1240//1009 1241//1010 
f 787//606 786//605 1242//1011 
f 1243//1012 1244//1013 1245//1013 
f 1246//1014 1247//1015 1248//1016 
f 1249//1017 848//664 847//663 
f 1250//1018 1251//1019 1252//1020 
f 673//505 1253//504 672//504 
f 995//780 1254//1021 993//778 
f 1255//763 1256//1022 1257//1022 
f 632//478 631//477 859//675 
f 1258//1023 431//308 430//308 
f 1259//1024 485//355 484//354 
f 1260//1025 680//509 679//509 
f 1261//1026 768//587 767//586 
f 1066//843 1262//1027 1263//1028 
f 1028//806 1264//1029 1265//1030 
f 1124//898 1266//1031 1122//896 
f 188//117 1267//116 186//116 
f 1268//1032 734//555 733//554 
f 1269//1033 127//72 126//72 
f 1270//1034 1271//1035 1272//1036 
f 1273//7 1274//7 1275//7 
f 400//283 1276//1037 1277//1038 
f 986//765 1278//1039 1279//1039 
f 978//768 1280//767 976//767 
f 1149//923 1148//922 1281//1040 
f 800//617 799//616 1282//1041 
f 615//471 1283//1042 613//469 
f 790//609 789//608 1284//1043 
f 600//456 1285//1044 1286//1045 
f 1287//1046 334//229 333//229 
f 1288//1047 543//404 542//403 
f 1289//1048 374//258 373//257 
f 1290//1049 357//247 356//247 
f 884//695 1291//1050 882//693 
f 723//544 722//543 1292//1051 
f 1293//1052 531//393 530//392 
f 365//249 1294//248 363//248 
f 693//515 1295//1053 1296//1054 
f 1297//1055 1298//1056 1299//1057 
f 396//279 223//140 222//139 
f 1300//1058 765//584 764//583 
f 879//690 1301//1059 1302//1060 
f 1247//1015 1246//1014 1303//1061 
f 1304//1062 866//679 865//678 
f 276//183 275//182 785//604 
f 936//743 1174//948 934//741 
f 957//759 1305//1063 955//757 
f 1306//1064 996//781 369//253 
f 643//489 1307//1065 641//487 
f 1308//1066 318//215 317//214 
f 1309//1067 1156//930 1155//929 
f 1310//1068 1311//1069 1312//1070 
f 1074//851 1313//1071 1072//849 
f 1314//7 983//7 1315//7 
f 983//769 1314//769 981//769 
f 491//361 1316//1072 489//359 
f 896//707 1317//1073 894//705 
f 377//261 1318//1074 375//259 
f 890//701 1319//1075 888//699 
f 1320//1076 1321//1077 1322//1077 
f 1321//7 1320//84 1323//84 
f 1315//7 1324//7 1314//7 
f 1245//1013 1325//1012 1243//1012 
f 1326//1078 820//636 819//636 
f 1327//84 191//84 56//84 
f 1328//1079 1329//1080 1330//1081 
f 1178//952 1331//1082 1176//950 
f 593//450 1332//1083 1333//1084 
f 854//670 1334//1085 852//668 
f 1335//1086 845//661 844//660 
f 1004//788 1336//788 378//262 
f 842//658 1337//1087 840//656 
f 1338//1088 1339//1089 1340//1090 
f 1341//1091 1342//1092 1343//1093 
f 485//355 1344//1094 483//353 
f 534//396 1345//1095 532//394 
f 904//715 903//714 1346//1096 
f 811//628 1347//1097 1348//1098 
f 180//112 1349//1099 178//110 
f 1350//1100 1351//1101 1352//1102 
f 1351//1101 1350//1100 1353//1103 
f 543//404 1354//1104 541//402 
f 914//725 1355//1105 912//723 
f 917//728 1356//1106 915//726 
f 374//258 1357//1107 372//256 
f 572//430 1358//1108 570//428 
f 1359//1109 1360//1110 1361//1111 
f 1009//789 1362//789 162//97 
f 1363//1112 522//384 521//383 
f 161//96 1364//96 159//96 
f 20//18 1364//18 161//18 
f 148//18 1365//18 620//18 
f 620//473 1365//473 618//473 
f 1366//7 623//7 1007//7 
f 623//474 1366//474 622//474 
f 939//7 107//7 937//7 
f 107//54 939//54 105//54 
f 1056//833 1367//1113 1054//831 
f 1368//1114 1369//1115 1370//1116 
f 670//84 630//84 668//84 
f 630//476 670//476 628//476 
f 242//7 1371//7 240//7 
f 519//381 1372//381 517//381 
f 20//18 1373//18 507//18 
f 507//374 1373//374 505//374 
f 148//18 1374//18 627//18 
f 627//475 1374//475 625//475 
f 1375//1117 1202//974 1201//973 
f 1376//1118 1263//1028 1262//1027 
f 827//643 826//642 1377//1119 
f 803//620 802//619 1378//1120 
f 690//513 304//203 940//203 
f 557//417 1379//1121 555//415 
f 1380//1122 1381//1123 1382//1124 
f 1383//1125 1384//1126 1385//1127 
f 1386//1128 1387//1129 1388//1130 
f 1389//1131 1390//1132 1391//1133 
f 1392//1134 1393//1135 1394//1136 
f 124//70 1395//1137 122//68 
f 1396//1138 1397//1139 1043//820 
f 1398//1140 1399//1141 1400//1142 
f 1401//1143 1402//1144 1047//824 
f 1403//1145 1404//1146 1405//1147 
f 1406//1148 1407//1149 1039//816 
f 1408//1150 1409//1151 1410//1152 
f 633//479 1411//1153 631//477 
f 857//673 1412//1154 855//671 
f 907//718 906//717 1413//1155 
f 1414//1156 1415//1157 1416//1158 
f 747//568 1417//1159 745//566 
f 887//698 1418//1160 885//696 
f 893//704 1419//1161 891//702 
f 756//577 1420//1162 754//575 
f 1343//1093 1421//1163 1341//1091 
f 753//574 1422//1164 751//572 
f 947//749 946//748 1423//1165 
f 988//773 1424//1166 398//281 
f 20//18 45//18 44//18 
f 470//342 1425//342 210//342 
f 428//7 473//7 426//7 
f 473//343 428//343 471//343 
f 274//181 362//181 272//181 
f 362//7 274//7 360//7 
f 148//18 1426//18 243//18 
f 243//153 1426//153 241//153 
f 1114//888 1427//1167 1112//886 
f 216//133 1428//1168 214//131 
f 20//18 1429//18 43//18 
f 43//21 1429//21 41//21 
f 1430//7 46//7 1431//7 
f 46//22 1430//22 44//22 
f 148//18 1432//18 74//18 
f 74//40 1432//40 72//40 
f 233//7 151//7 231//7 
f 151//89 233//89 150//89 
f 1322//1077 1433//1076 1320//1076 
f 1251//1019 1250//1018 1434//1169 
f 1435//1170 1436//1171 1437//1172 
f 496//366 1438//1173 1180//954 
f 1439//1174 1361//1111 1360//1110 
f 236//149 1440//1175 234//147 
f 48//24 1441//1176 144//85 
f 1442//1177 1443//1178 1444//1179 
f 975//7 660//7 973//7 
f 660//496 975//496 659//496 
f 657//495 1445//495 655//495 
f 20//18 1445//18 657//18 
f 653//494 963//494 652//494 
f 963//7 653//7 961//7 
f 650//493 1446//493 648//493 
f 148//18 1446//18 650//18 
f 1447//7 1448//7 142//7 
f 1449//1049 931//738 930//738 
f 1450//84 360//84 274//84 
f 286//191 1451//190 284//190 
f 336//7 335//7 333//7 
f 565//7 564//7 1003//7 
f 927//7 1452//7 1453//7 
f 1452//1046 927//735 926//735 
f 1111//885 1454//1180 1109//883 
f 920//731 1455//1181 918//729 
f 944//746 943//745 1456//1182 
f 425//306 1457//1183 423//304 
f 911//722 1458//1184 909//720 
f 1106//880 1459//1185 1104//878 
f 1103//877 1460//1186 1101//875 
f 1063//840 1461//1187 1061//838 
f 1382//1124 1462//1188 1380//1122 
f 348//240 1463//1189 346//238 
f 265//174 1464//1190 263//172 
f 1388//1130 1465//1191 1386//1128 
f 1466//1192 791//610 1467//1193 
f 1468//1194 1469//1195 711//533 
f 1470//1196 801//618 1471//1197 
f 1472//1198 1473//1199 727//548 
f 1474//1200 1475//1201 760//581 
f 1476//1202 1084//858 1477//1203 
f 1478//1204 1479//1205 1480//1206 
f 1479//1205 1478//1204 1481//1207 
f 1482//1208 1483//1209 1484//1210 
f 1483//1209 1482//1208 1485//1211 
f 694//516 1486//1212 692//514 
f 1487//1213 1488//1214 1489//1215 
f 258//168 1490//1216 1491//1217 
f 842//658 549//410 548//409 
f 112//58 111//57 1066//843 
f 1492//1218 1029//807 1028//806 
f 607//463 606//462 1493//1219 
f 1167//941 1166//940 1494//1220 
f 1495//1221 1493//1219 606//462 
f 1496//1222 1497//1223 1498//1224 
f 1499//1225 1500//1226 1501//1227 
f 1500//1226 1499//1225 1502//1228 
f 537//16 1503//16 101//16 
f 1503//1229 537//1229 1504//1229 
f 1504//7 88//7 319//7 
f 1504//1229 319//1229 1503//1229 
f 468//340 1505//1230 466//338 
f 715//536 1506//1231 713//534 
f 249//159 434//311 247//157 
f 435//312 1507//1232 587//445 
f 323//220 1508//1233 835//651 
f 147//88 838//654 145//86 
f 441//318 1509//1234 591//449 
f 268//177 440//317 266//175 
f 1510//1235 408//291 554//414 
f 412//295 411//294 1511//1236 
f 779//598 1512//1237 1098//872 
f 1416//1158 1513//1238 1414//1156 
f 1489//1215 1514//1239 1487//1213 
f 1515//1240 1516//1241 1517//1242 
f 1518//1243 1519//1244 1520//1245 
f 1437//1172 1521//1246 1435//1170 
f 252//162 1522//1247 250//160 
f 758//579 1523//1248 1107//881 
f 226//143 1524//1249 224//141 
f 749//570 1525//1250 1100//874 
f 516//380 1526//1251 514//378 
f 743//564 1527//1252 1108//882 
f 1213//983 177//983 1211//983 
f 37//16 177//16 101//16 
f 1528//1253 1529//1254 1530//1255 
f 383//266 1531//1256 381//264 
f 20//18 1532//18 862//18 
f 862//676 1532//676 860//676 
f 1228//998 477//347 1226//996 
f 711//533 386//269 1468//1194 
f 760//581 463//335 1474//1200 
f 774//593 269//178 772//591 
f 1272//1036 244//154 1270//1034 
f 727//548 407//290 1472//1198 
f 1517//1242 1533//1257 1515//1240 
f 1534//1258 1535//1259 1536//1260 
f 1537//1261 1538//1262 1539//1263 
f 1538//1262 1537//1261 1119//893 
f 1540//1264 1541//1265 1542//1266 
f 1541//1265 1540//1264 1117//891 
f 1543//1267 1544//1268 1545//1269 
f 1544//1268 1543//1267 1115//889 
f 1546//1270 1547//1271 1548//1272 
f 1547//1271 1546//1270 1506//1231 
f 1133//907 154//92 1549//1273 
f 1549//1273 154//92 153//91 
f 1137//911 540//401 1550//1274 
f 1550//1274 540//401 539//400 
f 1551//1275 1071//848 563//423 
f 1552//1276 558//418 821//637 
f 1553//1277 1554//1278 1555//1279 
f 440//317 268//177 438//315 
f 1556//1280 1557//1281 1558//1282 
f 838//654 147//88 836//652 
f 434//311 249//159 432//309 
f 1559//1283 1560//1284 1561//1285 
f 1348//1098 775//594 811//628 
f 1562//1286 1563//1287 1564//1288 
f 1565//1289 1175//949 936//743 
f 121//67 577//435 119//65 
f 1566//1290 1567//1291 1568//1292 
f 1370//1116 1569//1293 1368//1114 
f 1570//1294 1571//1295 1572//1296 
f 1530//1255 1573//1297 1528//1253 
f 1574//1298 325//222 324//221 
f 1575//1299 1576//1300 1577//1301 
f 1578//1302 1579//1303 1580//1304 
f 1581//1305 443//320 442//319 
f 1582//1306 437//314 436//313 
f 1583//1307 1584//1308 1585//1309 
f 1586//1310 1587//1311 1588//1312 
f 1589//1313 812//629 467//339 
f 1412//1154 857//673 1590//1314 
f 1591//146 307//205 1592//205 
f 1039//816 1038//815 1406//1148 
f 296//198 742//563 294//196 
f 1043//820 1042//819 1396//1138 
f 207//128 757//578 205//126 
f 1047//824 1046//823 1401//1143 
f 476//346 748//569 474//344 
f 421//302 777//596 776//595 
f 136//80 135//79 1593//1315 
f 1127//901 328//225 327//224 
f 78//42 77//41 1594//1316 
f 1595//1317 1596//1318 1597//1319 
f 494//364 1154//928 492//362 
f 253//163 1598//1320 1599//1321 
f 459//331 458//330 881//692 
f 744//565 294//196 742//563 
f 830//646 293//195 292//194 
f 750//571 474//344 748//569 
f 391//274 1161//935 1160//934 
f 327//224 1128//902 1127//901 
f 759//580 205//126 757//578 
f 1598//1320 219//136 218//135 
f 1600//1322 383//266 382//265 
f 502//372 1053//830 1601//1323 
f 992//777 500//370 878//689 
f 1264//1029 1028//806 1027//805 
f 467//339 466//338 1602//1324 
f 436//313 587//445 1603//1325 
f 1131//905 201//124 870//681 
f 442//319 591//449 1604//1326 
f 1135//909 98//52 873//684 
f 324//221 835//651 1605//1327 
f 1490//1216 258//168 257//167 
f 1606//1328 941//744 603//459 
f 1087//861 137//81 1085//859 
f 1170//944 1169//943 1607//1329 
f 901//712 900//711 1608//1330 
f 1248//1016 1609//1331 1246//1014 
f 553//413 351//243 1610//1332 
f 1165//939 1164//938 166//100 
f 292//194 831//647 830//646 
f 1160//934 392//275 391//274 
f 176//108 1162//936 174//106 
f 865//678 864//677 1611//1333 
f 1511//1236 1612//1334 412//295 
f 1613//1335 1511//1236 411//294 
f 279//186 1614//1003 1234//1003 
f 480//350 921//732 1615//1336 
f 484//354 1616//1337 1259//1024 
f 486//356 1617//1338 1618//1339 
f 1619//1340 491//361 490//360 
f 1620//1341 377//261 376//260 
f 511//375 1621//1342 1622//1343 
f 182//114 1623//1344 220//137 
f 1065//842 1064//841 1624//1345 
f 373//257 1625//1346 1289//1048 
f 661//497 985//771 1626//1347 
f 542//403 1627//1348 1288//1047 
f 695//517 1036//813 1628//1349 
f 1629//1350 1630//1351 1193//967 
f 571//429 570//428 1631//1352 
f 338//231 337//230 714//535 
f 898//709 897//708 1231//1001 
f 1193//967 312//209 1629//1350 
f 1194//968 550//411 1632//411 
f 534//396 1633//1353 1634//1354 
f 1332//1083 593//450 1034//811 
f 530//392 1635//1355 1293//1052 
f 988//773 987//772 1636//1356 
f 819//636 1637//1078 1326//1078 
f 1312//1070 1025//803 1310//1068 
f 1201//973 1200//972 1638//1357 
f 1639//1358 1640//1359 582//440 
f 51//27 867//503 667//503 
f 582//440 581//439 1639//1358 
f 543//404 1288//1047 1641//1360 
f 1617//1338 486//356 928//736 
f 1621//1342 511//375 932//739 
f 374//258 1289//1048 1642//1361 
f 1022//800 1021//799 267//176 
f 809//626 808//625 1019//797 
f 950//752 949//751 1240//1009 
f 953//755 952//754 146//87 
f 367//251 366//250 1016//794 
f 1013//791 1012//790 248//158 
f 611//467 1068//845 609//465 
f 1638//1357 1643//1362 1201//973 
f 1633//1353 534//396 533//395 
f 531//393 1293//1052 1644//1363 
f 776//595 422//303 421//302 
f 317//214 778//597 1308//1066 
f 135//79 134//78 1505//1230 
f 714//535 713//534 338//231 
f 248//158 247//157 1013//791 
f 1038//815 1037//814 1507//1232 
f 1046//823 1045//822 1508//1233 
f 146//87 145//86 953//755 
f 1042//819 1041//818 1509//1234 
f 267//176 266//175 1022//800 
f 1645//16 797//16 101//16 
f 797//802 1645//802 1024//802 
f 1163//937 834//650 833//649 
f 1285//1044 62//32 61//31 
f 1646//1364 1647//1365 1340//1090 
f 1648//1366 1340//1090 1647//1365 
f 923//733 227//144 1649//144 
f 1059//836 636//482 635//481 
f 1150//924 700//522 699//521 
f 969//764 260//170 967//170 
f 1650//1367 1651//1368 876//687 
f 1652//1369 1056//833 1055//832 
f 794//613 793//612 1130//904 
f 528//390 828//644 526//388 
f 640//486 1195//969 499//369 
f 729//550 503//373 1196//970 
f 1653//1370 1654//1371 1484//1210 
f 1655//1372 1484//1210 1654//1371 
f 1155//929 1656//1373 1309//1067 
f 95//49 495//365 93//47 
f 1071//848 1657//1374 1070//847 
f 1658//1375 1072//849 1313//1071 
f 1659//1376 1660//1377 214//131 
f 215//132 214//131 1660//1377 
f 1661//1378 1662//1379 417//298 
f 418//299 417//298 1662//1379 
f 1663//1380 1664//1381 1502//1228 
f 1665//1382 1502//1228 1664//1381 
f 1283//1042 615//471 1666//1383 
f 616//472 769//588 1172//946 
f 1120//894 133//77 1667//1384 
f 1668//1385 1667//1384 133//77 
f 1669//1386 1670//1387 157//95 
f 1125//899 157//95 1670//1387 
f 264//173 263//172 1671//1388 
f 1672//1389 1671//1388 263//172 
f 1673//1390 1674//1391 346//238 
f 347//239 346//238 1674//1391 
f 1062//839 1675//1392 1060//837 
f 1339//1089 1338//1088 840//656 
f 1145//919 1134//908 1676//1393 
f 1677//1394 1676//1393 1134//908 
f 1152//926 1138//912 1678//1395 
f 1679//1396 1678//1395 1138//912 
f 707//529 1179//953 562//422 
f 559//419 1180//954 1438//1173 
f 295//197 599//455 1040//817 
f 833//649 829//645 1163//937 
f 206//127 1173//947 1044//821 
f 1172//946 326//223 616//472 
f 475//345 738//559 1048//825 
f 1082//856 390//273 1080//854 
f 1680//1397 1144//918 1143//917 
f 1681//1398 1682//1399 1683//1400 
f 1684//1401 1141//915 1140//914 
f 1685//1402 608//464 607//463 
f 798//615 85//615 796//615 
f 798//7 88//7 85//7 
f 686//16 37//16 101//16 
f 37//20 686//20 35//20 
f 36//109 1211//109 177//109 
f 36//7 88//7 1211//7 
f 687//785 1002//785 1000//785 
f 1002//16 687//16 101//16 
f 688//7 88//7 35//7 
f 688//511 35//511 686//511 
f 102//53 683//53 100//53 
f 102//7 88//7 683//7 
f 99//216 1503//216 319//216 
f 1503//16 99//16 101//16 
f 86//7 88//7 1504//7 
f 86//398 1504//398 537//398 
f 87//46 796//46 85//46 
f 796//18 87//18 101//18 
f 684//784 997//784 999//784 
f 684//7 88//7 997//7 
f 100//16 685//16 101//16 
f 685//510 100//510 683//510 
f 449//322 24//322 447//322 
f 24//16 449//16 101//16 
f 998//16 25//16 101//16 
f 25//786 998//786 1001//786 
f 26//17 447//17 24//17 
f 26//7 88//7 447//7 
f 999//16 444//16 101//16 
f 444//782 999//782 997//782 
f 446//7 88//7 168//7 
f 446//321 168//321 445//321 
f 448//7 88//7 1000//7 
f 448//787 1000//787 1002//787 
f 169//783 1001//783 998//783 
f 169//7 88//7 1001//7 
f 170//102 445//102 168//102 
f 445//16 170//16 101//16 
f 1686//185 869//680 868//680 
f 160//7 1687//7 158//7 
f 1688//7 457//7 1689//7 
f 457//329 1688//328 455//328 
f 1690//635 130//74 129//74 
f 1691//84 1692//84 56//84 
f 552//412 1632//411 550//411 
f 619//84 1693//84 617//84 
f 578//436 174//106 1162//936 
f 933//740 899//710 935//742 
f 626//84 1694//84 624//84 
f 1695//1023 306//204 305//204 
f 702//524 701//523 1696//1403 
f 1697//1404 47//23 1698//1405 
f 1699//1406 1296//1054 1295//1053 
f 1700//1407 689//512 1701//512 
f 1080//854 1083//857 1082//856 
f 740//561 256//166 1229//999 
f 395//278 1352//1102 393//276 
f 497//367 93//47 495//365 
f 354//246 788//607 352//244 
f 166//100 165//99 1165//939 
f 510//7 509//7 671//7 
f 185//7 184//7 186//7 
f 118//64 1702//62 116//62 
f 1702//7 118//7 1703//7 
f 1704//26 1199//971 1198//971 
f 209//7 1705//7 469//7 
f 1592//84 309//7 1371//7 
f 309//206 1592//205 307//205 
f 1706//84 1707//84 56//84 
f 1708//1025 416//297 415//297 
f 110//56 1709//55 108//55 
f 83//7 1710//7 42//7 
f 1711//7 979//7 142//7 
f 1712//770 68//36 67//36 
f 1713//812 82//45 81//45 
f 82//7 1713//7 1714//7 
f 92//7 1715//7 73//7 
f 1649//144 924//733 923//733 
f 437//314 1716//1408 435//312 
f 1716//1408 1406//1148 1038//815 
f 1717//1409 1401//1143 1046//823 
f 325//222 1717//1409 323//220 
f 1718//1410 1396//1138 1042//819 
f 443//320 1718//1410 441//318 
f 1719//1411 1593//1315 135//79 
f 812//629 1719//1411 468//340 
f 1231//1001 1230//1000 898//709 
f 175//107 1229//999 256//166 
f 345//237 1720//236 343//236 
f 1721//84 1722//84 142//84 
f 656//7 1723//7 654//7 
f 1724//284 1279//1039 1278//1039 
f 649//7 1725//7 647//7 
f 1726//33 1257//1022 1256//1022 
f 1727//1033 262//171 261//171 
f 262//7 1727//7 1728//7 
f 219//136 846//662 217//134 
f 845//661 1600//1322 843//659 
f 1303//1061 1302//1060 1247//1015 
f 523//385 237//150 1651//1368 
f 1729//1412 1333//1084 1334//1085 
f 1005//454 598//454 1031//809 
f 431//308 922//307 429//307 
f 1615//1336 1730//1413 480//350 
f 1626//1347 1731//1414 661//497 
f 67//36 984//770 1712//770 
f 1628//1349 1732//1415 695//517 
f 81//45 1035//812 1713//812 
f 1224//994 1223//993 1221//991 
f 807//624 1353//1103 805//622 
f 1093//867 1092//866 1096//870 
f 1284//1043 1242//1011 790//609 
f 1218//988 1217//987 1215//985 
f 1282//1041 804//621 800//617 
f 109//56 972//766 971//766 
f 1636//1356 1733//1416 988//773 
f 49//25 1698//1405 47//23 
f 1207//979 1210//982 1209//981 
f 385//268 384//267 321//218 
f 1096//870 1095//869 1093//867 
f 462//334 461//333 589//447 
f 1221//991 1220//990 1224//994 
f 1215//985 1214//984 1218//988 
f 406//289 405//288 585//443 
f 245//155 1040//817 599//455 
f 1407//1149 1410//1152 1409//1151 
f 1397//1139 1400//1142 1399//1141 
f 270//179 1044//821 1173//947 
f 478//348 1048//825 738//559 
f 1402//1144 1405//1147 1404//1146 
f 770//589 1237//1006 1236//1005 
f 614//470 613//469 1238//1007 
f 601//457 600//456 387//270 
f 1203//975 1206//978 1205//977 
f 1276//1037 400//283 399//282 
f 1734//1417 1069//846 611//467 
f 551//412 1243//1012 1325//1012 
f 1609//1331 1610//1332 351//243 
f 1251//1019 641//487 1307//1065 
f 456//329 1322//1077 1321//1077 
f 94//48 1735//1418 814//631 
f 1353//1103 807//624 1351//1101 
f 1612//1334 1611//1333 864//677 
f 868//680 278//185 1686//185 
f 817//634 763//582 815//632 
f 129//74 818//635 1690//635 
f 1331//1082 1178//952 1329//1080 
f 409//292 781//600 1076//853 
f 1071//848 1551//1275 1073//850 
f 183//115 1552//1276 181//113 
f 1026//804 220//137 1623//1344 
f 1313//1071 1074//851 1311//1069 
f 844//660 1736//1419 1335//1086 
f 491//361 1619//1340 1736//1419 
f 377//261 1620//1341 1737//1420 
f 521//383 1737//1420 1363//1112 
f 1253//504 455//328 1688//328 
f 642//488 995//780 994//779 
f 782//601 121//67 120//66 
f 1175//949 1565//1289 1177//951 
f 764//583 1261//1026 1300//1058 
f 680//509 128//73 678//508 
f 485//355 1259//1024 1738//1421 
f 1379//1121 1738//1421 1739//1422 
f 1610//1332 1740//1423 553//413 
f 1740//1423 1629//1350 312//209 
f 490//360 1618//1339 1619//1340 
f 379//263 925//734 1741//734 
f 376//260 1622//1343 1620//1341 
f 163//98 929//737 1742//737 
f 1443//1178 1442//1177 1743//1424 
f 1744//1425 1745//1426 1746//1427 
f 1747//1428 1639//1358 581//439 
f 1611//1333 1747//1428 865//678 
f 1254//1021 646//492 645//491 
f 117//63 673//505 671//505 
f 308//206 676//507 675//507 
f 1630//1351 1631//1352 570//428 
f 415//297 1260//1025 1708//1025 
f 768//587 735//556 766//585 
f 1640//1359 1638//1357 1200//972 
f 1198//971 50//26 1704//26 
f 1032//810 284//190 1451//190 
f 1034//811 1634//1354 1332//1083 
f 1748//1429 1590//1314 857//673 
f 1631//1352 1748//1429 571//429 
f 730//551 1124//898 1123//897 
f 1267//116 116//62 1702//62 
f 928//736 1641//1360 1617//1338 
f 926//735 1287//1046 1452//1046 
f 64//34 1591//146 230//146 
f 1590//1314 858//674 1412//1154 
f 736//557 1268//1032 1121//895 
f 127//72 414//71 125//71 
f 930//738 1290//1049 1449//1049 
f 932//739 1642//1361 1621//1342 
f 1643//1362 609//465 1068//845 
f 213//130 1197//129 211//129 
f 1266//1031 664//500 731//552 
f 344//237 188//117 187//117 
f 228//145 1255//763 964//763 
f 1647//1365 634//480 1648//1366 
f 1278//1039 401//284 1724//284 
f 610//466 1277//1038 1276//1037 
f 734//555 698//520 732//553 
f 261//171 1269//1033 1727//1033 
f 859//675 1646//1364 632//478 
f 1256//1022 63//33 1726//33 
f 665//501 1281//1040 1148//922 
f 1280//767 343//236 1720//236 
f 285//191 365//249 364//249 
f 533//395 1644//1363 1633//1353 
f 1614//1003 1749//1430 1750//1430 
f 1751//1431 1613//1335 1330//1081 
f 288//7 91//7 90//7 
f 91//1432 288//1432 1077//1432 
f 20//18 298//18 193//18 
f 193//1433 298//1433 1078//1433 
f 1334//1085 854//670 1729//1412 
f 1752//1434 1729//1412 854//670 
f 1753//1435 1754//1435 1336//788 
f 845//661 1335//1086 1755//1436 
f 70//38 69//37 1275//1437 
f 1756//1438 1757//1439 1469//1195 
f 1060//837 1063//840 1062//839 
f 545//406 482//352 481//351 
f 555//415 1739//1422 1295//1053 
f 1739//1422 555//415 1379//1121 
f 246//156 1270//1034 244//154 
f 1205//977 832//648 1203//975 
f 479//349 1226//996 477//347 
f 1209//981 1081//855 1207//979 
f 1236//1005 771//590 770//589 
f 271//180 772//591 269//178 
f 1147//921 152//90 1145//919 
f 919//730 663//499 662//498 
f 1151//925 538//399 1152//926 
f 910//721 697//519 696//518 
f 1758//1440 1759//1441 1760//1442 
f 1759//1441 1758//1440 1761//1443 
f 78//42 825//641 824//640 
f 1377//1119 1378//1120 827//643 
f 1762//1444 814//631 1735//1418 
f 605//461 813//630 1158//932 
f 1637//1078 1763//6 7//6 
f 1764//1445 1312//1070 1311//1069 
f 222//139 221//138 816//633 
f 1311//1069 1310//1068 1313//1071 
f 996//781 1306//1064 1307//1065 
f 460//332 1252//1020 458//330 
f 556//416 1052//829 1051//828 
f 1488//1214 692//514 1486//1212 
f 1316//1072 894//705 1317//1073 
f 382//265 843//659 1600//1322 
f 1654//1371 1653//1370 350//242 
f 1302//1060 1303//1061 879//690 
f 1318//1074 888//699 1319//1075 
f 1055//832 520//382 1652//1369 
f 785//604 784//603 413//296 
f 1329//1080 1328//1079 1331//1082 
f 502//372 501//371 1765//1446 
f 1367//1113 1370//1116 1369//1115 
f 281//187 1752//1434 1064//841 
f 594//451 908//719 907//718 
f 305//204 1258//1023 1695//1023 
f 1259//1024 1616//1337 1766//1447 
f 1741//734 380//263 379//263 
f 380//7 1741//84 1767//84 
f 1768//84 1447//84 142//84 
f 1742//737 164//98 163//98 
f 1033//810 1769//809 1031//809 
f 1007//7 1770//7 1366//7 
f 1660//1377 1659//1376 994//779 
f 1307//1065 643//489 996//781 
f 1662//1379 1661//1378 765//584 
f 816//633 815//632 222//139 
f 350//242 349//241 1654//1371 
f 990//775 989//774 311//208 
f 413//296 580//438 785//604 
f 1664//1381 1663//1380 866//679 
f 1319//1075 375//259 1318//1074 
f 512//376 887//698 886//697 
f 1344//1094 1343//1093 1342//1092 
f 1051//828 557//417 556//416 
f 487//357 893//704 892//703 
f 1317//1073 489//359 1316//1072 
f 881//692 880//691 1291//1050 
f 371//255 1292//1051 369//253 
f 1072//849 1658//1375 1657//1374 
f 397//280 1480//1206 223//140 
f 1771//1448 239//152 238//151 
f 1244//1013 5//4 4//4 
f 1345//1095 1346//1096 903//714 
f 907//718 595//452 594//451 
f 334//229 80//44 332//44 
f 1288//1047 1627//1348 1772//1449 
f 1289//1048 1625//1346 1773//1450 
f 357//247 66//35 355//35 
f 1667//1384 1668//1385 767//586 
f 765//584 1300//1058 1662//1379 
f 1670//1387 1669//1386 645//491 
f 994//779 993//778 1660//1377 
f 1774//1451 1219//989 1775//1452 
f 1219//989 1774//1451 1217//987 
f 1225//995 1776//1453 1223//993 
f 1776//1453 1225//995 1777//1454 
f 1778//1455 1094//868 1779//1456 
f 1094//868 1778//1455 1092//866 
f 866//679 1304//1062 1664//1381 
f 172//104 171//103 583//441 
f 311//208 310//207 990//775 
f 1360//1110 1359//1109 1358//1108 
f 481//351 546//407 545//406 
f 1342//1092 483//353 1344//1094 
f 1354//1104 912//723 1355//1105 
f 892//703 488//358 487//357 
f 1357//1107 915//726 1356//1106 
f 886//697 513//377 512//376 
f 1780//1457 452//325 451//324 
f 1745//1426 1744//1425 1781//1458 
f 1293//1052 1635//1355 1782//1459 
f 1294//248 108//55 1709//55 
f 903//714 532//394 1345//1095 
f 569//427 945//747 944//746 
f 1075//852 303//202 302//201 
f 1516//1241 1487//1213 1514//1239 
f 895//706 331//228 330//227 
f 1529//1254 381//264 1531//1256 
f 1521//1246 1520//1245 1519//1244 
f 282//188 315//212 314//211 
f 889//700 198//121 197//120 
f 1369//1115 1054//831 1367//1113 
f 1671//1388 1672//1389 737//558 
f 767//586 766//585 1667//1384 
f 645//491 644//490 1670//1387 
f 1674//1391 1673//1390 1123//897 
f 1399//1141 1043//820 1397//1139 
f 589//447 588//446 462//334 
f 321//218 320//217 385//268 
f 1404//1146 1047//824 1402//1144 
f 585//443 584//442 406//289 
f 1409//1151 1039//816 1407//1149 
f 575//433 1058//835 856//672 
f 1358//1108 572//430 1360//1110 
f 1356//1106 372//256 1357//1107 
f 662//498 920//731 919//730 
f 583//441 612//468 172//104 
f 1263//1028 1376//1118 1202//974 
f 1355//1105 541//402 1354//1104 
f 696//518 911//722 910//721 
f 944//746 529//391 569//427 
f 1424//1166 1423//1165 946//748 
f 1678//1395 1679//1396 733//554 
f 737//558 1121//895 1671//1388 
f 1676//1393 1677//1394 731//552 
f 1123//897 1122//896 1674//1391 
f 856//672 855//671 575//433 
f 548//409 547//408 1411//1153 
f 1783//1460 1784//1461 1142//916 
f 1143//917 1142//916 1784//1461 
f 1785//1462 1176//950 1331//1082 
f 1176//950 1785//1462 1786//1463 
f 804//621 1282//1041 802//619 
f 1283//1042 79//43 115//61 
f 1419//1161 754//575 1420//1162 
f 330//227 896//707 895//706 
f 1421//1163 751//572 1422//1164 
f 302//201 1050//827 1075//852 
f 906//717 1416//1158 1415//1157 
f 314//211 283//189 282//188 
f 197//120 890//701 889//700 
f 1418//1160 745//566 1417//1159 
f 61//31 1286//1045 1285//1044 
f 1242//1011 1284//1043 787//606 
f 1090//864 1089//863 1088//862 
f 1480//1206 397//280 1478//1204 
f 638//484 637//483 991//776 
f 1484//1210 1655//1372 1482//1208 
f 1427//1167 1114//888 1428//1168 
f 1292//1051 371//255 723//544 
f 884//695 1787//1464 1788//1465 
f 1787//1464 884//695 883//694 
f 1417//1159 885//696 1418//1160 
f 916//727 516//380 515//379 
f 1415//1157 1413//1155 906//717 
f 904//715 568//426 567//425 
f 1049//826 226//143 225//142 
f 1422//1164 1341//1091 1421//1163 
f 913//724 252//162 251//161 
f 1420//1162 891//702 1419//1161 
f 871//682 721//542 156//94 
f 1428//1168 216//133 1427//1167 
f 1030//808 960//762 173//105 
f 1502//1228 1665//1382 1500//1226 
f 991//776 1057//834 638//484 
f 1440//1175 236//149 1361//1111 
f 872//683 710//532 132//76 
f 1088//862 419//300 1090//864 
f 943//745 423//304 1457//1183 
f 567//425 905//716 904//715 
f 1455//1181 1109//883 1454//1180 
f 515//379 917//728 916//727 
f 1461//1187 1101//875 1460//1186 
f 225//142 544//405 1049//826 
f 251//161 914//725 913//724 
f 1458//1184 1104//878 1459//1185 
f 1462//1188 1382//1124 1463//1189 
f 156//94 155//93 871//682 
f 173//105 465//337 1030//808 
f 1789//1466 1265//1030 1262//1027 
f 1361//1111 1439//1174 1440//1175 
f 123//69 122//68 574//432 
f 1465//1191 1388//1130 1464//1190 
f 132//76 131//75 872//683 
f 500//370 992//777 498//368 
f 1485//1211 1539//1263 1483//1209 
f 1481//1207 1542//1266 1479//1205 
f 563//423 1070//847 561//421 
f 1175//949 1786//1463 1174//948 
f 956//758 955//757 576//434 
f 883//694 882//693 527//389 
f 724//545 1545//1269 722//543 
f 1460//1186 1061//838 1461//1187 
f 841//657 839//655 1790//1467 
f 539//400 96//50 1550//1274 
f 1459//1185 909//720 1458//1184 
f 1457//1183 1456//1182 943//745 
f 947//749 180//112 179//111 
f 1454//1180 918//729 1455//1181 
f 153//91 199//122 1549//1273 
f 1550//1274 1136//910 1137//911 
f 1464//1190 265//174 1465//1191 
f 574//432 573//431 123//69 
f 1790//1467 1491//1217 549//410 
f 1463//1189 348//240 1462//1188 
f 1549//1273 1132//906 1133//907 
f 179//111 948//750 947//749 
f 111//57 1492//1218 1789//1466 
f 112//58 1067//844 1069//846 
f 1202//974 1375//1117 1263//1028 
f 1060//837 1675//1392 636//482 
f 1340//1090 1648//1366 1338//1088 
f 840//656 1337//1087 1339//1089 
f 1411//1153 633//479 548//409 
f 731//552 666//502 1676//1393 
f 1147//921 1146//920 1148//922 
f 1151//925 1153//927 700//522 
f 733//554 732//553 1678//1395 
f 635//481 1791//1468 1059//836 
f 1791//1468 1615//1336 921//732 
f 454//327 144//85 1441//1176 
f 1792//1469 1793//1470 705//527 
f 1501//1227 1548//1272 1499//1225 
f 576//434 277//184 956//758 
f 1281//1040 1794//1471 1149//923 
f 1794//1471 1626//1347 985//771 
f 1795//1472 1628//1349 1036//813 
f 699//521 1795//1472 1150//924 
f 1277//1038 1796//1473 400//283 
f 1796//1473 1636//1356 987//772 
f 389//272 1159//933 1185//959 
f 1535//1259 1515//1240 1533//1257 
f 1571//1295 1528//1253 1573//1297 
f 792//611 1126//900 1192//966 
f 1596//1318 1437//1172 1436//1171 
f 822//638 494//364 493//363 
f 728//549 291//193 1181//955 
f 1567//1291 1368//1114 1569//1293 
f 1181//955 196//119 728//549 
f 746//567 1184//958 1183//957 
f 493//363 313//210 822//638 
f 1513//1238 1098//872 1512//1237 
f 755//576 1191//965 1190//964 
f 1192//966 329//226 792//611 
f 1185//959 301//200 389//272 
f 752//573 1188//962 1187//961 
f 403//286 726//547 725//546 
f 1797//1474 1798//1475 1473//1199 
f 1086//860 761//1476 942//1477 
f 1799//1478 1800//1479 1475//1201 
f 1560//1284 1559//1283 1113//887 
f 1545//1269 724//545 1543//1267 
f 1554//1278 1553//1277 1116//890 
f 1542//1266 1481//1207 1540//1264 
f 1557//1281 1556//1280 1118//892 
f 1539//1263 1485//1211 1537//1261 
f 177//16 1213//16 101//16 
f 535//1480 1213//1480 1212//1480 
f 195//1481 88//1481 1024//1481 
f 195//1482 1024//1482 1645//1482 
f 1190//964 756//577 755//576 
f 1522//1247 1107//881 1523//1248 
f 1524//1249 1100//874 1525//1250 
f 1187//961 753//574 752//573 
f 1512//1237 1414//1156 1513//1238 
f 1099//873 1564//1288 1563//1287 
f 1183//957 747//568 746//567 
f 1526//1251 1108//882 1527//1252 
f 1116//890 1091//865 1554//1278 
f 439//316 438//315 709//531 
f 1118//892 639//485 1557//1281 
f 837//653 836//652 235//148 
f 433//310 432//309 720//541 
f 1113//887 1112//886 1560//1284 
f 1548//1272 1501//1227 1546//1270 
f 717//538 716//537 959//761 
f 424//305 1348//1098 1347//1097 
f 1563//1287 566//424 1099//873 
f 1527//1252 514//378 1526//1251 
f 1110//884 1585//1309 1584//1308 
f 1105//879 1580//1304 1579//1303 
f 1523//1248 250//160 1522//1247 
f 1102//876 1577//1301 1576//1300 
f 1525//1250 224//141 1524//1249 
f 1393//1135 1392//1134 1395//1137 
f 235//148 234//147 837//653 
f 709//531 708//530 439//316 
f 1390//1132 1389//1131 1387//1129 
f 1027//805 1602//1324 1264//1029 
f 959//761 958//760 717//538 
f 1384//1126 1383//1125 1381//1123 
f 720//541 719//540 433//310 
f 259//169 1574//1298 257//167 
f 1576//1300 1103//877 1102//876 
f 1579//1303 1106//880 1105//879 
f 97//51 1581//1305 873//684 
f 1349//1099 1588//1312 1587//1311 
f 1347//1097 425//306 424//305 
f 1584//1308 1111//885 1110//884 
f 200//123 1582//1306 870//681 
f 1395//1137 124//70 1393//1135 
f 257//167 1605//1327 1490//1216 
f 1387//1129 1386//1128 1390//1132 
f 873//684 1604//1326 1135//909 
f 1587//1311 178//110 1349//1099 
f 1029//807 1589//1313 1027//805 
f 1381//1123 1380//1122 1384//1126 
f 870//681 1603//1325 1131//905 
f 935//742 934//741 933//740 
f 341//234 340//233 1305//1063 
f 828//644 528//390 826//642 
f 1115//889 368//252 1544//1268 
f 1117//891 810//627 1541//1265 
f 1179//953 707//529 394//277 
f 1195//969 640//486 353//245 
f 1119//893 951//753 1538//1262 
f 801//618 1470//1196 799//616 
f 1801//1483 402//285 1238//1007 
f 1802//1484 388//271 387//270 
f 791//610 1466//1192 789//608 
f 139//83 1085//859 137//81 
f 1084//858 1476//1202 806//623 
f 1305//1063 957//759 341//234 
f 1506//1231 715//536 1547//1271 
f 1572//1296 1803//1485 1570//1294 
f 1804//1486 1570//1294 1803//1485 
f 1184//958 1805//1487 1182//956 
f 1806//1488 1182//956 1805//1487 
f 1188//962 1807//1489 1186//960 
f 1808//1490 1186//960 1807//1489 
f 1191//965 1809//1491 1189//963 
f 1810//1492 1189//963 1809//1491 
f 1301//1059 879//690 878//689 
f 875//686 1601//1323 1053//830 
f 1811//1493 16//12 238//151 
f 1812//1494 1363//1112 1737//1420 
f 1696//1403 1232//1002 702//524 
f 1232//1002 1696//1403 1230//1000 
f 1555//1279 1813//1495 1553//1277 
f 1813//1495 1555//1279 1814//1496 
f 1558//1282 1815//1497 1556//1280 
f 1815//1497 1558//1282 1816//1498 
f 1561//1285 1817//1499 1559//1283 
f 1817//1499 1561//1285 1818//1500 
f 1514//1239 1517//1242 1516//1241 
f 120//66 783//602 782//601 
f 1519//1244 1435//1170 1521//1246 
f 821//637 181//113 1552//1276 
f 780//599 1308//1066 778//597 
f 1156//930 492//362 1154//928 
f 1486//1212 1489//1215 1488//1214 
f 1076//853 410//293 409//292 
f 1564//1288 1819//1501 1562//1286 
f 1820//1502 1562//1286 1819//1501 
f 853//669 1624//1345 1064//841 
f 1623//1344 849//665 1026//804 
f 1821//1503 718//539 1822//1504 
f 718//539 1821//1503 716//537 
f 1585//1309 1823//1505 1583//1307 
f 1824//1506 1583//1307 1823//1505 
f 1580//1304 1825//1507 1578//1302 
f 1826//1508 1578//1302 1825//1507 
f 1827//1509 1575//1299 1828//1510 
f 1577//1301 1828//1510 1575//1299 
f 554//414 1297//1055 1510//1235 
f 1296//1054 694//516 693//515 
f 1394//1136 1829//1511 1392//1134 
f 1829//1511 1394//1136 1830//1512 
f 1391//1133 1831//1513 1389//1131 
f 1831//1513 1391//1133 1832//1514 
f 1385//1127 1833//1515 1383//1125 
f 1833//1515 1385//1127 1834//1516 
f 1588//1312 1835//1517 1586//1310 
f 1836//1518 1586//1310 1835//1517 
f 850//666 1837//1519 1838//1520 
f 1839//1521 852//668 1334//1085 
f 579//437 119//65 577//435 
f 1533//1257 1536//1260 1535//1259 
f 1436//1171 1597//1319 1596//1318 
f 1438//1173 560//420 559//419 
f 1378//1120 1377//1119 803//620 
f 1016//794 1015//793 367//251 
f 788//607 354//246 786//605 
f 1240//1009 1239//1008 950//752 
f 1352//1102 395//278 1350//1100 
f 1019//797 1018//796 809//626 
f 289//84 1840//84 287//84 
f 1701//512 1841//1407 1700//1407 
f 1467//1193 1842//1522 1466//1192 
f 1842//1522 1467//1193 1843//1523 
f 525//387 795//614 254//164 
f 1531//1256 1530//1255 1529//1254 
f 218//135 1599//1321 1598//1320 
f 881//692 1788//1465 459//331 
f 773//592 1844//1524 1845//1525 
f 725//546 404//287 403//286 
f 942//1477 1087//861 1086//860 
f 1497//1223 1846//1526 1847//1527 
f 522//384 1652//1369 520//382 
f 1651//1368 1650//1367 523//385 
f 1573//1297 1572//1296 1571//1295 
f 1130//904 1129//903 794//613 
f 1569//1293 1568//1292 1567//1291 
f 1196//970 167//101 729//550 
f 1077//1432 592//1432 91//1432 
f 148//18 1077//18 290//18 
f 39//7 1078//7 1233//7 
f 1078//1433 39//1433 193//1433 
f 1683//1400 1309//1067 1656//1373 
f 1309//1067 1683//1400 1682//1399 
f 848//664 217//134 846//662 
f 1252//1020 460//332 1250//1018 
f 454//327 453//326 1848//1528 
f 1227//997 1849//1529 1850//1530 
f 1851//1531 342//235 1852//1532 
f 342//235 1851//1531 340//233 
f 1789//1466 1066//843 111//57 
f 1262//1027 1066//843 1789//1466 
f 1790//1467 842//658 841//657 
f 549//410 842//658 1790//1467 
f 1275//1437 1274//1533 70//38 
f 1271//1035 1853//1534 1854//1535 
f 1855//1536 1810//1492 1856//1537 
f 1809//1491 1856//1537 1810//1492 
f 1807//1489 1857//1538 1808//1490 
f 1858//1539 1808//1490 1857//1538 
f 1859//1540 1806//1488 1860//1541 
f 1805//1487 1860//1541 1806//1488 
f 1861//1542 1534//1258 1862//1543 
f 1536//1260 1862//1543 1534//1258 
f 1597//1319 1863//1544 1595//1317 
f 1864//1545 1595//1317 1863//1544 
f 1814//1496 1865//1546 1813//1495 
f 1865//1546 1814//1496 1866//1547 
f 1867//1548 1816//1498 1868//1549 
f 1816//1498 1867//1548 1815//1497 
f 1818//1500 1869//1550 1817//1499 
f 1869//1550 1818//1500 1870//1551 
f 1139//913 1820//1502 1871//1552 
f 1819//1501 1871//1552 1820//1502 
f 1568//1292 1872//1553 1566//1290 
f 1873//1554 1566//1290 1872//1553 
f 1822//1504 1874//1555 1821//1503 
f 1874//1555 1822//1504 1875//1556 
f 113//59 399//282 398//281 
f 946//748 398//281 1424//1166 
f 1823//1505 1876//1557 1824//1506 
f 1877//1558 1824//1506 1876//1557 
f 1878//1559 1827//1509 1879//1560 
f 1828//1510 1879//1560 1827//1509 
f 1825//1507 1880//1561 1826//1508 
f 1881//1562 1826//1508 1880//1561 
f 1834//1516 1882//1563 1833//1515 
f 1882//1563 1834//1516 1883//1564 
f 1830//1512 1884//1565 1829//1511 
f 1884//1565 1830//1512 1885//1566 
f 1832//1514 1886//1567 1831//1513 
f 1886//1567 1832//1514 1887//1568 
f 1888//7 863//7 860//7 
f 1889//1569 860//1569 1532//1569 
f 1835//1517 1890//1570 1836//1518 
f 450//323 1836//1518 1890//1570 
f 1891//1571 1398//1140 1892//1572 
f 1400//1142 1892//1572 1398//1140 
f 1405//1147 1893//1573 1403//1145 
f 1894//1574 1403//1145 1893//1573 
f 1410//1152 1895//1575 1408//1150 
f 1896//1576 1408//1150 1895//1575 
f 1330//1081 411//294 1328//1079 
f 411//294 1330//1081 1613//1335 
f 1212//1480 536//1480 535//1480 
f 1211//7 88//7 1212//7 
f 1645//1482 194//1482 195//1482 
f 194//16 1645//16 101//16 
f 399//282 113//59 112//58 
f 1069//846 1734//1417 112//58 
f 1897//1577 1898//1578 1899//1579 
f 1898//1578 1897//1577 1900//1580 
f 1775//1452 1901//1581 1774//1451 
f 1901//1581 1775//1452 1902//1582 
f 1903//1583 1777//1454 1904//1584 
f 1777//1454 1903//1583 1776//1453 
f 1469//1195 1468//1194 1756//1438 
f 1850//1530 1228//998 1227//997 
f 1845//1525 774//593 773//592 
f 1475//1201 1474//1200 1799//1478 
f 1847//1527 1498//1224 1497//1223 
f 705//527 704//526 1792//1469 
f 1473//1199 1472//1198 1797//1474 
f 1854//1535 1272//1036 1271//1035 
f 1863//1544 1905//1585 1864//1545 
f 1157//931 1864//1545 1905//1585 
f 1906//1586 1861//1542 1907//1587 
f 1862//1543 1907//1587 1861//1542 
f 20//18 161//18 299//18 
f 299//1588 161//1588 158//1588 
f 107//7 287//7 1840//7 
f 287//1589 107//1589 106//1589 
f 623//7 861//7 1006//7 
f 861//1590 623//1590 621//1590 
f 148//18 620//18 982//18 
f 982//1591 620//1591 617//1591 
f 1852//1532 902//713 1851//1531 
f 902//713 1852//1532 900//711 
f 148//18 290//18 106//18 
f 106//1589 290//1589 287//1589 
f 621//1590 862//1590 861//1590 
f 20//18 862//18 621//18 
f 983//7 617//7 1693//7 
f 617//1591 983//1591 982//1591 
f 300//84 158//84 1687//84 
f 158//1588 300//1588 299//1588 
f 1872//1553 1908//1592 1873//1554 
f 1909//1593 1873//1554 1908//1592 
f 1803//1485 1910//1594 1804//1486 
f 1911//1595 1804//1486 1910//1594 
f 1912//1596 1858//1539 1913//1597 
f 1857//1538 1913//1597 1858//1539 
f 1856//1537 1914//1598 1855//1536 
f 1915//1599 1855//1536 1914//1598 
f 1916//1600 1859//1540 1917//1601 
f 1860//1541 1917//1601 1859//1540 
f 20//18 628//18 1364//18 
f 1364//1602 628//1602 670//1602 
f 148//18 517//18 1365//18 
f 1365//1603 517//1603 1372//1603 
f 625//7 939//7 938//7 
f 939//1604 625//1604 1374//1604 
f 1366//1605 505//1605 1373//1605 
f 505//7 1366//7 1770//7 
f 1918//1606 1909//1593 1919//1607 
f 1908//1592 1919//1607 1909//1593 
f 1920//1608 1911//1595 1921//1609 
f 1910//1594 1921//1609 1911//1595 
f 1216//986 1870//1551 1214//984 
f 1870//1551 1216//986 1869//1550 
f 1868//1549 1097//871 1867//1548 
f 1097//871 1868//1549 1095//869 
f 1222//992 1866//1547 1220//990 
f 1866//1547 1222//992 1865//1546 
f 677//7 619//7 618//7 
f 1372//7 519//7 1922//7 
f 618//7 1372//7 677//7 
f 1372//1603 618//1603 1365//1603 
f 670//1602 159//1602 1364//1602 
f 159//7 670//7 669//7 
f 20//18 622//18 1373//18 
f 1373//1605 622//1605 1366//1605 
f 1374//1604 105//1604 939//1604 
f 148//18 105//18 1374//18 
f 1923//1610 1766//1447 1616//1337 
f 1924//1611 1923//1610 1730//1413 
f 1140//914 1139//913 1925//1612 
f 1871//1552 1925//1612 1139//913 
f 1926//1613 1927//1614 1731//1414 
f 1927//1614 1773//1450 1625//1346 
f 1928//1615 1929//1616 1732//1415 
f 1929//1616 1772//1449 1627//1348 
f 1875//1556 1168//942 1874//1555 
f 1168//942 1875//1556 1166//940 
f 1930//1617 1782//1459 1635//1355 
f 1931//1618 1930//1617 1733//1416 
f 274//84 504//84 1450//84 
f 504//1619 274//1619 273//1619 
f 473//7 624//7 1694//7 
f 624//1620 473//1620 472//1620 
f 148//18 243//18 518//18 
f 518//1621 243//1621 240//1621 
f 20//18 1425//18 470//18 
f 629//1622 470//1622 469//1622 
f 1876//1557 1932//1623 1877//1558 
f 1933//1624 1877//1558 1932//1623 
f 1879//1560 1934//1625 1878//1559 
f 1935//1626 1878//1559 1934//1625 
f 1880//1561 1936//1627 1881//1562 
f 1937//1628 1881//1562 1936//1627 
f 1938//1629 883//694 526//388 
f 883//694 1938//1629 1787//1464 
f 1939//1630 500//370 499//369 
f 500//370 1939//1630 1940//1631 
f 630//7 469//7 1705//7 
f 469//1622 630//1622 629//1622 
f 563//423 1941//1632 1551//1275 
f 1941//1632 563//423 562//422 
f 519//7 240//7 1371//7 
f 240//1621 519//1621 518//1621 
f 472//1620 627//1620 624//1620 
f 148//18 627//18 472//18 
f 273//1619 507//1619 504//1619 
f 20//18 507//18 273//18 
f 1883//1564 586//444 1882//1563 
f 586//444 1883//1564 584//442 
f 1885//1566 322//219 1884//1565 
f 322//219 1885//1566 320//217 
f 1887//1568 590//448 1886//1567 
f 590//448 1887//1568 588//446 
f 451//324 450//323 1942//1633 
f 1890//1570 1942//1633 450//323 
f 41//7 362//7 361//7 
f 362//1634 41//1634 1429//1634 
f 1426//1635 150//1635 233//1635 
f 148//18 150//18 1426//18 
f 72//7 428//7 427//7 
f 428//1636 72//1636 1432//1636 
f 20//18 44//18 1425//18 
f 1425//1637 44//1637 1430//1637 
f 148//18 471//18 1432//18 
f 1432//1636 471//1636 428//1636 
f 210//7 1430//7 208//7 
f 1430//1637 210//1637 1425//1637 
f 1429//1634 272//1634 362//1634 
f 20//18 272//18 1429//18 
f 241//84 233//84 232//84 
f 233//1635 241//1635 1426//1635 
f 1943//84 1314//84 1324//84 
f 1314//1638 1943//1638 1944//1638 
f 148//18 981//18 1944//18 
f 1944//1638 981//1638 1314//1638 
f 149//1639 650//1639 647//1639 
f 148//18 650//18 149//18 
f 45//1640 657//1640 654//1640 
f 20//18 657//18 45//18 
f 660//7 42//7 1710//7 
f 42//1641 660//1641 658//1641 
f 653//7 73//7 1715//7 
f 73//1642 653//1642 651//1642 
f 651//1642 74//1642 73//1642 
f 148//18 74//18 651//18 
f 658//1641 43//1641 42//1641 
f 20//18 43//18 658//18 
f 151//7 647//7 1725//7 
f 647//1639 151//1639 149//1639 
f 46//7 654//7 1723//7 
f 654//1640 46//1640 45//1640 
f 1520//1245 1065//842 1518//1243 
f 1624//1345 1518//1243 1065//842 
f 655//84 975//84 974//84 
f 975//1643 655//1643 1445//1643 
f 648//84 963//84 962//84 
f 963//1644 648//1644 1446//1644 
f 1445//1643 659//1643 975//1643 
f 20//18 659//18 1445//18 
f 1446//1644 652//1644 963//1644 
f 148//18 652//18 1446//18 
f 1177//951 1176//950 1175//949 
f 1786//1463 1175//949 1176//950 
f 1291//1050 884//695 881//692 
f 1788//1465 881//692 884//695 
f 1073//850 1072//849 1071//848 
f 1657//1374 1071//848 1072//849 
f 526//388 1945//1645 1938//1629 
f 1945//1645 526//388 828//644 
f 499//369 1946//1646 1939//1630 
f 1946//1646 499//369 1195//969 
f 878//689 1940//1631 1301//1059 
f 1940//1631 878//689 500//370 
f 1947//1647 936//743 935//742 
f 936//743 1947//1647 1565//1289 
f 562//422 1948//1648 1941//1632 
f 1948//1648 562//422 1179//953 
f 1736//1419 844//660 491//361 
f 1316//1072 491//361 844//660 
f 556//416 555//415 693//515 
f 1295//1053 693//515 555//415 
f 1246//1014 351//243 350//242 
f 351//243 1246//1014 1609//1331 
f 816//633 1310//1068 1025//803 
f 1310//1068 816//633 221//138 
f 1737//1420 521//383 377//261 
f 1318//1074 377//261 521//383 
f 1307//1065 1252//1020 1251//1019 
f 1252//1020 1307//1065 1306//1064 
f 1237//1006 1949//1649 1235//1004 
f 1950//1650 1235//1004 1949//1649 
f 1951//1651 1952//1652 1953//1653 
f 1954//1654 1953//1653 1952//1652 
f 1210//982 1955//1655 1208//980 
f 1956//1656 1208//980 1955//1655 
f 854//670 1064//841 1752//1434 
f 1064//841 854//670 853//669 
f 1957//1657 1204//976 1958//1658 
f 1206//978 1958//1658 1204//976 
f 412//295 864//677 580//438 
f 864//677 412//295 1612//1334 
f 1333//1084 1729//1412 593//450 
f 594//451 593//450 1729//1412 
f 1771//1448 1959//1659 1248//1016 
f 1609//1331 1248//1016 1959//1659 
f 888//699 1318//1074 520//382 
f 521//383 520//382 1318//1074 
f 350//242 1303//1061 1246//1014 
f 1303//1061 350//242 1653//1370 
f 1313//1071 221//138 1658//1375 
f 221//138 1313//1071 1310//1068 
f 1052//829 556//416 692//514 
f 693//515 692//514 556//416 
f 844//660 843//659 1316//1072 
f 894//705 1316//1072 843//659 
f 1328//1079 413//296 784//603 
f 413//296 1328//1079 411//294 
f 1306//1064 458//330 1252//1020 
f 458//330 1306//1064 880//691 
f 553//413 312//209 311//208 
f 312//209 553//413 1740//1423 
f 765//584 815//632 763//582 
f 815//632 765//584 1661//1378 
f 994//779 643//489 642//488 
f 643//489 994//779 1659//1376 
f 1622//1343 376//260 511//375 
f 512//376 511//375 376//260 
f 1344//1094 485//355 1379//1121 
f 1738//1421 1379//1121 485//355 
f 487//357 486//356 490//360 
f 1618//1339 490//360 486//356 
f 1729//1412 1752//1434 594//451 
f 908//719 594//451 1752//1434 
f 1960//1660 1779//1456 1961//1661 
f 1779//1456 1960//1660 1778//1455 
f 1613//1335 1751//1431 1962//1662 
f 1299//1057 1510//1235 1297//1055 
f 1634//1354 1034//811 534//396 
f 1345//1095 534//396 1034//811 
f 865//678 581//439 1304//1062 
f 581//439 865//678 1747//1428 
f 847//663 17//13 1249//1017 
f 1963//1663 1755//1436 1335//1086 
f 481//351 480//350 484//354 
f 484//354 480//350 1730//1413 
f 1964//1664 1906//1586 1965//1665 
f 1907//1587 1965//1665 1906//1586 
f 1158//932 1157//931 1966//1666 
f 1905//1585 1966//1666 1157//931 
f 1471//1197 1967//1667 1470//1196 
f 1967//1667 1471//1197 1968//1668 
f 1969//1669 1970//1670 1971//1671 
f 1970//1670 1969//1669 1972//1672 
f 1973//1673 1477//1203 1974//1674 
f 1477//1203 1973//1673 1476//1202 
f 1661//1378 222//139 815//632 
f 222//139 1661//1378 396//279 
f 311//208 349//241 553//413 
f 349//241 311//208 989//774 
f 866//679 580//438 864//677 
f 580//438 866//679 1663//1380 
f 1659//1376 996//781 643//489 
f 996//781 1659//1376 370//254 
f 1193//967 570//428 1358//1108 
f 570//428 1193//967 1630//1351 
f 1300//1058 767//586 1668//1385 
f 767//586 1300//1058 1261//1026 
f 993//778 645//491 1669//1386 
f 645//491 993//778 1254//1021 
f 1641//1360 928//736 543//404 
f 1354//1104 543//404 928//736 
f 376//260 375//259 512//376 
f 887//698 512//376 375//259 
f 1379//1121 557//417 1344//1094 
f 1343//1093 1344//1094 557//417 
f 893//704 487//357 489//359 
f 490//360 489//359 487//357 
f 1642//1361 932//739 374//258 
f 1357//1107 374//258 932//739 
f 843//659 382//265 894//705 
f 895//706 894//705 382//265 
f 692//514 1488//1214 1052//829 
f 1075//852 1052//829 1488//1214 
f 889//700 888//699 1055//832 
f 520//382 1055//832 888//699 
f 1653//1370 879//690 1303//1061 
f 879//690 1653//1370 877//688 
f 784//603 1331//1082 1328//1079 
f 1331//1082 784//603 1785//1462 
f 373//257 661//497 1731//1414 
f 662//498 661//497 373//257 
f 696//518 695//517 542//403 
f 542//403 695//517 1732//1415 
f 1644//1363 533//395 531//393 
f 569//427 531//393 533//395 
f 1200//972 582//440 1640//1359 
f 582//440 1200//972 612//468 
f 1134//908 1145//919 154//92 
f 154//92 1145//919 152//90 
f 1138//912 1152//926 540//401 
f 540//401 1152//926 538//399 
f 1034//811 595//452 1345//1095 
f 1346//1096 1345//1095 595//452 
f 530//392 988//773 1733//1416 
f 1424//1166 988//773 530//392 
f 571//429 857//673 856//672 
f 857//673 571//429 1748//1429 
f 737//558 766//585 735//556 
f 766//585 737//558 1672//1389 
f 1123//897 644//490 730//551 
f 644//490 1123//897 1673//1390 
f 369//253 880//691 1306//1064 
f 880//691 369//253 1292//1051 
f 223//140 1658//1375 221//138 
f 1658//1375 223//140 1480//1206 
f 1752//1434 281//187 908//719 
f 283//189 908//719 281//187 
f 1201//973 1068//845 1375//1117 
f 1068//845 1201//973 1643//1362 
f 583//441 1304//1062 581//439 
f 1304//1062 583//441 171//103 
f 1660//1377 1669//1386 215//132 
f 1669//1386 1660//1377 993//778 
f 1668//1385 1662//1379 1300//1058 
f 1662//1379 1668//1385 418//299 
f 310//207 1358//1108 1359//1109 
f 1358//1108 310//207 1193//967 
f 912//723 1354//1104 488//358 
f 928//736 488//358 1354//1104 
f 546//407 481//351 483//353 
f 484//354 483//353 481//351 
f 932//739 513//377 1357//1107 
f 915//726 1357//1107 513//377 
f 636//482 1648//1366 634//480 
f 1648//1366 636//482 1675//1392 
f 1811//1493 524//386 1363//1112 
f 522//384 1363//1112 524//386 
f 1838//1520 851//667 850//666 
f 1312//1070 1764//1445 1975//1675 
f 1412//1154 631//477 1411//1153 
f 631//477 1412//1154 858//674 
f 1121//895 733//554 1679//1396 
f 733//554 1121//895 1268//1032 
f 731//552 1122//896 1266//1031 
f 1122//896 731//552 1677//1394 
f 1132//906 1549//1273 201//124 
f 201//124 1549//1273 199//122 
f 1265//1030 1789//1466 1028//806 
f 1028//806 1789//1466 1492//1218 
f 1491//1217 1790//1467 258//168 
f 258//168 1790//1467 839//655 
f 1136//910 1550//1274 98//52 
f 98//52 1550//1274 96//50 
f 482//352 1060//837 1059//836 
f 1063//840 1060//837 482//352 
f 611//467 1276//1037 1734//1417 
f 1276//1037 611//467 610//466 
f 1148//922 666//502 665//501 
f 666//502 1148//922 1146//920 
f 1340//1090 632//478 1646//1364 
f 632//478 1340//1090 1339//1089 
f 732//553 700//522 1153//927 
f 700//522 732//553 698//520 
f 533//395 532//394 569//427 
f 945//747 569//427 532//394 
f 1755//1436 1976//1676 845//661 
f 1600//1322 845//661 1976//1676 
f 989//774 1654//1371 349//241 
f 1654//1371 989//774 1655//1372 
f 375//259 1319//1075 887//698 
f 1418//1160 887//698 1319//1075 
f 1247//1015 1977//1677 239//152 
f 1977//1677 1247//1015 1302//1060 
f 785//604 1663//1380 276//183 
f 1663//1380 785//604 580//438 
f 1419//1161 893//704 1317//1073 
f 489//359 1317//1073 893//704 
f 1421//1163 1343//1093 1051//828 
f 557//417 1051//828 1343//1093 
f 1330//1081 1978//1678 1751//1431 
f 1978//1678 1330//1081 1329//1080 
f 1311//1069 1979//1679 1764//1445 
f 1979//1679 1311//1069 1074//851 
f 1672//1389 1667//1384 766//585 
f 1667//1384 1672//1389 1120//894 
f 572//430 856//672 1058//835 
f 856//672 572//430 571//429 
f 542//403 541//402 696//518 
f 911//722 696//518 541//402 
f 373//257 372//256 662//498 
f 920//731 662//498 372//256 
f 1670//1387 1673//1390 1125//899 
f 1673//1390 1670//1387 644//490 
f 1202//974 612//468 1200//972 
f 612//468 1202//974 1376//1118 
f 663//499 1147//921 1149//923 
f 152//90 1147//921 663//499 
f 697//519 1151//925 1150//924 
f 538//399 1151//925 697//519 
f 530//392 529//391 1424//1166 
f 1423//1165 1424//1166 529//391 
f 595//452 907//718 1346//1096 
f 1413//1155 1346//1096 907//718 
f 370//254 214//131 1428//1168 
f 214//131 370//254 1659//1376 
f 417//298 396//279 1661//1378 
f 396//279 417//298 1088//862 
f 1411//1153 855//671 1412//1154 
f 855//671 1411//1153 547//408 
f 1671//1388 1679//1396 264//173 
f 1679//1396 1671//1388 1121//895 
f 1674//1391 1677//1394 347//239 
f 1677//1394 1674//1391 1122//896 
f 1375//1117 1069//846 1067//844 
f 1069//846 1375//1117 1068//845 
f 633//479 1339//1089 1337//1087 
f 1339//1089 633//479 632//478 
f 1980//1680 828//644 827//643 
f 828//644 1980//1680 1945//1645 
f 1976//1676 1981//1681 1600//1322 
f 383//266 1600//1322 1981//1681 
f 1195//969 1982//1682 1946//1646 
f 1982//1682 1195//969 352//244 
f 1302//1060 874//685 1977//1677 
f 874//685 1302//1060 1301//1059 
f 1329//1080 1983//1683 1978//1678 
f 1983//1683 1329//1080 1178//952 
f 1602//1324 1027//805 467//339 
f 467//339 1027//805 1589//1313 
f 436//313 870//681 1582//1306 
f 1603//1325 870//681 436//313 
f 1605//1327 257//167 324//221 
f 324//221 257//167 1574//1298 
f 442//319 873//684 1581//1305 
f 1604//1326 873//684 442//319 
f 1984//1684 1074//851 1073//850 
f 1074//851 1984//1684 1979//1679 
f 1664//1381 171//103 1665//1382 
f 171//103 1664//1381 1304//1062 
f 990//775 1359//1109 1057//834 
f 1359//1109 990//775 310//207 
f 913//724 912//723 892//703 
f 488//358 892//703 912//723 
f 1049//826 546//407 1342//1092 
f 483//353 1342//1092 546//407 
f 916//727 915//726 886//697 
f 513//377 886//697 915//726 
f 382//265 381//264 895//706 
f 331//228 895//706 381//264 
f 1488//1214 1487//1213 1075//852 
f 303//202 1075//852 1487//1213 
f 198//121 889//700 1054//831 
f 1055//832 1054//831 889//700 
f 315//212 282//188 1520//1245 
f 1065//842 1520//1245 282//188 
f 935//742 1985//1685 1947//1647 
f 1985//1685 935//742 899//710 
f 1986//1686 1179//953 393//276 
f 1179//953 1986//1686 1948//1648 
f 1736//1419 1987//1687 1988//1688 
f 1987//1687 1736//1419 1619//1340 
f 1333//1084 1989//1689 1990//1690 
f 1989//1689 1333//1084 1332//1083 
f 1991//1691 1737//1420 1620//1341 
f 1737//1420 1991//1691 1812//1494 
f 532//394 903//714 945//747 
f 905//716 945//747 903//714 
f 157//95 215//132 1669//1386 
f 215//132 157//95 156//94 
f 418//299 133//77 132//76 
f 133//77 418//299 1668//1385 
f 1992//1692 1241//1010 1993//1693 
f 1241//1010 1992//1692 1239//1008 
f 1020//798 1994//1694 1018//796 
f 1994//1694 1020//798 1995//1695 
f 1017//795 1996//1696 1015//793 
f 1996//1696 1017//795 1997//1697 
f 841//657 840//656 1062//839 
f 1062//839 840//656 1338//1088 
f 275//182 1785//1462 784//603 
f 1785//1462 275//182 576//434 
f 1292//1051 1291//1050 880//691 
f 1291//1050 1292//1051 722//543 
f 1484//1210 877//688 1653//1370 
f 877//688 1484//1210 1483//1209 
f 1480//1206 1657//1374 1658//1375 
f 1657//1374 1480//1206 1479//1205 
f 1461//1187 1063//840 545//406 
f 482//352 545//406 1063//840 
f 1458//1184 911//722 1355//1105 
f 541//402 1355//1105 911//722 
f 1360//1110 1058//835 1439//1174 
f 1058//835 1360//1110 572//430 
f 1376//1118 172//104 612//468 
f 172//104 1376//1118 465//337 
f 1455//1181 920//731 1356//1106 
f 372//256 1356//1106 920//731 
f 1505//1230 468//340 135//79 
f 135//79 468//340 1719//1411 
f 1038//815 435//312 1716//1408 
f 1507//1232 435//312 1038//815 
f 1046//823 323//220 1717//1409 
f 1508//1233 323//220 1046//823 
f 1042//819 441//318 1718//1410 
f 1509//1234 441//318 1042//819 
f 1914//1598 1998//1698 1915//1599 
f 1999//1699 1915//1599 1998//1698 
f 1913//1597 2000//1700 1912//1596 
f 2001//1701 1912//1596 2000//1700 
f 529//391 944//746 1423//1165 
f 1456//1182 1423//1165 944//746 
f 1917//1601 2002//1702 1916//1600 
f 2003//1703 1916//1600 2002//1702 
f 1125//899 346//238 1463//1189 
f 346//238 1125//899 1673//1390 
f 263//172 1120//894 1672//1389 
f 1120//894 263//172 1464//1190 
f 1531//1256 383//266 255//165 
f 1981//1681 255//165 383//266 
f 1650//1367 2004//1704 1056//833 
f 1367//1113 1056//833 2004//1704 
f 539//400 538//399 910//721 
f 697//519 910//721 538//399 
f 547//408 575//433 855//671 
f 575//433 547//408 573//431 
f 663//499 919//730 152//90 
f 153//91 152//90 919//730 
f 1178//952 2005//1705 1983//1683 
f 2005//1705 1178//952 1177//951 
f 908//719 283//189 906//717 
f 1416//1158 906//717 283//189 
f 1319//1075 890//701 1418//1160 
f 745//566 1418//1160 890//701 
f 2006//1706 1073//850 1551//1275 
f 1073//850 2006//1706 1984//1684 
f 751//572 1421//1163 1050//827 
f 1051//828 1050//827 1421//1163 
f 1317//1073 896//707 1419//1161 
f 754//575 1419//1161 896//707 
f 948//750 113//59 946//748 
f 398//281 946//748 113//59 
f 347//239 1134//908 1133//907 
f 1134//908 347//239 1677//1394 
f 1138//912 264//173 1679//1396 
f 264//173 1138//912 1137//911 
f 1144//918 1680//1397 316//213 
f 317//214 316//213 1680//1397 
f 1607//1329 339//232 1170//944 
f 339//232 1607//1329 337//230 
f 1919//1607 2007//1707 1918//1606 
f 2008//1708 1918//1606 2007//1707 
f 276//183 1502//1228 1499//1225 
f 1502//1228 276//183 1663//1380 
f 1428//1168 371//255 370//254 
f 371//255 1428//1168 1114//888 
f 991//776 1655//1372 989//774 
f 1655//1372 991//776 637//483 
f 397//280 1088//862 1089//863 
f 1088//862 397//280 396//279 
f 2009//1709 954//756 2010//1710 
f 954//756 2009//1709 952//754 
f 1023//801 2011//1711 1021//799 
f 2011//1711 1023//801 2012//1712 
f 2013//1713 1014//792 2014//1714 
f 1014//792 2013//1713 1012//790 
f 252//162 913//724 891//702 
f 892//703 891//702 913//724 
f 1342//1092 1341//1091 1049//826 
f 226//143 1049//826 1341//1091 
f 1346//1096 1413//1155 904//715 
f 568//426 904//715 1413//1155 
f 516//380 916//727 885//696 
f 886//697 885//696 916//727 
f 1641//1360 2015//1715 2016//1716 
f 2017//1717 2015//1715 1641//1360 
f 2018//1718 2019//1719 1266//1031 
f 664//500 1266//1031 2019//1719 
f 2020//1720 2021//1721 609//465 
f 610//466 609//465 2021//1721 
f 1335//1086 1988//1688 1963//1663 
f 1988//1688 1335//1086 1736//1419 
f 2022//1722 1928//1615 1628//1349 
f 1732//1415 1628//1349 1928//1615 
f 1791//1468 635//481 2023//1723 
f 2024//1724 2023//1723 635//481 
f 1295//1053 2025//1725 1699//1406 
f 2025//1725 1295//1053 1739//1422 
f 2026//1726 1924//1611 1615//1336 
f 1730//1413 1615//1336 1924//1611 
f 1612//1334 1511//1236 2027//1727 
f 2028//1728 2027//1727 1511//1236 
f 1434//1169 2029//1729 1251//1019 
f 641//487 1251//1019 2029//1729 
f 2030//1730 2031//1731 1261//1026 
f 768//587 1261//1026 2031//1731 
f 2032//1732 2033//1733 1630//1351 
f 1631//1352 1630//1351 2033//1733 
f 1738//1421 2034//1734 2035//1735 
f 2036//1736 2034//1734 1738//1421 
f 2037//1737 1618//1339 1617//1338 
f 1618//1339 2037//1737 2038//1738 
f 1124//898 730//551 2039//1739 
f 2040//1740 2039//1739 730//551 
f 1643//1362 1638//1357 2041//1741 
f 2042//1742 2041//1741 1638//1357 
f 1254//1021 995//780 2043//1743 
f 2044//1744 2043//1743 995//780 
f 1639//1358 1747//1428 2045//1745 
f 2046//1746 2045//1745 1747//1428 
f 2023//1723 2026//1726 1791//1468 
f 1615//1336 1791//1468 2026//1726 
f 2047//1747 2048//1748 698//520 
f 699//521 698//520 2048//1748 
f 1647//1365 1646//1364 2049//1749 
f 2050//1750 2049//1749 1646//1364 
f 735//556 768//587 2051//1751 
f 2031//1731 2051//1751 768//587 
f 1332//1083 2052//1752 1989//1689 
f 2052//1752 1332//1083 1634//1354 
f 2053//1753 1622//1343 1621//1342 
f 1622//1343 2053//1753 2054//1754 
f 2033//1733 2055//1755 1631//1352 
f 1748//1429 1631//1352 2055//1755 
f 1590//1314 1748//1429 2056//1756 
f 2055//1755 2056//1756 1748//1429 
f 2057//1757 1926//1613 1626//1347 
f 1731//1414 1626//1347 1926//1613 
f 2054//1754 1620//1341 1622//1343 
f 1620//1341 2054//1754 1991//1691 
f 1277//1038 610//466 2058//1758 
f 2021//1721 2058//1758 610//466 
f 665//501 664//500 2059//1759 
f 2019//1719 2059//1759 664//500 
f 2060//1760 2061//1761 1796//1473 
f 1636//1356 1796//1473 2061//1761 
f 2062//1762 2063//1763 1281//1040 
f 1794//1471 1281//1040 2063//1763 
f 2039//1739 2018//1718 1124//898 
f 1266//1031 1124//898 2018//1718 
f 609//465 1643//1362 2020//1720 
f 2041//1741 2020//1720 1643//1362 
f 1962//1662 2028//1728 1613//1335 
f 1511//1236 1613//1335 2028//1728 
f 1634//1354 2064//1764 2052//1752 
f 2064//1764 1634//1354 1633//1353 
f 1975//1675 2065//1765 1312//1070 
f 1025//803 1312//1070 2065//1765 
f 2066//1766 2047//1747 734//555 
f 698//520 734//555 2047//1747 
f 2067//1767 2068//1768 817//634 
f 763//582 817//634 2068//1768 
f 1740//1423 1610//1332 2069//1769 
f 2070//1770 2069//1769 1610//1332 
f 858//674 1590//1314 2071//1771 
f 2056//1756 2071//1771 1590//1314 
f 2072//1772 2044//1744 642//488 
f 995//780 642//488 2044//1744 
f 2073//1773 2046//1746 1611//1333 
f 1747//1428 1611//1333 2046//1746 
f 2051//1751 2074//1774 735//556 
f 736//557 735//556 2074//1774 
f 1646//1364 859//675 2050//1750 
f 2075//1775 2050//1750 859//675 
f 2076//1776 1621//1342 1642//1361 
f 1621//1342 2076//1776 2053//1753 
f 817//634 1025//803 2067//1767 
f 2065//1765 2067//1767 1025//803 
f 1610//1332 1609//1331 2070//1770 
f 1959//1659 2070//1770 1609//1331 
f 1990//1690 1334//1085 1333//1084 
f 1334//1085 1990//1690 1839//1521 
f 1644//1363 2077//1777 2078//1778 
f 2079//1779 2077//1777 1644//1363 
f 1773//1450 2080//1780 1289//1048 
f 1642//1361 1289//1048 2080//1780 
f 1772//1449 2017//1717 1288//1047 
f 1641//1360 1288//1047 2017//1717 
f 2074//1774 2081//1781 736//557 
f 1268//1032 736//557 2081//1781 
f 1630//1351 1629//1350 2032//1732 
f 2082//1782 2032//1732 1629//1350 
f 1261//1026 764//583 2030//1730 
f 2083//1783 2030//1730 764//583 
f 2080//1780 2084//1784 1642//1361 
f 1642//1361 2084//1784 2076//1776 
f 2078//1778 1633//1353 1644//1363 
f 1633//1353 2078//1778 2064//1764 
f 1626//1347 1794//1471 2057//1757 
f 2063//1763 2057//1757 1794//1471 
f 1733//1416 1636//1356 1931//1618 
f 2061//1761 1931//1618 1636//1356 
f 2029//1729 2072//1772 641//487 
f 642//488 641//487 2072//1772 
f 1611//1333 1612//1334 2073//1773 
f 2027//1727 2073//1773 1612//1334 
f 734//555 1268//1032 2066//1766 
f 2081//1781 2066//1766 1268//1032 
f 2059//1759 2062//1762 665//501 
f 1281//1040 665//501 2062//1762 
f 1796//1473 1277//1038 2060//1760 
f 2058//1758 2060//1760 1277//1038 
f 2043//1743 2085//1785 1254//1021 
f 646//492 1254//1021 2085//1785 
f 2045//1745 2086//1786 1639//1358 
f 1640//1359 1639//1358 2086//1786 
f 2071//1771 2075//1775 858//674 
f 859//675 858//674 2075//1775 
f 1782//1459 2079//1779 1293//1052 
f 1644//1363 1293//1052 2079//1779 
f 2035//1735 1739//1422 1738//1421 
f 1739//1422 2035//1735 2025//1725 
f 2049//1749 2087//1787 1647//1365 
f 634//480 1647//1365 2087//1787 
f 1795//1472 699//521 2088//1788 
f 2048//1748 2088//1788 699//521 
f 2038//1738 1619//1340 1618//1339 
f 1619//1340 2038//1738 1987//1687 
f 635//481 634//480 2024//1724 
f 2087//1787 2024//1724 634//480 
f 2088//1788 2022//1722 1795//1472 
f 1628//1349 1795//1472 2022//1722 
f 2069//1769 2082//1782 1740//1423 
f 1629//1350 1740//1423 2082//1782 
f 764//583 763//582 2083//1783 
f 2068//1768 2083//1783 763//582 
f 2086//1786 2042//1742 1640//1359 
f 1638//1357 1640//1359 2042//1742 
f 730//551 646//492 2040//1740 
f 2085//1785 2040//1740 646//492 
f 1617//1338 2016//1716 2037//1737 
f 2016//1716 1617//1338 1641//1360 
f 1766//1447 2036//1736 1259//1024 
f 1738//1421 1259//1024 2036//1736 
f 1781//1458 136//80 1745//1426 
f 136//80 1781//1458 134//78 
f 1932//1623 2089//1789 1933//1624 
f 2090//1790 1933//1624 2089//1789 
f 1936//1627 2091//1791 1937//1628 
f 2092//1792 1937//1628 2091//1791 
f 1934//1625 2093//1793 1935//1626 
f 2094//1794 1935//1626 2093//1793 
f 156//94 216//133 215//132 
f 216//133 156//94 721//542 
f 173//105 1665//1382 171//103 
f 1665//1382 173//105 960//762 
f 419//300 132//76 710//532 
f 132//76 419//300 418//299 
f 1057//834 1361//1111 236//149 
f 1361//1111 1057//834 1359//1109 
f 421//302 420//301 1685//1402 
f 608//464 1685//1402 420//301 
f 1101//875 1461//1187 544//405 
f 545//406 544//405 1461//1187 
f 1104//878 1458//1184 914//725 
f 1355//1105 914//725 1458//1184 
f 945//747 905//716 943//745 
f 423//304 943//745 905//716 
f 1109//883 1455//1181 917//728 
f 1356//1106 917//728 1455//1181 
f 2095//1795 1787//1464 1938//1629 
f 1787//1464 2095//1795 1599//1321 
f 2004//1704 1765//1446 1367//1113 
f 1370//1116 1367//1113 1765//1446 
f 1487//1213 1516//1241 303//202 
f 389//272 303//202 1516//1241 
f 381//264 1529//1254 331//228 
f 792//611 331//228 1529//1254 
f 728//549 198//121 1369//1115 
f 1054//831 1369//1115 198//121 
f 822//638 315//212 1521//1246 
f 1520//1245 1521//1246 315//212 
f 1177//951 2096//1796 2005//1705 
f 2096//1796 1177//951 1565//1289 
f 2097//1797 1551//1275 1941//1632 
f 1551//1275 2097//1797 2006//1706 
f 1262//1027 465//337 1376//1118 
f 465//337 1262//1027 1265//1030 
f 1463//1189 155//93 1125//899 
f 155//93 1463//1189 1382//1124 
f 1439//1174 574//432 122//68 
f 574//432 1439//1174 1058//835 
f 131//75 1464//1190 1388//1130 
f 1464//1190 131//75 1120//894 
f 910//721 909//720 539//400 
f 96//50 539//400 909//720 
f 839//655 841//657 1061//838 
f 1062//839 1061//838 841//657 
f 1423//1165 1456//1182 947//749 
f 180//112 947//749 1456//1182 
f 919//730 918//729 153//91 
f 199//122 153//91 918//729 
f 1133//907 348//240 347//239 
f 348//240 1133//907 1132//906 
f 573//431 549//410 1491//1217 
f 549//410 573//431 547//408 
f 265//174 1137//911 1136//910 
f 1137//911 265//174 264//173 
f 1492//1218 111//57 948//750 
f 113//59 948//750 111//57 
f 722//543 882//693 1291//1050 
f 882//693 722//543 1545//1269 
f 576//434 1786//1463 1785//1462 
f 1786//1463 576//434 955//757 
f 1483//1209 992//777 877//688 
f 992//777 1483//1209 1539//1263 
f 1479//1205 1070//847 1657//1374 
f 1070//847 1479//1205 1542//1266 
f 1730//1413 1616//1337 484//354 
f 1616//1337 1730//1413 1923//1610 
f 890//701 197//120 745//566 
f 746//567 745//566 197//120 
f 283//189 314//211 1416//1158 
f 1513//1238 1416//1158 314//211 
f 896//707 330//227 754//575 
f 755//576 754//575 330//227 
f 1050//827 302//201 751//572 
f 752//573 751//572 302//201 
f 1043//820 2098//1798 1041//818 
f 2098//1798 1043//820 1399//1141 
f 1047//824 2099//1799 1045//822 
f 2099//1799 1047//824 1404//1146 
f 1039//816 2100//1800 1037//814 
f 2100//1800 1039//816 1409//1151 
f 1478//1204 1089//863 1116//890 
f 1089//863 1478//1204 397//280 
f 637//483 1482//1208 1655//1372 
f 1482//1208 637//483 1118//892 
f 277//184 1499//1225 1548//1272 
f 1499//1225 277//184 276//183 
f 1114//888 723//544 371//255 
f 723//544 1114//888 1113//887 
f 1731//1414 1625//1346 373//257 
f 1625//1346 1731//1414 1927//1614 
f 1627//1348 1732//1415 1929//1616 
f 1732//1415 1627//1348 542//403 
f 1733//1416 1635//1355 530//392 
f 1635//1355 1733//1416 1930//1617 
f 885//696 1417//1159 516//380 
f 1526//1251 516//380 1417//1159 
f 1413//1155 1415//1157 568//426 
f 1099//873 568//426 1415//1157 
f 1524//1249 226//143 1422//1164 
f 1341//1091 1422//1164 226//143 
f 891//702 1420//1162 252//162 
f 1522//1247 252//162 1420//1162 
f 1532//1569 27//1569 1889//1569 
f 20//18 27//18 1532//18 
f 921//732 1059//836 1791//1468 
f 1059//836 921//732 482//352 
f 1938//1629 2101//1801 2095//1795 
f 2101//1801 1938//1629 1945//1645 
f 1939//1630 2102//1802 1601//1323 
f 2102//1802 1939//1630 1946//1646 
f 721//542 1427//1167 216//133 
f 1427//1167 721//542 720//541 
f 960//762 1500//1226 1665//1382 
f 1500//1226 960//762 959//761 
f 236//149 638//484 1057//834 
f 638//484 236//149 235//148 
f 710//532 1090//864 419//300 
f 1090//864 710//532 709//531 
f 1249//1017 1434//1169 1250//1018 
f 1433//1076 19//15 31//15 
f 2103//11 15//11 1362//789 
f 1363//1112 1812//1494 1811//1493 
f 1296//1054 1699//1406 1298//1056 
f 14//10 1700//1407 1841//1407 
f 2104//3 3//3 597//453 
f 852//668 1839//1521 1837//1519 
f 2105//1803 1565//1289 1947//1647 
f 1565//1289 2105//1803 2096//1796 
f 1941//1632 2106//1804 2097//1797 
f 2106//1804 1941//1632 1948//1648 
f 1149//923 985//771 663//499 
f 985//771 1149//923 1794//1471 
f 1036//813 1150//924 1795//1472 
f 1150//924 1036//813 697//519 
f 2107//1805 352//244 788//607 
f 352//244 2107//1805 1982//1682 
f 1102//876 1101//875 225//142 
f 544//405 225//142 1101//875 
f 914//725 251//161 1104//878 
f 1105//879 1104//878 251//161 
f 917//728 515//379 1109//883 
f 1110//884 1109//883 515//379 
f 905//716 567//425 423//304 
f 424//305 423//304 567//425 
f 400//283 987//772 398//281 
f 987//772 400//283 1796//1473 
f 871//682 1382//1124 1381//1123 
f 1382//1124 871//682 155//93 
f 1265//1030 1030//808 465//337 
f 1030//808 1265//1030 1264//1029 
f 1440//1175 122//68 1395//1137 
f 122//68 1440//1175 1439//1174 
f 1388//1130 872//683 131//75 
f 872//683 1388//1130 1387//1129 
f 2108//1806 899//710 898//709 
f 899//710 2108//1806 1985//1685 
f 393//276 2109//1807 1986//1686 
f 2109//1807 393//276 1352//1102 
f 259//169 839//655 1460//1186 
f 1061//838 1460//1186 839//655 
f 97//51 96//50 1459//1185 
f 909//720 1459//1185 96//50 
f 918//729 1454//1180 199//122 
f 200//123 199//122 1454//1180 
f 1456//1182 1457//1183 180//112 
f 1349//1099 180//112 1457//1183 
f 1462//1188 1132//906 1131//905 
f 1132//906 1462//1188 348//240 
f 123//69 1491//1217 1490//1216 
f 1491//1217 123//69 573//431 
f 1465//1191 1136//910 1135//909 
f 1136//910 1465//1191 265//174 
f 948//750 179//111 1492//1218 
f 1029//807 1492//1218 179//111 
f 1675//1392 1338//1088 1648//1366 
f 1338//1088 1675//1392 1062//839 
f 399//282 1734//1417 1276//1037 
f 112//58 1734//1417 399//282 
f 1676//1393 1146//920 1145//919 
f 1146//920 1676//1393 666//502 
f 1678//1395 1153//927 1152//926 
f 1153//927 1678//1395 732//553 
f 1521//1246 1437//1172 822//638 
f 494//364 822//638 1437//1172 
f 291//193 728//549 1368//1114 
f 1369//1115 1368//1114 728//549 
f 1516//1241 1515//1240 389//272 
f 1159//933 389//272 1515//1240 
f 1126//900 792//611 1528//1253 
f 1529//1254 1528//1253 792//611 
f 1953//1653 1954//1654 2110//1808 
f 2111//1809 2110//1808 1954//1654 
f 1545//1269 527//389 882//693 
f 527//389 1545//1269 1544//1268 
f 955//757 1174//948 1786//1463 
f 1174//948 955//757 1305//1063 
f 1539//1263 498//368 992//777 
f 498//368 1539//1263 1538//1262 
f 561//421 1542//1266 1541//1265 
f 1542//1266 561//421 1070//847 
f 1098//872 1513//1238 313//210 
f 314//211 313//210 1513//1238 
f 197//120 196//119 746//567 
f 1184//958 746//567 196//119 
f 330//227 329//226 755//576 
f 1191//965 755//576 329//226 
f 302//201 301//200 752//573 
f 1188//962 752//573 301//200 
f 1263//1028 1067//844 1066//843 
f 1067//844 1263//1028 1375//1117 
f 2112//1810 1964//1664 2113//1811 
f 1965//1665 2113//1811 1964//1664 
f 1337//1087 548//409 633//479 
f 548//409 1337//1087 842//658 
f 1118//892 1485//1211 1482//1208 
f 1485//1211 1118//892 1556//1280 
f 1116//890 1481//1207 1478//1204 
f 1481//1207 1116//890 1553//1277 
f 1548//1272 956//758 277//184 
f 956//758 1548//1272 1547//1271 
f 1113//887 724//545 723//544 
f 724//545 1113//887 1559//1283 
f 2114//1812 1945//1645 1980//1680 
f 1945//1645 2114//1812 2101//1801 
f 2115//1813 1946//1646 1982//1682 
f 1946//1646 2115//1813 2102//1802 
f 1417//1159 747//568 1526//1251 
f 1108//882 1526//1251 747//568 
f 1415//1157 1414//1156 1099//873 
f 1564//1288 1099//873 1414//1156 
f 1750//1430 1234//1003 1614//1003 
f 1233//7 40//7 39//7 
f 1420//1162 756//577 1522//1247 
f 1107//881 1522//1247 756//577 
f 1100//874 1524//1249 753//574 
f 1422//1164 753//574 1524//1249 
f 1947//1647 2116//1814 2105//1803 
f 2116//1814 1947//1647 1985//1685 
f 2117//1815 1948//1648 1986//1686 
f 1948//1648 2117//1815 2106//1804 
f 235//148 639//485 638//484 
f 639//485 235//148 836//652 
f 709//531 1091//865 1090//864 
f 1091//865 709//531 438//315 
f 1501//1227 959//761 716//537 
f 959//761 1501//1227 1500//1226 
f 720//541 1112//886 1427//1167 
f 1112//886 720//541 432//309 
f 1580//1304 1105//879 250//160 
f 251//161 250//160 1105//879 
f 225//142 224//141 1102//876 
f 1577//1301 1102//876 224//141 
f 1585//1309 1110//884 514//378 
f 515//379 514//378 1110//884 
f 567//425 566//424 424//305 
f 1348//1098 424//305 566//424 
f 1264//1029 958//760 1030//808 
f 958//760 1264//1029 1602//1324 
f 1381//1123 719//540 871//682 
f 719//540 1381//1123 1383//1125 
f 708//530 1387//1129 1389//1131 
f 1387//1129 708//530 872//683 
f 1395//1137 234//147 1440//1175 
f 234//147 1395//1137 1392//1134 
f 1574//1298 259//169 1103//877 
f 1460//1186 1103//877 259//169 
f 1581//1305 97//51 1106//880 
f 1459//1185 1106//880 97//51 
f 1457//1183 425//306 1349//1099 
f 1588//1312 1349//1099 425//306 
f 1582//1306 200//123 1111//885 
f 1454//1180 1111//885 200//123 
f 2118//1816 1891//1571 2119//1817 
f 1892//1572 2119//1817 1891//1571 
f 1893//1573 2120//1818 1894//1574 
f 2121//1819 1894//1574 2120//1818 
f 2122//1820 2123//1821 2124//1822 
f 2125//1823 2124//1822 2123//1821 
f 1895//1575 2126//1824 1896//1576 
f 2127//1825 1896//1576 2126//1824 
f 124//70 1490//1216 1605//1327 
f 1490//1216 124//70 123//69 
f 1386//1128 1135//909 1604//1326 
f 1135//909 1386//1128 1465//1191 
f 1131//905 1380//1122 1462//1188 
f 1380//1122 1131//905 1603//1325 
f 179//111 178//110 1029//807 
f 1589//1313 1029//807 178//110 
f 1921//1609 2128//1826 1920//1608 
f 2129//1827 1920//1608 2128//1826 
f 292//194 291//193 1567//1291 
f 1368//1114 1567//1291 291//193 
f 1154//928 494//364 1596//1318 
f 1437//1172 1596//1318 494//364 
f 1160//934 1159//933 1535//1259 
f 1515//1240 1535//1259 1159//933 
f 1528//1253 1571//1295 1126//900 
f 1127//901 1126//900 1571//1295 
f 703//525 1971//1671 701//523 
f 1971//1671 703//525 1969//1669 
f 1305//1063 934//741 1174//948 
f 934//741 1305//1063 340//233 
f 528//390 1544//1268 368//252 
f 1544//1268 528//390 527//389 
f 1538//1262 640//486 498//368 
f 640//486 1538//1262 951//753 
f 707//529 1541//1265 810//627 
f 1541//1265 707//529 561//421 
f 1336//788 1004//788 1753//1435 
f 1753//7 1004//7 2130//7 
f 1362//789 1009//789 2103//11 
f 2131//7 1010//7 142//7 
f 863//7 1888//7 2104//7 
f 597//453 596//453 2104//3 
f 827//643 2132//1828 1980//1680 
f 2132//1828 827//643 1378//1120 
f 196//119 1181//955 1184//958 
f 1805//1487 1184//958 1181//955 
f 780//599 1098//872 493//363 
f 313//210 493//363 1098//872 
f 1809//1491 1191//965 1192//966 
f 329//226 1192//966 1191//965 
f 301//200 1185//959 1188//962 
f 1807//1489 1188//962 1185//959 
f 2133//1829 1378//1120 802//619 
f 1378//1120 2133//1829 2132//1828 
f 788//607 2134//1830 2107//1805 
f 2134//1830 788//607 787//606 
f 1980//1680 823//639 2114//1812 
f 823//639 1980//1680 2132//1828 
f 2135//1831 1982//1682 2107//1805 
f 1982//1682 2135//1831 2115//1813 
f 898//709 2136//1832 2108//1806 
f 2136//1832 898//709 1230//1000 
f 1352//1102 2137//1833 2109//1807 
f 2137//1833 1352//1102 1351//1101 
f 1540//1264 1553//1277 1813//1495 
f 1553//1277 1540//1264 1481//1207 
f 1556//1280 1537//1261 1485//1211 
f 1537//1261 1556//1280 1815//1497 
f 1543//1267 1559//1283 1817//1499 
f 1559//1283 1543//1267 724//545 
f 1547//1271 957//759 956//758 
f 957//759 1547//1271 715//536 
f 2138//1834 1985//1685 2108//1806 
f 1985//1685 2138//1834 2116//1814 
f 1986//1686 2139//1835 2117//1815 
f 2139//1835 1986//1686 2109//1807 
f 753//574 1187//961 1100//874 
f 750//571 1100//874 1187//961 
f 756//577 1190//964 1107//881 
f 759//580 1107//881 1190//964 
f 1414//1156 1512//1237 1564//1288 
f 1819//1501 1564//1288 1512//1237 
f 747//568 1183//957 1108//882 
f 744//565 1108//882 1183//957 
f 280//186 1686//185 278//185 
f 1687//84 1079//84 300//84 
f 457//7 1321//7 2140//7 
f 1321//1077 457//329 456//329 
f 1693//7 1315//7 983//7 
f 1325//1012 552//412 551//412 
f 1692//7 1327//7 56//7 
f 820//636 1690//635 818//635 
f 1995//1695 2141//1836 1994//1694 
f 2141//1836 1995//1695 2142//1837 
f 1993//1693 2143//1838 1992//1692 
f 2143//1838 1993//1693 2144//1839 
f 1608//1330 1761//1443 901//712 
f 1761//1443 1608//1330 1759//1441 
f 2145//1840 1997//1697 2146//1841 
f 1997//1697 2145//1840 1996//1696 
f 691//513 1701//512 689//512 
f 1840//7 937//7 107//7 
f 1003//7 380//7 565//7 
f 380//263 1003//262 378//262 
f 1007//7 1006//7 1005//7 
f 1770//7 1007//7 1769//7 
f 1031//809 1769//809 1005//454 
f 1005//7 1769//7 1007//7 
f 164//7 1742//7 1768//7 
f 1011//7 1768//7 142//7 
f 1768//7 1011//7 164//7 
f 164//98 1008//97 162//97 
f 1546//1270 716//537 1821//1503 
f 716//537 1546//1270 1501//1227 
f 432//309 1560//1284 1112//886 
f 1560//1284 432//309 249//159 
f 836//652 1557//1281 639//485 
f 1557//1281 836//652 147//88 
f 438//315 1554//1278 1091//865 
f 1554//1278 438//315 268//177 
f 2147//1842 2003//1703 2148//1843 
f 2002//1702 2148//1843 2003//1703 
f 2149//1844 2150//1845 1681//1398 
f 1682//1399 1681//1398 2150//1845 
f 2151//1846 2001//1701 2152//1847 
f 2000//1700 2152//1847 2001//1701 
f 1998//1698 2153//1848 1999//1699 
f 2154//1849 1999//1699 2153//1848 
f 1828//1510 1577//1301 1525//1250 
f 224//141 1525//1250 1577//1301 
f 250//160 1523//1248 1580//1304 
f 1825//1507 1580//1304 1523//1248 
f 1823//1505 1585//1309 1527//1252 
f 514//378 1527//1252 1585//1309 
f 566//424 1563//1287 1348//1098 
f 775//594 1348//1098 1563//1287 
f 1389//1131 439//316 708//530 
f 439//316 1389//1131 1831//1513 
f 837//653 1392//1134 1829//1511 
f 1392//1134 837//653 234//147 
f 433//310 1383//1125 1833//1515 
f 1383//1125 433//310 719//540 
f 717//538 1602//1324 466//338 
f 1602//1324 717//538 958//760 
f 325//222 1574//1298 1576//1300 
f 1103//877 1576//1300 1574//1298 
f 443//320 1581//1305 1579//1303 
f 1106//880 1579//1303 1581//1305 
f 425//306 1347//1097 1588//1312 
f 1835//1517 1588//1312 1347//1097 
f 1111//885 1584//1308 1582//1306 
f 437//314 1582//1306 1584//1308 
f 1393//1135 1605//1327 835//651 
f 1605//1327 1393//1135 124//70 
f 1390//1132 1604//1326 591//449 
f 1604//1326 1390//1132 1386//1128 
f 1603//1325 1384//1126 1380//1122 
f 1384//1126 1603//1325 587//445 
f 178//110 1587//1311 1589//1313 
f 812//629 1589//1313 1587//1311 
f 669//7 160//7 159//7 
f 869//680 667//503 867//503 
f 1688//328 672//504 1253//504 
f 672//7 1688//7 2155//7 
f 682//7 1691//7 56//7 
f 130//74 678//508 128//73 
f 619//84 677//7 674//7 
f 1632//411 674//506 1194//968 
f 931//738 1742//737 929//737 
f 1447//84 1768//7 1742//7 
f 1769//7 1033//7 1770//7 
f 1451//7 286//84 1450//84 
f 1033//7 1451//7 506//7 
f 1451//190 1033//810 1032//810 
f 938//7 626//7 625//7 
f 306//204 940//203 304//203 
f 1741//84 927//7 2156//7 
f 927//735 1741//734 925//734 
f 2157//1850 2014//1714 2158//1851 
f 2014//1714 2157//1850 2013//1713 
f 1494//1220 1743//1424 1167//941 
f 1743//1424 1494//1220 1443//1178 
f 2159//1852 2012//1712 2160//1853 
f 2012//1712 2159//1852 2011//1711 
f 2161//1854 2010//1710 2162//1855 
f 2010//1710 2161//1854 2009//1709 
f 2163//1856 2164//1857 2111//1809 
f 2110//1808 2111//1809 2164//1857 
f 2113//1811 2165//1858 2112//1810 
f 2166//1859 2112//1810 2165//1858 
f 2167//1860 2168//1861 1684//1401 
f 1141//915 1684//1401 2168//1861 
f 2089//1789 2169//1862 2090//1790 
f 2170//1863 2090//1790 2169//1862 
f 2093//1793 2171//1864 2094//1794 
f 2172//1865 2094//1794 2171//1864 
f 2173//1866 2092//1792 2174//1867 
f 2091//1791 2174//1867 2092//1792 
f 1707//84 681//84 56//84 
f 679//509 1708//1025 1260//1025 
f 675//507 309//206 308//206 
f 309//7 675//7 1922//7 
f 52//27 1704//26 50//26 
f 1705//7 668//7 630//7 
f 671//505 118//64 117//63 
f 118//7 671//7 509//7 
f 1694//7 426//7 473//7 
f 430//308 1695//1023 1258//1023 
f 333//229 1452//1046 1287//1046 
f 1452//7 333//7 335//7 
f 931//84 1449//7 1448//7 
f 359//7 358//7 356//7 
f 1449//7 356//7 358//7 
f 356//247 1449//1049 1290//1049 
f 364//249 286//191 285//191 
f 360//84 1450//84 286//84 
f 209//7 208//7 211//7 
f 1705//7 209//7 1199//7 
f 211//7 1199//7 209//7 
f 1199//971 211//129 1197//129 
f 1702//62 186//116 1267//116 
f 186//7 1702//7 185//7 
f 232//84 242//84 241//84 
f 1592//205 230//146 1591//146 
f 416//297 125//71 414//71 
f 190//7 1706//7 56//7 
f 332//7 82//7 965//7 
f 82//45 332//44 80//44 
f 427//7 92//7 72//7 
f 924//733 429//307 922//307 
f 1709//55 363//248 1294//248 
f 361//7 83//7 41//7 
f 359//84 2175//84 142//84 
f 68//36 355//35 66//35 
f 1725//7 231//7 151//7 
f 65//34 1726//33 63//33 
f 1727//7 126//7 189//7 
f 126//72 1727//1033 1269//1033 
f 212//130 1724//284 401//284 
f 1723//7 1431//7 46//7 
f 187//7 186//7 184//7 
f 1720//84 345//84 1722//84 
f 187//117 345//237 344//237 
f 345//84 187//7 2176//7 
f 966//764 1713//812 1035//812 
f 1713//7 966//84 2177//84 
f 1715//7 961//7 653//7 
f 229//145 1649//144 227//144 
f 1710//7 973//7 660//7 
f 971//766 110//56 109//56 
f 980//7 979//7 977//7 
f 979//7 1711//7 1712//7 
f 977//768 1712//770 984//770 
f 1712//7 977//7 979//7 
f 1720//236 976//767 1280//767 
f 980//7 1721//7 142//7 
f 1279//1039 970//765 986//765 
f 974//84 656//84 655//84 
f 1257//1022 964//763 1255//763 
f 962//84 649//84 648//84 
f 262//171 967//170 260//170 
f 967//7 262//7 2178//7 
f 1404//1146 2179//1868 2099//1799 
f 2179//1868 1404//1146 1403//1145 
f 1399//1141 2180//1869 2098//1798 
f 2180//1869 1399//1141 1398//1140 
f 1409//1151 2181//1870 2100//1800 
f 2181//1870 1409//1151 1408//1150 
f 452//325 1780//1457 1745//1426 
f 1746//1427 1745//1426 1780//1457 
f 694//516 1296//1054 1297//1055 
f 1298//1056 1297//1055 1296//1054 
f 1837//1519 850//666 852//668 
f 853//669 852//668 850//666 
f 1250//1018 848//664 1249//1017 
f 848//664 1250//1018 460//332 
f 1248//1016 239//152 1771//1448 
f 239//152 1248//1016 1247//1015 
f 392//275 1160//934 1534//1258 
f 1535//1259 1534//1258 1160//934 
f 1571//1295 1570//1294 1127//901 
f 328//225 1127//901 1570//1294 
f 1596//1318 1595//1317 1154//928 
f 1155//929 1154//928 1595//1317 
f 1567//1291 1566//1290 292//194 
f 831//647 292//194 1566//1290 
f 1297//1055 554//414 694//516 
f 1486//1212 694//516 554//414 
f 850//666 849//665 853//669 
f 1624//1345 853//669 849//665 
f 460//332 217//134 848//664 
f 217//134 460//332 459//331 
f 524//386 523//385 522//384 
f 1652//1369 522//384 523//385 
f 368//252 826//642 528//390 
f 826//642 368//252 367//251 
f 933//740 340//233 1851//1531 
f 340//233 933//740 934//741 
f 951//753 353//245 640//486 
f 353//245 951//753 950//752 
f 810//627 394//277 707//529 
f 394//277 810//627 809//626 
f 1910//1594 1803//1485 1594//1316 
f 1129//903 1594//1316 1803//1485 
f 2182//1871 2107//1805 2134//1830 
f 2107//1805 2182//1871 2135//1831 
f 554//414 410//293 1486//1212 
f 1489//1215 1486//1212 410//293 
f 1518//1243 1624//1345 1623//1344 
f 849//665 1623//1344 1624//1345 
f 1181//955 293//195 1805//1487 
f 1860//1541 1805//1487 293//195 
f 1308//1066 780//599 492//362 
f 493//363 492//362 780//599 
f 1185//959 1161//935 1807//1489 
f 1857//1538 1807//1489 1161//935 
f 1856//1537 1809//1491 1128//902 
f 1192//966 1128//902 1809//1491 
f 459//331 218//135 217//134 
f 218//135 459//331 1788//1465 
f 2108//1806 2183//1872 2138//1834 
f 2183//1872 2108//1806 2136//1832 
f 523//385 1650//1367 1652//1369 
f 1056//833 1652//1369 1650//1367 
f 2184//1873 2109//1807 2137//1833 
f 2109//1807 2184//1873 2139//1835 
f 1115//889 1817//1499 1869//1550 
f 1817//1499 1115//889 1543//1267 
f 715//536 341//234 957//759 
f 341//234 715//536 714//535 
f 1119//893 1815//1497 1867//1548 
f 1815//1497 1119//893 1537//1261 
f 1813//1495 1117//891 1540//1264 
f 1117//891 1813//1495 1865//1546 
f 1183//957 1182//956 744//565 
f 294//196 744//565 1182//956 
f 1871//1552 1819//1501 779//598 
f 1512//1237 779//598 1819//1501 
f 1187//961 1186//960 750//571 
f 474//344 750//571 1186//960 
f 1190//964 1189//963 759//580 
f 205//126 759//580 1189//963 
f 410//293 1076//853 1489//1215 
f 1514//1239 1489//1215 1076//853 
f 1519//1244 1518//1243 182//114 
f 1623//1344 182//114 1518//1243 
f 1506//1231 1821//1503 1874//1555 
f 1821//1503 1506//1231 1546//1270 
f 249//159 1561//1285 1560//1284 
f 1561//1285 249//159 248//158 
f 268//177 1555//1279 1554//1278 
f 1555//1279 268//177 267//176 
f 147//88 1558//1282 1557//1281 
f 1558//1282 147//88 146//87 
f 1788//1465 1599//1321 218//135 
f 1599//1321 1788//1465 1787//1464 
f 1301//1059 875//686 874//685 
f 875//686 1301//1059 1940//1631 
f 1876//1557 1823//1505 743//564 
f 1527//1252 743//564 1823//1505 
f 776//595 775//594 1562//1286 
f 1563//1287 1562//1286 775//594 
f 1523//1248 758//579 1825//1507 
f 1880//1561 1825//1507 758//579 
f 1525//1250 749//570 1828//1510 
f 1879//1560 1828//1510 749//570 
f 1829//1511 838//654 837//653 
f 838//654 1829//1511 1884//1565 
f 1831//1513 440//317 439//316 
f 440//317 1831//1513 1886//1567 
f 718//539 466//338 1505//1230 
f 466//338 718//539 717//538 
f 1833//1515 434//311 433//310 
f 434//311 1833//1515 1882//1563 
f 1717//1409 325//222 1575//1299 
f 1576//1300 1575//1299 325//222 
f 1579//1303 1578//1302 443//320 
f 1718//1410 443//320 1578//1302 
f 1347//1097 811//628 1835//1517 
f 1890//1570 1835//1517 811//628 
f 1584//1308 1583//1307 437//314 
f 1716//1408 437//314 1583//1307 
f 587//445 1385//1127 1384//1126 
f 1385//1127 587//445 1507//1232 
f 1394//1136 835//651 1508//1233 
f 835//651 1394//1136 1393//1135 
f 1391//1133 591//449 1509//1234 
f 591//449 1391//1133 1390//1132 
f 1587//1311 1586//1310 812//629 
f 1719//1411 812//629 1586//1310 
f 1076//853 783//602 1514//1239 
f 1517//1242 1514//1239 783//602 
f 1435//1170 1519//1244 181//113 
f 182//114 181//113 1519//1244 
f 2185//1874 1230//1000 1696//1403 
f 1230//1000 2185//1874 2136//1832 
f 1351//1101 2186//1875 2137//1833 
f 2186//1875 1351//1101 807//624 
f 255//165 254//164 1531//1256 
f 1530//1255 1531//1256 254//164 
f 1940//1631 1601//1323 875//686 
f 1601//1323 1940//1631 1939//1630 
f 2187//1876 2129//1827 2188//1877 
f 2128//1826 2188//1877 2129//1827 
f 2189//1878 2008//1708 2190//1879 
f 2007//1707 2190//1879 2008//1708 
f 783//602 120//66 1517//1242 
f 1533//1257 1517//1242 120//66 
f 1436//1171 1435//1170 821//637 
f 181//113 821//637 1435//1170 
f 31//15 1320//1076 1433//1076 
f 1320//84 31//7 143//7 
f 820//7 1326//84 191//84 
f 84//7 2191//7 7//7 
f 1324//84 75//84 1943//84 
f 4//4 1245//1013 1244//1013 
f 1326//84 7//7 2191//7 
f 7//6 1326//1078 1637//1078 
f 254//164 795//614 1530//1255 
f 1573//1297 1530//1255 795//614 
f 1569//1293 1370//1116 501//371 
f 1765//1446 501//371 1370//1116 
f 1843//1523 2192//1880 1842//1522 
f 10//84 2192//1880 1843//1523 
f 1972//1672 2193//1881 1970//1670 
f 2194//84 2193//1881 1972//1672 
f 114//60 2133//1829 2195//1882 
f 2133//1829 114//60 824//640 
f 60//30 2134//1830 2196//1883 
f 2134//1830 60//30 2182//1871 
f 1656//1373 1155//929 1864//1545 
f 1595//1317 1864//1545 1155//929 
f 1163//937 831//647 1873//1554 
f 1566//1290 1873//1554 831//647 
f 1080//854 392//275 1861//1542 
f 1534//1258 1861//1542 392//275 
f 1570//1294 1804//1486 328//225 
f 616//472 328//225 1804//1486 
f 2136//1832 2197//1884 2183//1872 
f 2197//1884 2136//1832 2185//1874 
f 1377//1119 367//251 1015//793 
f 367//251 1377//1119 826//642 
f 1851//1531 897//708 933//740 
f 897//708 1851//1531 902//713 
f 2137//1833 2198//1885 2184//1873 
f 2198//1885 2137//1833 2186//1875 
f 354//246 950//752 1239//1008 
f 950//752 354//246 353//245 
f 809//626 395//278 394//277 
f 395//278 809//626 1018//796 
f 1917//1601 1860//1541 830//646 
f 293//195 830//646 1860//1541 
f 492//362 1156//930 1308//1066 
f 318//215 1308//1066 1156//930 
f 1128//902 327//224 1856//1537 
f 1914//1598 1856//1537 327//224 
f 1161//935 391//274 1857//1538 
f 1913//1597 1857//1538 391//274 
f 808//625 1865//1546 1222//992 
f 1865//1546 808//625 1117//891 
f 949//751 1867//1548 1097//871 
f 1867//1548 949//751 1119//893 
f 714//535 342//235 341//234 
f 342//235 714//535 337//230 
f 366//250 1869//1550 1216//986 
f 1869//1550 366//250 1115//889 
f 1536//1260 1533//1257 119//65 
f 120//66 119//65 1533//1257 
f 821//637 560//420 1436//1171 
f 1597//1319 1436//1171 560//420 
f 1186//960 1808//1490 474//344 
f 475//345 474//344 1808//1490 
f 206//127 205//126 1810//1492 
f 1189//963 1810//1492 205//126 
f 1925//1612 1871//1552 778//597 
f 779//598 778//597 1871//1552 
f 1182//956 1806//1488 294//196 
f 295//197 294//196 1806//1488 
f 146//87 1816//1498 1558//1282 
f 1816//1498 146//87 952//754 
f 1814//1496 267//176 1021//799 
f 267//176 1814//1496 1555//1279 
f 248//158 1818//1500 1561//1285 
f 1818//1500 248//158 1012//790 
f 713//534 1874//1555 1168//942 
f 1874//1555 713//534 1506//1231 
f 749//570 748//569 1879//1560 
f 1934//1625 1879//1560 748//569 
f 758//579 757//578 1880//1561 
f 1936//1627 1880//1561 757//578 
f 743//564 742//563 1876//1557 
f 1932//1623 1876//1557 742//563 
f 422//303 776//595 1820//1502 
f 1562//1286 1820//1502 776//595 
f 1882//1563 247//157 434//311 
f 247//157 1882//1563 586//444 
f 1822//1504 1505//1230 134//78 
f 1505//1230 1822//1504 718//539 
f 1884//1565 145//86 838//654 
f 145//86 1884//1565 322//219 
f 1886//1567 266//175 440//317 
f 266//175 1886//1567 590//448 
f 1572//1296 1573//1297 794//613 
f 795//614 794//613 1573//1297 
f 1568//1292 1569//1293 729//550 
f 501//371 729//550 1569//1293 
f 1583//1307 1824//1506 1716//1408 
f 1406//1148 1716//1408 1824//1506 
f 811//628 777//596 1890//1570 
f 1942//1633 1890//1570 777//596 
f 1578//1302 1826//1508 1718//1410 
f 1396//1138 1718//1410 1826//1508 
f 1401//1143 1717//1409 1827//1509 
f 1575//1299 1827//1509 1717//1409 
f 1834//1516 1507//1232 1037//814 
f 1507//1232 1834//1516 1385//1127 
f 1508//1233 1830//1512 1394//1136 
f 1830//1512 1508//1233 1045//822 
f 1832//1514 1509//1234 1041//818 
f 1509//1234 1832//1514 1391//1133 
f 1586//1310 1836//1518 1719//1411 
f 1593//1315 1719//1411 1836//1518 
f 802//619 2195//1882 2133//1829 
f 2195//1882 802//619 1282//1041 
f 2196//1883 787//606 1284//1043 
f 787//606 2196//1883 2134//1830 
f 2146//1841 2199//1886 2145//1840 
f 2199//1886 2146//1841 2200//1887 
f 2142//1837 2201//1888 2141//1836 
f 2201//1888 2142//1837 2202//1889 
f 2203//1890 2144//1839 2204//1891 
f 2144//1839 2203//1890 2143//1838 
f 119//65 579//437 1536//1260 
f 1862//1543 1536//1260 579//437 
f 1863//1544 1597//1319 1438//1173 
f 560//420 1438//1173 1597//1319 
f 2153//1848 2205//1892 2154//1849 
f 2206//1893 2154//1849 2205//1892 
f 2207//1894 2151//1846 2208//1895 
f 2152//1847 2208//1895 2151//1846 
f 2209//1896 2147//1842 2210//1897 
f 2148//1843 2210//1897 2147//1842 
f 1497//1223 1496//1222 2149//1844 
f 2150//1845 2149//1844 1496//1222 
f 1900//1580 1171//945 1898//1578 
f 1171//945 1900//1580 1169//943 
f 2211//1898 2212//1899 115//61 
f 2212//1899 2211//1898 2213//1900 
f 1273//7 2214//1901 1902//1582 
f 1902//1582 2214//1901 1901//1581 
f 1904//1584 2215//1902 1903//1583 
f 203//7 2215//1902 1904//1584 
f 2216//1903 2158//1851 2217//1904 
f 2158//1851 2216//1903 2157//1850 
f 2162//1855 2218//1905 2161//1854 
f 2218//1905 2162//1855 2219//1906 
f 2220//1907 2160//1853 2221//1908 
f 2160//1853 2220//1907 2159//1852 
f 1746//1427 706//528 1744//1425 
f 706//528 1746//1427 704//526 
f 1697//1404 2222//1909 2223//1910 
f 2222//1909 1697//1404 2224//1911 
f 464//336 2225//1912 2226//1913 
f 2225//1912 464//336 2227//1914 
f 794//613 1129//903 1572//1296 
f 1803//1485 1572//1296 1129//903 
f 1872//1553 1568//1292 167//101 
f 729//550 167//101 1568//1292 
f 2169//1862 2228//1915 2170//1863 
f 2229//1916 2170//1863 2228//1915 
f 2230//1917 2173//1866 2231//1918 
f 2174//1867 2231//1918 2173//1866 
f 2232//1919 2172//1865 2233//1920 
f 2171//1864 2233//1920 2172//1865 
f 2124//1822 2125//1823 2167//1860 
f 2168//1861 2167//1860 2125//1823 
f 1164//938 2234//1921 1919//1607 
f 2007//1707 1919//1607 2234//1921 
f 2128//1826 1921//1609 1666//1383 
f 77//41 1666//1383 1921//1609 
f 2188//1877 2235//1922 2187//1876 
f 2236//1923 2187//1876 2235//1922 
f 2237//1924 2189//1878 2238//1925 
f 2190//1879 2238//1925 2189//1878 
f 2239//1926 2166//1859 2240//1927 
f 2165//1858 2240//1927 2166//1859 
f 2185//1874 2224//1911 2197//1884 
f 2224//1911 2185//1874 2222//1909 
f 2227//1914 2186//1875 2225//1912 
f 2186//1875 2227//1914 2198//1885 
f 813//630 1656//1373 1157//931 
f 1864//1545 1157//931 1656//1373 
f 1873//1554 1909//1593 1163//937 
f 834//650 1163//937 1909//1593 
f 1083//857 1080//854 1906//1586 
f 1861//1542 1906//1586 1080//854 
f 1804//1486 1911//1595 616//472 
f 769//588 616//472 1911//1595 
f 1398//1140 2241//1928 2180//1869 
f 2241//1928 1398//1140 1891//1571 
f 2242//1929 1403//1145 1894//1574 
f 1403//1145 2242//1929 2179//1868 
f 1408//1150 2243//1930 2181//1870 
f 2243//1930 1408//1150 1896//1576 
f 1239//1008 786//605 354//246 
f 786//605 1239//1008 1992//1692 
f 1018//796 1350//1100 395//278 
f 1350//1100 1018//796 1994//1694 
f 1015//793 803//620 1377//1119 
f 803//620 1015//793 1996//1696 
f 1231//1001 902//713 901//712 
f 902//713 1231//1001 897//708 
f 1682//1399 318//215 1309//1067 
f 1156//930 1309//1067 318//215 
f 830//646 829//645 1917//1601 
f 2002//1702 1917//1601 829//645 
f 1998//1698 1914//1598 326//223 
f 327//224 326//223 1914//1598 
f 2000//1700 1913//1597 390//273 
f 391//274 390//273 1913//1597 
f 1016//794 1216//986 1215//985 
f 1216//986 1016//794 366//250 
f 337//230 1852//1532 342//235 
f 1852//1532 337//230 1607//1329 
f 1097//871 1240//1009 949//751 
f 1240//1009 1097//871 1096//870 
f 1222//992 1019//797 808//625 
f 1019//797 1222//992 1221//991 
f 1808//1490 1858//1539 475//345 
f 738//559 475//345 1858//1539 
f 1810//1492 1855//1536 206//127 
f 1173//947 206//127 1855//1536 
f 778//597 317//214 1925//1612 
f 1680//1397 1925//1612 317//214 
f 1806//1488 1859//1540 295//197 
f 599//455 295//197 1859//1540 
f 12//7 23//7 90//7 
f 90//7 289//7 288//7 
f 289//84 90//7 23//7 
f 1841//1407 23//10 14//10 
f 1907//1587 1862//1543 1162//936 
f 579//437 1162//936 1862//1543 
f 1438//1173 496//366 1863//1544 
f 1905//1585 1863//1544 496//366 
f 1168//942 338//231 713//534 
f 338//231 1168//942 1167//941 
f 1012//790 1870//1551 1818//1500 
f 1870//1551 1012//790 2013//1713 
f 952//754 1868//1549 1816//1498 
f 1868//1549 952//754 2009//1709 
f 1021//799 1866//1547 1814//1496 
f 1866//1547 1021//799 2011//1711 
f 742//563 296//198 1932//1623 
f 2089//1789 1932//1623 296//198 
f 1141//915 422//303 1139//913 
f 1820//1502 1139//913 422//303 
f 748//569 476//346 1934//1625 
f 2093//1793 1934//1625 476//346 
f 757//578 207//128 1936//1627 
f 2091//1791 1936//1627 207//128 
f 134//78 1875//1556 1822//1504 
f 1875//1556 134//78 1781//1458 
f 586//444 1013//791 247//157 
f 1013//791 586//444 585//443 
f 590//448 1022//800 266//175 
f 1022//800 590//448 589//447 
f 322//219 953//755 145//86 
f 953//755 322//219 321//218 
f 1826//1508 1881//1562 1396//1138 
f 1397//1139 1396//1138 1881//1562 
f 1402//1144 1401//1143 1878//1559 
f 1827//1509 1878//1559 1401//1143 
f 1824//1506 1877//1558 1406//1148 
f 1407//1149 1406//1148 1877//1558 
f 777//596 421//302 1942//1633 
f 1685//1402 1942//1633 421//302 
f 1037//814 1883//1564 1834//1516 
f 1883//1564 1037//814 2100//1800 
f 1045//822 1885//1566 1830//1512 
f 1885//1566 1045//822 2099//1799 
f 1041//818 1887//1568 1832//1514 
f 1887//1568 1041//818 2098//1798 
f 1836//1518 450//323 1593//1315 
f 452//325 1593//1315 450//323 
f 824//640 2132//1828 2133//1829 
f 2132//1828 824//640 823//639 
f 167//101 166//100 1872//1553 
f 1908//1592 1872//1553 166//100 
f 1966//1666 2163//1856 1158//932 
f 2111//1809 1158//932 2163//1856 
f 1284//1043 2244//1931 2196//1883 
f 2244//1931 1284//1043 789//608 
f 1949//1649 2245//1932 1950//1650 
f 203//7 1950//1650 2245//1932 
f 1953//1653 2246//1933 1951//1651 
f 2194//84 1951//1651 2246//1933 
f 1955//1655 2247//1934 1956//1656 
f 10//84 1956//1656 2247//1934 
f 1273//7 1957//1657 2248//1935 
f 1958//1658 2248//1935 1957//1657 
f 1162//936 176//108 1907//1587 
f 1965//1665 1907//1587 176//108 
f 1966//1666 1905//1585 495//365 
f 496//366 495//365 1905//1585 
f 2190//1879 2007//1707 602//458 
f 2234//1921 602//458 2007//1707 
f 2194//84 2249//1936 1899//1579 
f 1899//1579 2249//1936 1897//1577 
f 1961//1661 2250//1937 1960//1660 
f 10//84 2250//1937 1961//1661 
f 1273//7 2251//1938 1968//1668 
f 1968//1668 2251//1938 1967//1667 
f 203//7 2252//1939 1974//1674 
f 1974//1674 2252//1939 1973//1673 
f 2222//1909 1696//1403 701//523 
f 1696//1403 2222//1909 2185//1874 
f 2211//1898 1282//1041 799//616 
f 1282//1041 2211//1898 2195//1882 
f 807//624 2225//1912 2186//1875 
f 2225//1912 807//624 806//623 
f 1593//1315 452//325 136//80 
f 1745//1426 136//80 452//325 
f 1801//1483 2213//1900 2253//1940 
f 2213//1900 1801//1483 2212//1899 
f 1802//1484 2254//1941 2255//1942 
f 2254//1941 1802//1484 1286//1045 
f 1921//1609 1910//1594 77//41 
f 1594//1316 77//41 1910//1594 
f 166//100 1164//938 1908//1592 
f 1919//1607 1908//1592 1164//938 
f 1203//975 834//650 1918//1606 
f 1909//1593 1918//1606 834//650 
f 1207//979 1083//857 1964//1664 
f 1906//1586 1964//1664 1083//857 
f 770//589 769//588 1920//1608 
f 1911//1595 1920//1608 769//588 
f 804//621 1996//1696 2145//1840 
f 1996//1696 804//621 803//620 
f 1232//1002 901//712 1761//1443 
f 901//712 1232//1002 1231//1001 
f 1242//1011 1992//1692 2143//1838 
f 1992//1692 1242//1011 786//605 
f 1353//1103 1994//1694 2141//1836 
f 1994//1694 1353//1103 1350//1100 
f 1656//1373 813//630 1683//1400 
f 604//460 1683//1400 813//630 
f 829//645 833//649 2002//1702 
f 2148//1843 2002//1702 833//649 
f 326//223 1172//946 1998//1698 
f 2153//1848 1998//1698 1172//946 
f 390//273 1082//856 2000//1700 
f 2152//1847 2000//1700 1082//856 
f 318//215 1682//1399 316//213 
f 2150//1845 316//213 1682//1399 
f 1096//870 1241//1010 1240//1009 
f 1241//1010 1096//870 1092//866 
f 1020//798 1221//991 1223//993 
f 1221//991 1020//798 1019//797 
f 900//711 1607//1329 1169//943 
f 1607//1329 900//711 1852//1532 
f 1017//795 1215//985 1217//987 
f 1215//985 1017//795 1016//794 
f 1855//1536 1915//1599 1173//947 
f 271//180 1173//947 1915//1599 
f 479//349 738//559 1912//1596 
f 1858//1539 1912//1596 738//559 
f 1859//1540 1916//1600 599//455 
f 246//156 599//455 1916//1600 
f 1143//917 1140//914 1680//1397 
f 1925//1612 1680//1397 1140//914 
f 2011//1711 1220//990 1866//1547 
f 1220//990 2011//1711 2159//1852 
f 1095//869 2009//1709 2161//1854 
f 2009//1709 1095//869 1868//1549 
f 1214//984 2013//1713 2157//1850 
f 2013//1713 1214//984 1870//1551 
f 1167//941 339//232 338//231 
f 339//232 1167//941 1743//1424 
f 476//346 1048//825 2093//1793 
f 2171//1864 2093//1793 1048//825 
f 2174//1867 2091//1791 1044//821 
f 207//128 1044//821 2091//1791 
f 296//198 1040//817 2089//1789 
f 2169//1862 2089//1789 1040//817 
f 954//756 321//218 384//267 
f 321//218 954//756 953//755 
f 589//447 1023//801 1022//800 
f 1023//801 589//447 461//333 
f 585//443 1014//792 1013//791 
f 1014//792 585//443 405//288 
f 1781//1458 1166//940 1875//1556 
f 1166//940 1781//1458 1744//1425 
f 422//303 1141//915 420//301 
f 2168//1861 420//301 1141//915 
f 1877//1558 1933//1624 1407//1149 
f 1410//1152 1407//1149 1933//1624 
f 1878//1559 1935//1626 1402//1144 
f 1405//1147 1402//1144 1935//1626 
f 1881//1562 1937//1628 1397//1139 
f 1400//1142 1397//1139 1937//1628 
f 584//442 2100//1800 2181//1870 
f 2100//1800 584//442 1883//1564 
f 607//463 451//324 1685//1402 
f 1942//1633 1685//1402 451//324 
f 2099//1799 320//217 1885//1566 
f 320//217 2099//1799 2179//1868 
f 2098//1798 588//446 1887//1568 
f 588//446 2098//1798 2180//1869 
f 2256//1943 2236//1923 2257//1944 
f 2235//1922 2257//1944 2236//1923 
f 2240//1927 2258//1945 2239//1926 
f 2259//1946 2239//1926 2258//1945 
f 2260//1947 2261//1948 2262//1949 
f 2263//1950 2262//1949 2261//1948 
f 2113//1811 1965//1665 256//166 
f 176//108 256//166 1965//1665 
f 2163//1856 1966//1666 95//49 
f 495//365 95//49 1966//1666 
f 2223//1910 701//523 1971//1671 
f 701//523 2223//1910 2222//1909 
f 2226//1913 806//623 1476//1202 
f 806//623 2226//1913 2225//1912 
f 2195//1882 115//61 114//60 
f 115//61 2195//1882 2211//1898 
f 61//31 2196//1883 2244//1931 
f 2196//1883 61//31 60//30 
f 2119//1817 2264//1951 2118//1816 
f 203//7 1845//1525 1844//1524 
f 2120//1818 2265//1952 2121//1819 
f 10//84 1850//1530 1849//1529 
f 2124//1822 2266//1953 2122//1820 
f 2194//84 1847//1527 1846//1526 
f 1273//7 1854//1535 1853//1534 
f 2126//1824 2267//1954 2127//1825 
f 2240//1927 2165//1858 739//560 
f 740//561 739//560 2165//1858 
f 814//631 1762//1444 2164//1857 
f 2263//1950 2164//1857 1762//1444 
f 2202//1889 2268//1955 2201//1888 
f 2268//1955 2202//1889 2269//1956 
f 2204//1891 2270//1957 2203//1890 
f 2270//1957 2204//1891 2271//1958 
f 2272//1959 2200//1887 2273//1960 
f 2200//1887 2272//1959 2199//1886 
f 2274//1961 1760//1442 2275//1962 
f 1760//1442 2274//1961 1758//1440 
f 2276//1963 2206//1893 2277//1964 
f 2205//1892 2277//1964 2206//1893 
f 2278//1965 2207//1894 2279//1966 
f 2208//1895 2279//1966 2207//1894 
f 2280//1967 2281//1968 1606//1328 
f 941//744 1606//1328 2281//1968 
f 2282//1969 2209//1896 2283//1970 
f 2210//1897 2283//1970 2209//1896 
f 2284//1971 2221//1908 2285//1972 
f 2221//1908 2284//1971 2220//1907 
f 2219//1906 2286//1973 2218//1905 
f 2286//1973 2219//1906 2287//1974 
f 2288//1975 2217//1904 2289//1976 
f 2217//1904 2288//1975 2216//1903 
f 2290//1977 1444//1179 2291//1978 
f 1444//1179 2290//1977 1442//1177 
f 2231//1918 2292//1979 2230//1917 
f 2293//1980 2230//1917 2292//1979 
f 2294//1981 2232//1919 2295//1982 
f 2233//1920 2295//1982 2232//1919 
f 2296//1983 2297//1984 1783//1460 
f 1784//1461 1783//1460 2297//1984 
f 2228//1915 2298//1985 2229//1916 
f 2299//1986 2229//1916 2298//1985 
f 2213//1900 799//616 1470//1196 
f 799//616 2213//1900 2211//1898 
f 2254//1941 789//608 1466//1192 
f 789//608 2254//1941 2244//1931 
f 1891//1571 2300//1987 2241//1928 
f 2300//1987 1891//1571 2118//1816 
f 2301//1988 1894//1574 2121//1819 
f 1894//1574 2301//1988 2242//1929 
f 1896//1576 2302//1989 2243//1930 
f 2302//1989 1896//1576 2127//1825 
f 1493//1219 1495//1221 704//526 
f 1792//1469 704//526 1495//1221 
f 1158//932 2111//1809 605//461 
f 1954//1654 605//461 2111//1809 
f 1918//1606 2008//1708 1203//975 
f 1206//978 1203//975 2008//1708 
f 1210//982 1207//979 2112//1810 
f 1964//1664 2112//1810 1207//979 
f 1920//1608 2129//1827 770//589 
f 1237//1006 770//589 2129//1827 
f 1761//1443 702//524 1232//1002 
f 702//524 1761//1443 1758//1440 
f 800//617 2145//1840 2199//1886 
f 2145//1840 800//617 804//621 
f 2141//1836 805//622 1353//1103 
f 805//622 2141//1836 2201//1888 
f 2143//1838 790//609 1242//1011 
f 790//609 2143//1838 2203//1890 
f 1683//1400 604//460 1681//1398 
f 941//744 1681//1398 604//460 
f 833//649 832//648 2148//1843 
f 2210//1897 2148//1843 832//648 
f 1172//946 771//590 2153//1848 
f 2205//1892 2153//1848 771//590 
f 2208//1895 2152//1847 1081//855 
f 1082//856 1081//855 2152//1847 
f 256//166 740//561 2113//1811 
f 2165//1858 2113//1811 740//561 
f 2164//1857 2163//1856 814//631 
f 95//49 814//631 2163//1856 
f 1993//1693 1092//866 1778//1455 
f 1092//866 1993//1693 1241//1010 
f 1223//993 1995//1695 1020//798 
f 1995//1695 1223//993 1776//1453 
f 1608//1330 1169//943 1900//1580 
f 1169//943 1608//1330 900//711 
f 1217//987 1997//1697 1017//795 
f 1997//1697 1217//987 1774//1451 
f 1916//1600 2003//1703 246//156 
f 1270//1034 246//156 2003//1703 
f 316//213 2150//1845 1144//918 
f 1496//1222 1144//918 2150//1845 
f 1915//1599 1999//1699 271//180 
f 772//591 271//180 1999//1699 
f 1226//996 479//349 2001//1701 
f 1912//1596 2001//1701 479//349 
f 1170//944 1743//1424 1442//1177 
f 1743//1424 1170//944 339//232 
f 2157//1850 1218//988 1214//984 
f 1218//988 2157//1850 2216//1903 
f 2161//1854 1093//867 1095//869 
f 1093//867 2161//1854 2218//1905 
f 2159//1852 1224//994 1220//990 
f 1224//994 2159//1852 2220//1907 
f 1048//825 478//348 2171//1864 
f 2233//1920 2171//1864 478//348 
f 2231//1918 2174//1867 270//179 
f 1044//821 270//179 2174//1867 
f 1140//914 1143//917 1684//1401 
f 1784//1461 1684//1401 1143//917 
f 2228//1915 2169//1862 245//155 
f 1040//817 245//155 2169//1862 
f 2010//1710 384//267 711//533 
f 384//267 2010//1710 954//756 
f 461//333 2012//1712 1023//801 
f 2012//1712 461//333 760//581 
f 1744//1425 1494//1220 1166//940 
f 1494//1220 1744//1425 706//528 
f 405//288 2014//1714 1014//792 
f 2014//1714 405//288 727//548 
f 1935//1626 2094//1794 1405//1147 
f 1893//1573 1405//1147 2094//1794 
f 1937//1628 2092//1792 1400//1142 
f 1892//1572 1400//1142 2092//1792 
f 1933//1624 2090//1790 1410//1152 
f 1895//1575 1410//1152 2090//1790 
f 2125//1823 608//464 2168//1861 
f 420//301 2168//1861 608//464 
f 406//289 2181//1870 2243//1930 
f 2181//1870 406//289 584//442 
f 451//324 607//463 1780//1457 
f 1493//1219 1780//1457 607//463 
f 2180//1869 462//334 588//446 
f 462//334 2180//1869 2241//1928 
f 2179//1868 385//268 320//217 
f 385//268 2179//1868 2242//1929 
f 1762//1444 2303//1990 2263//1950 
f 2262//1949 2263//1950 2303//1990 
f 2188//1877 2128//1826 615//471 
f 1666//1383 615//471 2128//1826 
f 2244//1931 1286//1045 61//31 
f 1286//1045 2244//1931 2254//1941 
f 2238//1925 2304//1991 2237//1924 
f 2305//1992 2237//1924 2304//1991 
f 614//470 2306//1993 2235//1922 
f 2257//1944 2235//1922 2306//1993 
f 2304//1991 2238//1925 71//39 
f 601//457 71//39 2238//1925 
f 2253//1940 1470//1196 1967//1667 
f 1470//1196 2253//1940 2213//1900 
f 1971//1671 2307//1994 2223//1910 
f 2307//1994 1971//1671 1970//1670 
f 1466//1192 2255//1942 2254//1941 
f 2255//1942 1466//1192 1842//1522 
f 1476//1202 2308//1995 2226//1913 
f 2308//1995 1476//1202 1973//1673 
f 739//560 2309//1996 2240//1927 
f 2258//1945 2240//1927 2309//1996 
f 1780//1457 1493//1219 1746//1427 
f 704//526 1746//1427 1493//1219 
f 2164//1857 2263//1950 2110//1808 
f 2261//1948 2110//1808 2263//1950 
f 2223//1910 47//23 1697//1404 
f 47//23 2223//1910 2307//1994 
f 2235//1922 2188//1877 614//470 
f 615//471 614//470 2188//1877 
f 2226//1913 139//83 464//336 
f 139//83 2226//1913 2308//1995 
f 2238//1925 2190//1879 601//457 
f 602//458 601//457 2190//1879 
f 1955//1655 1210//982 2166//1859 
f 2112//1810 2166//1859 1210//982 
f 1949//1649 1237//1006 2187//1876 
f 2129//1827 2187//1876 1237//1006 
f 2008//1708 2189//1878 1206//978 
f 1958//1658 1206//978 2189//1878 
f 801//618 2199//1886 2272//1959 
f 2199//1886 801//618 800//617 
f 1758//1440 703//525 702//524 
f 703//525 1758//1440 2274//1961 
f 791//610 2203//1890 2270//1957 
f 2203//1890 791//610 790//609 
f 1084//858 2201//1888 2268//1955 
f 2201//1888 1084//858 805//622 
f 605//461 1954//1654 603//459 
f 1952//1652 603//459 1954//1654 
f 1081//855 1209//981 2208//1895 
f 2279//1966 2208//1895 1209//981 
f 2277//1964 2205//1892 1236//1005 
f 771//590 1236//1005 2205//1892 
f 2283//1970 2210//1897 1205//977 
f 832//648 1205//977 2210//1897 
f 2281//1968 2149//1844 941//744 
f 1681//1398 941//744 2149//1844 
f 1900//1580 1759//1441 1608//1330 
f 1759//1441 1900//1580 1897//1577 
f 2146//1841 1774//1451 1901//1581 
f 1774//1451 2146//1841 1997//1697 
f 1778//1455 2144//1839 1993//1693 
f 2144//1839 1778//1455 1960//1660 
f 1776//1453 2142//1837 1995//1695 
f 2142//1837 1776//1453 1903//1583 
f 2001//1701 2151//1846 1226//996 
f 1227//997 1226//996 2151//1846 
f 1999//1699 2154//1849 772//591 
f 773//592 772//591 2154//1849 
f 1271//1035 1270//1034 2147//1842 
f 2003//1703 2147//1842 1270//1034 
f 1442//1177 1171//945 1170//944 
f 1171//945 1442//1177 2290//1977 
f 1219//989 2216//1903 2288//1975 
f 2216//1903 1219//989 1218//988 
f 1498//1224 1142//916 1496//1222 
f 1144//918 1496//1222 1142//916 
f 1094//868 2218//1905 2286//1973 
f 2218//1905 1094//868 1093//867 
f 1225//995 2220//1907 2284//1971 
f 2220//1907 1225//995 1224//994 
f 2298//1985 2228//1915 244//154 
f 245//155 244//154 2228//1915 
f 2295//1982 2233//1920 477//347 
f 478//348 477//347 2233//1920 
f 270//179 269//178 2231//1918 
f 2292//1979 2231//1918 269//178 
f 2160//1853 760//581 1475//1201 
f 760//581 2160//1853 2012//1712 
f 711//533 2162//1855 2010//1710 
f 2162//1855 711//533 1469//1195 
f 2158//1851 727//548 1473//1199 
f 727//548 2158//1851 2014//1714 
f 706//528 1443//1178 1494//1220 
f 1443//1178 706//528 705//527 
f 1684//1401 1784//1461 2167//1860 
f 2297//1984 2167//1860 1784//1461 
f 2090//1790 2170//1863 1895//1575 
f 2126//1824 1895//1575 2170//1863 
f 2094//1794 2172//1865 1893//1573 
f 2120//1818 1893//1573 2172//1865 
f 2119//1817 1892//1572 2173//1866 
f 2092//1792 2173//1866 1892//1572 
f 2243//1930 407//290 406//289 
f 407//290 2243//1930 2302//1989 
f 2242//1929 386//269 385//268 
f 386//269 2242//1929 2301//1988 
f 463//335 2241//1928 2300//1987 
f 2241//1928 463//335 462//334 
f 2123//1821 606//462 2125//1823 
f 608//464 2125//1823 606//462 
f 2310//1997 2311//1998 388//271 
f 2311//1998 2310//1997 2312//1999 
f 2253//1940 402//285 1801//1483 
f 402//285 2253//1940 2313//2000 
f 2307//1994 48//24 47//23 
f 48//24 2307//1994 2314//2001 
f 388//271 2255//1942 2310//1997 
f 2255//1942 388//271 1802//1484 
f 1085//859 2308//1995 2315//2002 
f 2308//1995 1085//859 139//83 
f 2257//1944 2316//2003 2256//1943 
f 203//7 2256//1943 2316//2003 
f 2194//84 2260//1947 2317//2004 
f 2262//1949 2317//2004 2260//1947 
f 2317//2004 2262//1949 2318//2005 
f 2303//1990 2318//2005 2262//1949 
f 2316//2003 2257//1944 2319//2006 
f 2306//1993 2319//2006 2257//1944 
f 2309//1996 1848//1528 2258//1945 
f 2320//2007 2258//1945 1848//1528 
f 1970//1670 2314//2001 2307//1994 
f 2314//2001 1970//1670 2193//1881 
f 1967//1667 2313//2000 2253//1940 
f 2313//2000 1967//1667 2251//1938 
f 2315//2002 1973//1673 2252//1939 
f 1973//1673 2315//2002 2308//1995 
f 10//84 2321//2008 2271//1958 
f 2271//1958 2321//2008 2270//1957 
f 203//7 2322//2009 2269//1956 
f 2269//1956 2322//2009 2268//1955 
f 2194//84 2323//2010 2275//1962 
f 2275//1962 2323//2010 2274//1961 
f 1273//7 2324//2011 2273//1960 
f 2273//1960 2324//2011 2272//1959 
f 203//7 2276//1963 2325//2012 
f 2277//1964 2325//2012 2276//1963 
f 2279//1966 2326//2013 2278//1965 
f 10//84 2278//1965 2326//2013 
f 2194//84 2280//1967 2327//2014 
f 1606//1328 2327//2014 2280//1967 
f 1273//7 2282//1969 2328//2015 
f 2283//1970 2328//2015 2282//1969 
f 10//84 2329//2016 2287//1974 
f 2287//1974 2329//2016 2286//1973 
f 203//7 2330//2017 2285//1972 
f 2285//1972 2330//2017 2284//1971 
f 2194//84 2331//2018 2291//1978 
f 2291//1978 2331//2018 2290//1977 
f 1273//7 2332//2019 2289//1976 
f 2289//1976 2332//2019 2288//1975 
f 2194//84 2296//1983 2333//2020 
f 1783//1460 2333//2020 2296//1983 
f 10//84 2294//1981 2334//2021 
f 2295//1982 2334//2021 2294//1981 
f 2292//1979 2335//2022 2293//1980 
f 203//7 2293//1980 2335//2022 
f 1273//7 2299//1986 2336//2023 
f 2298//1985 2336//2023 2299//1986 
f 2118//1816 2337//2024 2300//1987 
f 203//7 2118//1816 2264//1951 
f 10//84 1757//1439 1756//1438 
f 2121//1819 2338//2025 2301//1988 
f 2127//1825 2339//2026 2302//1989 
f 1273//7 1798//1475 1797//1474 
f 1495//1221 2340//2027 1792//1469 
f 2194//84 1793//1470 1792//1469 
f 1842//1522 2310//1997 2255//1942 
f 2310//1997 1842//1522 2192//1880 
f 2246//1933 1953//1653 2261//1948 
f 2110//1808 2261//1948 1953//1653 
f 2248//1935 1958//1658 2237//1924 
f 2189//1878 2237//1924 1958//1658 
f 2187//1876 2236//1923 1949//1649 
f 2245//1932 1949//1649 2236//1923 
f 2166//1859 2239//1926 1955//1655 
f 2247//1934 1955//1655 2239//1926 
f 1969//1669 2274//1961 2323//2010 
f 2274//1961 1969//1669 703//525 
f 2272//1959 1471//1197 801//618 
f 1471//1197 2272//1959 2324//2011 
f 1477//1203 2268//1955 2322//2009 
f 2268//1955 1477//1203 1084//858 
f 2270//1957 1467//1193 791//610 
f 1467//1193 2270//1957 2321//2008 
f 1205//977 1204//976 2283//1970 
f 2328//2015 2283//1970 1204//976 
f 603//459 1952//1652 1606//1328 
f 2327//2014 1606//1328 1952//1652 
f 2326//2013 2279//1966 1208//980 
f 1209//981 1208//980 2279//1966 
f 1236//1005 1235//1004 2277//1964 
f 2325//2012 2277//1964 1235//1004 
f 1760//1442 1897//1577 2249//1936 
f 1897//1577 1760//1442 1759//1441 
f 1901//1581 2200//1887 2146//1841 
f 2200//1887 1901//1581 2214//1901 
f 1903//1583 2202//1889 2142//1837 
f 2202//1889 1903//1583 2215//1902 
f 2204//1891 1960//1660 2250//1937 
f 1960//1660 2204//1891 2144//1839 
f 2149//1844 2281//1968 1497//1223 
f 1846//1526 1497//1223 2281//1968 
f 2147//1842 2209//1896 1271//1035 
f 1853//1534 1271//1035 2209//1896 
f 1844//1524 773//592 2206//1893 
f 2154//1849 2206//1893 773//592 
f 1849//1529 1227//997 2207//1894 
f 2151//1846 2207//1894 1227//997 
f 1898//1578 2290//1977 2331//2018 
f 2290//1977 1898//1578 1171//945 
f 2288//1975 1775//1452 1219//989 
f 1775//1452 2288//1975 2332//2019 
f 2284//1971 1777//1454 1225//995 
f 1777//1454 2284//1971 2330//2017 
f 1779//1456 2286//1973 2329//2016 
f 2286//1973 1779//1456 1094//868 
f 2334//2021 2295//1982 1228//998 
f 477//347 1228//998 2295//1982 
f 269//178 774//593 2292//1979 
f 2335//2022 2292//1979 774//593 
f 1142//916 1498//1224 1783//1460 
f 2333//2020 1783//1460 1498//1224 
f 244//154 1272//1036 2298//1985 
f 2336//2023 2298//1985 1272//1036 
f 1469//1195 2219//1906 2162//1855 
f 2219//1906 1469//1195 1757//1439 
f 1475//1201 2221//1908 2160//1853 
f 2221//1908 1475//1201 1800//1479 
f 1444//1179 705//527 1793//1470 
f 705//527 1444//1179 1443//1178 
f 2217//1904 1473//1199 1798//1475 
f 1473//1199 2217//1904 2158//1851 
f 2173//1866 2230//1917 2119//1817 
f 2264//1951 2119//1817 2230//1917 
f 2172//1865 2232//1919 2120//1818 
f 2265//1952 2120//1818 2232//1919 
f 2266//1953 2124//1822 2297//1984 
f 2167//1860 2297//1984 2124//1822 
f 2170//1863 2229//1916 2126//1824 
f 2267//1954 2126//1824 2229//1916 
f 2300//1987 1474//1200 463//335 
f 1474//1200 2300//1987 2337//2024 
f 1468//1194 2301//1988 2338//2025 
f 2301//1988 1468//1194 386//269 
f 2302//1989 1472//1198 407//290 
f 1472//1198 2302//1989 2339//2026 
f 606//462 2123//1821 1495//1221 
f 2340//2027 1495//1221 2123//1821 
f 10//84 2259//1946 2320//2007 
f 2258//1945 2320//2007 2259//1946 
f 1273//7 2305//1992 2341//2028 
f 2304//1991 2341//2028 2305//1992 
f 2314//2001 1441//1176 48//24 
f 1441//1176 2314//2001 2342//2029 
f 2313//2000 403//286 402//285 
f 403//286 2313//2000 2343//2030 
f 1086//860 2315//2002 2344//2031 
f 2315//2002 1086//860 1085//859 
f 2341//2028 2304//1991 70//38 
f 71//39 70//38 2304//1991 
f 712//2032 2312//1999 10//84 
f 2312//1999 712//2032 2311//1998 
f 2342//2029 2345//2033 1441//1176 
f 2194//84 2345//2033 2342//2029 
f 203//7 2316//2003 204//125 
f 2319//2006 204//125 2316//2003 
f 2318//2005 2346//2034 2317//2004 
f 2194//84 2317//2004 2346//2034 
f 536//341 88//341 38//341 
f 1212//1481 88//1481 536//1481 
f 1273//7 2343//2030 2251//1938 
f 2251//1938 2343//2030 2313//2000 
f 2252//1939 2344//2031 2315//2002 
f 203//7 2344//2031 2252//1939 
f 2194//84 2342//2029 2193//1881 
f 2193//1881 2342//2029 2314//2001 
f 10//84 2312//1999 2192//1880 
f 2192//1880 2312//1999 2310//1997 
f 2261//1948 2260//1947 2246//1933 
f 2194//84 2246//1933 2260//1947 
f 2237//1924 2305//1992 2248//1935 
f 1273//7 2248//1935 2305//1992 
f 10//84 2247//1934 2259//1946 
f 2239//1926 2259//1946 2247//1934 
f 203//7 2245//1932 2256//1943 
f 2236//1923 2256//1943 2245//1932 
f 2324//2011 1968//1668 1471//1197 
f 1273//7 1968//1668 2324//2011 
f 2323//2010 1972//1672 1969//1669 
f 2194//84 1972//1672 2323//2010 
f 10//84 1843//1523 2321//2008 
f 2321//2008 1843//1523 1467//1193 
f 2322//2009 1974//1674 1477//1203 
f 203//7 1974//1674 2322//2009 
f 1952//1652 1951//1651 2327//2014 
f 2194//84 2327//2014 1951//1651 
f 1273//7 2328//2015 1957//1657 
f 1204//976 1957//1657 2328//2015 
f 1235//1004 1950//1650 2325//2012 
f 203//7 2325//2012 1950//1650 
f 1208//980 1956//1656 2326//2013 
f 10//84 2326//2013 1956//1656 
f 2194//84 2275//1962 2249//1936 
f 2249//1936 2275//1962 1760//1442 
f 1273//7 2273//1960 2214//1901 
f 2214//1901 2273//1960 2200//1887 
f 2250//1937 2271//1958 2204//1891 
f 10//84 2271//1958 2250//1937 
f 2215//1902 2269//1956 2202//1889 
f 203//7 2269//1956 2215//1902 
f 2207//1894 2278//1965 1849//1529 
f 10//84 1849//1529 2278//1965 
f 2206//1893 2276//1963 1844//1524 
f 203//7 1844//1524 2276//1963 
f 2209//1896 2282//1969 1853//1534 
f 1273//7 1853//1534 2282//1969 
f 2281//1968 2280//1967 1846//1526 
f 2194//84 1846//1526 2280//1967 
f 2329//2016 1961//1661 1779//1456 
f 10//84 1961//1661 2329//2016 
f 203//7 1904//1584 2330//2017 
f 2330//2017 1904//1584 1777//1454 
f 2331//2018 1899//1579 1898//1578 
f 2194//84 1899//1579 2331//2018 
f 2332//2019 1902//1582 1775//1452 
f 1273//7 1902//1582 2332//2019 
f 774//593 1845//1525 2335//2022 
f 203//7 2335//2022 1845//1525 
f 10//84 2334//2021 1850//1530 
f 1228//998 1850//1530 2334//2021 
f 1498//1224 1847//1527 2333//2020 
f 2194//84 2333//2020 1847//1527 
f 1273//7 2336//2023 1854//1535 
f 1272//1036 1854//1535 2336//2023 
f 2194//84 2291//1978 1793//1470 
f 1793//1470 2291//1978 1444//1179 
f 1798//1475 2289//1976 2217//1904 
f 1273//7 2289//1976 1798//1475 
f 1757//1439 2287//1974 2219//1906 
f 10//84 2287//1974 1757//1439 
f 1800//1479 2285//1972 2221//1908 
f 203//7 2285//1972 1800//1479 
f 2232//1919 2294//1981 2265//1952 
f 10//84 2265//1952 2294//1981 
f 203//7 2264//1951 2293//1980 
f 2230//1917 2293//1980 2264//1951 
f 2297//1984 2296//1983 2266//1953 
f 2194//84 2266//1953 2296//1983 
f 2229//1916 2299//1986 2267//1954 
f 1273//7 2267//1954 2299//1986 
f 2337//2024 1799//1478 1474//1200 
f 203//7 1800//1479 1799//1478 
f 10//84 1756//1438 2338//2025 
f 2338//2025 1756//1438 1468//1194 
f 2194//84 1792//1469 2340//2027 
f 2123//1821 2122//1820 2340//2027 
f 1273//7 1797//1474 2339//2026 
f 2339//2026 1797//1474 1472//1198 
f 1749//1430 13//9 12//8 
f 1510//1235 1299//1057 1962//1662 
f 16//12 6//5 5//4 
f 238//151 16//12 1771//1448 
f 7//6 1763//6 2//2 
f 851//667 1838//1520 1975//1675 
f 1963//1663 17//13 847//663 
f 1754//1435 18//14 17//13 
f 847//663 1755//1436 1963//1663 
f 1755//1436 847//663 846//662 
f 1962//1662 1751//1431 1510//1235 
f 408//291 1510//1235 1751//1431 
f 238//151 524//386 1811//1493 
f 524//386 238//151 237//150 
f 1026//804 851//667 1764//1445 
f 1975//1675 1764//1445 851//667 
f 846//662 1976//1676 1755//1436 
f 1976//1676 846//662 219//136 
f 1651//1368 237//150 1977//1677 
f 239//152 1977//1677 237//150 
f 220//137 1026//804 1979//1679 
f 1764//1445 1979//1679 1026//804 
f 1751//1431 1978//1678 408//291 
f 409//292 408//291 1978//1678 
f 1977//1677 874//685 1651//1368 
f 876//687 1651//1368 874//685 
f 219//136 1981//1681 1976//1676 
f 1981//1681 219//136 1598//1320 
f 1979//1679 1984//1684 220//137 
f 183//115 220//137 1984//1684 
f 1978//1678 1983//1683 409//292 
f 781//600 409//292 1983//1683 
f 1273//7 726//547 2343//2030 
f 2343//2030 726//547 403//286 
f 10//84 2320//2007 453//326 
f 1848//1528 453//326 2320//2007 
f 203//7 761//1476 2344//2031 
f 2344//2031 761//1476 1086//860 
f 1273//7 2341//2028 1274//1533 
f 70//38 1274//1533 2341//2028 
f 1598//1320 255//165 1981//1681 
f 255//165 1598//1320 253//163 
f 876//687 2004//1704 1650//1367 
f 2004//1704 876//687 1053//830 
f 1983//1683 2005//1705 781//600 
f 782//601 781//600 2005//1705 
f 1552//1276 183//115 2006//1706 
f 1984//1684 2006//1706 183//115 
f 1599//1321 2095//1795 253//163 
f 525//387 253//163 2095//1795 
f 1053//830 1765//1446 2004//1704 
f 1765//1446 1053//830 502//372 
f 12//8 1750//1430 1749//1430 
f 90//7 89//7 12//7 
f 121//67 782//601 2096//1796 
f 2005//1705 2096//1796 782//601 
f 2006//1706 2097//1797 1552//1276 
f 558//418 1552//1276 2097//1797 
f 1601//1323 2102//1802 502//372 
f 503//373 502//372 2102//1802 
f 793//612 525//387 2101//1801 
f 2095//1795 2101//1801 525//387 
f 2097//1797 2106//1804 558//418 
f 559//419 558//418 2106//1804 
f 577//435 121//67 2105//1803 
f 2096//1796 2105//1803 121//67 
f 1130//904 793//612 2114//1812 
f 2101//1801 2114//1812 793//612 
f 1196//970 503//373 2115//1813 
f 2102//1802 2115//1813 503//373 
f 2105//1803 2116//1814 577//435 
f 578//436 577//435 2116//1814 
f 2106//1804 2117//1815 559//419 
f 1180//954 559//419 2117//1815 
f 1//7 2104//7 1888//7 
f 3//3 2104//3 1//1 
f 2347//7 76//7 140//7 
f 6//5 15//11 2103//11 
f 18//14 1754//1435 1753//1435 
f 508//7 1753//7 53//7 
f 1989//1689 1031//809 598//454 
f 1031//809 1989//1689 2052//1752 
f 378//262 1987//1687 2038//1738 
f 1987//1687 378//262 1336//788 
f 162//97 1991//1691 2054//1754 
f 1991//1691 162//97 1362//789 
f 1298//1056 14//10 13//9 
f 14//10 1298//1056 1699//1406 
f 165//99 1196//970 2135//1831 
f 2115//1813 2135//1831 1196//970 
f 2114//1812 823//639 1130//904 
f 825//641 1130//904 823//639 
f 2117//1815 2139//1835 1180//954 
f 497//367 1180//954 2139//1835 
f 2116//1814 2138//1834 578//436 
f 174//106 578//436 2138//1834 
f 2015//1715 2017//1717 334//229 
f 80//44 334//229 2017//1717 
f 1766//1447 1923//1610 431//308 
f 922//307 431//308 1923//1610 
f 2087//1787 2049//1749 1256//1022 
f 63//33 1256//1022 2049//1749 
f 2103//11 140//19 6//5 
f 6//5 140//19 4//4 
f 2088//1788 2048//1748 261//171 
f 1269//1033 261//171 2048//1748 
f 1591//146 64//34 2075//1775 
f 2050//1750 2075//1775 64//34 
f 984//770 67//36 1927//1614 
f 1773//1450 1927//1614 67//36 
f 109//56 108//55 1782//1459 
f 2079//1779 1782//1459 108//55 
f 261//171 260//170 2088//1788 
f 2022//1722 2088//1788 260//170 
f 81//45 80//44 1772//1449 
f 2017//1717 1772//1449 80//44 
f 1256//1022 1255//763 2087//1787 
f 2024//1724 2087//1787 1255//763 
f 923//733 922//307 1924//1611 
f 1923//1610 1924//1611 922//307 
f 456//329 455//328 2044//1744 
f 2043//1743 2044//1744 455//328 
f 818//635 129//74 2083//1783 
f 2030//1730 2083//1783 129//74 
f 2045//1745 2046//1746 868//680 
f 278//185 868//680 2046//1746 
f 551//412 550//411 2082//1782 
f 2032//1732 2082//1782 550//411 
f 414//71 127//72 2066//1766 
f 2047//1747 2066//1766 127//72 
f 1290//1049 930//738 2076//1776 
f 2053//1753 2076//1776 930//738 
f 2086//1786 2045//1745 867//503 
f 868//680 867//503 2045//1745 
f 2085//1785 2043//1743 1253//504 
f 455//328 1253//504 2043//1743 
f 2031//1731 2030//1730 128//73 
f 129//74 128//73 2030//1730 
f 2033//1733 2032//1732 1194//968 
f 550//411 1194//968 2032//1732 
f 1280//767 978//768 2057//1757 
f 1926//1613 2057//1757 978//768 
f 1930//1617 1931//1618 972//766 
f 986//765 972//766 1931//1618 
f 260//170 969//764 2022//1722 
f 1928//1615 2022//1722 969//764 
f 1255//763 228//145 2024//1724 
f 2023//1723 2024//1724 228//145 
f 18//14 508//28 31//15 
f 1753//1435 508//28 18//14 
f 1035//812 81//45 1929//1616 
f 1772//1449 1929//1616 81//45 
f 227//144 923//733 2026//1726 
f 1924//1611 2026//1726 923//733 
f 67//36 66//35 1773//1450 
f 2080//1780 1773//1450 66//35 
f 2077//1777 2079//1779 1294//248 
f 108//55 1294//248 2079//1779 
f 1287//1046 926//735 2016//1716 
f 2037//1737 2016//1716 926//735 
f 1258//1023 305//204 2036//1736 
f 2034//1734 2036//1736 305//204 
f 1243//1012 551//412 2069//1769 
f 2082//1782 2069//1769 551//412 
f 2083//1783 2068//1768 818//635 
f 819//636 818//635 2068//1768 
f 867//503 51//27 2086//1786 
f 2042//1742 2086//1786 51//27 
f 2040//1740 2085//1785 673//505 
f 1253//504 673//505 2085//1785 
f 2020//1720 2041//1741 1198//971 
f 50//26 1198//971 2041//1741 
f 2018//1718 2039//1739 116//62 
f 117//63 116//62 2039//1739 
f 2081//1781 2074//1774 415//297 
f 1260//1025 415//297 2074//1774 
f 431//308 1258//1023 1766//1447 
f 2036//1736 1766//1447 1258//1023 
f 334//229 1287//1046 2015//1715 
f 2016//1716 2015//1715 1287//1046 
f 2084//1784 2080//1780 357//247 
f 66//35 357//247 2080//1780 
f 1294//248 365//249 2077//1777 
f 2078//1778 2077//1777 365//249 
f 2064//1764 284//190 1032//810 
f 285//191 284//190 2064//1764 
f 673//505 117//63 2040//1740 
f 2039//1739 2040//1740 117//63 
f 2041//1741 2042//1742 50//26 
f 51//27 50//26 2042//1742 
f 676//507 308//206 2055//1755 
f 2056//1756 2055//1755 308//206 
f 680//509 1260//1025 2051//1751 
f 2074//1774 2051//1751 1260//1025 
f 2049//1749 2050//1750 63//33 
f 64//34 63//33 2050//1750 
f 3//3 1837//1519 1839//1521 
f 1837//1519 3//3 2//2 
f 1838//1520 2//2 1763//6 
f 2//2 1838//1520 1837//1519 
f 2066//1766 2081//1781 414//71 
f 415//297 414//71 2081//1781 
f 1433//1076 1322//1077 2029//1729 
f 2072//1772 2029//1729 1322//1077 
f 1614//1003 279//186 2027//1727 
f 2073//1773 2027//1727 279//186 
f 1244//1013 1243//1012 2070//1770 
f 2069//1769 2070//1770 1243//1012 
f 2068//1768 2067//1767 819//636 
f 1637//1078 819//636 2067//1767 
f 1990//1690 598//454 597//453 
f 598//454 1990//1690 1989//1689 
f 2058//1758 2021//1721 213//130 
f 1197//129 213//130 2021//1721 
f 1267//116 188//117 2019//1719 
f 2059//1759 2019//1719 188//117 
f 1927//1614 1926//1613 984//770 
f 978//768 984//770 1926//1613 
f 972//766 109//56 1930//1617 
f 1782//1459 1930//1617 109//56 
f 1929//1616 1928//1615 1035//812 
f 969//764 1035//812 1928//1615 
f 2026//1726 2023//1723 227//144 
f 228//145 227//144 2023//1723 
f 2053//1753 929//737 163//98 
f 930//738 929//737 2053//1753 
f 690//513 689//512 2025//1725 
f 2025//1725 689//512 1700//1407 
f 1032//810 2052//1752 2064//1764 
f 2052//1752 1032//810 1031//809 
f 2051//1751 2031//1731 680//509 
f 128//73 680//509 2031//1731 
f 2055//1755 2033//1733 676//507 
f 1194//968 676//507 2033//1733 
f 357//247 1290//1049 2084//1784 
f 2076//1776 2084//1784 1290//1049 
f 365//249 285//191 2078//1778 
f 2064//1764 2078//1778 285//191 
f 2048//1748 2047//1747 1269//1033 
f 127//72 1269//1033 2047//1747 
f 163//98 2054//1754 2053//1753 
f 2054//1754 163//98 162//97 
f 2070//1770 1959//1659 1244//1013 
f 5//4 1244//1013 1959//1659 
f 1763//6 1637//1078 2065//1765 
f 2067//1767 2065//1765 1637//1078 
f 2075//1775 2071//1771 1591//146 
f 307//205 1591//146 2071//1771 
f 343//236 1280//767 2063//1763 
f 2057//1757 2063//1763 1280//767 
f 1278//1039 986//765 2061//1761 
f 1931//1618 2061//1761 986//765 
f 1700//1407 1699//1406 2025//1725 
f 1699//1406 1700//1407 14//10 
f 2027//1727 2028//1728 1614//1003 
f 1749//1430 1614//1003 2028//1728 
f 2029//1729 1434//1169 1433//1076 
f 19//15 1433//1076 1434//1169 
f 1336//788 1988//1688 1987//1687 
f 1988//1688 1336//788 1754//1435 
f 2063//1763 2062//1762 343//236 
f 344//237 343//236 2062//1762 
f 401//284 1278//1039 2060//1760 
f 2061//1761 2060//1760 1278//1039 
f 1839//1521 597//453 3//3 
f 597//453 1839//1521 1990//1690 
f 1362//789 1812//1494 1991//1691 
f 1812//1494 1362//789 15//11 
f 2019//1719 2018//1718 1267//116 
f 116//62 1267//116 2018//1718 
f 1198//971 1197//129 2020//1720 
f 2021//1721 2020//1720 1197//129 
f 2044//1744 2072//1772 456//329 
f 1322//1077 456//329 2072//1772 
f 2028//1728 1962//1662 1749//1430 
f 1749//1430 1962//1662 1299//1057 
f 279//186 278//185 2073//1773 
f 2046//1746 2073//1773 278//185 
f 2071//1771 2056//1756 307//205 
f 308//206 307//205 2056//1756 
f 304//203 690//513 2035//1735 
f 2025//1725 2035//1735 690//513 
f 379//263 2038//1738 2037//1737 
f 2038//1738 379//263 378//262 
f 2060//1760 2058//1758 401//284 
f 213//130 401//284 2058//1758 
f 2062//1762 2059//1759 344//237 
f 188//117 344//237 2059//1759 
f 2035//1735 2034//1734 304//203 
f 305//204 304//203 2034//1734 
f 2037//1737 925//734 379//263 
f 926//735 925//734 2037//1737 
f 10//84 2121//1819 2265//1952 
f 10//84 2338//2025 2121//1819 
f 203//7 2337//2024 2118//1816 
f 203//7 1799//1478 2337//2024 
f 2135//1831 2182//1871 165//99 
f 1165//939 165//99 2182//1871 
f 825//641 1594//1316 1129//903 
f 1594//1316 825//641 78//42 
f 2139//1835 2184//1873 497//367 
f 93//47 497//367 2184//1873 
f 15//11 1811//1493 1812//1494 
f 16//12 1811//1493 15//11 
f 1763//6 1975//1675 1838//1520 
f 2065//1765 1975//1675 1763//6 
f 1959//1659 1771//1448 5//4 
f 5//4 1771//1448 16//12 
f 175//107 174//106 2183//1872 
f 2138//1834 2183//1872 174//106 
f 19//15 1249//1017 17//13 
f 1434//1169 1249//1017 19//15 
f 17//13 1963//1663 1754//1435 
f 1754//1435 1963//1663 1988//1688 
f 1299//1057 13//9 1749//1430 
f 13//9 1299//1057 1298//1056 
f 2194//84 2340//2027 2122//1820 
f 2194//84 2122//1820 2266//1953 
f 1273//7 2127//1825 2267//1954 
f 1273//7 2339//2026 2127//1825 
f 62//32 1165//939 60//30 
f 2182//1871 60//30 1165//939 
f 824//640 114//60 78//42 
f 79//43 78//42 114//60 
f 94//48 93//47 2198//1885 
f 2184//1873 2198//1885 93//47 
f 2183//1872 2197//1884 175//107 
f 1229//999 175//107 2197//1884 
f 2234//1921 62//32 1285//1044 
f 62//32 2234//1921 1164//938 
f 79//43 1666//1383 77//41 
f 1666//1383 79//43 1283//1042 
f 1735//1418 94//48 2227//1914 
f 2198//1885 2227//1914 94//48 
f 2197//1884 2224//1911 1229//999 
f 741//562 1229//999 2224//1911 
f 1285//1044 602//458 2234//1921 
f 602//458 1285//1044 600//456 
f 613//469 1283//1042 2212//1899 
f 115//61 2212//1899 1283//1042 
f 138//82 1735//1418 464//336 
f 2227//1914 464//336 1735//1418 
f 2224//1911 1697//1404 741//562 
f 1698//1405 741//562 1697//1404 
f 387//270 600//456 1802//1484 
f 1286//1045 1802//1484 600//456 
f 2212//1899 1801//1483 613//469 
f 1238//1007 613//469 1801//1483 
f 2309//1996 739//560 1698//1405 
f 741//562 1698//1405 739//560 
f 2303//1990 1762//1444 138//82 
f 1735//1418 138//82 1762//1444 
f 2306//1993 1238//1007 404//287 
f 1238//1007 2306//1993 614//470 
f 387//270 71//39 601//457 
f 71//39 387//270 69//37 
f 2318//2005 2303//1990 137//81 
f 138//82 137//81 2303//1990 
f 1848//1528 2309//1996 49//25 
f 1698//1405 49//25 2309//1996 
f 33//18 32//18 103//18 
f 143//28 2348//28 141//28 
f 388//271 2311//1998 69//37 
f 1275//1437 69//37 2311//1998 
f 404//287 2319//2006 2306//1993 
f 2319//2006 404//287 725//546 
f 30//2 2349//2 56//2 
f 2349//18 30//18 29//18 
f 101//16 535//16 592//16 
f 1213//16 535//16 101//16 
f 137//81 1087//861 2318//2005 
f 2346//2034 2318//2005 1087//861 
f 49//25 144//85 1848//1528 
f 1848//1528 144//85 454//327 
f 193//18 192//18 297//18 
f 148//18 592//18 1077//18 
f 20//18 470//18 629//18 
f 20//18 629//18 628//18 
f 55//16 54//16 29//16 
f 2350//18 29//16 21//16 
f 2351//18 104//18 103//16 
f 148//18 297//18 192//18 
f 297//16 148//16 104//18 
f 104//16 148//16 1944//16 
f 103//18 32//18 141//18 
f 141//19 32//19 59//19 
f 1888//7 84//7 1//7 
f 28//2 1889//2 27//2 
f 141//16 2348//16 103//16 
f 103//16 2350//18 2351//18 
f 56//28 2349//28 54//28 
f 29//16 54//16 2349//16 
f 21//16 20//16 297//16 
f 104//18 2351//18 297//16 
f 142//7 59//7 2347//7 
f 59//19 142//19 141//19 
f 2311//1998 712//2032 1275//1437 
f 9//84 1275//84 712//84 
f 204//125 725//546 202//7 
f 725//546 204//125 2319//2006 
f 1441//1176 2345//2033 454//327 
f 11//84 454//327 2345//2033 
f 2194//84 2346//84 942//84 
f 1087//861 942//1477 2346//2034 
f 33//19 1944//19 1943//19 
f 1944//18 33//18 104//18 
f 592//16 192//16 101//16 
f 192//18 592//18 148//18 
f 22//2 30//2 57//2 
f 30//18 22//18 21//18 
f 297//16 2351//18 21//16 
f 21//16 2351//18 2350//18 
f 55//16 2350//18 103//16 
f 29//16 2350//18 55//16 
f 2345//2033 2194//84 11//84 
f 762//7 8//7 11//7 
f 2140//84 1323//84 142//84 
f 1323//84 2140//7 1321//7 
f 9//7 8//7 202//7 
f 1275//7 9//7 1273//7 
f 202//7 1273//7 9//7 
f 726//547 1273//7 202//7 
f 103//16 2348//16 55//16 
f 58//29 55//29 2348//28 
f 1323//341 143//341 142//341 
f 143//7 1323//84 1320//84 
f 942//7 762//7 2194//7 
f 11//7 2194//7 762//7 
f 564//7 2130//7 1004//7 
f 2130//7 564//7 56//7 
f 91//7 38//7 89//7 
f 38//341 91//341 536//341 
f 191//84 1327//7 820//7 
f 1690//84 820//7 1327//7 
f 2156//7 1767//84 1741//84 
f 1767//84 2156//84 56//84 
f 2177//84 968//84 56//84 
f 968//7 2177//84 966//84 
f 2140//7 1689//7 457//7 
f 1689//7 2140//7 142//7 
f 2156//7 1453//7 56//7 
f 1453//7 2156//7 927//7 
f 968//7 2178//7 56//7 
f 2178//7 968//7 967//7 
f 976//7 1720//84 1721//84 
f 1722//84 1721//84 1720//84 
f 130//7 1690//84 1692//84 
f 1327//7 1692//84 1690//84 
f 2130//7 53//7 1753//7 
f 53//84 2130//84 56//84 
f 678//7 130//7 1691//7 
f 1692//84 1691//7 130//7 
f 1008//7 164//7 1011//7 
f 1011//7 1010//7 1008//7 
f 231//7 1725//7 1726//7 
f 1257//84 1726//7 1725//7 
f 1709//7 110//7 1710//7 
f 973//7 1710//7 110//7 
f 427//7 426//7 430//7 
f 1695//84 430//7 426//7 
f 626//84 938//7 940//7 
f 691//7 940//7 938//7 
f 1841//84 1701//84 1840//84 
f 937//7 1840//84 1701//84 
f 1691//7 682//7 678//7 
f 679//7 678//7 682//7 
f 2155//7 510//7 672//7 
f 510//7 2155//7 142//7 
f 1325//7 1245//7 1324//7 
f 75//84 1324//7 1245//7 
f 1371//7 242//84 1592//84 
f 230//84 1592//84 242//84 
f 1725//7 649//84 1257//84 
f 964//84 1257//84 649//84 
f 2175//84 359//7 355//7 
f 356//7 355//7 359//7 
f 286//84 364//84 360//84 
f 361//7 360//84 364//84 
f 1922//7 1371//7 309//7 
f 1371//7 1922//7 519//7 
f 2176//7 1722//84 345//84 
f 1722//7 2176//7 142//7 
f 57//2 28//2 22//2 
f 28//7 57//7 2191//7 
f 335//7 1453//7 1452//7 
f 1453//7 335//7 56//7 
f 565//7 1767//7 56//7 
f 1767//84 565//7 380//7 
f 1079//84 1687//84 1686//84 
f 869//7 1686//84 1687//84 
f 1687//84 160//7 869//7 
f 667//84 869//7 160//7 
f 68//84 1712//7 1711//7 
f 355//7 68//84 2175//84 
f 1448//7 1447//84 931//84 
f 1742//7 931//84 1447//84 
f 212//7 211//7 208//7 
f 1724//7 212//7 1431//7 
f 2104//7 596//7 863//7 
f 596//7 1005//7 1006//7 
f 1324//7 1315//7 1325//7 
f 552//84 1325//7 1315//7 
f 184//7 2176//7 187//7 
f 2176//7 184//7 142//7 
f 52//84 667//84 669//84 
f 160//7 669//84 667//84 
f 1708//84 679//7 681//7 
f 682//7 681//7 679//7 
f 126//7 125//7 190//7 
f 1706//84 190//7 125//7 
f 1689//7 2155//7 1688//7 
f 2155//7 1689//7 142//7 
f 185//7 1703//7 142//7 
f 1703//7 185//7 1702//7 
f 1703//7 509//7 142//7 
f 509//7 1703//7 118//7 
f 59//7 34//7 76//7 
f 76//7 2347//7 59//7 
f 1840//84 289//84 1841//84 
f 23//7 1841//84 289//84 
f 674//7 1632//84 619//84 
f 1693//84 619//84 1632//84 
f 1315//7 1693//84 552//84 
f 1632//84 552//84 1693//84 
f 1889//7 28//7 84//7 
f 2191//7 84//7 28//7 
f 358//7 1448//7 1449//7 
f 1448//7 358//7 142//7 
f 1279//84 1724//7 1723//7 
f 1431//7 1723//7 1724//7 
f 1245//7 4//84 75//84 
f 76//7 75//84 4//84 
f 1726//7 65//7 231//7 
f 232//84 231//7 65//7 
f 656//84 974//84 970//84 
f 971//7 970//84 974//84 
f 229//7 964//84 962//84 
f 649//84 962//84 964//84 
f 110//7 971//7 973//7 
f 974//84 973//7 971//7 
f 677//7 1922//7 675//7 
f 1922//7 677//7 1372//7 
f 860//7 1889//7 1888//7 
f 84//7 1888//7 1889//7 
f 961//7 1715//7 1649//7 
f 924//7 1649//7 1715//7 
f 429//7 924//7 92//7 
f 1715//7 92//7 924//7 
f 863//7 1006//7 861//7 
f 1006//7 863//7 596//7 
f 430//7 429//7 427//7 
f 92//7 427//7 429//7 
f 965//7 336//7 332//7 
f 333//7 332//7 336//7 
f 940//7 306//84 626//84 
f 1694//84 626//84 306//84 
f 83//7 361//7 363//7 
f 364//84 363//7 361//7 
f 1701//84 691//7 937//7 
f 938//7 937//7 691//7 
f 208//7 1431//7 212//7 
f 1431//7 208//7 1430//7 
f 189//7 1728//7 1727//7 
f 1728//7 189//7 56//7 
f 1728//7 2178//7 262//7 
f 2178//7 1728//7 56//7 
f 1711//7 2175//84 68//84 
f 2175//7 1711//7 142//7 
f 1750//7 12//7 89//7 
f 40//7 89//7 38//7 
f 89//7 40//7 1750//7 
f 1234//7 1750//7 40//7 
f 191//7 2191//7 57//7 
f 2191//7 191//84 1326//84 
f 40//7 1233//7 1234//7 
f 280//84 1234//7 1233//7 
f 1686//84 280//84 1079//84 
f 1233//7 1079//84 280//84 
f 965//7 1714//7 56//7 
f 1714//7 965//7 82//7 
f 1770//7 506//7 505//7 
f 506//7 1770//7 1033//7 
f 140//7 2103//7 2347//7 
f 2103//7 1009//7 2131//7 
f 2177//84 1714//7 1713//7 
f 1714//7 2177//7 56//7 
f 1009//7 1008//7 1010//7 
f 1010//7 2131//7 1009//7 
f 416//84 1708//84 1707//84 
f 681//7 1707//84 1708//84 
f 1450//84 506//7 1451//7 
f 506//7 1450//7 504//7 
f 34//7 1943//7 75//7 
f 1943//19 34//19 33//19 
f 2347//7 2131//7 142//7 
f 2131//7 2347//7 2103//7 
f 1704//7 52//84 668//84 
f 669//84 668//84 52//84 
f 668//84 1705//7 1704//7 
f 1199//7 1704//7 1705//7 
f 1707//84 1706//84 416//84 
f 125//7 416//84 1706//84 
f 1721//84 980//7 976//7 
f 977//7 976//7 980//7 
f 242//84 232//84 230//84 
f 65//7 230//84 232//84 
f 970//84 1279//84 656//84 
f 1723//7 656//84 1279//84 
f 1649//7 229//7 961//7 
f 962//84 961//7 229//7 
f 306//84 1695//84 1694//84 
f 426//7 1694//84 1695//84 
f 1710//7 83//7 1709//7 
f 363//7 1709//7 83//7 
f 58//7 143//7 31//7 
f 2348//28 143//28 58//29 
f 203//7 202//7 8//7 
f 8//7 762//7 203//7 
# 4698 faces

