# 3ds Max Wavefront OBJ Exporter v0.99 - (c)2007 guruware
# File Created: 27.11.2025 20:33:59

#
# object v8_FRONT
#

v  4.3683 24.9761 16.2344
v  4.3683 27.0000 16.2344
v  1.6839 27.0000 13.5500
v  8.5223 -25.0000 20.3884
v  8.5225 -27.0000 20.3886
v  11.2069 -27.0000 23.0730
v  4.3683 -25.0000 16.2344
v  4.3683 -27.0000 16.2344
v  8.5218 27.0000 20.3878
v  1.6724 -25.0000 13.5385
v  1.6839 -27.0000 13.5500
v  11.2178 24.9761 23.0839
v  11.2069 27.0000 23.0730
v  0.2582 -24.9838 12.1243
v  0.2616 -25.1323 12.1277
v  0.2705 -25.2615 12.1366
v  0.2851 -25.3878 12.1512
v  0.3052 -25.5112 12.1713
v  0.3305 -25.6314 12.1966
v  0.3610 -25.7484 12.2271
v  0.3965 -25.8620 12.2626
v  0.4368 -25.9719 12.3029
v  0.4818 -26.0778 12.3479
v  0.5312 -26.1795 12.3973
v  0.5849 -26.2767 12.4510
v  0.6427 -26.3691 12.5088
v  0.7043 -26.4562 12.5704
v  0.7696 -26.5380 12.6357
v  0.8384 -26.6139 12.7045
v  0.9103 -26.6838 12.7764
v  0.9852 -26.7474 12.8513
v  1.0629 -26.8044 12.9290
v  1.1432 -26.8546 13.0093
v  1.2259 -26.8977 13.0920
v  1.3109 -26.9336 13.1770
v  1.3982 -26.9619 13.2643
v  1.4875 -26.9826 13.3536
v  1.5789 -26.9952 13.4450
v  12.6326 24.9838 24.4987
v  12.6292 25.1323 24.4953
v  12.6203 25.2615 24.4863
v  12.6057 25.3878 24.4718
v  12.5856 25.5112 24.4517
v  12.5602 25.6314 24.4263
v  12.5297 25.7484 24.3958
v  12.4942 25.8620 24.3603
v  12.4539 25.9719 24.3200
v  12.4090 26.0778 24.2751
v  12.3596 26.1795 24.2257
v  12.3059 26.2767 24.1720
v  12.2481 26.3691 24.1142
v  12.1864 26.4563 24.0525
v  12.1211 26.5380 23.9872
v  12.0524 26.6139 23.9185
v  11.9805 26.6838 23.8466
v  11.9056 26.7474 23.7717
v  11.8279 26.8044 23.6940
v  11.7476 26.8546 23.6137
v  11.6648 26.8977 23.5309
v  11.5798 26.9336 23.4459
v  11.4926 26.9619 23.3587
v  11.4033 26.9826 23.2694
v  11.3119 26.9952 23.1780
v  11.3119 -26.9952 23.1780
v  11.2189 -25.0000 23.0850
v  11.4033 -26.9826 23.2694
v  11.4926 -26.9619 23.3587
v  11.5798 -26.9336 23.4459
v  11.6648 -26.8977 23.5309
v  11.7476 -26.8546 23.6137
v  11.8279 -26.8044 23.6940
v  11.9056 -26.7474 23.7717
v  11.9805 -26.6838 23.8466
v  12.0524 -26.6139 23.9185
v  12.1211 -26.5380 23.9872
v  12.1864 -26.4563 24.0525
v  12.2481 -26.3691 24.1142
v  12.3059 -26.2767 24.1720
v  12.3596 -26.1795 24.2257
v  12.4090 -26.0778 24.2751
v  12.4539 -25.9719 24.3200
v  12.4943 -25.8620 24.3603
v  12.5297 -25.7484 24.3958
v  12.5602 -25.6314 24.4263
v  12.5856 -25.5112 24.4517
v  12.6057 -25.3878 24.4718
v  12.6203 -25.2615 24.4863
v  12.6292 -25.1323 24.4953
v  12.6326 -24.9838 24.4987
v  1.5789 26.9952 13.4450
v  1.6724 24.9761 13.5385
v  1.4875 26.9826 13.3536
v  1.3982 26.9619 13.2643
v  1.3109 26.9336 13.1770
v  1.2259 26.8977 13.0920
v  1.1432 26.8546 13.0093
v  1.0629 26.8044 12.9290
v  0.9852 26.7474 12.8513
v  0.9103 26.6838 12.7764
v  0.8384 26.6139 12.7045
v  0.7696 26.5380 12.6357
v  0.7043 26.4562 12.5704
v  0.6427 26.3691 12.5088
v  0.5849 26.2767 12.4510
v  0.5312 26.1795 12.3973
v  0.4818 26.0778 12.3479
v  0.4368 25.9719 12.3029
v  0.3965 25.8620 12.2626
v  0.3610 25.7484 12.2271
v  0.3305 25.6314 12.1966
v  0.3052 25.5112 12.1713
v  0.2851 25.3878 12.1512
v  0.2705 25.2615 12.1366
v  0.2616 25.1323 12.1277
v  0.2582 24.9838 12.1243
v  0.2582 15.5750 12.1243
v  0.2582 13.7750 12.1243
v  4.3683 13.7750 16.2344
v  4.3683 15.5750 16.2344
v  8.5220 -15.5750 20.3881
v  8.5220 -13.7750 20.3881
v  4.3683 -13.7750 16.2344
v  8.5203 15.5750 20.3864
v  8.5203 13.7750 20.3864
v  12.6326 13.7750 24.4987
v  12.6326 15.5750 24.4987
v  0.2582 -15.5750 12.1243
v  -1.1560 -15.5750 12.1243
v  3.6612 28.0000 16.9415
v  7.8155 -28.0000 21.0958
v  3.6612 -28.0000 16.9415
v  12.6326 -15.5750 24.4987
v  12.6326 -25.0000 25.9129
v  7.8155 28.0000 21.0958
v  -1.1560 25.0000 12.1243
v  12.6326 15.5750 25.9129
v  0.9653 -28.0000 14.2456
v  10.5113 28.0000 23.7916
v  -1.1560 -25.0000 12.1243
v  -1.1515 -25.1971 12.1288
v  -1.1381 -25.3908 12.1422
v  -1.1162 -25.5807 12.1641
v  -1.0860 -25.7665 12.1943
v  -1.0478 -25.9477 12.2326
v  -1.0018 -26.1239 12.2785
v  -0.9484 -26.2947 12.3319
v  -0.8879 -26.4598 12.3924
v  -0.8205 -26.6187 12.4599
v  -0.7464 -26.7711 12.5339
v  -0.6661 -26.9165 12.6143
v  -0.5797 -27.0546 12.7007
v  -0.4875 -27.1849 12.7928
v  -0.3899 -27.3071 12.8904
v  -0.2871 -27.4207 12.9933
v  -0.1793 -27.5254 13.1010
v  -0.0669 -27.6208 13.2134
v  0.0498 -27.7064 13.3301
v  0.1706 -27.7819 13.4509
v  0.2952 -27.8469 13.5755
v  0.4233 -27.9010 13.7036
v  0.5547 -27.9437 13.8350
v  0.6890 -27.9747 13.9693
v  0.8259 -27.9936 14.1063
v  12.6326 25.0000 25.9129
v  12.6281 25.1971 25.9084
v  12.6147 25.3908 25.8950
v  12.5928 25.5807 25.8731
v  12.5625 25.7665 25.8429
v  12.5243 25.9477 25.8046
v  12.4784 26.1239 25.7587
v  12.4250 26.2947 25.7053
v  12.3644 26.4598 25.6448
v  12.2970 26.6187 25.5773
v  12.2230 26.7711 25.5033
v  12.1426 26.9165 25.4229
v  12.0562 27.0546 25.3365
v  11.9641 27.1849 25.2444
v  11.8664 27.3071 25.1468
v  11.7636 27.4207 25.0439
v  11.6559 27.5254 24.9362
v  11.5435 27.6208 24.8238
v  11.4268 27.7064 24.7071
v  11.3060 27.7819 24.5863
v  11.1813 27.8469 24.4617
v  11.0532 27.9010 24.3335
v  10.9219 27.9437 24.2022
v  10.7876 27.9747 24.0679
v  10.6506 27.9936 23.9309
v  10.5113 -28.0000 23.7916
v  10.6506 -27.9936 23.9309
v  10.7876 -27.9747 24.0679
v  10.9219 -27.9437 24.2022
v  11.0532 -27.9010 24.3335
v  11.1813 -27.8469 24.4617
v  11.3060 -27.7819 24.5863
v  11.4268 -27.7064 24.7071
v  11.5435 -27.6208 24.8238
v  11.6559 -27.5254 24.9362
v  11.7636 -27.4207 25.0439
v  11.8664 -27.3071 25.1468
v  11.9641 -27.1849 25.2444
v  12.0562 -27.0546 25.3365
v  12.1426 -26.9165 25.4229
v  12.2230 -26.7711 25.5033
v  12.2970 -26.6187 25.5773
v  12.3644 -26.4598 25.6448
v  12.4250 -26.2947 25.7053
v  12.4784 -26.1239 25.7587
v  12.5243 -25.9477 25.8046
v  12.5625 -25.7665 25.8429
v  12.5928 -25.5807 25.8731
v  12.6147 -25.3908 25.8950
v  12.6281 -25.1971 25.9084
v  0.9653 28.0000 14.2456
v  0.8259 27.9936 14.1063
v  0.6890 27.9747 13.9693
v  0.5547 27.9437 13.8350
v  0.4233 27.9010 13.7036
v  0.2952 27.8469 13.5755
v  0.1706 27.7819 13.4509
v  0.0498 27.7064 13.3301
v  -0.0669 27.6208 13.2134
v  -0.1793 27.5254 13.1010
v  -0.2871 27.4207 12.9933
v  -0.3899 27.3071 12.8904
v  -0.4875 27.1849 12.7928
v  -0.5797 27.0546 12.7007
v  -0.6661 26.9165 12.6143
v  -0.7464 26.7711 12.5339
v  -0.8205 26.6187 12.4599
v  -0.8879 26.4598 12.3924
v  -0.9484 26.2947 12.3319
v  -1.0018 26.1239 12.2785
v  -1.0478 25.9477 12.2326
v  -1.0860 25.7665 12.1943
v  -1.1162 25.5807 12.1641
v  -1.1381 25.3908 12.1422
v  -1.1515 25.1971 12.1288
v  0.2582 -13.7750 12.1243
v  2.1250 12.4550 12.1243
v  5.3017 -12.4550 15.3010
v  9.4553 -12.4550 19.4547
v  12.6326 -13.7750 24.4987
v  12.6326 -12.4550 22.6319
v  9.4537 12.4550 19.4530
v  5.3017 12.4550 15.3010
v  12.6326 -15.5750 25.9129
v  -1.1560 15.5750 12.1243
v  0.2106 29.4663 2.0579
v  0.6891 27.9747 0.1638
v  0.5548 27.9437 0.2981
v  0.0315 29.4249 2.2369
v  0.4234 27.9010 0.4295
v  -0.1436 29.3680 2.4121
v  0.2953 27.8469 0.5576
v  -0.3144 29.2959 2.5829
v  0.1707 27.7819 0.6822
v  -0.4806 29.2092 2.7490
v  0.0499 27.7064 0.8030
v  -0.6416 29.1086 2.9101
v  -0.0668 27.6208 0.9198
v  -0.7973 28.9944 3.0658
v  -0.1792 27.5254 1.0321
v  -0.9471 28.8673 3.2156
v  -0.2870 27.4207 1.1399
v  -1.0908 28.7277 3.3593
v  -0.3898 27.3071 1.2427
v  -1.2279 28.5761 3.4964
v  -0.4874 27.1849 1.3403
v  -1.3581 28.4132 3.6265
v  -0.5796 27.0546 1.4325
v  -1.4809 28.2395 3.7494
v  -0.6660 26.9165 1.5189
v  -1.5961 28.0554 3.8646
v  -0.7463 26.7711 1.5992
v  -1.7033 27.8615 3.9717
v  -0.8204 26.6187 1.6733
v  -1.8020 27.6583 4.0704
v  -0.8878 26.4598 1.7407
v  -1.8919 27.4464 4.1604
v  -0.9483 26.2947 1.8013
v  -1.9726 27.2263 4.2411
v  -1.0017 26.1239 1.8546
v  -1.0477 25.9477 1.9006
v  -2.1051 26.7635 4.3735
v  -1.0859 25.7665 1.9388
v  -2.1560 26.5220 4.4245
v  -1.1161 25.5807 1.9690
v  -2.1963 26.2743 4.4648
v  -1.1380 25.3908 1.9910
v  -2.2256 26.0211 4.4940
v  -1.1514 25.1971 2.0043
v  -2.2434 25.7628 4.5118
v  -1.1559 25.0000 2.0088
v  -2.2494 25.5000 4.5179
v  0.6890 27.9747 -0.0000
v  0.5547 27.9437 -0.0000
v  0.4234 27.9010 -0.0000
v  0.2953 27.8469 -0.0000
v  0.1707 27.7819 -0.0000
v  0.0499 27.7064 -0.0000
v  -0.0669 27.6208 -0.0000
v  -0.1793 27.5254 -0.0000
v  -0.2870 27.4207 -0.0000
v  -0.3898 27.3071 -0.0000
v  -0.4875 27.1849 -0.0000
v  -0.5796 27.0546 -0.0000
v  -0.6660 26.9165 -0.0000
v  -0.7464 26.7711 -0.0000
v  -0.8204 26.6187 -0.0000
v  -0.8878 26.4598 -0.0000
v  -0.9484 26.2947 -0.0000
v  -1.0018 26.1239 -0.0000
v  -1.0477 25.9477 -0.0000
v  -1.0859 25.7665 -0.0000
v  -1.1161 25.5807 -0.0000
v  -1.1381 25.3908 -0.0000
v  -1.1514 25.1971 -0.0000
v  -1.1560 25.0000 -0.0000
v  0.8529 27.9948 -0.0000
v  0.5548 -27.9437 0.2981
v  0.6891 -27.9747 0.1638
v  0.2106 -29.4663 2.0579
v  0.4234 -27.9010 0.4295
v  0.0315 -29.4249 2.2369
v  0.2953 -27.8469 0.5576
v  -0.1436 -29.3680 2.4121
v  0.1707 -27.7819 0.6822
v  -0.3144 -29.2959 2.5829
v  0.0499 -27.7064 0.8030
v  -0.4806 -29.2092 2.7490
v  -0.0668 -27.6208 0.9198
v  -0.6416 -29.1086 2.9101
v  -0.1792 -27.5254 1.0321
v  -0.7973 -28.9944 3.0658
v  -0.2870 -27.4207 1.1399
v  -0.9471 -28.8673 3.2156
v  -0.3898 -27.3071 1.2427
v  -1.0908 -28.7277 3.3593
v  -0.4874 -27.1849 1.3403
v  -1.2279 -28.5761 3.4964
v  -0.5796 -27.0546 1.4325
v  -1.3581 -28.4132 3.6265
v  -0.6660 -26.9165 1.5189
v  -1.4809 -28.2395 3.7494
v  -0.7463 -26.7711 1.5992
v  -1.5961 -28.0554 3.8646
v  -0.8204 -26.6187 1.6733
v  -1.7033 -27.8615 3.9717
v  -0.8878 -26.4598 1.7407
v  -1.8020 -27.6583 4.0704
v  -0.9483 -26.2947 1.8013
v  -1.8919 -27.4464 4.1604
v  -1.0017 -26.1239 1.8546
v  -1.9726 -27.2263 4.2411
v  -2.1051 -26.7635 4.3735
v  -1.0477 -25.9477 1.9006
v  -2.1560 -26.5220 4.4245
v  -1.0859 -25.7665 1.9388
v  -2.1963 -26.2743 4.4648
v  -1.1161 -25.5807 1.9690
v  -2.2256 -26.0211 4.4940
v  -1.1380 -25.3908 1.9910
v  -2.2434 -25.7628 4.5118
v  -1.1514 -25.1971 2.0043
v  -2.2494 -25.5000 4.5179
v  -1.1559 -25.0000 2.0088
v  0.5547 -27.9437 -0.0000
v  0.6890 -27.9747 -0.0000
v  0.4234 -27.9010 -0.0000
v  0.2953 -27.8469 -0.0000
v  0.1707 -27.7819 -0.0000
v  0.0499 -27.7064 -0.0000
v  -0.0669 -27.6208 -0.0000
v  -0.1793 -27.5254 -0.0000
v  -0.2870 -27.4207 -0.0000
v  -0.3898 -27.3071 -0.0000
v  -0.4875 -27.1849 -0.0000
v  -0.5796 -27.0546 -0.0000
v  -0.6660 -26.9165 -0.0000
v  -0.7464 -26.7711 -0.0000
v  -0.8204 -26.6187 -0.0000
v  -0.8878 -26.4598 -0.0000
v  -0.9484 -26.2947 -0.0000
v  -1.0018 -26.1239 -0.0000
v  -1.0477 -25.9477 -0.0000
v  -1.0859 -25.7665 -0.0000
v  -1.1161 -25.5807 -0.0000
v  -1.1381 -25.3908 -0.0000
v  -1.1514 -25.1971 -0.0000
v  -1.1559 -25.0000 -0.0000
v  0.8529 -27.9948 -0.0000
v  0.3932 29.4915 1.8752
v  0.3932 -29.4915 1.8752
v  -1.1559 15.5750 2.0088
v  -2.2494 15.5750 4.5179
v  -1.1559 -0.0000 2.0088
v  -2.2494 -0.0000 4.5179
v  -1.1559 -15.5750 2.0088
v  -2.2494 -15.5750 4.5179
v  -1.1559 15.5750 0.0000
v  -1.1559 -0.0000 -0.0000
v  -1.1559 -15.5750 -0.0000
v  0.6117 -24.4878 12.4779
v  12.2790 24.5000 24.1452
v  12.2791 -17.2500 24.1451
v  0.6118 17.2500 12.4779
v  1.3299 25.5000 -0.0000
v  1.3299 18.0500 -0.0000
v  1.3299 -18.0500 -0.0000
v  1.3299 -25.5000 -0.0000
v  7.9304 18.9292 19.7965
v  7.9304 22.9308 19.7965
v  9.2173 22.9308 18.5095
v  7.2036 24.0277 19.0697
v  7.1532 24.0300 19.0193
v  8.4401 24.0300 17.7323
v  7.2539 24.0207 19.1199
v  8.4906 24.0277 17.7828
v  7.3031 24.0094 19.1692
v  8.5408 24.0207 17.8330
v  7.3513 23.9937 19.2174
v  8.5901 24.0094 17.8823
v  7.3983 23.9739 19.2644
v  8.6382 23.9937 17.9304
v  7.4440 23.9500 19.3101
v  8.6852 23.9739 17.9774
v  7.4883 23.9223 19.3544
v  8.7309 23.9500 18.0231
v  7.5311 23.8909 19.3972
v  8.7752 23.9223 18.0674
v  7.5723 23.8560 19.4384
v  8.8181 23.8909 18.1103
v  7.6118 23.8176 19.4779
v  8.8593 23.8560 18.1515
v  7.6495 23.7759 19.5156
v  8.8988 23.8176 18.1910
v  7.6853 23.7311 19.5514
v  8.9365 23.7759 18.2287
v  7.7191 23.6834 19.5852
v  8.9722 23.7311 18.2644
v  7.7507 23.6328 19.6168
v  9.0060 23.6834 18.2982
v  7.7802 23.5795 19.6463
v  9.0377 23.6328 18.3299
v  7.8073 23.5236 19.6734
v  9.0671 23.5795 18.3594
v  7.8321 23.4653 19.6982
v  9.0943 23.5236 18.3865
v  7.8543 23.4048 19.7204
v  9.1190 23.4653 18.4112
v  7.8739 23.3421 19.7399
v  9.1412 23.4048 18.4334
v  7.8907 23.2775 19.7568
v  9.1608 23.3421 18.4530
v  7.9047 23.2110 19.7708
v  9.1777 23.2775 18.4699
v  7.9158 23.1429 19.7819
v  9.1917 23.2110 18.4839
v  7.9239 23.0732 19.7899
v  9.2028 23.1429 18.4950
v  7.9288 23.0022 19.7948
v  9.2108 23.0732 18.5030
v  9.2157 23.0022 18.5079
v  9.1165 23.0022 20.9826
v  9.1149 22.9308 20.9810
v  10.4018 22.9308 19.6940
v  9.1214 23.0732 20.9875
v  10.4034 23.0022 19.6956
v  9.1294 23.1429 20.9955
v  10.4083 23.0732 19.7005
v  9.1405 23.2110 21.0066
v  10.4164 23.1429 19.7086
v  9.1545 23.2775 21.0206
v  10.4275 23.2110 19.7197
v  9.1714 23.3421 21.0375
v  10.4415 23.2775 19.7337
v  9.1910 23.4048 21.0571
v  10.4583 23.3421 19.7505
v  9.2132 23.4653 21.0793
v  10.4779 23.4048 19.7701
v  9.2379 23.5236 21.1040
v  10.5001 23.4653 19.7923
v  9.2650 23.5795 21.1311
v  10.5248 23.5236 19.8171
v  9.2945 23.6328 21.1606
v  10.5520 23.5795 19.8442
v  9.3262 23.6834 21.1923
v  10.5814 23.6328 19.8737
v  9.3599 23.7311 21.2260
v  10.6131 23.6834 19.9053
v  9.3957 23.7759 21.2618
v  10.6469 23.7311 19.9391
v  9.4334 23.8176 21.2995
v  10.6827 23.7759 19.9749
v  9.4729 23.8560 21.3390
v  10.7204 23.8176 20.0126
v  9.5141 23.8909 21.3802
v  10.7599 23.8560 20.0521
v  9.5569 23.9223 21.4230
v  10.8011 23.8909 20.0933
v  9.6013 23.9500 21.4674
v  10.8439 23.9223 20.1361
v  9.6470 23.9739 21.5131
v  10.8882 23.9500 20.1804
v  9.6940 23.9937 21.5601
v  10.9339 23.9739 20.2261
v  9.7421 24.0094 21.6082
v  10.9809 23.9937 20.2731
v  9.7914 24.0207 21.6575
v  11.0291 24.0094 20.3213
v  9.8416 24.0277 21.7077
v  11.0783 24.0207 20.3705
v  9.8921 24.0300 21.7582
v  11.1285 24.0277 20.4208
v  9.8921 17.8300 21.7582
v  11.3075 17.8300 23.1736
v  12.5944 17.8300 21.8866
v  9.8416 17.8323 21.7077
v  11.1791 17.8300 20.4713
v  9.7914 17.8392 21.6575
v  11.1285 17.8323 20.4208
v  9.7421 17.8506 21.6082
v  11.0783 17.8392 20.3705
v  9.6940 17.8663 21.5601
v  11.0291 17.8506 20.3213
v  9.6470 17.8861 21.5131
v  10.9809 17.8663 20.2731
v  9.6013 17.9099 21.4674
v  10.9339 17.8861 20.2261
v  9.5569 17.9376 21.4230
v  10.8882 17.9099 20.1804
v  9.5141 17.9690 21.3802
v  10.8439 17.9376 20.1361
v  9.4729 18.0040 21.3390
v  10.8011 17.9690 20.0933
v  9.4334 18.0424 21.2995
v  10.7599 18.0040 20.0521
v  9.3957 18.0840 21.2618
v  10.7204 18.0424 20.0126
v  9.3599 18.1288 21.2260
v  10.6827 18.0840 19.9749
v  9.3262 18.1766 21.1923
v  10.6469 18.1288 19.9391
v  9.2945 18.2272 21.1606
v  10.6131 18.1766 19.9053
v  9.2650 18.2805 21.1311
v  10.5814 18.2272 19.8737
v  9.2379 18.3364 21.1040
v  10.5520 18.2805 19.8442
v  9.2132 18.3947 21.0793
v  10.5248 18.3364 19.8171
v  9.1910 18.4552 21.0571
v  10.5001 18.3947 19.7923
v  9.1714 18.5179 21.0375
v  10.4779 18.4552 19.7701
v  9.1545 18.5825 21.0206
v  10.4583 18.5179 19.7505
v  9.1405 18.6490 21.0066
v  10.4415 18.5825 19.7337
v  9.1294 18.7171 20.9955
v  10.4275 18.6490 19.7197
v  9.1214 18.7868 20.9875
v  10.4164 18.7171 19.7086
v  9.1165 18.8578 20.9826
v  10.4083 18.7868 19.7005
v  9.1149 18.9292 20.9810
v  10.4034 18.8578 19.6956
v  7.9287 18.8578 19.7948
v  9.2173 18.9292 18.5095
v  7.9238 18.7867 19.7899
v  9.2157 18.8578 18.5079
v  7.9158 18.7171 19.7819
v  9.2108 18.7867 18.5030
v  7.9047 18.6490 19.7708
v  9.2027 18.7171 18.4950
v  7.8907 18.5825 19.7568
v  9.1917 18.6490 18.4839
v  7.8738 18.5179 19.7399
v  9.1776 18.5825 18.4699
v  7.8543 18.4552 19.7204
v  9.1608 18.5179 18.4530
v  7.8321 18.3947 19.6982
v  9.1412 18.4552 18.4334
v  7.8073 18.3364 19.6734
v  9.1190 18.3947 18.4112
v  7.7802 18.2805 19.6463
v  9.0943 18.3364 18.3865
v  7.7507 18.2272 19.6168
v  9.0671 18.2805 18.3593
v  7.7191 18.1766 19.5852
v  9.0377 18.2272 18.3299
v  7.6853 18.1288 19.5514
v  9.0060 18.1766 18.2982
v  7.6495 18.0840 19.5156
v  8.9722 18.1288 18.2644
v  7.6118 18.0424 19.4779
v  8.9364 18.0840 18.2287
v  7.5723 18.0040 19.4384
v  8.8988 18.0424 18.1910
v  7.5311 17.9690 19.3972
v  8.8593 18.0040 18.1515
v  7.4883 17.9376 19.3544
v  8.8180 17.9690 18.1103
v  7.4440 17.9099 19.3101
v  8.7752 17.9376 18.0674
v  7.3983 17.8861 19.2644
v  8.7309 17.9099 18.0231
v  7.3513 17.8663 19.2174
v  8.6852 17.8861 17.9774
v  7.3031 17.8506 19.1692
v  8.6382 17.8663 17.9304
v  7.2539 17.8392 19.1199
v  8.5900 17.8506 17.8823
v  7.2036 17.8323 19.0697
v  8.5408 17.8392 17.8330
v  7.1532 17.8300 19.0193
v  8.4906 17.8323 17.7828
v  12.0847 18.9292 23.9508
v  12.0847 22.9308 23.9508
v  13.3716 22.9308 22.6639
v  11.3580 17.8323 23.2241
v  12.6449 17.8323 21.9371
v  11.4082 17.8392 23.2743
v  12.6951 17.8392 21.9873
v  11.4574 17.8506 23.3235
v  12.7444 17.8506 22.0366
v  11.5056 17.8663 23.3717
v  12.7925 17.8663 22.0848
v  11.5526 17.8861 23.4187
v  12.8395 17.8861 22.1318
v  11.5983 17.9099 23.4644
v  12.8852 17.9099 22.1775
v  11.6426 17.9376 23.5087
v  12.9296 17.9376 22.2218
v  11.6854 17.9690 23.5515
v  12.9724 17.9690 22.2646
v  11.7266 18.0040 23.5927
v  13.0136 18.0040 22.3058
v  11.7661 18.0424 23.6322
v  13.0531 18.0424 22.3453
v  11.8038 18.0840 23.6699
v  13.0908 18.0840 22.3830
v  11.8396 18.1288 23.7057
v  13.1266 18.1288 22.4188
v  11.8734 18.1766 23.7395
v  13.1603 18.1766 22.4525
v  11.9051 18.2272 23.7712
v  13.1920 18.2272 22.4842
v  11.9345 18.2805 23.8006
v  13.2215 18.2805 22.5137
v  11.9617 18.3364 23.8278
v  13.2486 18.3364 22.5408
v  11.9864 18.3947 23.8525
v  13.2733 18.3947 22.5655
v  12.0086 18.4552 23.8747
v  13.2955 18.4552 22.5877
v  12.0282 18.5179 23.8943
v  13.3151 18.5179 22.6073
v  12.0450 18.5825 23.9111
v  13.3320 18.5825 22.6242
v  12.0590 18.6490 23.9251
v  13.3460 18.6490 22.6382
v  12.0701 18.7171 23.9362
v  13.3571 18.7171 22.6493
v  12.0782 18.7867 23.9443
v  13.3651 18.7867 22.6573
v  12.0831 18.8578 23.9492
v  13.3700 18.8578 22.6622
v  13.3716 18.9292 22.6639
v  12.0831 23.0022 23.9492
v  13.3700 23.0022 22.6622
v  12.0782 23.0732 23.9443
v  13.3651 23.0732 22.6573
v  12.0701 23.1429 23.9362
v  13.3571 23.1429 22.6493
v  12.0590 23.2110 23.9251
v  13.3460 23.2110 22.6382
v  12.0450 23.2775 23.9111
v  13.3320 23.2775 22.6242
v  12.0282 23.3421 23.8943
v  13.3151 23.3421 22.6073
v  12.0086 23.4048 23.8747
v  13.2955 23.4048 22.5877
v  11.9864 23.4653 23.8525
v  13.2733 23.4653 22.5655
v  11.9617 23.5236 23.8278
v  13.2486 23.5236 22.5408
v  11.9345 23.5795 23.8006
v  13.2215 23.5795 22.5137
v  11.9051 23.6328 23.7712
v  13.1920 23.6328 22.4842
v  11.8734 23.6834 23.7395
v  13.1603 23.6834 22.4526
v  11.8396 23.7311 23.7057
v  13.1266 23.7311 22.4188
v  11.8038 23.7759 23.6699
v  13.0908 23.7759 22.3830
v  11.7661 23.8176 23.6322
v  13.0531 23.8176 22.3453
v  11.7266 23.8560 23.5927
v  13.0136 23.8560 22.3058
v  11.6854 23.8909 23.5515
v  12.9724 23.8909 22.2646
v  11.6426 23.9223 23.5087
v  12.9296 23.9223 22.2218
v  11.5983 23.9500 23.4644
v  12.8853 23.9500 22.1775
v  11.5526 23.9739 23.4187
v  12.8395 23.9739 22.1318
v  11.5056 23.9937 23.3717
v  12.7925 23.9937 22.0848
v  11.4574 24.0094 23.3235
v  12.7444 24.0094 22.0366
v  11.4082 24.0207 23.2743
v  12.6951 24.0207 21.9873
v  11.3580 24.0277 23.2241
v  12.6449 24.0277 21.9371
v  11.3075 24.0300 23.1736
v  12.5944 24.0300 21.8866
v  0.8064 22.9308 12.6724
v  0.8063 18.9292 12.6724
v  2.0933 18.9292 11.3855
v  1.5836 24.0300 13.4497
v  1.5331 24.0277 13.3992
v  2.8200 24.0277 12.1123
v  1.4829 24.0208 13.3490
v  2.7698 24.0208 12.0620
v  1.4336 24.0094 13.2997
v  2.7206 24.0094 12.0128
v  1.3855 23.9937 13.2515
v  2.6724 23.9937 11.9646
v  1.3385 23.9739 13.2046
v  2.6254 23.9739 11.9176
v  1.2928 23.9501 13.1589
v  2.5797 23.9501 11.8719
v  1.2484 23.9224 13.1145
v  2.5354 23.9224 11.8276
v  1.2056 23.8910 13.0717
v  2.4926 23.8910 11.7848
v  1.1644 23.8560 13.0305
v  2.4514 23.8560 11.7436
v  1.1249 23.8176 12.9910
v  2.4119 23.8176 11.7041
v  1.0872 23.7759 12.9533
v  2.3742 23.7759 11.6664
v  1.0514 23.7312 12.9175
v  2.3384 23.7312 11.6306
v  1.0177 23.6834 12.8838
v  2.3046 23.6834 11.5968
v  0.9860 23.6328 12.8521
v  2.2729 23.6328 11.5652
v  0.9565 23.5795 12.8226
v  2.2435 23.5795 11.5357
v  0.9294 23.5236 12.7955
v  2.2163 23.5236 11.5086
v  0.9047 23.4653 12.7708
v  2.1916 23.4653 11.4838
v  0.8825 23.4048 12.7486
v  2.1694 23.4048 11.4616
v  0.8629 23.3421 12.7290
v  2.1498 23.3421 11.4420
v  0.8460 23.2775 12.7121
v  2.1330 23.2775 11.4252
v  0.8320 23.2110 12.6981
v  2.1190 23.2110 11.4112
v  0.8209 23.1429 12.6870
v  2.1079 23.1429 11.4001
v  0.8129 23.0732 12.6790
v  2.0998 23.0732 11.3920
v  0.8080 23.0022 12.6741
v  2.0949 23.0022 11.3871
v  2.0933 22.9308 11.3855
v  0.8080 18.8578 12.6741
v  2.0949 18.8578 11.3871
v  0.8129 18.7868 12.6790
v  2.0998 18.7868 11.3920
v  0.8209 18.7171 12.6870
v  2.1079 18.7171 11.4001
v  0.8320 18.6490 12.6981
v  2.1190 18.6490 11.4112
v  0.8460 18.5825 12.7121
v  2.1330 18.5825 11.4252
v  0.8629 18.5179 12.7290
v  2.1498 18.5179 11.4420
v  0.8825 18.4552 12.7486
v  2.1694 18.4552 11.4616
v  0.9047 18.3947 12.7708
v  2.1916 18.3947 11.4838
v  0.9294 18.3364 12.7955
v  2.2163 18.3364 11.5085
v  0.9565 18.2805 12.8226
v  2.2435 18.2805 11.5357
v  0.9860 18.2272 12.8521
v  2.2729 18.2272 11.5651
v  1.0177 18.1766 12.8838
v  2.3046 18.1766 11.5968
v  1.0514 18.1288 12.9175
v  2.3384 18.1288 11.6306
v  1.0872 18.0841 12.9533
v  2.3742 18.0841 11.6664
v  1.1249 18.0424 12.9910
v  2.4119 18.0424 11.7041
v  1.1644 18.0040 13.0305
v  2.4514 18.0040 11.7436
v  1.2056 17.9691 13.0717
v  2.4926 17.9691 11.7848
v  1.2484 17.9377 13.1145
v  2.5354 17.9377 11.8276
v  1.2927 17.9100 13.1588
v  2.5797 17.9100 11.8719
v  1.3385 17.8861 13.2045
v  2.6254 17.8861 11.9176
v  1.3854 17.8663 13.2515
v  2.6724 17.8663 11.9646
v  1.4336 17.8506 13.2997
v  2.7206 17.8506 12.0128
v  1.4829 17.8393 13.3490
v  2.7698 17.8393 12.0620
v  1.5331 17.8323 13.3992
v  2.8200 17.8323 12.1123
v  1.5836 17.8300 13.4497
v  2.8705 17.8300 12.1627
v  11.1791 24.0300 20.4713
v  10.4018 18.9292 19.6940
v  3.7761 18.9292 15.6422
v  3.7761 22.9308 15.6422
v  5.0630 22.9308 14.3552
v  3.0493 24.0277 14.9154
v  2.9989 24.0300 14.8650
v  4.2858 24.0300 13.5780
v  3.0995 24.0207 14.9656
v  4.3363 24.0277 13.6285
v  3.1488 24.0094 15.0149
v  4.3865 24.0207 13.6787
v  3.1970 23.9937 15.0631
v  4.4357 24.0094 13.7279
v  3.2440 23.9739 15.1101
v  4.4839 23.9937 13.7761
v  3.2897 23.9500 15.1558
v  4.5309 23.9739 13.8231
v  3.3340 23.9223 15.2001
v  4.5766 23.9500 13.8688
v  3.3768 23.8909 15.2429
v  4.6209 23.9223 13.9131
v  3.4180 23.8560 15.2841
v  4.6637 23.8909 13.9559
v  3.4575 23.8176 15.3236
v  4.7049 23.8560 13.9971
v  3.4952 23.7759 15.3613
v  4.7444 23.8176 14.0366
v  3.5310 23.7311 15.3971
v  4.7821 23.7759 14.0743
v  3.5648 23.6834 15.4309
v  4.8179 23.7311 14.1101
v  3.5964 23.6328 15.4625
v  4.8517 23.6834 14.1439
v  3.6259 23.5795 15.4920
v  4.8834 23.6328 14.1756
v  3.6530 23.5236 15.5191
v  4.9128 23.5795 14.2050
v  3.6778 23.4653 15.5438
v  4.9400 23.5236 14.2322
v  3.7000 23.4048 15.5660
v  4.9647 23.4653 14.2569
v  3.7195 23.3421 15.5856
v  4.9869 23.4048 14.2791
v  3.7364 23.2775 15.6025
v  5.0065 23.3421 14.2987
v  3.7504 23.2110 15.6165
v  5.0233 23.2775 14.3155
v  3.7615 23.1429 15.6276
v  5.0374 23.2110 14.3296
v  3.7695 23.0732 15.6356
v  5.0484 23.1429 14.3406
v  3.7744 23.0022 15.6405
v  5.0565 23.0732 14.3487
v  5.0614 23.0022 14.3536
v  4.9622 23.0022 16.8283
v  4.9605 22.9308 16.8266
v  6.2475 22.9308 15.5397
v  4.9671 23.0732 16.8332
v  6.2491 23.0022 15.5413
v  4.9751 23.1429 16.8412
v  6.2540 23.0732 15.5462
v  4.9862 23.2110 16.8523
v  6.2621 23.1429 15.5543
v  5.0002 23.2775 16.8663
v  6.2731 23.2110 15.5654
v  5.0171 23.3421 16.8832
v  6.2872 23.2775 15.5794
v  5.0367 23.4048 16.9028
v  6.3040 23.3421 15.5962
v  5.0589 23.4653 16.9250
v  6.3236 23.4048 15.6158
v  5.0836 23.5236 16.9497
v  6.3458 23.4653 15.6380
v  5.1107 23.5795 16.9768
v  6.3705 23.5236 15.6627
v  5.1402 23.6328 17.0063
v  6.3977 23.5795 15.6899
v  5.1718 23.6834 17.0379
v  6.4271 23.6328 15.7193
v  5.2056 23.7311 17.0717
v  6.4588 23.6834 15.7510
v  5.2414 23.7759 17.1075
v  6.4926 23.7311 15.7848
v  5.2791 23.8176 17.1452
v  6.5284 23.7759 15.8206
v  5.3186 23.8560 17.1847
v  6.5660 23.8176 15.8583
v  5.3598 23.8909 17.2259
v  6.6056 23.8560 15.8978
v  5.4026 23.9223 17.2687
v  6.6468 23.8909 15.9390
v  5.4469 23.9500 17.3130
v  6.6896 23.9223 15.9818
v  5.4926 23.9739 17.3587
v  6.7339 23.9500 16.0261
v  5.5396 23.9937 17.4057
v  6.7796 23.9739 16.0718
v  5.5878 24.0094 17.4539
v  6.8266 23.9937 16.1188
v  5.6371 24.0207 17.5032
v  6.8748 24.0094 16.1670
v  5.6873 24.0277 17.5534
v  6.9240 24.0207 16.2162
v  5.7378 24.0300 17.6039
v  6.9742 24.0277 16.2664
v  5.7378 17.8300 17.6039
v  8.4401 17.8300 17.7323
v  5.6873 17.8323 17.5534
v  7.0247 17.8300 16.3170
v  5.6371 17.8392 17.5032
v  6.9742 17.8323 16.2664
v  5.5878 17.8506 17.4539
v  6.9240 17.8392 16.2162
v  5.5396 17.8663 17.4057
v  6.8748 17.8506 16.1670
v  5.4926 17.8861 17.3587
v  6.8266 17.8663 16.1188
v  5.4469 17.9099 17.3130
v  6.7796 17.8861 16.0718
v  5.4026 17.9376 17.2687
v  6.7339 17.9099 16.0261
v  5.3598 17.9690 17.2259
v  6.6896 17.9376 15.9818
v  5.3186 18.0040 17.1847
v  6.6468 17.9690 15.9390
v  5.2791 18.0424 17.1452
v  6.6056 18.0040 15.8978
v  5.2414 18.0840 17.1075
v  6.5661 18.0424 15.8583
v  5.2056 18.1288 17.0717
v  6.5284 18.0840 15.8206
v  5.1718 18.1766 17.0379
v  6.4926 18.1288 15.7848
v  5.1402 18.2272 17.0063
v  6.4588 18.1766 15.7510
v  5.1107 18.2805 16.9768
v  6.4271 18.2272 15.7193
v  5.0836 18.3364 16.9497
v  6.3977 18.2805 15.6899
v  5.0589 18.3947 16.9250
v  6.3705 18.3364 15.6627
v  5.0367 18.4552 16.9028
v  6.3458 18.3947 15.6380
v  5.0171 18.5179 16.8832
v  6.3236 18.4552 15.6158
v  5.0002 18.5825 16.8663
v  6.3040 18.5179 15.5962
v  4.9862 18.6490 16.8523
v  6.2872 18.5825 15.5794
v  4.9751 18.7171 16.8412
v  6.2731 18.6490 15.5654
v  4.9671 18.7868 16.8332
v  6.2621 18.7171 15.5543
v  4.9622 18.8578 16.8283
v  6.2540 18.7868 15.5462
v  4.9605 18.9292 16.8266
v  6.2491 18.8578 15.5413
v  3.7744 18.8578 15.6405
v  5.0630 18.9292 14.3552
v  3.7695 18.7867 15.6356
v  5.0614 18.8578 14.3536
v  3.7615 18.7171 15.6276
v  5.0565 18.7867 14.3487
v  3.7504 18.6490 15.6165
v  5.0484 18.7171 14.3406
v  3.7364 18.5825 15.6025
v  5.0373 18.6490 14.3296
v  3.7195 18.5179 15.5856
v  5.0233 18.5825 14.3155
v  3.7000 18.4552 15.5660
v  5.0065 18.5179 14.2987
v  3.6777 18.3947 15.5438
v  4.9869 18.4552 14.2791
v  3.6530 18.3364 15.5191
v  4.9647 18.3947 14.2569
v  3.6259 18.2805 15.4920
v  4.9400 18.3364 14.2322
v  3.5964 18.2272 15.4625
v  4.9128 18.2805 14.2050
v  3.5648 18.1766 15.4308
v  4.8834 18.2272 14.1756
v  3.5310 18.1288 15.3971
v  4.8517 18.1766 14.1439
v  3.4952 18.0840 15.3613
v  4.8179 18.1288 14.1101
v  3.4575 18.0424 15.3236
v  4.7821 18.0840 14.0743
v  3.4180 18.0040 15.2841
v  4.7444 18.0424 14.0366
v  3.3768 17.9690 15.2429
v  4.7049 18.0040 13.9971
v  3.3340 17.9376 15.2001
v  4.6637 17.9690 13.9559
v  3.2897 17.9099 15.1558
v  4.6209 17.9376 13.9131
v  3.2440 17.8861 15.1101
v  4.5766 17.9099 13.8688
v  3.1970 17.8663 15.0631
v  4.5309 17.8861 13.8231
v  3.1488 17.8506 15.0149
v  4.4839 17.8663 13.7761
v  3.0995 17.8392 14.9656
v  4.4357 17.8506 13.7279
v  3.0493 17.8323 14.9154
v  4.3865 17.8392 13.6787
v  2.9988 17.8300 14.8649
v  4.3363 17.8323 13.6285
v  6.2475 18.9292 15.5397
v  4.2858 17.8300 13.5780
v  7.0248 24.0300 16.3170
v  2.8705 24.0300 12.1628
v  7.9304 -22.9308 19.7965
v  7.9304 -18.9292 19.7965
v  9.2173 -18.9292 18.5095
v  7.1532 -24.0300 19.0193
v  7.2036 -24.0277 19.0697
v  8.4906 -24.0277 17.7828
v  7.2539 -24.0207 19.1199
v  8.5408 -24.0207 17.8330
v  7.3031 -24.0094 19.1692
v  8.5901 -24.0094 17.8823
v  7.3513 -23.9937 19.2174
v  8.6382 -23.9937 17.9304
v  7.3983 -23.9739 19.2644
v  8.6852 -23.9739 17.9774
v  7.4440 -23.9500 19.3101
v  8.7309 -23.9500 18.0231
v  7.4883 -23.9223 19.3544
v  8.7752 -23.9223 18.0674
v  7.5311 -23.8909 19.3972
v  8.8181 -23.8909 18.1103
v  7.5723 -23.8560 19.4384
v  8.8593 -23.8560 18.1515
v  7.6118 -23.8176 19.4779
v  8.8988 -23.8176 18.1910
v  7.6495 -23.7759 19.5156
v  8.9365 -23.7759 18.2287
v  7.6853 -23.7311 19.5514
v  8.9722 -23.7311 18.2644
v  7.7191 -23.6834 19.5852
v  9.0060 -23.6834 18.2982
v  7.7507 -23.6328 19.6168
v  9.0377 -23.6328 18.3299
v  7.7802 -23.5795 19.6463
v  9.0671 -23.5795 18.3594
v  7.8073 -23.5236 19.6734
v  9.0943 -23.5236 18.3865
v  7.8321 -23.4653 19.6982
v  9.1190 -23.4653 18.4112
v  7.8543 -23.4048 19.7204
v  9.1412 -23.4048 18.4334
v  7.8739 -23.3421 19.7399
v  9.1608 -23.3421 18.4530
v  7.8907 -23.2775 19.7568
v  9.1777 -23.2775 18.4699
v  7.9047 -23.2110 19.7708
v  9.1917 -23.2110 18.4839
v  7.9158 -23.1429 19.7819
v  9.2028 -23.1429 18.4950
v  7.9239 -23.0732 19.7899
v  9.2108 -23.0732 18.5030
v  7.9288 -23.0022 19.7948
v  9.2157 -23.0022 18.5079
v  9.2173 -22.9308 18.5095
v  9.1149 -22.9308 20.9810
v  9.1165 -23.0022 20.9826
v  10.4034 -23.0022 19.6956
v  9.1214 -23.0732 20.9875
v  10.4083 -23.0732 19.7005
v  9.1294 -23.1429 20.9955
v  10.4164 -23.1429 19.7086
v  9.1405 -23.2110 21.0066
v  10.4275 -23.2110 19.7197
v  9.1545 -23.2775 21.0206
v  10.4415 -23.2775 19.7337
v  9.1714 -23.3421 21.0375
v  10.4583 -23.3421 19.7505
v  9.1910 -23.4048 21.0571
v  10.4779 -23.4048 19.7701
v  9.2132 -23.4653 21.0793
v  10.5001 -23.4653 19.7923
v  9.2379 -23.5236 21.1040
v  10.5248 -23.5236 19.8171
v  9.2650 -23.5795 21.1311
v  10.5520 -23.5795 19.8442
v  9.2945 -23.6328 21.1606
v  10.5814 -23.6328 19.8737
v  9.3262 -23.6834 21.1923
v  10.6131 -23.6834 19.9053
v  9.3599 -23.7311 21.2260
v  10.6469 -23.7311 19.9391
v  9.3957 -23.7759 21.2618
v  10.6827 -23.7759 19.9749
v  9.4334 -23.8176 21.2995
v  10.7204 -23.8176 20.0126
v  9.4729 -23.8560 21.3390
v  10.7599 -23.8560 20.0521
v  9.5141 -23.8909 21.3802
v  10.8011 -23.8909 20.0933
v  9.5569 -23.9223 21.4230
v  10.8439 -23.9223 20.1361
v  9.6013 -23.9500 21.4674
v  10.8882 -23.9500 20.1804
v  9.6470 -23.9739 21.5131
v  10.9339 -23.9739 20.2261
v  9.6940 -23.9937 21.5601
v  10.9809 -23.9937 20.2731
v  9.7421 -24.0094 21.6082
v  11.0291 -24.0094 20.3213
v  9.7914 -24.0207 21.6575
v  11.0783 -24.0207 20.3705
v  9.8416 -24.0277 21.7077
v  11.1285 -24.0277 20.4208
v  9.8921 -24.0300 21.7582
v  11.1791 -24.0300 20.4713
v  11.3075 -17.8300 23.1736
v  9.8921 -17.8300 21.7582
v  11.1791 -17.8300 20.4713
v  9.8416 -17.8323 21.7077
v  11.1285 -17.8323 20.4208
v  9.7914 -17.8392 21.6575
v  11.0783 -17.8392 20.3705
v  9.7421 -17.8506 21.6082
v  11.0291 -17.8506 20.3213
v  9.6940 -17.8663 21.5601
v  10.9809 -17.8663 20.2731
v  9.6470 -17.8861 21.5131
v  10.9339 -17.8861 20.2261
v  9.6013 -17.9099 21.4674
v  10.8882 -17.9099 20.1804
v  9.5569 -17.9376 21.4230
v  10.8439 -17.9376 20.1361
v  9.5141 -17.9690 21.3802
v  10.8011 -17.9690 20.0933
v  9.4729 -18.0040 21.3390
v  10.7599 -18.0040 20.0521
v  9.4334 -18.0424 21.2995
v  10.7204 -18.0424 20.0126
v  9.3957 -18.0840 21.2618
v  10.6827 -18.0840 19.9749
v  9.3599 -18.1288 21.2260
v  10.6469 -18.1288 19.9391
v  9.3262 -18.1766 21.1923
v  10.6131 -18.1766 19.9053
v  9.2945 -18.2272 21.1606
v  10.5814 -18.2272 19.8737
v  9.2650 -18.2805 21.1311
v  10.5520 -18.2805 19.8442
v  9.2379 -18.3364 21.1040
v  10.5248 -18.3364 19.8171
v  9.2132 -18.3947 21.0793
v  10.5001 -18.3947 19.7923
v  9.1910 -18.4552 21.0571
v  10.4779 -18.4552 19.7701
v  9.1714 -18.5179 21.0375
v  10.4583 -18.5179 19.7505
v  9.1545 -18.5825 21.0206
v  10.4415 -18.5825 19.7337
v  9.1405 -18.6490 21.0066
v  10.4275 -18.6490 19.7197
v  9.1294 -18.7171 20.9955
v  10.4164 -18.7171 19.7086
v  9.1214 -18.7868 20.9875
v  10.4083 -18.7868 19.7005
v  9.1165 -18.8578 20.9826
v  10.4034 -18.8578 19.6956
v  9.1149 -18.9292 20.9810
v  10.4018 -18.9292 19.6940
v  7.9287 -18.8578 19.7948
v  9.2157 -18.8578 18.5079
v  7.9238 -18.7867 19.7899
v  9.2108 -18.7867 18.5030
v  7.9158 -18.7171 19.7819
v  9.2027 -18.7171 18.4950
v  7.9047 -18.6490 19.7708
v  9.1917 -18.6490 18.4839
v  7.8907 -18.5825 19.7568
v  9.1776 -18.5825 18.4699
v  7.8738 -18.5179 19.7399
v  9.1608 -18.5179 18.4530
v  7.8543 -18.4552 19.7204
v  9.1412 -18.4552 18.4334
v  7.8321 -18.3947 19.6982
v  9.1190 -18.3947 18.4112
v  7.8073 -18.3364 19.6734
v  9.0943 -18.3364 18.3865
v  7.7802 -18.2805 19.6463
v  9.0671 -18.2805 18.3593
v  7.7507 -18.2272 19.6168
v  9.0377 -18.2272 18.3299
v  7.7191 -18.1766 19.5852
v  9.0060 -18.1766 18.2982
v  7.6853 -18.1288 19.5514
v  8.9722 -18.1288 18.2644
v  7.6495 -18.0840 19.5156
v  8.9364 -18.0840 18.2287
v  7.6118 -18.0424 19.4779
v  8.8988 -18.0424 18.1910
v  7.5723 -18.0040 19.4384
v  8.8593 -18.0040 18.1515
v  7.5311 -17.9690 19.3972
v  8.8180 -17.9690 18.1103
v  7.4883 -17.9376 19.3544
v  8.7752 -17.9376 18.0674
v  7.4440 -17.9099 19.3101
v  8.7309 -17.9099 18.0231
v  7.3983 -17.8861 19.2644
v  8.6852 -17.8861 17.9774
v  7.3513 -17.8663 19.2174
v  8.6382 -17.8663 17.9304
v  7.3031 -17.8506 19.1692
v  8.5900 -17.8506 17.8823
v  7.2539 -17.8392 19.1199
v  8.5408 -17.8392 17.8330
v  7.2036 -17.8323 19.0697
v  8.4906 -17.8323 17.7828
v  7.1532 -17.8300 19.0193
v  8.4401 -17.8300 17.7323
v  12.0847 -22.9308 23.9508
v  12.0847 -18.9292 23.9508
v  13.3716 -18.9292 22.6639
v  11.3580 -17.8323 23.2241
v  12.5944 -17.8300 21.8866
v  11.4082 -17.8392 23.2743
v  12.6449 -17.8323 21.9371
v  11.4574 -17.8506 23.3235
v  12.6951 -17.8392 21.9873
v  11.5056 -17.8663 23.3717
v  12.7444 -17.8506 22.0366
v  11.5526 -17.8861 23.4187
v  12.7925 -17.8663 22.0848
v  11.5983 -17.9099 23.4644
v  12.8395 -17.8861 22.1318
v  11.6426 -17.9376 23.5087
v  12.8852 -17.9099 22.1775
v  11.6854 -17.9690 23.5515
v  12.9296 -17.9376 22.2218
v  11.7266 -18.0040 23.5927
v  12.9724 -17.9690 22.2646
v  11.7661 -18.0424 23.6322
v  13.0136 -18.0040 22.3058
v  11.8038 -18.0840 23.6699
v  13.0531 -18.0424 22.3453
v  11.8396 -18.1288 23.7057
v  13.0908 -18.0840 22.3830
v  11.8734 -18.1766 23.7395
v  13.1266 -18.1288 22.4188
v  11.9051 -18.2272 23.7712
v  13.1603 -18.1766 22.4525
v  11.9345 -18.2805 23.8006
v  13.1920 -18.2272 22.4842
v  11.9617 -18.3364 23.8278
v  13.2215 -18.2805 22.5137
v  11.9864 -18.3947 23.8525
v  13.2486 -18.3364 22.5408
v  12.0086 -18.4552 23.8747
v  13.2733 -18.3947 22.5655
v  12.0282 -18.5179 23.8943
v  13.2955 -18.4552 22.5877
v  12.0450 -18.5825 23.9111
v  13.3151 -18.5179 22.6073
v  12.0590 -18.6490 23.9251
v  13.3320 -18.5825 22.6242
v  12.0701 -18.7171 23.9362
v  13.3460 -18.6490 22.6382
v  12.0782 -18.7867 23.9443
v  13.3571 -18.7171 22.6493
v  12.0831 -18.8578 23.9492
v  13.3651 -18.7867 22.6573
v  13.3700 -18.8578 22.6622
v  12.0831 -23.0022 23.9492
v  13.3716 -22.9308 22.6639
v  12.0782 -23.0732 23.9443
v  13.3700 -23.0022 22.6622
v  12.0701 -23.1429 23.9362
v  13.3651 -23.0732 22.6573
v  12.0590 -23.2110 23.9251
v  13.3571 -23.1429 22.6493
v  12.0450 -23.2775 23.9111
v  13.3460 -23.2110 22.6382
v  12.0282 -23.3421 23.8943
v  13.3320 -23.2775 22.6242
v  12.0086 -23.4048 23.8747
v  13.3151 -23.3421 22.6073
v  11.9864 -23.4653 23.8525
v  13.2955 -23.4048 22.5877
v  11.9617 -23.5236 23.8278
v  13.2733 -23.4653 22.5655
v  11.9345 -23.5795 23.8006
v  13.2486 -23.5236 22.5408
v  11.9051 -23.6328 23.7712
v  13.2215 -23.5795 22.5137
v  11.8734 -23.6834 23.7395
v  13.1920 -23.6328 22.4842
v  11.8396 -23.7311 23.7057
v  13.1603 -23.6834 22.4526
v  11.8038 -23.7759 23.6699
v  13.1266 -23.7311 22.4188
v  11.7661 -23.8176 23.6322
v  13.0908 -23.7759 22.3830
v  11.7266 -23.8560 23.5927
v  13.0531 -23.8176 22.3453
v  11.6854 -23.8909 23.5515
v  13.0136 -23.8560 22.3058
v  11.6426 -23.9223 23.5087
v  12.9724 -23.8909 22.2646
v  11.5983 -23.9500 23.4644
v  12.9296 -23.9223 22.2218
v  11.5526 -23.9739 23.4187
v  12.8853 -23.9500 22.1775
v  11.5056 -23.9937 23.3717
v  12.8395 -23.9739 22.1318
v  11.4574 -24.0094 23.3235
v  12.7926 -23.9937 22.0848
v  11.4082 -24.0207 23.2743
v  12.7444 -24.0094 22.0366
v  11.3580 -24.0277 23.2241
v  12.6951 -24.0207 21.9873
v  11.3075 -24.0300 23.1736
v  12.6449 -24.0277 21.9371
v  0.8063 -18.9292 12.6724
v  0.8064 -22.9308 12.6724
v  2.0933 -22.9308 11.3855
v  1.5331 -24.0277 13.3992
v  1.5836 -24.0300 13.4497
v  2.8705 -24.0300 12.1628
v  1.4829 -24.0208 13.3490
v  2.8200 -24.0277 12.1123
v  1.4336 -24.0094 13.2997
v  2.7698 -24.0208 12.0620
v  1.3855 -23.9937 13.2515
v  2.7206 -24.0094 12.0128
v  1.3385 -23.9739 13.2046
v  2.6724 -23.9937 11.9646
v  1.2928 -23.9501 13.1588
v  2.6254 -23.9739 11.9176
v  1.2484 -23.9224 13.1145
v  2.5797 -23.9501 11.8719
v  1.2056 -23.8910 13.0717
v  2.5354 -23.9224 11.8276
v  1.1644 -23.8560 13.0305
v  2.4926 -23.8910 11.7848
v  1.1249 -23.8176 12.9910
v  2.4514 -23.8560 11.7436
v  1.0872 -23.7759 12.9533
v  2.4119 -23.8176 11.7041
v  1.0514 -23.7312 12.9175
v  2.3742 -23.7759 11.6664
v  1.0177 -23.6834 12.8838
v  2.3384 -23.7312 11.6306
v  0.9860 -23.6328 12.8521
v  2.3046 -23.6834 11.5968
v  0.9565 -23.5795 12.8226
v  2.2729 -23.6328 11.5652
v  0.9294 -23.5236 12.7955
v  2.2435 -23.5795 11.5357
v  0.9047 -23.4653 12.7708
v  2.2163 -23.5236 11.5086
v  0.8825 -23.4048 12.7486
v  2.1916 -23.4653 11.4838
v  0.8629 -23.3421 12.7290
v  2.1694 -23.4048 11.4616
v  0.8460 -23.2775 12.7121
v  2.1498 -23.3421 11.4420
v  0.8320 -23.2110 12.6981
v  2.1330 -23.2775 11.4252
v  0.8209 -23.1429 12.6870
v  2.1190 -23.2110 11.4112
v  0.8129 -23.0732 12.6790
v  2.1079 -23.1429 11.4001
v  0.8080 -23.0022 12.6741
v  2.0998 -23.0732 11.3920
v  2.0949 -23.0022 11.3871
v  0.8080 -18.8578 12.6741
v  2.0933 -18.9292 11.3855
v  0.8129 -18.7868 12.6790
v  2.0949 -18.8578 11.3871
v  0.8209 -18.7171 12.6870
v  2.0998 -18.7868 11.3920
v  0.8320 -18.6490 12.6981
v  2.1079 -18.7171 11.4001
v  0.8460 -18.5825 12.7121
v  2.1190 -18.6490 11.4112
v  0.8629 -18.5179 12.7290
v  2.1330 -18.5825 11.4252
v  0.8825 -18.4552 12.7486
v  2.1498 -18.5179 11.4420
v  0.9047 -18.3947 12.7708
v  2.1694 -18.4552 11.4616
v  0.9294 -18.3364 12.7955
v  2.1916 -18.3947 11.4838
v  0.9565 -18.2805 12.8226
v  2.2163 -18.3364 11.5085
v  0.9860 -18.2272 12.8521
v  2.2435 -18.2805 11.5357
v  1.0177 -18.1766 12.8838
v  2.2729 -18.2272 11.5651
v  1.0514 -18.1288 12.9175
v  2.3046 -18.1766 11.5968
v  1.0872 -18.0841 12.9533
v  2.3384 -18.1288 11.6306
v  1.1249 -18.0424 12.9910
v  2.3742 -18.0841 11.6664
v  1.1644 -18.0040 13.0305
v  2.4119 -18.0424 11.7041
v  1.2056 -17.9691 13.0717
v  2.4514 -18.0040 11.7436
v  1.2484 -17.9377 13.1145
v  2.4926 -17.9691 11.7848
v  1.2927 -17.9100 13.1588
v  2.5354 -17.9377 11.8276
v  1.3385 -17.8861 13.2045
v  2.5797 -17.9100 11.8719
v  1.3854 -17.8663 13.2515
v  2.6254 -17.8861 11.9176
v  1.4336 -17.8506 13.2997
v  2.6724 -17.8663 11.9646
v  1.4829 -17.8393 13.3490
v  2.7206 -17.8506 12.0128
v  1.5331 -17.8323 13.3992
v  2.7698 -17.8393 12.0620
v  1.5836 -17.8300 13.4497
v  2.8200 -17.8323 12.1123
v  12.5944 -24.0300 21.8866
v  10.4018 -22.9308 19.6940
v  3.7761 -22.9308 15.6422
v  3.7761 -18.9292 15.6422
v  5.0630 -18.9292 14.3552
v  2.9989 -24.0300 14.8650
v  3.0493 -24.0277 14.9154
v  4.3363 -24.0277 13.6285
v  3.0995 -24.0207 14.9656
v  4.3865 -24.0207 13.6787
v  3.1488 -24.0094 15.0149
v  4.4357 -24.0094 13.7279
v  3.1970 -23.9937 15.0631
v  4.4839 -23.9937 13.7761
v  3.2440 -23.9739 15.1101
v  4.5309 -23.9739 13.8231
v  3.2897 -23.9500 15.1558
v  4.5766 -23.9500 13.8688
v  3.3340 -23.9223 15.2001
v  4.6209 -23.9223 13.9131
v  3.3768 -23.8909 15.2429
v  4.6637 -23.8909 13.9559
v  3.4180 -23.8560 15.2841
v  4.7049 -23.8560 13.9971
v  3.4575 -23.8176 15.3236
v  4.7444 -23.8176 14.0366
v  3.4952 -23.7759 15.3613
v  4.7821 -23.7759 14.0743
v  3.5310 -23.7311 15.3971
v  4.8179 -23.7311 14.1101
v  3.5648 -23.6834 15.4309
v  4.8517 -23.6834 14.1439
v  3.5964 -23.6328 15.4625
v  4.8834 -23.6328 14.1756
v  3.6259 -23.5795 15.4920
v  4.9128 -23.5795 14.2050
v  3.6530 -23.5236 15.5191
v  4.9400 -23.5236 14.2322
v  3.6778 -23.4653 15.5438
v  4.9647 -23.4653 14.2569
v  3.7000 -23.4048 15.5660
v  4.9869 -23.4048 14.2791
v  3.7195 -23.3421 15.5856
v  5.0065 -23.3421 14.2987
v  3.7364 -23.2775 15.6025
v  5.0233 -23.2775 14.3155
v  3.7504 -23.2110 15.6165
v  5.0374 -23.2110 14.3296
v  3.7615 -23.1429 15.6276
v  5.0484 -23.1429 14.3406
v  3.7695 -23.0732 15.6356
v  5.0565 -23.0732 14.3487
v  3.7744 -23.0022 15.6405
v  5.0614 -23.0022 14.3536
v  5.0630 -22.9308 14.3552
v  4.9605 -22.9308 16.8266
v  4.9622 -23.0022 16.8283
v  6.2491 -23.0022 15.5413
v  4.9671 -23.0732 16.8332
v  6.2540 -23.0732 15.5462
v  4.9751 -23.1429 16.8412
v  6.2621 -23.1429 15.5543
v  4.9862 -23.2110 16.8523
v  6.2731 -23.2110 15.5654
v  5.0002 -23.2775 16.8663
v  6.2872 -23.2775 15.5794
v  5.0171 -23.3421 16.8832
v  6.3040 -23.3421 15.5962
v  5.0367 -23.4048 16.9028
v  6.3236 -23.4048 15.6158
v  5.0589 -23.4653 16.9250
v  6.3458 -23.4653 15.6380
v  5.0836 -23.5236 16.9497
v  6.3705 -23.5236 15.6627
v  5.1107 -23.5795 16.9768
v  6.3977 -23.5795 15.6899
v  5.1402 -23.6328 17.0063
v  6.4271 -23.6328 15.7193
v  5.1718 -23.6834 17.0379
v  6.4588 -23.6834 15.7510
v  5.2056 -23.7311 17.0717
v  6.4926 -23.7311 15.7848
v  5.2414 -23.7759 17.1075
v  6.5284 -23.7759 15.8206
v  5.2791 -23.8176 17.1452
v  6.5660 -23.8176 15.8583
v  5.3186 -23.8560 17.1847
v  6.6056 -23.8560 15.8978
v  5.3598 -23.8909 17.2259
v  6.6468 -23.8909 15.9390
v  5.4026 -23.9223 17.2687
v  6.6896 -23.9223 15.9818
v  5.4469 -23.9500 17.3130
v  6.7339 -23.9500 16.0261
v  5.4926 -23.9739 17.3587
v  6.7796 -23.9739 16.0718
v  5.5396 -23.9937 17.4057
v  6.8266 -23.9937 16.1188
v  5.5878 -24.0094 17.4539
v  6.8748 -24.0094 16.1670
v  5.6371 -24.0207 17.5032
v  6.9240 -24.0207 16.2162
v  5.6873 -24.0277 17.5534
v  6.9742 -24.0277 16.2664
v  5.7378 -24.0300 17.6039
v  7.0248 -24.0300 16.3170
v  5.7378 -17.8300 17.6039
v  7.0247 -17.8300 16.3170
v  5.6873 -17.8323 17.5534
v  6.9742 -17.8323 16.2664
v  5.6371 -17.8392 17.5032
v  6.9240 -17.8392 16.2162
v  5.5878 -17.8506 17.4539
v  6.8748 -17.8506 16.1670
v  5.5396 -17.8663 17.4057
v  6.8266 -17.8663 16.1188
v  5.4926 -17.8861 17.3587
v  6.7796 -17.8861 16.0718
v  5.4469 -17.9099 17.3130
v  6.7339 -17.9099 16.0261
v  5.4026 -17.9376 17.2687
v  6.6896 -17.9376 15.9818
v  5.3598 -17.9690 17.2259
v  6.6468 -17.9690 15.9390
v  5.3186 -18.0040 17.1847
v  6.6056 -18.0040 15.8978
v  5.2791 -18.0424 17.1452
v  6.5661 -18.0424 15.8583
v  5.2414 -18.0840 17.1075
v  6.5284 -18.0840 15.8206
v  5.2056 -18.1288 17.0717
v  6.4926 -18.1288 15.7848
v  5.1718 -18.1766 17.0379
v  6.4588 -18.1766 15.7510
v  5.1402 -18.2272 17.0063
v  6.4271 -18.2272 15.7193
v  5.1107 -18.2805 16.9768
v  6.3977 -18.2805 15.6899
v  5.0836 -18.3364 16.9497
v  6.3705 -18.3364 15.6627
v  5.0589 -18.3947 16.9250
v  6.3458 -18.3947 15.6380
v  5.0367 -18.4552 16.9028
v  6.3236 -18.4552 15.6158
v  5.0171 -18.5179 16.8832
v  6.3040 -18.5179 15.5962
v  5.0002 -18.5825 16.8663
v  6.2872 -18.5825 15.5794
v  4.9862 -18.6490 16.8523
v  6.2731 -18.6490 15.5654
v  4.9751 -18.7171 16.8412
v  6.2621 -18.7171 15.5543
v  4.9671 -18.7868 16.8332
v  6.2540 -18.7868 15.5462
v  4.9622 -18.8578 16.8283
v  6.2491 -18.8578 15.5413
v  4.9605 -18.9292 16.8266
v  6.2475 -18.9292 15.5397
v  3.7744 -18.8578 15.6405
v  5.0614 -18.8578 14.3536
v  3.7695 -18.7867 15.6356
v  5.0565 -18.7867 14.3487
v  3.7615 -18.7171 15.6276
v  5.0484 -18.7171 14.3406
v  3.7504 -18.6490 15.6165
v  5.0373 -18.6490 14.3296
v  3.7364 -18.5825 15.6025
v  5.0233 -18.5825 14.3155
v  3.7195 -18.5179 15.5856
v  5.0065 -18.5179 14.2987
v  3.7000 -18.4552 15.5660
v  4.9869 -18.4552 14.2791
v  3.6777 -18.3947 15.5438
v  4.9647 -18.3947 14.2569
v  3.6530 -18.3364 15.5191
v  4.9400 -18.3364 14.2322
v  3.6259 -18.2805 15.4920
v  4.9128 -18.2805 14.2050
v  3.5964 -18.2272 15.4625
v  4.8834 -18.2272 14.1756
v  3.5648 -18.1766 15.4308
v  4.8517 -18.1766 14.1439
v  3.5310 -18.1288 15.3971
v  4.8179 -18.1288 14.1101
v  3.4952 -18.0840 15.3613
v  4.7821 -18.0840 14.0743
v  3.4575 -18.0424 15.3236
v  4.7444 -18.0424 14.0366
v  3.4180 -18.0040 15.2841
v  4.7049 -18.0040 13.9971
v  3.3768 -17.9690 15.2429
v  4.6637 -17.9690 13.9559
v  3.3340 -17.9376 15.2001
v  4.6209 -17.9376 13.9131
v  3.2897 -17.9099 15.1558
v  4.5766 -17.9099 13.8688
v  3.2440 -17.8861 15.1101
v  4.5309 -17.8861 13.8231
v  3.1970 -17.8663 15.0631
v  4.4839 -17.8663 13.7761
v  3.1488 -17.8506 15.0149
v  4.4357 -17.8506 13.7279
v  3.0995 -17.8392 14.9656
v  4.3865 -17.8392 13.6787
v  3.0493 -17.8323 14.9154
v  4.3363 -17.8323 13.6285
v  2.9988 -17.8300 14.8649
v  4.2858 -17.8300 13.5780
v  6.2475 -22.9308 15.5397
v  2.8705 -17.8300 12.1627
v  8.4401 -24.0300 17.7323
v  4.2858 -24.0300 13.5780
v  4.3683 -15.5750 16.2344
v  8.1676 17.2500 20.0337
v  8.1676 24.5000 20.0337
v  4.7218 24.5000 16.5880
v  4.7218 17.2500 16.5879
v  8.8747 24.5000 20.7408
v  8.8747 17.2500 20.7408
v  12.2791 17.2500 24.1451
v  11.2185 24.5000 23.0846
v  0.6117 24.5000 12.4779
v  4.0147 17.2500 15.8808
v  4.0147 24.5000 15.8809
v  8.1684 -17.2500 20.0345
v  4.7218 -17.2500 16.5879
v  4.7218 -24.5000 16.5880
v  8.1687 -24.5000 20.0348
v  8.8758 -24.5000 20.7419
v  11.2174 -24.5000 23.0836
v  12.2790 -24.4878 24.1452
v  8.8755 -17.2500 20.7416
v  4.0147 -24.5000 15.8809
v  4.0147 -17.2500 15.8808
v  0.6118 -17.2500 12.4779
v  2.2684 29.5000 -0.0000
v  21.6700 29.5000 -0.0000
v  0.2583 0.0000 12.1244
v  2.1250 -12.4550 12.1243
v  2.1251 0.0000 12.1244
v  21.6700 29.5000 24.4236
v  7.8155 29.5000 21.0958
v  14.5459 -0.0000 23.8379
v  15.9600 -15.3256 25.2522
v  14.5459 -15.0000 23.8379
v  9.8084 12.4550 19.1006
v  9.8096 15.0000 19.1018
v  14.5459 15.0000 23.8379
v  12.6327 0.0000 25.9130
v  13.9717 0.0000 27.2520
v  13.9717 15.5750 27.2520
v  9.8092 -12.4550 19.1014
v  9.8096 -15.0000 19.1018
v  5.6552 -15.0000 14.9474
v  12.9862 0.0000 22.2785
v  -1.0908 -28.7277 12.1895
v  -1.2279 -28.5761 12.0524
v  -1.1559 0.0000 12.1244
v  13.9717 -15.5750 27.2520
v  21.6700 27.5000 5.5000
v  21.6700 27.5000 23.8381
v  17.6647 27.5000 19.5595
v  13.9649 24.1001 23.2573
v  14.5458 16.1500 23.8378
v  3.6612 29.5000 16.9415
v  7.8155 -29.5000 21.0958
v  3.6612 -29.5000 16.9415
v  21.6700 -29.5000 -0.0000
v  1.6738 -24.5000 13.5400
v  8.5200 24.9761 20.3861
v  5.6552 15.0000 14.9474
v  1.3299 9.0000 -0.0000
v  1.3299 0.0000 -0.0000
v  13.5083 -27.5000 15.4031
v  17.6647 -27.5000 19.5595
v  21.6700 -27.5000 5.5000
v  21.6700 -29.5000 24.4236
v  11.1433 -29.5000 24.4236
v  1.7443 16.1500 11.0365
v  5.6552 -16.1500 14.9475
v  5.6552 16.1500 14.9475
v  9.8106 16.1500 19.1028
v  -2.2494 15.5750 11.0309
v  -2.2494 3.6180 5.0179
v  -2.2494 0.0000 11.0309
v  -2.2494 -15.5750 11.0309
v  1.6754 24.5000 13.5416
v  1.3299 0.0000 1.9836
v  1.3299 -9.0000 1.9836
v  8.8971 -6.0000 1.9836
v  8.8971 6.0000 -0.0000
v  8.8971 0.0000 -0.0000
v  9.3541 -27.5000 11.2490
v  0.3299 -18.0500 5.5000
v  0.3300 -15.5750 9.6225
v  0.3300 -25.5000 9.6224
v  0.3300 25.5000 9.6224
v  1.7443 24.1001 11.0366
v  8.0301 25.9465 17.3223
v  7.9338 25.9927 17.2260
v  10.7774 25.9927 14.3823
v  2.2684 -29.5000 -0.0000
v  15.9600 0.0000 25.2522
v  21.6700 0.0000 25.2523
v  21.6700 -27.5000 23.8381
v  10.9967 -26.5000 5.5000
v  6.2945 -22.7750 5.5000
v  1.7442 -27.5000 5.5000
v  11.3194 27.5000 14.9242
v  13.5083 27.5000 15.4031
v  9.8096 27.5000 19.1018
v  5.4431 27.5000 7.3379
v  1.7442 27.5000 5.5000
v  -2.2494 -3.6180 10.5309
v  6.9891 -27.5000 16.2813
v  9.8328 -27.5000 13.4376
v  0.3300 -25.5000 5.5000
v  10.9967 26.5000 4.2035
v  1.7442 27.5000 4.2045
v  21.6700 27.5000 4.2035
v  0.3299 25.5000 4.0001
v  0.3299 18.0500 4.2000
v  0.3299 0.0000 4.2000
v  0.3299 -25.5000 4.2001
v  0.3299 -18.0500 4.2000
v  6.2945 -22.7750 4.2022
v  12.6327 0.0000 24.4988
v  12.6326 12.4550 22.6319
v  12.6327 0.0000 22.6320
v  12.9861 12.4550 22.2784
v  4.1953 25.5998 13.4875
v  4.1282 25.7080 13.4204
v  6.9719 25.7080 10.5767
v  1.7443 27.5000 11.0367
v  14.6289 -26.0208 18.2337
v  11.7852 -26.0208 21.0774
v  11.8867 -26.0302 21.1789
v  9.0916 -24.9658 12.6964
v  6.2479 -24.9658 15.5401
v  6.9545 -24.9332 16.2468
v  -2.2494 -3.6180 5.0179
v  -2.2494 3.6180 10.5309
v  13.9871 27.5000 17.5920
v  11.1434 27.5000 20.4356
v  14.5459 27.5000 23.8379
v  12.6300 27.5000 21.9222
v  15.4737 27.5000 19.0785
v  20.3304 6.0000 -0.0000
v  20.3304 0.0000 -0.0000
v  14.8974 0.0000 -0.0000
v  14.8974 0.0000 1.9836
v  14.8974 6.0000 1.9836
v  8.8971 6.0000 1.9836
v  13.0804 28.4132 26.3607
v  13.2032 28.2395 26.4835
v  21.6700 28.2395 26.4835
v  21.6700 -0.0000 27.2520
v  5.4431 -27.5000 7.3379
v  1.7443 -27.5000 11.0367
v  0.3299 18.0500 5.5000
v  0.3300 25.5000 5.5000
v  10.9967 26.5000 5.5000
v  0.3299 0.0000 4.0001
v  1.3299 9.0000 1.9836
v  1.3299 18.0500 1.9837
v  7.1732 -25.2147 10.7781
v  4.3295 -25.2147 13.6218
v  4.3494 -25.0736 13.6416
v  8.4757 27.5000 17.7679
v  9.8096 18.9300 19.1018
v  9.8096 22.9300 19.1018
v  -2.2494 0.1749 7.8964
v  -2.5166 0.7556 8.7260
v  -2.2494 0.5492 7.5221
v  13.3184 -28.0554 26.5987
v  13.2032 -28.2395 26.4835
v  21.6700 -28.2395 26.4835
v  21.6700 -15.5750 27.2520
v  9.8328 27.5000 13.4376
v  9.3541 27.5000 11.2490
v  6.9891 27.5000 16.2813
v  0.3301 0.0000 9.6225
v  0.3299 0.0000 5.5000
v  12.1844 -25.9465 21.4766
v  15.0281 -25.9465 18.6330
v  14.9318 -25.9927 18.5366
v  14.5459 -27.5000 23.8379
v  15.9600 15.3256 25.2522
v  21.6700 15.5750 25.2523
v  2.8002 24.9333 12.0925
v  3.7291 24.9333 13.0214
v  2.8002 24.1000 12.0925
v  4.3558 24.1000 13.6482
v  0.3300 15.5750 9.6225
v  1.7444 15.0000 11.0366
v  6.9545 -24.1000 16.2468
v  8.5102 -24.1000 17.8025
v  7.8835 -24.9333 17.1757
v  11.3194 -27.5000 14.9242
v  8.4757 -27.5000 17.7679
v  9.8096 -27.5000 19.1018
v  8.7895 24.5000 1.9839
v  21.6700 27.5000 1.9839
v  2.8481 27.5000 1.9839
v  1.3299 -9.0000 -0.0000
v  1.3299 -18.0500 1.9837
v  1.3299 -25.5000 1.9837
v  8.7895 -24.5000 1.9839
v  2.8481 -27.5000 1.9839
v  21.6700 -27.5000 1.9839
v  1.7443 -16.1500 11.0365
v  1.7443 -24.1001 11.0366
v  2.2907 -25.9812 11.5829
v  2.2047 -25.7345 11.4969
v  5.0483 -25.7345 8.6532
v  13.9649 -24.1001 23.2573
v  14.5458 -16.1500 23.8378
v  15.4737 -27.5000 19.0785
v  12.6300 -27.5000 21.9222
v  20.3304 0.0000 1.9836
v  20.3304 6.0000 1.9836
v  17.3304 6.0000 3.9836
v  5.6552 18.9300 14.9475
v  5.6552 22.9300 14.9475
v  5.6555 27.5000 14.9477
v  4.3214 27.5000 13.6136
v  7.1651 27.5000 10.7699
v  8.8971 -6.0000 -0.0000
v  14.8974 -6.0000 -0.0000
v  17.3303 0.0000 3.9836
v  14.8974 0.0000 3.9836
v  14.8974 -6.0000 3.9836
v  -2.2494 2.2069 7.0673
v  -2.2494 1.2256 5.8176
v  -2.2494 1.3461 5.9015
v  -2.2495 1.7709 6.3017
v  -2.2494 0.9954 7.0762
v  1.7441 -27.5000 4.0089
v  21.6700 -27.5000 4.2045
v  13.3716 24.9333 22.6639
v  12.6645 24.9333 21.9568
v  15.5082 24.9332 19.1131
v  9.2169 -24.9658 18.5091
v  9.2173 -24.1001 18.5096
v  9.8095 -24.1001 19.1018
v  11.1088 -24.1000 20.4012
v  12.6645 -24.1000 21.9568
v  11.8867 -24.9333 21.1789
v  5.6555 -27.5000 14.9477
v  5.6552 -18.9300 14.9475
v  5.6552 -22.9300 14.9475
v  2.0931 24.9333 11.3854
v  2.0931 24.1001 11.3854
v  2.8348 27.5000 12.1270
v  21.6700 15.5750 27.2520
v  0.3299 25.5000 4.2001
v  6.2945 22.7750 4.2018
v  6.2945 22.7750 5.5000
v  1.7442 -27.5000 4.2045
v  10.9967 -26.5000 4.2045
v  9.7983 -24.9332 13.4031
v  3.8758 -25.9465 13.1680
v  6.7195 -25.9465 10.3243
v  6.6231 -25.9927 10.2280
v  10.1871 25.8828 13.7919
v  10.2784 25.9465 13.8832
v  7.4347 25.9465 16.7269
v  6.8108 25.8828 10.4156
v  6.8954 25.8028 10.5002
v  4.0517 25.8028 13.3439
v  11.2695 25.5998 20.5617
v  11.2130 25.4801 20.5052
v  14.0567 25.4801 17.6615
v  11.1088 24.1000 20.4012
v  12.0378 24.9333 21.3300
v  12.6645 24.1000 21.9568
v  5.6548 24.1001 14.9471
v  15.1194 25.8828 18.7242
v  15.2040 25.8028 18.8088
v  12.3603 25.8028 21.6525
v  2.9609 -25.5998 12.2531
v  2.9043 -25.4801 12.1966
v  3.7291 -24.9333 13.0214
v  5.7480 -25.4801 9.3529
v  9.8106 -16.1500 19.1028
v  9.8096 -18.9300 19.1018
v  5.0626 -24.9658 14.3548
v  5.0630 -24.1001 14.3553
v  5.6548 -24.1001 14.9471
v  7.1996 -24.9332 10.8044
v  4.3558 -24.9332 13.6482
v  0.3299 -25.5000 4.0001
v  1.3299 25.5000 1.9837
v  0.8407 27.0381 4.1999
v  0.9092 27.1138 4.2003
v  -2.2494 0.3404 10.0996
v  -2.6167 2.2698 7.7404
v  -2.5881 2.2675 7.5917
v  11.1089 24.9333 20.4012
v  10.4018 24.9333 19.6940
v  13.2455 24.9333 16.8503
v  10.4018 24.1001 19.6940
v  9.8096 -22.9300 19.1018
v  8.7895 24.5000 -0.0000
v  8.7895 -24.5000 -0.0000
v  12.6645 -24.9332 21.9568
v  13.3712 -24.9658 22.6634
v  21.6700 -24.5000 1.9839
v  21.6700 -24.5000 -0.0000
v  21.6700 24.5000 -0.0000
v  21.6700 24.5000 1.9839
v  6.9545 24.1000 16.2468
v  8.5102 24.1000 17.8025
v  9.8095 24.1001 19.1018
v  10.8738 -25.9465 14.4786
v  8.0301 -25.9465 17.3223
v  8.1214 -25.8828 17.4136
v  20.3304 -6.0000 -0.0000
v  20.3304 -6.0000 1.9836
v  14.8974 -6.0000 1.9836
v  23.3304 -6.0000 1.0081
v  23.3304 0.0000 1.0081
v  10.9608 -26.9607 14.5657
v  10.7701 -27.0144 14.3750
v  10.6776 -26.0208 14.2825
v  8.3496 -25.5998 17.6418
v  11.1933 -25.5998 14.7981
v  11.1262 -25.7080 14.7310
v  6.3590 -25.7345 15.6512
v  6.4450 -25.9812 15.7372
v  9.2027 -25.7345 12.8075
v  2.8348 -27.5000 12.1270
v  -1.6064 -1.8052 6.4824
v  -2.2494 -1.9271 6.3605
v  -2.2494 -1.9939 6.4590
v  -1.9283 0.7576 5.6181
v  -1.8952 0.6216 5.5796
v  -2.2494 0.8949 7.1763
v  5.0140 25.4741 14.3062
v  5.0520 25.2042 14.3442
v  7.8577 25.4741 11.4626
v  13.2602 25.7345 22.5524
v  13.3227 25.4741 22.6149
v  16.1038 25.7345 19.7087
v  0.9092 -27.1138 4.2003
v  0.8407 -27.0381 4.1999
v  -1.2279 28.5761 12.0524
v  -1.3581 28.4132 11.9222
v  -2.2494 -2.3499 7.7288
v  -2.2494 -0.6522 10.0000
v  -2.2494 -0.7449 9.9681
v  10.9817 26.5979 20.2739
v  13.8254 26.5979 17.4303
v  13.6792 26.4166 17.2841
v  13.9526 24.9332 17.5574
v  -2.2494 -2.2185 8.4684
v  -2.2494 -2.2387 8.4075
v  -2.2494 -0.5451 8.6163
v  -2.2494 -0.1707 8.2420
v  21.6700 -28.4132 26.3607
v  21.6700 -26.9566 24.8066
v  -1.4810 28.2395 11.7994
v  -1.3581 -28.4132 11.9222
v  2.8002 -24.9332 12.0925
v  5.6440 -24.9332 9.2488
v  4.9373 -24.9658 8.5421
v  5.2424 -26.2098 8.8472
v  5.3706 -26.4166 8.9754
v  2.5269 -26.4166 11.8191
v  11.1088 -24.9332 20.4012
v  13.9526 -24.9332 17.5574
v  13.2459 -24.9658 16.8507
v  13.5510 -26.2098 17.1559
v  13.6792 -26.4166 17.2841
v  10.8355 -26.4166 20.1277
v  5.0630 24.9333 14.3553
v  6.9545 24.9333 16.2468
v  7.8835 24.9333 17.1757
v  6.2474 24.1001 15.5397
v  6.2474 24.9333 15.5397
v  9.0912 24.9333 12.6960
v  3.0280 25.7080 12.3202
v  2.9609 25.5998 12.2531
v  5.8046 25.5998 9.4094
v  4.9368 24.9333 8.5417
v  5.6440 24.9332 9.2488
v  6.4218 27.0324 10.0266
v  6.6158 27.0144 10.2207
v  10.0072 26.8723 13.6120
v  11.3539 24.9332 14.9587
v  12.0610 24.9333 15.6659
v  9.2173 24.9333 18.5096
v  9.8328 26.7507 13.4376
v  6.3590 25.7345 15.6512
v  9.2027 25.7345 12.8075
v  9.1401 25.4741 12.7450
v  10.7073 -26.2098 19.9995
v  21.6700 26.8697 24.8681
v  21.6700 28.0554 26.5987
v  13.0661 -26.2098 22.3583
v  12.9379 -26.4166 22.2301
v  15.7816 -26.4166 19.3864
v  14.8974 6.0000 -0.0000
v  16.0178 -25.9812 19.6227
v  16.1038 -25.7345 19.7087
v  13.2602 -25.7345 22.5524
v  15.2993 -26.8723 18.9041
v  6.9907 -26.8723 10.5955
v  7.7092 -25.9812 11.3140
v  7.7952 -25.7345 11.4000
v  4.9515 -25.7345 14.2437
v  0.5536 26.5792 3.9969
v  0.5087 26.4732 3.9965
v  1.7441 27.5000 4.0089
v  9.1683 -25.4741 18.4606
v  9.1058 -25.7345 18.3980
v  11.9495 -25.7345 15.5544
v  11.7555 26.2098 15.3603
v  8.9118 26.2098 18.2040
v  9.0198 25.9812 18.3120
v  4.9515 25.7345 14.2437
v  7.7952 25.7345 11.4000
v  7.7092 25.9812 11.3140
v  7.3268 26.5979 10.9316
v  13.0661 26.2098 22.3583
v  15.9098 26.2098 19.5146
v  15.7816 26.4166 19.3864
v  15.6354 26.5979 19.2402
v  0.8407 -27.0381 3.9998
v  0.7756 -26.9566 3.9992
v  6.6158 -27.0144 10.2207
v  6.4218 -27.0324 10.0266
v  6.4218 -26.0302 10.0266
v  5.8046 -25.5998 9.4094
v  12.0606 -24.9658 15.6654
v  11.3539 -24.9332 14.9587
v  11.7555 -26.2098 15.3603
v  -2.2494 -0.3021 5.4342
v  -2.2494 -0.4272 5.4491
v  -1.6926 -0.4444 5.5761
v  -1.7105 -0.3250 5.5513
v  -2.2494 2.3317 7.6559
v  -2.2494 2.3394 7.8100
v  -2.2494 1.1711 9.8374
v  -2.2494 1.0433 9.9021
v  -2.7687 1.0728 9.7391
v  2.2047 25.7345 11.4969
v  2.2907 25.9812 11.5829
v  5.0483 25.7345 8.6532
v  15.5082 -24.9332 19.1131
v  12.0881 25.9927 21.3803
v  11.9883 26.0208 21.2805
v  14.8319 26.0208 18.4368
v  14.1615 -26.8723 17.7664
v  13.9871 -26.7507 17.5920
v  14.3414 -25.8828 17.9463
v  14.1132 -25.5998 17.7180
v  1.7444 -15.0000 11.0366
v  1.7444 0.0000 11.0366
v  9.1401 -25.4741 12.7450
v  9.8246 -25.2147 13.4295
v  14.6289 26.0208 18.2337
v  14.5364 27.0144 18.1412
v  14.7304 27.0323 18.3353
v  14.1803 25.7080 17.7851
v  10.4022 -24.9658 19.6944
v  10.4018 -24.1001 19.6940
v  15.5757 26.8697 24.8681
v  15.5142 26.9566 24.8066
v  -2.2494 -2.3404 7.4718
v  -1.7298 -2.2419 7.5703
v  -1.9131 -2.1750 8.4712
v  -0.1436 -29.3680 13.1367
v  4.7575 -26.2098 14.0497
v  4.6293 -26.4166 13.9215
v  7.4730 -26.4166 11.0778
v  2.0936 -24.9658 11.3858
v  2.8002 -24.1000 12.0925
v  0.8407 -27.0381 10.1333
v  0.9092 -27.1138 10.2019
v  0.9092 -27.1138 5.5000
v  0.8407 27.0381 10.1333
v  0.9092 27.1138 10.2019
v  0.9092 27.1138 5.5000
v  5.2424 26.2098 8.8472
v  5.3706 26.4166 8.9754
v  2.5269 26.4166 11.8191
v  15.5142 -26.9566 24.8066
v  15.5757 -26.8697 24.8681
v  21.6700 -26.8697 24.8681
v  12.6694 -28.8673 25.9497
v  8.5102 24.9333 17.8025
v  9.2173 24.1001 18.5096
v  15.2805 25.7080 18.8854
v  16.2153 24.9333 19.8202
v  17.3304 -6.0000 3.9836
v  16.2149 -24.9658 19.8198
v  15.4041 -25.4801 19.0090
v  7.9063 -24.9658 11.5111
v  7.0955 -25.4801 10.7004
v  9.8246 25.2147 13.4295
v  9.7983 24.9332 13.4031
v  0.5790 29.5000 1.6894
v  0.5790 29.5000 13.8593
v  7.0955 25.4801 10.7004
v  7.1996 24.9332 10.8044
v  7.9067 24.9333 11.5115
v  5.0630 24.1001 14.3553
v  6.4450 25.9812 15.7372
v  13.5510 26.2098 17.1559
v  10.7073 26.2098 19.9995
v  10.8355 26.4166 20.1277
v  7.2588 -25.8028 16.5510
v  7.1823 -25.7080 16.4745
v  10.0260 -25.7080 13.6308
v  -0.9471 28.8673 12.3332
v  -1.7033 -27.8615 11.5770
v  11.6273 26.4166 15.2321
v  11.1262 25.7080 14.7310
v  11.6273 -26.4166 15.2321
v  8.9118 -26.2098 18.2040
v  21.6700 -26.7777 24.9257
v  21.6700 -28.0554 26.5987
v  -2.7887 1.7216 9.1963
v  -2.7843 1.8093 9.0851
v  -2.2494 1.9106 9.1864
v  13.4256 27.8615 26.7059
v  8.5102 -24.9332 17.8025
v  7.3434 -25.8828 16.6356
v  10.1871 -25.8828 13.7919
v  10.1025 -25.8028 13.7073
v  9.8328 -26.7507 13.4376
v  -1.6024 -1.7326 6.3885
v  7.1152 25.5998 16.4074
v  7.0587 25.4801 16.3509
v  9.9023 25.4801 13.5072
v  8.8971 0.0000 1.9836
v  13.3716 24.1001 22.6639
v  3.9671 -25.8828 13.2593
v  21.6700 26.7777 24.9257
v  21.6700 26.5000 4.2035
v  21.6700 26.5000 5.5000
v  21.6700 -26.5000 5.5000
v  21.6700 -26.5000 4.2045
v  2.0931 -24.1001 11.3854
v  6.2474 -24.1001 15.5397
v  14.8974 6.0000 3.9836
v  10.9651 25.8828 14.5699
v  11.0497 25.8028 14.6545
v  8.2060 25.8028 17.4982
v  11.4811 26.5979 15.0859
v  13.9871 -27.5000 17.5920
v  11.1434 -27.5000 20.4356
v  4.3559 24.9333 13.6481
v  23.3304 0.0000 -0.0000
v  23.3304 6.0000 -0.0000
v  0.7756 26.9566 10.0683
v  0.7756 26.9566 5.5000
v  0.8407 27.0381 5.5000
v  0.7756 -26.9566 5.5000
v  0.8407 -27.0381 5.5000
v  0.7756 -26.9566 10.0683
v  14.1132 25.5998 17.7180
v  5.7480 25.4801 9.3529
v  -2.4751 -0.6950 9.9573
v  -2.7106 0.5457 9.9596
v  -2.6905 0.4049 9.9943
v  -2.2494 0.4885 10.0779
v  3.1891 -25.8828 12.4813
v  6.0328 -25.8828 9.6376
v  5.9482 -25.8029 9.5530
v  5.6785 -26.7507 9.2833
v  -2.2494 -1.5657 9.4639
v  -2.2494 -1.6352 9.3969
v  -2.2669 -1.4225 9.5862
v  -2.2494 -0.8910 8.9623
v  -2.4281 2.1199 6.8949
v  -2.3935 2.0651 6.7669
v  -2.2494 2.1537 6.9287
v  -0.1436 29.3680 13.1367
v  0.0315 29.4249 13.3118
v  0.8407 27.0381 3.9998
v  1.3828 27.4340 4.0053
v  1.2974 27.3979 4.0044
v  12.0367 29.2959 25.3170
v  11.8659 29.3680 25.1462
v  21.6700 29.2959 25.3170
v  -2.2494 1.9904 9.0687
v  11.4977 -25.8828 20.7899
v  14.2568 -25.8028 17.8617
v  -1.9726 -27.2263 11.3077
v  -2.0438 -26.9985 11.2365
v  -2.2494 -2.3445 7.8527
v  -1.7735 -2.2598 7.8189
v  4.3214 26.7507 13.6136
v  7.1651 26.7507 10.7699
v  10.0072 -26.8723 13.6120
v  6.9891 -26.7507 16.2813
v  6.9891 26.7507 16.2813
v  -2.2494 0.6968 5.5572
v  -2.1560 26.5220 11.1243
v  21.6700 26.2743 27.1989
v  21.6700 26.5220 27.1586
v  13.8783 26.5220 27.1586
v  21.6700 26.0110 25.2056
v  13.9186 -26.2743 27.1989
v  13.8783 -26.5220 27.1586
v  21.6700 -26.5220 27.1586
v  -2.2494 -2.2805 7.1213
v  -1.6784 -2.1723 7.2295
v  4.3558 -24.1000 13.6482
v  13.3716 -24.1001 22.6639
v  13.9789 25.2147 17.5838
v  13.2945 25.4741 16.8993
v  13.3570 25.7345 16.9618
v  10.5133 25.7345 19.8055
v  12.0367 -29.2959 25.3170
v  12.2029 -29.2092 25.4832
v  21.6700 -29.2959 25.3170
v  7.1651 -27.5000 10.7699
v  4.3214 -27.5000 13.6136
v  7.1651 -26.7507 10.7699
v  14.7304 -27.0323 18.3353
v  15.4737 -26.7507 19.0785
v  6.7195 25.9465 10.3243
v  6.9907 26.8723 10.5955
v  0.4327 -26.2492 3.9957
v  0.4021 -26.1318 3.9954
v  0.4683 -26.3631 4.1980
v  0.4327 -26.2492 4.1979
v  -0.3144 29.2959 12.9659
v  0.5790 -29.5000 1.6894
v  0.5790 -29.5000 13.8593
v  12.3639 29.1086 25.6443
v  12.5605 -25.4801 21.8527
v  12.6055 -25.3510 21.8977
v  23.3304 -6.0000 -0.0000
v  14.0117 -25.3510 17.6165
v  11.1680 -25.3510 20.4602
v  11.2130 -25.4801 20.5052
v  -2.1051 -26.7635 11.1752
v  -2.0438 -26.9985 4.3123
v  21.6700 29.2092 25.4832
v  21.6700 27.3546 24.3679
v  10.8738 25.9465 14.4786
v  11.1450 26.8723 14.7498
v  11.3194 26.7507 14.9242
v  11.3194 -26.7507 14.9242
v  11.1450 -26.8723 14.7498
v  15.0281 25.9465 18.6330
v  15.2993 26.8723 18.9041
v  15.4737 26.7507 19.0785
v  5.6785 27.5000 9.2833
v  5.6785 26.7507 9.2833
v  2.8348 26.7507 12.1270
v  6.1241 25.9465 9.7289
v  5.8529 26.8723 9.4577
v  6.0370 26.9607 9.6419
v  2.8348 -26.7507 12.1270
v  5.6785 -27.5000 9.2833
v  5.8529 -26.8723 9.4577
v  11.1434 -26.7507 20.4356
v  4.2968 -25.3510 13.5890
v  7.1405 -25.3510 10.7454
v  3.4765 26.0208 12.7688
v  3.3767 25.9927 12.6689
v  6.2204 25.9927 9.8253
v  -2.0438 26.9985 11.2365
v  -2.1051 26.7635 11.1752
v  -1.7964 -2.2587 7.9385
v  -1.8533 -1.7477 7.7281
v  13.9871 26.7507 17.5920
v  11.1434 26.7507 20.4356
v  12.5039 25.5998 21.7961
v  12.4368 25.7080 21.7290
v  12.7917 26.5979 22.0839
v  12.9379 26.4166 22.2301
v  8.7836 -26.4166 18.0758
v  8.6374 -26.5979 17.9296
v  11.4811 -26.5979 15.0859
v  13.6142 -27.4464 26.8945
v  -1.9726 27.2263 11.3077
v  14.5290 25.9927 18.1339
v  11.7852 26.0208 21.0774
v  6.2277 27.0144 9.8326
v  6.3202 26.0208 9.9251
v  -2.2494 -1.8859 9.1036
v  -2.0985 -1.8573 9.1322
v  -2.0747 -1.9081 9.0574
v  -1.9566 -2.1179 8.6436
v  -2.2494 -2.1733 8.5881
v  7.8339 -26.0208 17.1262
v  10.5761 -26.0302 14.1809
v  15.4492 -25.3510 19.0540
v  5.6552 -12.4550 14.9474
v  2.4785 -12.4550 11.7707
v  2.4786 0.0000 11.7708
v  5.6552 12.4550 14.9474
v  5.6505 25.0736 9.2553
v  4.9479 25.2042 8.5527
v  4.9858 25.4741 8.5907
v  2.1421 25.4741 11.4344
v  13.9789 -25.2147 17.5838
v  13.3570 -25.7345 16.9618
v  9.8048 25.0736 13.4096
v  6.9809 25.2147 16.2731
v  13.3606 -25.2042 22.6528
v  13.3227 -25.4741 22.6149
v  16.1663 -25.4741 19.7712
v  4.9858 -25.4741 8.5907
v  4.9479 -25.2042 8.5527
v  5.6505 -25.0736 9.2553
v  2.1421 -25.4741 11.4344
v  5.0520 -25.2042 14.3442
v  5.0140 -25.4741 14.3062
v  7.8577 -25.4741 11.4626
v  13.2565 -25.2042 16.8613
v  13.2945 -25.4741 16.8993
v  10.4508 -25.4741 19.7430
v  13.9591 -25.0736 17.5639
v  -2.0678 1.2600 5.8520
v  -2.2135 1.6813 6.2000
v  -2.1769 1.5846 6.1033
v  -0.4806 -29.2092 12.7997
v  1.6512 -27.4957 4.0079
v  1.5599 -27.4831 4.0070
v  0.9092 -27.1138 4.0005
v  8.3496 25.5998 17.6418
v  8.2825 25.7080 17.5747
v  10.4128 25.2042 19.7050
v  10.4508 25.4741 19.7430
v  13.2565 25.2042 16.8613
v  15.4819 25.2147 19.0867
v  16.1663 25.4741 19.7712
v  16.2043 25.2042 19.8092
v  13.3606 25.2042 22.6528
v  11.3275 25.2147 14.9324
v  12.0120 25.4741 15.6169
v  12.0500 25.2042 15.6548
v  9.2063 25.2042 18.4985
v  0.4683 26.3631 5.5000
v  0.4683 26.3631 9.7610
v  0.4327 26.2492 9.7254
v  0.4327 -26.2492 9.7254
v  0.4683 -26.3631 9.7610
v  0.4683 -26.3631 5.5000
v  13.8274 26.7635 27.1077
v  21.6700 -26.7635 27.1077
v  21.6700 -26.1318 25.1801
v  -1.6111 -1.2088 5.9108
v  -1.6058 -1.3057 5.9794
v  -2.2494 -1.3298 5.7899
v  -2.2494 0.0354 10.1140
v  -2.2494 0.1893 10.1117
v  -2.6436 0.1146 10.0370
v  10.0260 25.7080 13.6308
v  9.5249 26.4166 13.1297
v  9.6711 26.5979 13.2759
v  6.8274 26.5979 16.1196
v  9.5249 -26.4166 13.1297
v  9.3967 -26.2098 13.0015
v  9.9589 -25.5998 13.5637
v  6.6812 -26.4166 15.9734
v  10.4128 -25.2042 19.7050
v  12.0120 -25.4741 15.6169
v  12.0500 -25.2042 15.6548
v  9.2063 -25.2042 18.4985
v  11.3275 -25.2147 14.9324
v  23.3304 6.0000 1.0081
v  6.1241 -25.9465 9.7289
v  3.2804 -25.9465 12.5726
v  3.3767 -25.9927 12.6689
v  1.3828 -27.4340 5.5000
v  1.4704 -27.4625 5.5000
v  1.3828 -27.4340 10.6755
v  1.4704 27.4625 5.5000
v  1.3828 27.4340 5.5000
v  1.3828 27.4340 10.6755
v  0.4327 26.2492 4.1979
v  0.4683 26.3631 4.1980
v  0.5536 26.5792 4.1985
v  -2.2494 -2.2933 8.2051
v  -1.8677 -2.2210 8.2775
v  -1.9794 -1.7867 8.4328
v  21.6700 -27.4625 24.1118
v  21.6700 -29.4249 24.9711
v  21.6700 -29.4663 24.7920
v  11.6908 -29.4249 24.9711
v  -2.4620 2.1666 7.0270
v  7.1732 25.2147 10.7781
v  7.1931 25.0736 10.7979
v  4.3494 25.0736 13.6416
v  7.8957 25.2042 11.5005
v  11.3474 25.0736 14.9522
v  8.5037 25.0736 17.7959
v  15.5017 25.0736 19.1066
v  12.6580 25.0736 21.9502
v  7.5310 25.9927 16.8233
v  21.6700 -25.8871 25.2257
v  21.6700 -26.0110 25.2056
v  15.9132 -26.0110 25.2056
v  21.6700 -26.2743 27.1989
v  -2.2494 -1.2281 5.7274
v  8.4757 26.7507 17.7679
v  5.6703 -25.2147 9.2752
v  2.8266 -25.2147 12.1188
v  9.8048 -25.0736 13.4096
v  6.9809 -25.2147 16.2731
v  4.3214 -26.7507 13.6136
v  12.6300 -26.7507 21.9222
v  12.6300 26.7507 21.9222
v  8.4757 -26.7507 17.7679
v  4.4831 26.5979 13.7753
v  4.6293 26.4166 13.9215
v  8.2825 -25.7080 17.5747
v  15.9132 26.0110 25.2056
v  21.6700 25.8871 25.2257
v  21.6700 -27.3979 24.2848
v  21.6700 -27.3546 24.3679
v  14.9924 -27.3979 24.2848
v  21.6700 27.3979 24.2848
v  14.9924 27.3979 24.2848
v  0.0315 -29.4249 13.3118
v  0.2106 -29.4663 13.4909
v  9.1683 25.4741 18.4606
v  7.3268 -26.5979 10.9316
v  6.8954 -25.8028 10.5002
v  15.6354 -26.5979 19.2402
v  15.2040 -25.8028 18.8088
v  7.4730 26.4166 11.0778
v  6.6812 26.4166 15.9734
v  6.8274 -26.5979 16.1196
v  2.6731 26.5979 11.9653
v  2.6731 -26.5979 11.9653
v  6.9611 -25.0736 16.2533
v  0.4683 -26.3631 3.9961
v  0.7756 -26.9566 4.1996
v  -2.5590 -0.3254 10.0308
v  -2.5387 -0.4199 10.0182
v  -2.2494 -0.3651 10.0730
v  -2.3618 -1.1194 9.7837
v  -2.3850 -1.0383 9.8252
v  1.3828 27.4340 4.2026
v  21.6700 -28.9944 25.7999
v  21.6700 -28.8673 25.9497
v  21.6700 -27.2472 24.5262
v  12.2757 -25.8828 21.5679
v  10.2784 -25.9465 13.8832
v  7.4347 -25.9465 16.7269
v  7.5310 -25.9927 16.8233
v  11.4977 25.8828 20.7899
v  11.4131 25.8028 20.7053
v  14.2568 25.8028 17.8617
v  0.4327 26.2492 3.9957
v  1.5599 -27.4831 4.2035
v  1.4704 -27.4625 4.2031
v  15.8877 26.1318 25.1801
v  3.8758 25.9465 13.1680
v  3.7794 25.9927 13.0717
v  6.6231 25.9927 10.2280
v  10.5761 26.0302 14.1809
v  10.6776 26.0208 14.2825
v  7.8339 26.0208 17.1262
v  10.7701 27.0144 14.3750
v  11.4131 -25.8028 20.7053
v  8.5037 -25.0736 17.7959
v  11.3474 -25.0736 14.9522
v  2.8266 25.2147 12.1188
v  2.8068 25.0736 12.0990
v  14.7299 -27.4831 24.0223
v  14.8194 -27.4625 24.1118
v  14.7299 27.4831 24.0223
v  14.8194 27.4625 24.1118
v  21.6700 27.4625 24.1118
v  0.4021 26.1318 9.6948
v  0.4021 26.1318 5.5000
v  0.4327 26.2492 5.5000
v  0.4021 -26.1318 5.5000
v  0.4327 -26.2492 5.5000
v  0.4021 -26.1318 9.6948
v  -2.2494 0.2598 5.4498
v  -2.2494 0.1082 5.4324
v  -1.8022 0.1929 5.5172
v  15.8877 -26.1318 25.1801
v  -2.2494 -1.3422 9.6480
v  -2.2494 -1.4191 9.5895
v  -2.2494 -1.0981 9.8050
v  8.4839 -25.2147 17.7761
v  4.3295 25.2147 13.6218
v  8.4839 25.2147 17.7761
v  12.6382 25.2147 21.9304
v  -0.7973 -28.9944 12.4830
v  -2.7575 0.9470 9.8059
v  0.9811 27.1836 4.0012
v  1.0560 27.2472 4.0020
v  1.0560 27.2472 4.2010
v  0.4021 -26.1318 4.1977
v  -2.2494 2.2325 8.5486
v  -2.2494 2.1842 8.6854
v  -2.7441 2.0904 8.5917
v  -2.2494 -1.9935 8.9428
v  -0.6417 29.1086 12.6387
v  -0.7973 28.9944 12.4830
v  -1.9275 -2.1575 8.5294
v  -1.9420 -2.1384 8.5869
v  -2.2494 -2.1967 8.5286
v  12.6694 28.8673 25.9497
v  12.5196 28.9944 25.7999
v  21.6700 28.8673 25.9497
v  -1.7431 -2.2505 7.6491
v  -1.7500 -2.2538 7.6888
v  -2.2494 -2.3484 7.5942
v  -2.2494 2.3249 8.1151
v  -2.6681 2.2456 8.0358
v  -2.6904 2.2197 8.1796
v  -1.6279 -1.9942 6.7846
v  -1.6382 -2.0470 6.8917
v  -2.2494 -2.1628 6.7759
v  -1.8020 -27.6583 11.4783
v  1.1338 -27.3043 4.0028
v  1.0560 -27.2472 4.0020
v  1.0560 -27.2472 4.2010
v  -0.6417 -29.1086 12.6387
v  5.6703 25.2147 9.2752
v  13.9591 25.0736 17.5639
v  11.1353 25.2147 20.4275
v  -2.2494 1.8626 6.4180
v  -2.2494 1.9465 6.5385
v  -2.2494 2.0924 6.7942
v  0.3565 25.8871 3.9950
v  0.3418 25.7605 3.9948
v  0.3565 25.8871 4.1975
v  -1.8919 27.4464 11.3884
v  21.6700 28.7277 26.0934
v  21.6700 27.1836 24.6012
v  12.8131 -28.7277 26.0934
v  1.2143 27.3546 4.2018
v  1.1338 27.3043 4.2014
v  1.1338 27.3043 4.0028
v  -1.8020 27.6583 11.4783
v  -1.7033 27.8615 11.5770
v  13.6142 27.4464 26.8945
v  13.5243 27.6583 26.8046
v  21.6700 27.4464 26.8945
v  21.6700 -27.4464 26.8945
v  21.6700 -27.6583 26.8046
v  21.6700 -26.5792 25.0286
v  9.9589 25.5998 13.5637
v  9.3967 26.2098 13.0015
v  7.0390 -25.5998 10.6438
v  4.1953 -25.5998 13.4875
v  4.2518 -25.4801 13.5440
v  3.4765 -26.0208 12.7688
v  6.3202 -26.0208 9.9251
v  6.2204 -25.9927 9.8253
v  6.2277 -27.0144 9.8326
v  14.5290 -25.9927 18.1339
v  14.5364 -27.0144 18.1412
v  -2.2434 -25.7628 11.0369
v  -1.5961 -28.0554 11.6842
v  13.6949 -27.2263 26.9752
v  21.6700 26.4732 25.0735
v  21.6700 27.2263 26.9752
v  4.8655 25.9812 14.1577
v  2.1042 25.2042 11.3964
v  6.2585 25.2042 15.5507
v  6.2965 25.4741 15.5887
v  9.1022 25.2042 12.7070
v  8.6374 26.5979 17.9296
v  8.7836 26.4166 18.0758
v  15.2338 -27.2472 24.5262
v  15.3087 -27.1836 24.6012
v  21.6700 -27.1836 24.6012
v  15.3087 27.1836 24.6012
v  15.2338 27.2472 24.5262
v  3.5781 -26.0302 12.8703
v  3.6796 -26.0208 12.9718
v  5.9482 25.8028 9.5530
v  6.0328 25.8828 9.6376
v  3.1891 25.8828 12.4813
v  14.3414 25.8828 17.9463
v  12.4368 -25.7080 21.7290
v  15.2805 -25.7080 18.8854
v  10.9651 -25.8828 14.5699
v  -2.0511 -1.9559 8.9804
v  2.8068 -25.0736 12.0990
v  11.1154 25.0736 20.4076
v  6.9611 25.0736 16.2533
v  1.4704 -27.4625 10.7631
v  1.5599 -27.4831 10.8526
v  1.5599 -27.4831 5.5000
v  1.5599 27.4831 5.5000
v  1.5599 27.4831 10.8526
v  1.4704 27.4625 10.7631
v  -2.2494 -2.2080 6.8881
v  16.2043 -25.2042 19.8092
v  15.4819 -25.2147 19.0867
v  7.8957 -25.2042 11.5005
v  6.2965 -25.4741 15.5887
v  6.2585 -25.2042 15.5507
v  9.1022 -25.2042 12.7070
v  2.1042 -25.2042 11.3964
v  -2.2256 26.0211 11.0548
v  -2.2434 25.7628 11.0369
v  -2.2256 -26.0211 11.0548
v  -2.1963 -26.2743 11.0840
v  21.6700 29.4249 24.9711
v  21.6700 29.3680 25.1462
v  21.6700 27.4340 24.1994
v  11.6908 29.4249 24.9711
v  -2.2494 0.8354 5.6104
v  -2.7575 2.0312 8.7217
v  -2.0320 1.1413 5.7821
v  -2.2494 1.5238 9.5985
v  -2.2494 1.6301 9.5048
v  -2.7910 1.5275 9.4022
v  -2.1963 26.2743 11.0840
v  -1.7736 0.0442 5.5149
v  -2.2494 1.6745 6.1932
v  12.9502 28.5761 26.2305
v  -1.5961 28.0554 11.6842
v  0.6030 -26.6807 3.9974
v  0.5536 -26.5792 3.9969
v  0.5536 -26.5792 4.1985
v  1.1338 27.3043 5.5000
v  1.0560 27.2472 5.5000
v  1.0560 27.2472 10.3486
v  1.1338 -27.3043 5.5000
v  1.0560 -27.2472 5.5000
v  1.0560 -27.2472 10.3486
v  0.7142 26.8697 3.9985
v  0.7756 26.9566 3.9992
v  0.7756 26.9566 4.1996
v  -2.1947 -1.6249 9.4073
v  -2.2188 -1.5599 9.4697
v  -2.2429 -1.4924 9.5293
v  15.5017 -25.0736 19.1066
v  12.6580 -25.0736 21.9502
v  1.1338 -27.3043 10.4265
v  1.2143 -27.3546 10.5070
v  1.2143 -27.3546 5.5000
v  1.2143 -27.3546 4.2018
v  1.1338 -27.3043 4.2014
v  1.2143 -27.3546 4.0036
v  1.1338 27.3043 10.4265
v  1.2143 27.3546 10.5070
v  1.2143 27.3546 5.5000
v  15.3476 25.5998 18.9525
v  7.0390 25.5998 10.6438
v  7.6012 26.2098 11.2060
v  11.8867 26.0302 21.1789
v  11.1933 25.5998 14.7981
v  7.0587 -25.4801 16.3509
v  9.9023 -25.4801 13.5072
v  9.8573 -25.3510 13.4622
v  9.2887 -25.9812 12.8935
v  5.7030 -25.3510 9.3079
v  5.1343 -25.9812 8.7392
v  14.7304 26.0302 18.3352
v  14.9244 27.0144 18.5293
v  6.4218 26.0302 10.0266
v  6.5233 26.0208 10.1282
v  3.6796 26.0208 12.9718
v  7.9338 -25.9927 17.2260
v  4.0517 -25.8028 13.3439
v  6.8108 -25.8828 10.4156
v  -2.2494 -0.7878 5.5326
v  -2.2494 -0.9025 5.5727
v  -1.6483 -0.7886 5.6866
v  9.0198 -25.9812 18.3120
v  4.8655 -25.9812 14.1577
v  13.1741 -25.9812 22.4664
v  15.4041 25.4801 19.0090
v  16.0178 25.9812 19.6227
v  13.4430 -25.9812 17.0478
v  10.5993 -25.9812 19.8915
v  13.4430 25.9812 17.0478
v  9.1058 25.7345 18.3980
v  11.9495 25.7345 15.5544
v  11.8635 25.9812 15.4684
v  11.2498 25.4801 14.8547
v  11.8635 -25.9812 15.4684
v  11.2498 -25.4801 14.8547
v  9.2887 25.9812 12.8935
v  6.5530 26.2098 15.8452
v  5.7030 25.3510 9.3079
v  5.1343 25.9812 8.7392
v  13.1741 25.9812 22.4664
v  10.5993 25.9812 19.8915
v  10.5133 -25.7345 19.8055
v  10.9817 -26.5979 20.2739
v  13.8254 -26.5979 17.4303
v  -2.7888 1.4216 9.4963
v  -1.6366 -0.8982 5.7348
v  0.6566 26.7777 4.1990
v  0.6030 26.6807 4.1987
v  0.6030 26.6807 3.9974
v  21.6700 -27.1138 24.6730
v  21.6700 -28.7277 26.0934
v  21.6700 27.1138 24.6730
v  0.5536 26.5792 9.8463
v  0.5536 26.5792 5.5000
v  0.6030 26.6807 5.5000
v  0.6030 -26.6807 5.5000
v  0.5536 -26.5792 5.5000
v  0.5536 -26.5792 9.8463
v  15.7811 26.4732 25.0735
v  15.7362 26.5792 25.0286
v  15.7362 -26.5792 25.0286
v  15.7811 -26.4732 25.0735
v  21.6700 -26.4732 25.0735
v  -2.2494 -1.6974 6.0891
v  -2.2494 -1.6117 6.0072
v  -1.5990 -1.5741 6.2123
v  10.3747 -25.9927 13.9796
v  10.1913 -26.9607 13.7962
v  12.5039 -25.5998 21.7961
v  3.2804 25.9465 12.5726
v  7.7324 26.0302 17.0246
v  7.3434 25.8828 16.6356
v  7.2588 25.8028 16.5510
v  10.1025 25.8028 13.7073
v  12.2757 25.8828 21.5679
v  11.2695 -25.5998 20.5617
v  14.0567 -25.4801 17.6615
v  7.1152 -25.5998 16.4074
v  3.1045 -25.8028 12.3967
v  1.5599 27.4831 4.0070
v  1.4704 27.4625 4.0061
v  1.5599 27.4831 4.2035
v  -2.2494 0.6331 10.0470
v  7.1931 -25.0736 10.7979
v  11.1154 -25.0736 20.4076
v  11.1353 -25.2147 20.4275
v  0.6030 -26.6807 9.8957
v  0.6566 -26.7777 9.9492
v  0.6566 -26.7777 5.5000
v  0.6566 26.7777 5.5000
v  0.6566 26.7777 9.9492
v  0.6030 26.6807 9.8957
v  0.6566 -26.7777 4.1990
v  0.6030 -26.6807 4.1987
v  0.6566 -26.7777 3.9980
v  -2.2494 -1.8275 9.1806
v  21.6700 -26.3631 25.1139
v  21.6700 -27.2263 26.9752
v  21.6700 26.3631 25.1139
v  11.8659 -29.3679 25.1462
v  21.6700 -29.3679 25.1462
v  0.3418 25.7605 4.1974
v  -2.3225 1.9327 6.5246
v  -2.2863 1.8557 6.4110
v  -2.6168 -0.0342 10.0444
v  5.5168 26.5979 9.1216
v  4.4831 -26.5979 13.7753
v  5.5168 -26.5979 9.1216
v  9.6711 -26.5979 13.2759
v  12.7917 -26.5979 22.0839
v  11.3291 -29.4915 24.6094
v  1.4704 27.4625 4.2031
v  21.6700 -27.4340 24.1994
v  0.3766 -26.0110 3.9952
v  0.3565 -25.8871 3.9950
v  0.3565 -25.8871 4.1975
v  -2.2494 -0.2667 10.0895
v  -2.4531 -0.7835 9.9295
v  11.5117 29.4663 24.7920
v  0.3932 29.4915 13.6735
v  -2.2494 -1.0126 9.8509
v  0.3418 -25.7605 9.6345
v  0.3565 -25.8871 9.6491
v  0.3565 -25.8871 5.5000
v  0.3565 25.8871 5.5000
v  0.3565 25.8871 9.6491
v  0.3418 25.7605 9.6345
v  21.6700 -26.0210 27.2282
v  13.9479 -26.0210 27.2282
v  13.9479 26.0210 27.2282
v  13.9186 26.2743 27.1989
v  21.6700 26.0210 27.2282
v  -2.2494 2.3370 7.9640
v  -2.2909 -1.3501 9.6401
v  0.3418 -25.7605 4.1974
v  12.0881 -25.9927 21.3803
v  11.9883 -26.0208 21.2805
v  14.8319 -26.0208 18.4368
v  3.0280 -25.7080 12.3202
v  5.8717 -25.7080 9.4765
v  12.6055 25.3510 21.8977
v  12.5605 25.4801 21.8527
v  2.9043 25.4801 12.1966
v  2.8593 25.3510 12.1515
v  11.2948 25.3510 14.8997
v  8.4512 25.3510 17.7434
v  15.4492 25.3510 19.0540
v  4.2968 25.3510 13.5890
v  4.2518 25.4801 13.5440
v  8.1214 25.8828 17.4136
v  10.3820 27.0144 13.9869
v  10.4745 26.0208 14.0794
v  10.3747 25.9927 13.9796
v  7.6309 26.0208 16.9231
v  7.1405 25.3510 10.7454
v  8.4061 25.4801 17.6984
v  3.5781 26.0302 12.8703
v  6.9719 -25.7080 10.5767
v  7.6012 -26.2098 11.2060
v  3.9671 25.8828 13.2593
v  8.4061 -25.4801 17.6984
v  8.4512 -25.3510 17.7434
v  11.6854 25.9927 20.9776
v  11.5890 25.9465 20.8812
v  14.4327 25.9465 18.0375
v  14.9318 25.9927 18.5366
v  12.1844 25.9465 21.4766
v  14.7304 -26.0302 18.3352
v  14.9244 -27.0144 18.5293
v  11.2948 -25.3510 14.8997
v  6.5233 -26.0208 10.1282
v  11.3366 -25.7080 20.6288
v  14.4327 -25.9465 18.0375
v  11.5890 -25.9465 20.8812
v  11.6854 -25.9927 20.9776
v  4.1282 -25.7080 13.4204
v  10.4745 -26.0208 14.0794
v  7.6309 -26.0208 16.9231
v  7.7324 -26.0302 17.0246
v  -2.5582 2.2558 7.4458
v  -2.5272 2.2349 7.3028
v  -2.2494 2.2875 7.3554
v  1.4704 -27.4625 4.0061
v  1.3828 -27.4340 4.0053
v  1.3828 -27.4340 4.2026
v  0.3766 26.0110 5.5000
v  0.3766 -26.0110 5.5000
v  -2.2494 2.2516 7.2097
v  0.2106 29.4663 13.4909
v  11.5117 -29.4663 24.7920
v  21.6700 -29.4915 24.6094
v  -0.3144 -29.2959 12.9659
v  13.9657 25.7628 27.2460
v  11.3291 29.4915 24.6094
v  11.1433 29.5000 24.4236
v  21.6700 29.4915 24.6094
v  14.9070 -27.4340 24.1994
v  14.9070 27.4340 24.1994
v  21.6700 28.9944 25.7999
v  21.6700 29.1086 25.6443
v  21.6700 27.3043 24.4484
v  12.5196 -28.9944 25.7999
v  12.3639 -29.1086 25.6443
v  21.6700 -29.1086 25.6443
v  0.4021 26.1318 3.9954
v  0.3766 26.0110 3.9952
v  0.4021 26.1318 4.1977
v  -1.5999 -1.6556 6.2985
v  -0.4806 29.2092 12.7997
v  -0.9471 -28.8673 12.3332
v  12.2029 29.2092 25.4832
v  21.6700 -29.2092 25.4832
v  2.3987 -26.2098 11.6909
v  6.5530 -26.2098 15.8452
v  2.3987 26.2098 11.6909
v  4.7575 26.2098 14.0497
v  15.9098 -26.2098 19.5146
v  15.3476 -25.5998 18.9525
v  21.6700 27.0381 24.7415
v  21.6700 28.5761 26.2305
v  21.6700 28.4132 26.3607
v  12.9502 -28.5761 26.2305
v  13.0804 -28.4132 26.3607
v  21.6700 -28.5761 26.2305
v  -1.4810 -28.2395 11.7994
v  -1.0908 28.7277 12.1895
v  -2.0438 26.9985 4.3123
v  12.8131 28.7277 26.0934
v  21.6700 29.4663 24.7920
v  21.6700 27.4831 24.0223
v  21.6700 25.7628 27.2460
v  21.6700 25.7605 25.2404
v  13.9657 -25.7628 27.2460
v  13.4256 -27.8615 26.7059
v  13.5243 -27.6583 26.8046
v  21.6700 -27.8615 26.7059
v  21.6700 26.6807 24.9792
v  21.6700 27.8615 26.7059
v  21.6700 27.6583 26.8046
v  -1.8919 -27.4464 11.3884
v  -2.2494 -25.5000 11.0309
v  -2.1560 -26.5220 11.1243
v  21.6700 26.7635 27.1077
v  21.6700 26.9985 27.0464
v  13.7661 26.9985 27.0464
v  21.6700 26.2492 25.1495
v  13.7661 -26.9985 27.0464
v  13.8274 -26.7635 27.1077
v  21.6700 -26.9985 27.0464
v  13.3184 28.0554 26.5987
v  13.6949 27.2263 26.9752
v  -2.2494 -2.2472 7.0033
v  -1.6634 -2.1362 7.1143
v  -1.6500 -2.0944 7.0017
v  15.1194 -25.8828 18.7242
v  15.9480 25.7605 25.2404
v  15.9333 25.8871 25.2257
v  15.9333 -25.8871 25.2257
v  15.9480 -25.7605 25.2404
v  21.6700 -25.7605 25.2404
v  -2.2494 0.4087 5.4766
v  -2.2494 0.5545 5.5125
v  -1.8631 0.4819 5.5498
v  -1.8320 0.3389 5.5289
v  -2.7284 2.1418 8.4578
v  -2.7105 2.1850 8.3204
v  -2.2494 2.2723 8.4077
v  -2.2494 2.3032 8.2631
v  -2.7285 0.6832 9.9165
v  -2.7441 0.8170 9.8651
v  -2.2494 0.7739 10.0072
v  -2.4951 2.2050 7.1631
v  -2.2494 0.9108 9.9588
v  -2.2494 2.0232 6.6640
v  -2.2494 0.9699 5.6717
v  -2.2494 1.1001 5.7409
v  -1.9968 1.0178 5.7196
v  -1.9622 0.8898 5.6648
v  -2.2494 2.0628 8.9458
v  -2.7686 1.9644 8.8474
v  -2.7776 1.8903 8.9687
v  -2.2494 2.1275 8.8179
v  -2.7843 1.3104 9.5840
v  -2.7776 1.1940 9.6650
v  -2.2494 1.2941 9.7651
v  -2.2494 1.4117 9.6853
v  -2.2494 1.4613 5.9922
v  -2.2494 1.5709 6.0896
v  -2.1403 1.4820 6.0129
v  -2.1039 1.3737 5.9290
v  1.2143 27.3546 4.0036
v  -2.7910 1.6276 9.3021
v  -2.2494 1.7302 9.4048
v  1.2974 -27.3979 4.0044
v  1.6512 27.4957 5.5000
v  1.6512 -27.4957 5.5000
v  1.2974 -27.3979 10.5901
v  1.2974 -27.3979 4.2022
v  1.2974 27.3979 10.5901
v  0.9092 27.1138 4.0005
v  -2.2494 -2.2744 8.2838
v  -1.8850 -2.2053 8.3528
v  -1.8711 -2.2180 8.2926
v  9.8573 25.3510 13.4622
v  5.8717 25.7080 9.4765
v  14.0117 25.3510 17.6165
v  14.1803 -25.7080 17.7851
v  11.0497 -25.8028 14.6545
v  1.6512 27.4957 4.0079
v  0.9811 -27.1836 4.0012
v  1.2974 27.3979 4.2022
v  21.6700 -27.3043 24.4484
v  15.1560 -27.3043 24.4484
v  21.6700 27.2472 24.5262
v  15.1560 27.3043 24.4484
v  -1.7510 -0.0806 5.5205
v  -1.7299 -0.2037 5.5326
v  -2.2494 -0.1750 5.4260
v  0.6566 26.7777 3.9980
v  1.2974 27.3979 5.5000
v  1.2974 -27.3979 5.5000
v  0.9811 -27.1836 4.2006
v  0.9811 -27.1836 10.2737
v  0.9811 27.1836 10.2737
v  -2.1225 -1.8034 9.2046
v  -2.1465 -1.7467 9.2747
v  -2.2494 -1.7662 9.2552
v  -2.2494 -0.0459 5.4248
v  0.4683 26.3631 3.9961
v  10.5761 -27.0323 14.1809
v  8.2060 -25.8028 17.4982
v  14.3456 26.9607 17.9505
v  3.1045 25.8028 12.3967
v  12.3603 -25.8028 21.6525
v  7.1823 25.7080 16.4745
v  11.3366 25.7080 20.6288
v  6.0370 -26.9607 9.6419
v  14.3456 -26.9607 17.9505
v  2.8593 -25.3510 12.1515
v  11.1680 25.3510 20.4602
v  7.0137 -25.3510 16.3059
v  7.0137 25.3510 16.3059
v  12.6382 -25.2147 21.9304
v  3.7794 -25.9927 13.0717
v  10.7774 -25.9927 14.3823
v  0.7142 -26.8697 3.9985
v  15.0755 -27.3546 24.3679
v  15.0755 27.3546 24.3679
v  0.5087 -26.4732 3.9965
v  -2.3582 2.0026 6.6434
v  -2.2494 -2.3465 7.5532
v  -2.2494 -2.3438 7.5124
v  -1.7363 -2.2466 7.6096
v  -2.2494 1.8238 9.2985
v  0.9811 27.1836 4.2006
v  -1.6762 -0.5616 5.6071
v  -1.6615 -0.6764 5.6440
v  -2.2494 -0.6701 5.4985
v  21.6700 -27.0381 24.7415
v  15.4491 -27.0381 24.7415
v  15.4491 27.0381 24.7415
v  21.6700 26.9566 24.8066
v  -2.2494 -0.5499 5.4706
v  0.7142 26.8697 10.0068
v  0.7142 -26.8697 10.0068
v  0.7142 -26.8697 4.1993
v  0.9811 -27.1836 5.5000
v  0.9811 27.1836 5.5000
v  -1.6181 -1.1085 5.8470
v  -1.6266 -1.0049 5.7883
v  -2.2494 -1.1229 5.6703
v  -2.2494 -1.0143 5.6187
v  -1.6120 -1.8731 6.5798
v  -1.6192 -1.9362 6.6806
v  -2.2494 -2.0556 6.5612
v  15.3806 -27.1138 24.6730
v  15.3806 27.1138 24.6730
v  -2.2494 -2.1120 6.6669
v  21.6700 -27.4957 23.9310
v  21.6700 -27.4831 24.0223
v  14.6386 -27.4957 23.9310
v  21.6700 27.4957 23.9310
v  14.6386 27.4957 23.9310
v  21.6700 -25.6314 25.2493
v  21.6700 -25.7628 27.2460
v  -1.6020 -1.3991 6.0526
v  -1.5997 -1.4886 6.1303
v  -2.2494 -1.5217 5.9299
v  -2.2494 -1.4277 5.8574
v  21.6700 -26.6807 24.9792
v  15.6868 -26.6807 24.9792
v  21.6700 26.5792 25.0286
v  15.6868 26.6807 24.9792
v  21.6700 25.6314 25.2493
v  0.7142 26.8697 4.1993
v  0.5087 -26.4732 4.1983
v  0.5087 -26.4732 9.8014
v  0.5087 26.4732 9.8014
v  0.3418 -25.7605 3.9948
v  0.3329 -25.6314 3.9947
v  0.3329 -25.6314 4.1974
v  0.3766 -26.0110 9.6693
v  0.3766 -26.0110 4.1976
v  0.3766 26.0110 9.6693
v  0.7142 26.8697 5.5000
v  0.7142 -26.8697 5.5000
v  21.6700 -26.2492 25.1495
v  15.8571 -26.2492 25.1495
v  15.8571 26.2492 25.1495
v  21.6700 26.1318 25.1801
v  15.6332 26.7777 24.9257
v  15.6332 -26.7777 24.9257
v  0.3766 26.0110 4.1976
v  0.5087 26.4732 4.1983
v  15.8215 26.3631 25.1139
v  15.8215 -26.3631 25.1139
v  0.5087 -26.4732 5.5000
v  0.5087 26.4732 5.5000
v  0.3932 -29.4915 13.6735
v  -2.2494 -0.1671 10.1019
v  -2.2494 -0.0664 10.1101
v  -2.5981 -0.1325 10.0440
v  -2.2494 -1.8552 6.2659
v  -2.2494 -1.7786 6.1754
v  0.3418 -25.7605 5.5000
v  0.3329 -25.6314 5.5000
v  0.3418 25.7605 5.5000
v  0.3329 25.6314 5.5000
v  -2.5788 -0.2295 10.0395
v  -2.2494 -0.5580 10.0282
v  -2.2494 -0.4622 10.0526
v  -2.5180 -0.5131 10.0017
v  -2.4967 -0.6048 9.9814
v  10.5761 27.0323 14.1809
v  14.1615 26.8723 17.7664
v  10.1913 26.9607 13.7962
v  10.9608 26.9607 14.5657
v  6.8065 26.9607 10.4114
v  15.1152 26.9607 18.7200
v  15.1152 -26.9607 18.7200
v  6.8065 -26.9607 10.4114
v  10.3820 -27.0144 13.9869
v  -2.2494 -0.9252 9.8935
v  -2.2494 -0.8359 9.9326
v  -2.4307 -0.8703 9.8982
v  -2.4080 -0.9552 9.8634
v  21.6700 -25.5000 27.2520
v  13.9717 -25.5000 27.2520
v  13.9717 25.5000 27.2520
v  21.6700 25.5000 27.2520
v  -2.2494 -1.1816 9.7558
v  -2.2494 -1.2630 9.7034
v  -2.3383 -1.1985 9.7390
v  -2.3147 -1.2754 9.6911
v  -2.2494 -1.7021 9.3273
v  -2.6435 2.2624 7.8893
v  -2.2494 -2.2574 8.3460
v  -2.6682 0.2611 10.0202
v  -2.2494 2.3143 7.5043
v  -2.1706 -1.6872 9.3423
v  1.6512 -27.4957 4.2040
v  -2.2494 -1.9412 9.0243
v  1.6512 27.4957 4.2040
v  -2.2494 25.5000 11.0309
v  0.3329 25.6314 3.9947
v  1.6512 27.4957 10.9439
v  1.6512 -27.4957 10.9439
v  -2.2495 -1.4746 9.5436
v  15.9569 25.6314 25.2493
v  15.9600 25.5000 25.2521
v  21.6700 25.5000 25.2523
v  0.3329 -25.6314 9.6256
v  0.3329 25.6314 9.6256
v  15.9569 -25.6314 25.2493
v  15.9600 -25.5000 25.2521
v  21.6700 -25.5000 25.2523
v  -2.2494 -2.3503 7.6768
v  -2.2494 -2.3497 7.6354
v  -1.7570 -2.2564 7.7287
v  -1.8990 -2.1910 8.4124
v  0.3329 25.6314 4.1974
v  -1.7643 -2.2583 7.7687
v  -2.2494 -0.9288 8.9999
v  -2.2494 -2.2897 8.2209
v  12.9861 -12.4550 22.2783
v  2.4785 12.4550 11.7707
v  21.6700 -15.5750 25.2523
# 3182 vertices

vn -0.7071 -0.0000 0.7071
vn -0.7071 0.0000 0.7071
vn -0.0001 0.0115 0.9999
vn -0.0000 -0.0000 1.0000
vn -0.4919 -0.7070 0.5081
vn -0.5000 -0.7071 0.5000
vn -0.5081 0.7070 0.4919
vn -0.5000 0.7071 0.5000
vn -1.0000 0.0000 0.0000
vn -0.9999 0.0115 0.0001
vn -0.0000 0.0000 1.0000
vn -0.0001 -0.0115 0.9999
vn -0.9999 -0.0115 0.0001
vn -1.0000 -0.0000 -0.0000
vn -0.4919 0.7070 0.5082
vn -0.4919 0.7070 0.5081
vn -0.5081 -0.7070 0.4919
vn -0.0013 0.0458 0.9989
vn -0.0044 0.0913 0.9958
vn -0.0096 0.1363 0.9906
vn -0.0168 0.1804 0.9835
vn -0.0259 0.2234 0.9744
vn -0.0368 0.2653 0.9635
vn -0.0494 0.3058 0.9508
vn -0.0637 0.3448 0.9365
vn -0.0796 0.3822 0.9206
vn -0.0970 0.4180 0.9032
vn -0.1158 0.4521 0.8844
vn -0.1360 0.4844 0.8642
vn -0.1576 0.5149 0.8426
vn -0.1804 0.5435 0.8198
vn -0.2045 0.5701 0.7957
vn -0.2298 0.5947 0.7704
vn -0.2563 0.6172 0.7439
vn -0.2839 0.6374 0.7163
vn -0.3125 0.6553 0.6877
vn -0.3421 0.6707 0.6581
vn -0.3726 0.6835 0.6277
vn -0.4038 0.6937 0.5965
vn -0.4356 0.7010 0.5647
vn -0.4677 0.7054 0.5325
vn -0.4355 0.7010 0.5647
vn -0.9989 -0.0458 0.0013
vn -0.9958 -0.0913 0.0044
vn -0.9906 -0.1363 0.0096
vn -0.9835 -0.1804 0.0168
vn -0.9744 -0.2234 0.0259
vn -0.9635 -0.2653 0.0368
vn -0.9508 -0.3058 0.0494
vn -0.9365 -0.3448 0.0637
vn -0.9206 -0.3822 0.0796
vn -0.9032 -0.4180 0.0970
vn -0.8844 -0.4521 0.1158
vn -0.8642 -0.4844 0.1360
vn -0.8426 -0.5149 0.1576
vn -0.8198 -0.5435 0.1804
vn -0.7957 -0.5701 0.2045
vn -0.7704 -0.5947 0.2298
vn -0.7439 -0.6172 0.2563
vn -0.7163 -0.6374 0.2839
vn -0.6877 -0.6553 0.3125
vn -0.6581 -0.6707 0.3421
vn -0.6277 -0.6835 0.3726
vn -0.5965 -0.6937 0.4038
vn -0.5647 -0.7010 0.4355
vn -0.5325 -0.7054 0.4677
vn -0.5325 0.7054 0.4677
vn -0.5647 0.7010 0.4356
vn -0.5965 0.6937 0.4038
vn -0.6277 0.6835 0.3726
vn -0.6581 0.6707 0.3421
vn -0.6877 0.6553 0.3125
vn -0.7163 0.6374 0.2839
vn -0.7439 0.6172 0.2563
vn -0.7704 0.5947 0.2298
vn -0.7957 0.5701 0.2045
vn -0.8198 0.5435 0.1804
vn -0.8426 0.5149 0.1576
vn -0.8642 0.4844 0.1360
vn -0.8844 0.4521 0.1158
vn -0.9032 0.4180 0.0970
vn -0.9206 0.3822 0.0796
vn -0.9365 0.3448 0.0637
vn -0.9508 0.3058 0.0494
vn -0.9635 0.2653 0.0368
vn -0.9744 0.2234 0.0259
vn -0.9835 0.1804 0.0168
vn -0.9906 0.1363 0.0096
vn -0.9958 0.0913 0.0044
vn -0.9989 0.0458 0.0013
vn -0.4677 -0.7054 0.5325
vn -0.4355 -0.7010 0.5647
vn -0.4038 -0.6937 0.5965
vn -0.4356 -0.7010 0.5647
vn -0.3726 -0.6835 0.6277
vn -0.3421 -0.6707 0.6581
vn -0.3125 -0.6553 0.6877
vn -0.2839 -0.6374 0.7163
vn -0.2563 -0.6172 0.7439
vn -0.2298 -0.5947 0.7704
vn -0.2045 -0.5701 0.7957
vn -0.1804 -0.5435 0.8198
vn -0.1576 -0.5149 0.8426
vn -0.1360 -0.4844 0.8642
vn -0.1158 -0.4521 0.8844
vn -0.0970 -0.4180 0.9032
vn -0.0796 -0.3822 0.9206
vn -0.0637 -0.3448 0.9365
vn -0.0494 -0.3058 0.9508
vn -0.0368 -0.2653 0.9635
vn -0.0259 -0.2234 0.9744
vn -0.0168 -0.1804 0.9835
vn -0.0096 -0.1363 0.9906
vn -0.0044 -0.0913 0.9958
vn -0.0013 -0.0458 0.9989
vn -1.0000 -0.0000 0.0000
vn -1.0000 0.0000 -0.0000
vn 0.0000 0.0000 1.0000
vn -0.6613 0.4990 -0.5601
vn -0.6457 0.5118 -0.5667
vn -0.6783 0.4840 -0.5528
vn -0.6886 0.4745 -0.5483
vn -0.7044 0.4592 -0.5413
vn -0.7131 0.4504 -0.5372
vn -0.7277 0.4350 -0.5303
vn -0.7350 0.4270 -0.5267
vn -0.7486 0.4114 -0.5200
vn -0.7547 0.4041 -0.5169
vn -0.7673 0.3883 -0.5103
vn -0.7725 0.3817 -0.5075
vn -0.7843 0.3658 -0.5011
vn -0.7886 0.3598 -0.4987
vn -0.7995 0.3438 -0.4925
vn -0.8031 0.3384 -0.4904
vn -0.8134 0.3222 -0.4843
vn -0.8164 0.3173 -0.4825
vn -0.8260 0.3009 -0.4766
vn -0.8284 0.2966 -0.4751
vn -0.8375 0.2799 -0.4693
vn -0.8395 0.2761 -0.4680
vn -0.8480 0.2591 -0.4624
vn -0.8496 0.2558 -0.4613
vn -0.8575 0.2384 -0.4558
vn -0.8588 0.2356 -0.4549
vn -0.8663 0.2178 -0.4495
vn -0.8673 0.2154 -0.4488
vn -0.8743 0.1971 -0.4435
vn -0.8750 0.1951 -0.4430
vn -0.8816 0.1763 -0.4377
vn -0.8821 0.1748 -0.4373
vn -0.8883 0.1553 -0.4322
vn -0.8886 0.1543 -0.4320
vn -0.8943 0.1341 -0.4269
vn -0.8997 0.1126 -0.4218
vn -0.8997 0.1125 -0.4218
vn -0.9044 0.0907 -0.4169
vn -0.9043 0.0912 -0.4170
vn -0.9085 0.0684 -0.4122
vn -0.9083 0.0694 -0.4124
vn -0.9120 0.0456 -0.4077
vn -0.9118 0.0472 -0.4080
vn -0.9147 0.0224 -0.4034
vn -0.9145 0.0245 -0.4038
vn -0.9163 0.0053 -0.4004
vn -0.9162 0.0065 -0.4006
vn -0.2880 0.9576 0.0000
vn -0.1992 0.9800 0.0000
vn -0.1737 0.9848 0.0000
vn -0.2674 0.9636 0.0000
vn -0.3684 0.9297 0.0000
vn -0.3494 0.9370 0.0000
vn -0.4431 0.8964 0.0000
vn -0.4259 0.9048 0.0000
vn -0.5119 0.8590 0.0000
vn -0.4965 0.8680 0.0000
vn -0.5747 0.8184 0.0000
vn -0.5611 0.8277 0.0000
vn -0.6314 0.7754 0.0000
vn -0.6196 0.7849 0.0000
vn -0.6825 0.7309 0.0000
vn -0.6723 0.7402 0.0000
vn -0.7282 0.6854 0.0000
vn -0.7196 0.6944 0.0000
vn -0.7690 0.6392 0.0000
vn -0.7617 0.6479 0.0000
vn -0.8053 0.5929 0.0000
vn -0.7992 0.6011 0.0000
vn -0.8375 0.5465 0.0000
vn -0.8324 0.5541 0.0000
vn -0.8659 0.5001 0.0000
vn -0.8618 0.5072 0.0000
vn -0.8910 0.4540 0.0000
vn -0.8877 0.4605 0.0000
vn -0.9130 0.4081 0.0000
vn -0.9103 0.4139 0.0000
vn -0.9321 0.3623 0.0000
vn -0.9300 0.3676 0.0000
vn -0.9485 0.3168 0.0000
vn -0.9469 0.3214 0.0000
vn -0.9625 0.2714 0.0000
vn -0.9613 0.2754 0.0000
vn -0.9741 0.2261 0.0000
vn -0.9733 0.2294 0.0000
vn -0.9835 0.1809 0.0000
vn -0.9830 0.1835 0.0000
vn -0.9908 0.1356 0.0000
vn -0.9905 0.1377 0.0000
vn -0.9959 0.0904 0.0000
vn -0.9958 0.0918 0.0000
vn -0.9990 0.0452 0.0000
vn -0.9989 0.0459 0.0000
vn -0.9999 0.0114 0.0000
vn -0.9999 0.0115 0.0000
vn -0.1219 0.9925 0.0000
vn -0.6783 -0.4840 -0.5528
vn -0.6457 -0.5118 -0.5667
vn -0.6613 -0.4990 -0.5601
vn -0.7044 -0.4592 -0.5413
vn -0.6886 -0.4745 -0.5483
vn -0.7277 -0.4350 -0.5303
vn -0.7131 -0.4504 -0.5372
vn -0.7486 -0.4114 -0.5200
vn -0.7350 -0.4270 -0.5267
vn -0.7673 -0.3883 -0.5103
vn -0.7547 -0.4041 -0.5169
vn -0.7843 -0.3658 -0.5011
vn -0.7725 -0.3817 -0.5075
vn -0.7995 -0.3438 -0.4925
vn -0.7885 -0.3598 -0.4987
vn -0.8134 -0.3222 -0.4843
vn -0.8031 -0.3384 -0.4904
vn -0.8260 -0.3009 -0.4766
vn -0.8164 -0.3173 -0.4825
vn -0.8375 -0.2799 -0.4693
vn -0.8284 -0.2966 -0.4751
vn -0.8480 -0.2591 -0.4624
vn -0.8395 -0.2761 -0.4680
vn -0.8575 -0.2384 -0.4558
vn -0.8496 -0.2558 -0.4613
vn -0.8663 -0.2178 -0.4495
vn -0.8588 -0.2356 -0.4549
vn -0.8743 -0.1971 -0.4435
vn -0.8673 -0.2154 -0.4488
vn -0.8816 -0.1763 -0.4378
vn -0.8750 -0.1951 -0.4430
vn -0.8883 -0.1553 -0.4322
vn -0.8821 -0.1748 -0.4373
vn -0.8943 -0.1341 -0.4269
vn -0.8886 -0.1543 -0.4320
vn -0.8997 -0.1125 -0.4218
vn -0.8997 -0.1126 -0.4218
vn -0.9043 -0.0912 -0.4170
vn -0.9044 -0.0907 -0.4169
vn -0.9083 -0.0694 -0.4124
vn -0.9085 -0.0684 -0.4122
vn -0.9118 -0.0472 -0.4080
vn -0.9120 -0.0456 -0.4077
vn -0.9145 -0.0245 -0.4038
vn -0.9148 -0.0223 -0.4034
vn -0.9162 -0.0065 -0.4006
vn -0.9163 -0.0052 -0.4004
vn -0.2880 -0.9576 0.0000
vn -0.2674 -0.9636 0.0000
vn -0.1737 -0.9848 0.0000
vn -0.1992 -0.9800 0.0000
vn -0.3684 -0.9297 0.0000
vn -0.3494 -0.9370 0.0000
vn -0.4431 -0.8965 0.0000
vn -0.4259 -0.9048 0.0000
vn -0.5119 -0.8590 0.0000
vn -0.4965 -0.8680 0.0000
vn -0.5747 -0.8184 0.0000
vn -0.5611 -0.8277 0.0000
vn -0.6314 -0.7754 0.0000
vn -0.6196 -0.7849 0.0000
vn -0.6825 -0.7309 0.0000
vn -0.6723 -0.7402 0.0000
vn -0.7282 -0.6854 0.0000
vn -0.7196 -0.6944 0.0000
vn -0.7690 -0.6392 0.0000
vn -0.7617 -0.6479 0.0000
vn -0.8053 -0.5929 0.0000
vn -0.7992 -0.6011 0.0000
vn -0.8375 -0.5465 0.0000
vn -0.8324 -0.5541 0.0000
vn -0.8659 -0.5001 0.0000
vn -0.8618 -0.5072 0.0000
vn -0.8910 -0.4540 0.0000
vn -0.8877 -0.4605 0.0000
vn -0.9129 -0.4081 0.0000
vn -0.9103 -0.4139 0.0000
vn -0.9321 -0.3623 0.0000
vn -0.9300 -0.3676 0.0000
vn -0.9485 -0.3168 0.0000
vn -0.9469 -0.3214 0.0000
vn -0.9625 -0.2714 0.0000
vn -0.9613 -0.2753 0.0000
vn -0.9741 -0.2261 0.0000
vn -0.9733 -0.2294 0.0000
vn -0.9835 -0.1809 0.0000
vn -0.9830 -0.1835 0.0000
vn -0.9908 -0.1356 0.0000
vn -0.9905 -0.1377 0.0000
vn -0.9959 -0.0904 0.0000
vn -0.9958 -0.0918 0.0000
vn -0.9990 -0.0450 0.0000
vn -0.9990 -0.0457 0.0000
vn -0.9999 -0.0112 0.0000
vn -0.9999 -0.0113 0.0000
vn -0.1220 -0.9925 0.0000
vn -0.6306 0.5241 -0.5724
vn -0.6092 0.5395 -0.5813
vn -0.6092 -0.5395 -0.5813
vn -0.6306 -0.5241 -0.5724
vn -0.9167 0.0000 -0.3995
vn -0.9167 -0.0000 -0.3995
vn -0.7072 0.0000 0.7070
vn -0.7070 -0.0000 0.7072
vn 0.0000 0.0000 -1.0000
vn -0.0000 -0.0000 -1.0000
vn 0.0000 -0.0000 -1.0000
vn -0.0000 0.0000 -1.0000
vn -0.7071 0.0000 -0.7071
vn -0.0229 -0.9995 -0.0229
vn -0.0687 -0.9953 -0.0687
vn -0.1139 -0.9869 -0.1139
vn -0.1585 -0.9745 -0.1585
vn -0.2021 -0.9583 -0.2021
vn -0.2446 -0.9382 -0.2446
vn -0.2858 -0.9147 -0.2858
vn -0.3256 -0.8877 -0.3256
vn -0.3638 -0.8575 -0.3638
vn -0.4005 -0.8242 -0.4005
vn -0.4354 -0.7880 -0.4354
vn -0.4686 -0.7489 -0.4686
vn -0.5000 -0.7071 -0.5000
vn -0.5295 -0.6627 -0.5295
vn -0.5572 -0.6157 -0.5572
vn -0.5828 -0.5663 -0.5828
vn -0.6063 -0.5145 -0.6063
vn -0.6277 -0.4604 -0.6277
vn -0.6468 -0.4042 -0.6468
vn -0.6634 -0.3460 -0.6634
vn -0.6776 -0.2859 -0.6776
vn -0.6891 -0.2242 -0.6891
vn -0.6979 -0.1612 -0.6979
vn -0.7038 -0.0971 -0.7038
vn -0.7067 -0.0324 -0.7067
vn 0.7067 -0.0324 0.7067
vn 0.7038 -0.0971 0.7038
vn 0.6979 -0.1612 0.6979
vn 0.6891 -0.2242 0.6891
vn 0.6776 -0.2859 0.6776
vn 0.6634 -0.3460 0.6634
vn 0.6468 -0.4042 0.6468
vn 0.6277 -0.4605 0.6277
vn 0.6063 -0.5145 0.6063
vn 0.5828 -0.5663 0.5828
vn 0.5572 -0.6157 0.5572
vn 0.5295 -0.6627 0.5295
vn 0.5000 -0.7071 0.5000
vn 0.4686 -0.7489 0.4686
vn 0.4354 -0.7880 0.4354
vn 0.4004 -0.8242 0.4004
vn 0.3638 -0.8575 0.3638
vn 0.3256 -0.8877 0.3256
vn 0.2858 -0.9147 0.2858
vn 0.2446 -0.9382 0.2446
vn 0.2021 -0.9583 0.2021
vn 0.1585 -0.9745 0.1585
vn 0.1139 -0.9869 0.1139
vn 0.0687 -0.9953 0.0687
vn 0.0229 -0.9995 0.0229
vn 0.0000 1.0000 0.0000
vn 0.0229 0.9995 0.0229
vn 0.0687 0.9953 0.0687
vn 0.1139 0.9869 0.1139
vn 0.1585 0.9745 0.1585
vn 0.2021 0.9583 0.2021
vn 0.2446 0.9382 0.2446
vn 0.2858 0.9147 0.2858
vn 0.3256 0.8877 0.3256
vn 0.3638 0.8575 0.3638
vn 0.4004 0.8242 0.4004
vn 0.4354 0.7880 0.4354
vn 0.4686 0.7489 0.4686
vn 0.5000 0.7071 0.5000
vn 0.5295 0.6627 0.5295
vn 0.5572 0.6157 0.5572
vn 0.5828 0.5663 0.5828
vn 0.6063 0.5145 0.6063
vn 0.6277 0.4605 0.6277
vn 0.6468 0.4042 0.6468
vn 0.6634 0.3460 0.6634
vn 0.6776 0.2859 0.6776
vn 0.6891 0.2242 0.6891
vn 0.6979 0.1612 0.6979
vn 0.7038 0.0971 0.7038
vn 0.7067 0.0324 0.7067
vn -0.7067 0.0324 -0.7067
vn -0.7038 0.0971 -0.7038
vn -0.6979 0.1612 -0.6979
vn -0.6891 0.2242 -0.6891
vn -0.6776 0.2859 -0.6776
vn -0.6634 0.3460 -0.6634
vn -0.6468 0.4042 -0.6468
vn -0.6277 0.4604 -0.6277
vn -0.6063 0.5145 -0.6063
vn -0.5828 0.5663 -0.5828
vn -0.5572 0.6157 -0.5572
vn -0.5295 0.6627 -0.5295
vn -0.5000 0.7071 -0.5000
vn -0.4686 0.7489 -0.4686
vn -0.4354 0.7880 -0.4354
vn -0.4005 0.8242 -0.4005
vn -0.3638 0.8575 -0.3638
vn -0.3256 0.8877 -0.3256
vn -0.2858 0.9147 -0.2858
vn -0.2446 0.9383 -0.2446
vn -0.2022 0.9583 -0.2022
vn -0.1585 0.9746 -0.1585
vn -0.1140 0.9869 -0.1140
vn -0.0687 0.9953 -0.0687
vn -0.0229 0.9995 -0.0229
vn -0.1139 0.9869 -0.1139
vn -0.1585 0.9745 -0.1585
vn -0.2021 0.9583 -0.2021
vn -0.2446 0.9382 -0.2446
vn -0.4004 0.8242 -0.4004
vn -0.6277 0.4605 -0.6277
vn -0.6277 -0.4605 -0.6277
vn -0.5572 -0.6158 -0.5572
vn -0.4004 -0.8242 -0.4004
vn 0.7071 -0.0000 0.7071
vn 0.4354 -0.7879 0.4354
vn 0.6277 -0.4604 0.6277
vn 0.5571 0.6158 0.5571
vn -0.0000 -1.0000 -0.0000
vn 0.7071 0.0000 0.7071
vn -0.0230 -0.9995 -0.0230
vn -0.5296 -0.6627 -0.5296
vn -0.7071 -0.0000 -0.7071
vn 0.5296 0.6627 0.5296
vn 0.2022 0.9583 0.2022
vn 0.0000 -1.0000 0.0000
vn 0.2022 -0.9583 0.2022
vn 0.2859 -0.9146 0.2859
vn -0.2446 -0.9383 -0.2446
vn -0.2022 -0.9582 -0.2022
vn -0.1585 -0.9746 -0.1585
vn -0.1140 -0.9869 -0.1140
vn -0.2022 -0.9583 -0.2022
vn -0.5572 0.6158 -0.5572
vn -0.2859 0.9146 -0.2859
vn 0.4354 0.7879 0.4354
vn 0.5571 -0.6158 0.5571
vn 0.3255 -0.8877 0.3255
vn -0.0000 1.0000 -0.0000
vn -0.0230 0.9995 -0.0230
vn -0.4354 0.7879 -0.4354
vn 0.2858 -0.9146 0.2858
vn -0.7072 -0.0000 0.7070
vn -0.7072 -0.0000 0.7071
vn -0.7071 -0.0001 0.7071
vn -0.7071 -0.0003 0.7072
vn -0.7071 0.0001 0.7071
vn -0.7071 -0.0000 0.7072
vn -0.7070 -0.0000 0.7073
vn -0.7069 -0.0000 0.7073
vn -0.7071 -0.0002 0.7071
vn -0.7071 0.0003 0.7072
vn -0.7072 0.0000 0.7071
vn -0.7070 0.0000 0.7072
vn -0.7071 0.0000 0.7072
vn -0.7070 0.0000 0.7073
vn -0.7071 0.0002 0.7071
vn 0.0000 -0.0000 1.0000
vn 0.7071 -0.0000 -0.7071
vn 0.7071 0.0000 -0.7071
vn 0.7071 0.0000 -0.7072
vn -0.7110 -0.7032 -0.0000
vn -0.7545 -0.6563 -0.0000
vn -0.0000 -1.0000 0.0000
vn -0.0000 -0.9997 -0.0229
vn 0.7072 -0.0000 -0.7071
vn -0.0000 1.0000 0.0000
vn 1.0000 -0.0000 -0.0000
vn 0.9999 0.0112 -0.0000
vn 0.7075 0.0008 -0.7067
vn -0.2706 -0.9239 -0.2706
vn -0.1830 -0.9659 -0.1830
vn -0.0000 0.9997 -0.0229
vn 0.0229 -0.9997 0.0000
vn 0.9999 0.0113 -0.0000
vn -0.0000 0.0005 -1.0000
vn 0.0036 0.0040 -1.0000
vn 0.9999 -0.0116 -0.0001
vn 1.0000 -0.0000 -0.0001
vn -0.0055 0.0129 -0.9999
vn 0.0004 -0.0000 -1.0000
vn 0.0004 -0.0004 -1.0000
vn -0.5610 -0.6088 -0.5610
vn 0.0115 -0.9999 0.0000
vn 0.0923 0.9914 0.0923
vn -0.0231 0.9995 -0.0231
vn -0.0000 -0.9999 -0.0115
vn 0.0000 -1.0000 -0.0000
vn 0.0000 0.5773 0.8165
vn 0.0229 0.9997 0.0000
vn 0.0115 0.9999 0.0000
vn 1.0000 0.0000 -0.0000
vn 0.9999 -0.0113 -0.0000
vn 0.9999 -0.0112 -0.0000
vn 0.8959 -0.0000 0.4443
vn -0.6830 0.2588 -0.6830
vn -0.7011 0.1305 -0.7011
vn -0.9659 -0.1830 -0.1830
vn 0.0000 -0.5304 0.8477
vn 0.7069 0.0000 -0.7073
vn -0.2706 0.9239 -0.2706
vn -0.1830 0.9659 -0.1830
vn -0.0000 0.9999 -0.0115
vn 0.7070 0.0000 -0.7072
vn 0.7071 -0.0002 -0.7071
vn 0.7071 -0.0001 -0.7071
vn 0.7071 0.0008 -0.7071
vn 0.7071 0.0011 -0.7071
vn 0.7071 -0.0008 -0.7071
vn 0.7071 0.0001 -0.7071
vn 0.0000 1.0000 -0.0000
vn 0.6541 -0.7564 -0.0000
vn -0.0000 -0.0001 1.0000
vn 0.8959 0.0000 0.4443
vn -0.0000 0.0001 1.0000
vn 0.7071 -0.0000 -0.7072
vn 0.7075 -0.0008 -0.7067
vn -0.6124 -0.5000 -0.6124
vn -0.6533 -0.3827 -0.6533
vn 0.7069 -0.0000 -0.7073
vn 0.5547 -0.0000 0.8321
vn -0.9659 -0.1832 -0.1831
vn -0.9660 -0.1828 -0.1830
vn 0.0172 0.9999 -0.0000
vn 1.0000 0.0000 0.0000
vn 0.7071 -0.0007 -0.7071
vn 0.7071 -0.0009 -0.7071
vn 0.7066 0.0000 -0.7076
vn 1.0000 -0.0000 0.0000
vn 0.0003 0.0000 -1.0000
vn -0.0056 -0.0129 -0.9999
vn 0.0003 0.0004 -1.0000
vn 0.0036 -0.0039 -1.0000
vn 0.0000 -0.0001 -1.0000
vn 0.3536 -0.8660 0.3536
vn 0.2706 -0.9239 0.2706
vn -0.3536 -0.8660 -0.3536
vn -0.4305 -0.7934 -0.4305
vn 0.5610 -0.6088 0.5610
vn 0.6124 -0.5000 0.6124
vn 0.7071 0.0009 -0.7071
vn 0.7071 0.0012 -0.7071
vn 0.7071 0.0005 -0.7071
vn 0.6124 0.5000 0.6124
vn 0.5610 0.6088 0.5610
vn 0.7071 -0.0013 -0.7071
vn 0.0231 0.9995 0.0231
vn 0.8959 0.0011 0.4443
vn 0.0022 0.0024 -1.0000
vn 0.0023 0.0026 -1.0000
vn 0.7072 0.0000 -0.7071
vn 0.7072 0.0003 -0.7070
vn 0.7078 0.0000 -0.7064
vn 0.7071 0.0003 -0.7072
vn -0.3536 0.8660 -0.3536
vn 0.3092 0.0000 0.9510
vn 0.3092 -0.0000 0.9510
vn -0.5610 0.6088 -0.5610
vn 0.7070 -0.0000 -0.7072
vn 0.7070 -0.0001 -0.7072
vn 0.7066 -0.0000 -0.7076
vn -0.2556 0.7852 0.5640
vn -0.2557 0.7848 0.5646
vn -0.2533 0.8141 0.5226
vn -0.9659 -0.1830 -0.1829
vn -0.9660 -0.1830 -0.1829
vn 0.7075 -0.0002 -0.7067
vn 0.6830 0.2588 0.6830
vn 0.7014 0.1266 0.7014
vn 0.7078 -0.0000 -0.7064
vn 0.6533 0.3827 0.6533
vn 0.8444 0.1680 0.5087
vn 0.0024 -0.0025 -1.0000
vn 0.0023 -0.0023 -1.0000
vn -0.7932 0.6090 -0.0000
vn -0.7545 0.6563 -0.0000
vn -0.4305 0.7934 -0.4305
vn 0.0000 -0.5773 0.8165
vn -0.8274 0.5616 -0.0000
vn -0.8577 0.5141 -0.0000
vn 0.8444 -0.1680 0.5087
vn 0.8959 -0.0011 0.4443
vn -0.7932 -0.6090 -0.0000
vn 0.6210 0.7838 -0.0000
vn -0.6533 0.3827 -0.6533
vn 0.0000 0.5304 0.8477
vn 0.6533 -0.3827 0.6533
vn 0.7866 -0.3643 0.4986
vn 0.8098 -0.3258 0.4879
vn 0.0171 -0.9999 0.0000
vn 0.6830 -0.2588 0.6830
vn 0.6229 0.5417 0.5644
vn 0.6624 0.5088 0.5499
vn 0.3685 0.9296 -0.0000
vn 0.3685 0.9296 0.0000
vn -0.2180 0.1944 0.9564
vn -0.2102 0.1423 0.9672
vn -0.2106 0.1449 0.9668
vn -0.2443 0.4114 0.8781
vn -0.2491 0.4658 0.8491
vn -0.2490 0.4645 0.8498
vn -0.1830 0.9830 -0.0170
vn -0.1837 0.9829 -0.0132
vn -0.1716 0.9822 -0.0766
vn 0.7070 0.0001 -0.7072
vn -0.6124 0.5000 -0.6124
vn -0.0923 -0.9914 -0.0923
vn -0.6830 -0.2588 -0.6830
vn 0.7072 0.0000 -0.7070
vn -0.0000 -0.5541 -0.8324
vn -0.0000 -0.5615 -0.8274
vn -0.0000 -0.6090 -0.7932
vn -0.1830 -0.0171 0.9830
vn -0.1224 0.9460 -0.3002
vn -0.1228 0.9465 -0.2983
vn -0.1166 0.9389 -0.3238
vn -0.3304 -0.9439 -0.0000
vn -0.2469 -0.9690 -0.0000
vn 0.3685 -0.9296 -0.0000
vn 0.3685 -0.9296 0.0000
vn 0.7545 0.6563 0.0000
vn 0.7110 0.7032 0.0000
vn 0.7196 0.6944 0.0000
vn 0.7196 -0.6944 0.0000
vn 0.7110 -0.7032 0.0000
vn 0.7545 -0.6563 0.0000
vn -0.0000 0.6090 -0.7932
vn -0.0000 0.5615 -0.8274
vn -0.0000 0.5541 -0.8324
vn -0.6012 0.5457 -0.5837
vn -0.5888 0.5537 -0.5888
vn -0.0115 0.9999 -0.0000
vn -0.0115 0.9999 0.0000
vn 0.7071 0.0013 -0.7071
vn 0.6541 0.7564 -0.0000
vn 0.7071 0.0022 -0.7071
vn 0.7070 -0.0011 -0.7072
vn 0.4305 0.7933 0.4305
vn -0.0000 0.5072 -0.8618
vn -0.2558 0.7822 0.5681
vn -0.2558 0.7826 0.5675
vn -0.2577 0.7448 0.6155
vn 0.3535 0.8660 0.3535
vn 0.3536 0.8660 0.3536
vn -0.2574 0.7539 0.6045
vn -0.0000 -0.5072 -0.8618
vn 0.7072 0.0001 -0.7071
vn 0.7306 -0.5546 0.3983
vn 0.7072 -0.0000 -0.7070
vn 0.7931 -0.6090 0.0000
vn 0.7992 -0.6011 0.0000
vn 0.7617 -0.6479 0.0000
vn 0.7617 0.6479 0.0000
vn 0.7992 0.6011 0.0000
vn 0.7932 0.6090 0.0000
vn 0.6210 -0.7838 0.0000
vn 0.6210 -0.7838 -0.0000
vn -0.1126 -0.3397 0.9338
vn -0.1222 -0.3010 0.9458
vn -0.1215 -0.3039 0.9449
vn -0.2237 0.2343 0.9461
vn -0.2149 0.1728 0.9612
vn -0.2153 0.1757 0.9606
vn 0.4305 0.7934 0.4305
vn 0.7306 0.5546 0.3983
vn -1.0000 -0.0003 -0.0006
vn -0.3304 0.9439 -0.0000
vn -0.2469 0.9690 -0.0000
vn 0.7195 -0.6945 -0.0000
vn 0.7617 -0.6479 -0.0000
vn 0.7618 -0.6478 -0.0000
vn 0.2498 -0.7029 0.6659
vn 0.3121 -0.6900 0.6531
vn 0.0000 0.9214 0.3887
vn -0.2530 0.8171 0.5181
vn -0.9454 -0.3259 -0.0000
vn -0.9602 -0.2792 -0.0000
vn -0.1816 0.9831 -0.0245
vn -0.1820 0.9830 -0.0223
vn -0.1782 0.9831 -0.0426
vn 0.7071 0.0001 -0.7072
vn 0.7072 -0.0013 -0.7070
vn -0.1303 -0.2673 0.9548
vn -0.1158 -0.3269 0.9380
vn -0.1169 -0.3224 0.9393
vn -0.2022 0.0924 0.9750
vn -0.9825 0.1861 -0.0000
vn -0.9902 0.1396 -0.0000
vn 0.0000 0.1606 0.9870
vn 0.0000 -0.1606 0.9870
vn 0.1830 0.0170 -0.9830
vn 0.7071 -0.0011 -0.7071
vn 0.7071 -0.0012 -0.7071
vn 0.7071 -0.0005 -0.7071
vn 0.7072 0.0013 -0.7070
vn 0.0000 -0.8867 0.4624
vn 0.8475 0.2470 0.4699
vn 0.8622 0.2067 0.4626
vn 0.0015 -0.0012 -1.0000
vn 0.0014 -0.0010 -1.0000
vn -0.4087 0.9127 -0.0000
vn -0.4812 0.8766 -0.0000
vn -0.5888 -0.5537 -0.5888
vn -0.6012 -0.5457 -0.5837
vn -0.0115 -0.9999 -0.0000
vn -0.9726 -0.2327 -0.0000
vn -0.8944 -0.1336 -0.4268
vn 0.0000 0.8867 0.4624
vn 0.0923 -0.9914 0.0923
vn 0.1830 -0.9659 0.1830
vn -0.9726 0.2327 -0.0000
vn -0.9602 0.2792 -0.0000
vn 0.1830 0.0171 -0.9830
vn 0.4305 -0.7934 0.4305
vn -0.0425 0.8097 -0.5853
vn -0.0417 0.8078 -0.5880
vn -0.0519 0.8298 -0.5556
vn -0.0923 0.9914 -0.0923
vn 0.7072 -0.0000 0.7070
vn -0.7072 -0.0000 -0.7070
vn -0.7014 0.1266 -0.7014
vn 0.7011 -0.1305 0.7011
vn 0.7012 -0.1292 0.7012
vn -0.7012 -0.1292 -0.7012
vn -0.0407 -0.5910 0.8056
vn -0.0563 -0.5417 0.8387
vn -0.0550 -0.5458 0.8361
vn -0.9661 -0.1825 -0.1825
vn 0.0548 0.7154 0.6966
vn 0.1205 0.7158 0.6879
vn 0.7617 0.6479 -0.0000
vn 0.7195 0.6945 -0.0000
vn 0.7197 0.6943 -0.0000
vn 0.9469 -0.3214 0.0000
vn 0.9454 -0.3259 0.0000
vn 0.9602 -0.2792 0.0000
vn 0.9602 0.2792 0.0000
vn 0.9454 0.3259 0.0000
vn 0.9469 0.3214 0.0000
vn 0.0000 0.2064 0.9785
vn 0.0000 -0.2064 0.9785
vn -0.2559 0.5698 0.7809
vn -0.2536 0.5279 0.8106
vn -0.2536 0.5286 0.8101
vn -0.1846 -0.0085 0.9828
vn -0.1951 0.0502 0.9795
vn -0.1945 0.0467 0.9798
vn -1.0000 -0.0000 -0.0002
vn -0.7072 0.0000 -0.7070
vn 0.7072 0.0000 0.7070
vn 0.2706 0.9239 0.2706
vn 0.1830 0.9659 0.1830
vn 0.2674 0.9636 0.0000
vn 0.3494 0.9370 0.0000
vn 0.3303 0.9439 0.0000
vn 0.3303 -0.9439 0.0000
vn 0.3493 -0.9370 0.0000
vn 0.2674 -0.9636 0.0000
vn 0.0013 0.0011 -1.0000
vn 0.0014 0.0013 -1.0000
vn 0.9300 -0.3675 -0.0000
vn 0.9103 -0.4139 -0.0000
vn 0.9103 -0.4140 -0.0000
vn 0.0000 -0.9744 0.2250
vn -0.1158 0.9380 -0.3269
vn -0.1169 0.9393 -0.3224
vn -0.1021 0.9192 -0.3803
vn -0.1708 0.9820 -0.0807
vn -0.7011 -0.1305 -0.7011
vn -0.0000 0.1377 -0.9905
vn -0.0000 0.1835 -0.9830
vn -0.0000 0.1861 -0.9825
vn -0.2507 0.4854 0.8376
vn 0.7011 0.1305 0.7011
vn -0.0000 -0.1861 -0.9825
vn -0.0000 -0.1835 -0.9830
vn -0.0000 -0.1377 -0.9905
vn -0.0000 0.8680 -0.4966
vn -0.0000 0.9048 -0.4259
vn 0.0000 0.9127 -0.4087
vn -0.0000 -0.9127 -0.4087
vn -0.0000 -0.9048 -0.4259
vn -0.0000 -0.8680 -0.4966
vn -0.1592 -0.9872 -0.0000
vn -0.2469 -0.9691 -0.0000
vn 0.7071 -0.0001 -0.7072
vn 0.7071 0.0003 -0.7071
vn 0.6277 0.4604 0.6277
vn 0.9613 0.2754 -0.0000
vn 0.9469 0.3214 -0.0000
vn 0.9470 0.3214 -0.0000
vn 0.7618 0.6478 -0.0000
vn 0.7993 0.6010 0.0000
vn -0.1581 -0.1424 0.9771
vn -0.1493 -0.1836 0.9716
vn -0.1499 -0.1808 0.9720
vn 0.4261 -0.9047 -0.0000
vn 0.3496 -0.9369 -0.0000
vn 0.3492 -0.9370 -0.0000
vn -0.0000 -0.7625 0.6470
vn 0.9469 -0.3214 -0.0000
vn 0.9613 -0.2754 -0.0000
vn 0.9614 -0.2753 -0.0000
vn 0.9999 -0.0113 -0.0001
vn 0.0041 -0.0044 -1.0000
vn 0.0038 -0.0041 -1.0000
vn 0.2673 0.9636 0.0000
vn 0.1809 0.9835 0.0000
vn 0.1813 0.9834 0.0000
vn -1.0000 0.0001 0.0001
vn -0.0000 -0.2327 -0.9726
vn -0.0000 0.9872 -0.1592
vn 0.0000 0.9690 -0.2469
vn -0.0000 0.9636 -0.2674
vn -0.0000 -0.9636 -0.2674
vn -0.0000 -0.9691 -0.2468
vn -0.0000 -0.9872 -0.1592
vn 0.9726 -0.2327 0.0000
vn 0.9733 -0.2294 0.0000
vn 0.9613 -0.2754 0.0000
vn 0.9613 0.2754 0.0000
vn 0.9733 0.2294 0.0000
vn 0.9726 0.2327 0.0000
vn -0.1587 -0.1397 0.9774
vn -0.1716 -0.0767 0.9822
vn -0.1708 -0.0807 0.9820
vn -0.0000 0.2327 -0.9726
vn -1.0000 0.0003 0.0006
vn -0.0821 -0.4539 0.8873
vn -0.0720 -0.4892 0.8692
vn -0.0728 -0.4864 0.8707
vn -0.6079 -0.7940 -0.0000
vn -0.5476 -0.8367 -0.0000
vn -0.2442 0.4098 0.8789
vn 0.6724 -0.7401 -0.0000
vn 0.6198 -0.7848 -0.0000
vn 0.6196 -0.7849 -0.0000
vn 0.4827 -0.6287 0.6097
vn 0.5329 -0.6020 0.5946
vn 0.9614 0.2753 0.0000
vn 0.9999 0.0116 -0.0001
vn 1.0000 0.0000 -0.0001
vn 0.9999 0.0113 -0.0001
vn -0.2383 0.9047 0.3531
vn -0.2385 0.9039 0.3550
vn -0.2318 0.9264 0.2968
vn -0.6079 0.7940 -0.0000
vn -0.5476 0.8367 -0.0000
vn -0.1102 0.9306 -0.3489
vn -0.1097 0.9300 -0.3508
vn -0.1161 0.9383 -0.3257
vn 0.0000 0.7625 0.6470
vn -0.1933 0.9803 0.0397
vn -0.1931 0.9804 0.0387
vn -0.1961 0.9790 0.0558
vn -0.6623 0.7493 -0.0000
vn -0.7110 0.7032 -0.0000
vn -0.2057 0.9720 0.1134
vn -0.2051 0.9725 0.1101
vn -0.2149 0.9612 0.1728
vn -0.2420 0.8895 0.3877
vn -0.2418 0.8901 0.3863
vn -0.2463 0.8671 0.4329
vn -0.9077 -0.4197 -0.0000
vn -0.8844 -0.4668 -0.0000
vn 0.5613 0.8276 0.0000
vn 0.6198 0.7848 0.0000
vn 0.6196 0.7849 0.0000
vn 0.4289 0.6525 0.6247
vn 0.4827 0.6287 0.6097
vn -0.4812 -0.8766 -0.0000
vn -0.9660 -0.1824 -0.1830
vn -1.0000 0.0003 0.0003
vn -0.0870 0.8956 -0.4362
vn -0.0858 0.8936 -0.4405
vn -0.1010 0.9175 -0.3847
vn 0.8834 -0.1249 0.4516
vn 0.8901 -0.0834 0.4481
vn 0.9958 -0.0918 -0.0000
vn 0.9905 -0.1376 -0.0000
vn 0.9905 -0.1377 -0.0000
vn -0.9280 0.3727 -0.0000
vn -0.9454 0.3259 -0.0000
vn 0.0000 0.7172 0.6969
vn 0.0000 -0.7172 0.6969
vn 0.4964 -0.8681 -0.0000
vn 0.5610 -0.8278 -0.0000
vn 0.5613 -0.8276 -0.0000
vn 0.0029 0.0032 -1.0000
vn 0.0031 0.0034 -1.0000
vn -0.9077 0.4197 -0.0000
vn -0.8844 0.4668 -0.0000
vn 0.0000 0.3906 0.9206
vn 0.0000 -0.3906 0.9206
vn -0.9989 -0.0465 -0.0000
vn -0.9989 -0.0466 -0.0000
vn -0.9957 -0.0931 -0.0000
vn -0.8577 -0.5141 -0.0000
vn 0.0000 -0.3443 0.9388
vn 0.0000 0.3444 0.9388
vn 0.7063 -0.0002 -0.7080
vn 0.7067 -0.0002 -0.7075
vn -0.0000 0.7940 -0.6079
vn -0.0000 0.7493 -0.6623
vn -0.0000 0.7402 -0.6723
vn -0.0000 -0.7402 -0.6724
vn -0.0000 -0.7493 -0.6623
vn -0.0000 -0.7940 -0.6079
vn -0.3535 0.8660 -0.3535
vn -0.1830 -0.0173 0.9830
vn -0.9657 -0.1835 -0.1835
vn 0.2469 0.9691 0.0000
vn 0.1592 0.9872 0.0000
vn 0.1810 0.9835 0.0000
vn 0.1810 -0.9835 0.0000
vn 0.1592 -0.9872 0.0000
vn 0.2469 -0.9690 0.0000
vn -0.2368 0.9101 0.3399
vn -0.9989 0.0466 -0.0000
vn -0.9989 0.0465 -0.0000
vn -0.9957 0.0931 -0.0000
vn -0.9902 -0.1396 -0.0000
vn 0.0000 0.9509 0.3094
vn 0.0229 0.9997 -0.0000
vn 0.0916 0.9958 0.0000
vn -0.1021 -0.3803 0.9192
vn -0.2442 0.8789 0.4098
vn -0.0705 -0.4943 0.8664
vn -0.2577 0.6159 0.7445
vn -0.2587 0.6613 0.7041
vn -0.2587 0.6611 0.7043
vn -0.1825 -0.0196 0.9830
vn -1.0000 0.0000 -0.0001
vn -1.0000 -0.0002 -0.0003
vn -0.0079 -0.6860 0.7276
vn 0.0079 -0.7276 0.6859
vn 0.0066 -0.7242 0.6895
vn 0.8877 0.4604 0.0000
vn 0.9103 0.4139 -0.0000
vn 0.9103 0.4140 0.0000
vn 0.7604 0.4019 0.5102
vn 0.7866 0.3643 0.4986
vn 0.6079 -0.7940 0.0000
vn 0.6197 -0.7849 0.0000
vn 0.5611 -0.8277 0.0000
vn 0.5611 0.8277 0.0000
vn 0.6197 0.7849 0.0000
vn 0.6079 0.7940 0.0000
vn 0.8325 -0.5540 -0.0000
vn 0.7993 -0.6010 -0.0000
vn 0.7992 -0.6011 -0.0000
vn 0.6623 -0.5088 0.5499
vn 0.6984 -0.4744 0.5359
vn -0.0002 0.7076 -0.7066
vn -0.0010 0.7099 -0.7043
vn 0.0124 0.6818 -0.7314
vn -0.9631 -0.1900 -0.1904
vn -0.7056 0.0654 -0.7056
vn 0.5476 0.8367 0.0000
vn 0.4812 0.8766 0.0000
vn 0.4965 0.8680 0.0000
vn 0.0031 -0.0033 -1.0000
vn 0.0029 -0.0031 -1.0000
vn 0.5610 0.8278 0.0000
vn 0.4964 0.8681 0.0000
vn 0.4967 0.8679 0.0000
vn 0.4965 -0.8680 0.0000
vn 0.4812 -0.8766 0.0000
vn 0.5476 -0.8367 0.0000
vn -0.2319 0.2978 0.9260
vn -0.2376 0.3467 0.9074
vn -0.2374 0.3451 0.9081
vn -0.7059 0.0574 -0.7059
vn 0.7059 0.0574 0.7059
vn 0.3928 0.8315 0.3928
vn 0.3929 -0.8315 0.3929
vn -0.3928 0.8315 -0.3928
vn -0.3929 -0.8315 -0.3929
vn -0.2577 0.6155 0.7448
vn -0.2425 0.3929 0.8870
vn 0.8618 -0.5073 0.0000
vn 0.8877 -0.4605 -0.0000
vn 0.8877 -0.4604 -0.0000
vn 0.0017 0.0017 -1.0000
vn 0.0018 0.0019 -1.0000
vn -0.0000 0.6944 -0.7196
vn -0.0000 -0.6944 -0.7196
vn 0.9077 -0.4197 0.0000
vn 0.9103 -0.4139 0.0000
vn 0.8877 -0.4605 0.0000
vn 0.8877 0.4605 0.0000
vn 0.9103 0.4139 0.0000
vn 0.9077 0.4197 0.0000
vn -0.0000 -0.3676 -0.9300
vn -0.0000 -0.3727 -0.9280
vn -0.0000 -0.4196 -0.9077
vn -0.0000 0.4196 -0.9077
vn -0.0000 0.3727 -0.9279
vn -0.0000 0.3676 -0.9300
vn -0.2585 0.6488 0.7157
vn -0.2588 0.6855 0.6805
vn 0.1205 -0.7158 0.6879
vn 0.1857 -0.7116 0.6776
vn 0.2677 -0.9635 -0.0000
vn 0.1813 -0.9834 -0.0000
vn 0.1809 -0.9835 -0.0000
vn -0.2240 0.2370 0.9453
vn -0.7057 -0.0628 -0.7057
vn 0.7057 -0.0628 0.7057
vn 0.8844 0.4668 0.0000
vn 0.8577 0.5141 0.0000
vn 0.8618 0.5072 0.0000
vn 0.8618 -0.5072 0.0000
vn 0.8577 -0.5141 0.0000
vn 0.8844 -0.4668 0.0000
vn 0.0019 -0.0018 -1.0000
vn 0.0018 -0.0017 -1.0000
vn 0.8618 0.5073 0.0000
vn 0.8619 0.5071 0.0000
vn -0.0322 0.7865 -0.6167
vn -0.0000 0.3214 -0.9469
vn -0.0000 -0.3214 -0.9469
vn 0.0000 -0.9509 0.3094
vn 0.0000 -0.9214 0.3887
vn 0.0009 0.0004 -1.0000
vn 0.0010 0.0006 -1.0000
vn -0.0550 0.8361 -0.5458
vn -0.0563 0.8387 -0.5417
vn -0.0406 0.8055 -0.5912
vn -0.1840 -0.0116 0.9829
vn 0.3928 -0.8315 0.3928
vn -0.3928 -0.8315 -0.3928
vn 0.2673 -0.9636 -0.0000
vn 0.0038 0.0041 -1.0000
vn 0.0041 0.0045 -1.0000
vn -0.0000 0.9370 -0.3494
vn -0.0000 -0.9370 -0.3494
vn 0.8741 0.1660 0.4565
vn 0.8834 0.1249 0.4516
vn 0.9830 0.1835 -0.0000
vn 0.9905 0.1377 -0.0000
vn 0.1140 -0.9869 0.1140
vn 0.7071 0.0004 -0.7071
vn 0.7071 0.0002 -0.7071
vn 0.7071 -0.0003 -0.7071
vn -0.1118 -0.3426 0.9328
vn -0.0000 0.9744 0.2250
vn -0.0829 -0.4510 0.8887
vn 0.9957 0.0931 0.0000
vn 0.9902 0.1396 0.0000
vn 0.9905 -0.1377 0.0000
vn 0.9902 -0.1396 0.0000
vn 0.9957 -0.0931 0.0000
vn 0.0000 -0.1147 0.9934
vn 0.0000 0.1147 0.9934
vn -0.1951 0.9795 0.0502
vn -0.0315 -0.6187 0.7850
vn -0.0421 -0.5865 0.8089
vn -0.0413 -0.5891 0.8070
vn 0.9958 0.0918 -0.0000
vn 0.0011 -0.0006 -1.0000
vn 0.0010 -0.0004 -1.0000
vn -0.1453 0.9686 -0.2019
vn -0.1443 0.9678 -0.2062
vn -0.1578 0.9769 -0.1439
vn 0.2677 0.9635 0.0000
vn 0.3496 0.9369 0.0000
vn 0.3492 0.9370 -0.0000
vn 0.1857 0.7116 0.6776
vn 0.2498 0.7029 0.6659
vn 0.7056 0.0654 0.7056
vn -0.0687 -0.9976 -0.0000
vn 0.9830 -0.1835 0.0000
vn 0.9830 0.1835 0.0000
vn -0.1313 0.9558 -0.2629
vn -0.1592 0.9872 -0.0000
vn -0.0687 0.9976 -0.0000
vn 0.0000 -0.9906 0.1367
vn -0.4087 -0.9127 -0.0000
vn -0.0000 0.9990 0.0458
vn 0.0000 0.9439 -0.3304
vn -0.0000 -0.9438 -0.3304
vn 0.0000 0.8063 0.5915
vn -0.0000 -0.8063 0.5915
vn 0.8622 -0.2067 0.4626
vn 0.8741 -0.1660 0.4565
vn 0.9830 -0.1835 -0.0000
vn 0.9733 -0.2294 -0.0000
vn 0.1140 0.9869 0.1140
vn -0.2584 0.7206 0.6434
vn -0.6623 -0.7493 -0.0000
vn 0.0000 0.8480 0.5300
vn -0.0000 -0.8480 0.5300
vn 0.0000 0.6243 0.7812
vn 0.0000 -0.6243 0.7812
vn -0.8274 -0.5616 -0.0000
vn -0.9825 -0.1861 -0.0000
vn -0.8944 0.1336 -0.4268
vn 0.0000 -0.6710 0.7415
vn 0.0000 0.6710 0.7415
vn -0.0000 0.9906 0.1367
vn -0.9280 -0.3727 -0.0000
vn 0.0000 0.0688 0.9976
vn 0.0000 -0.0688 0.9976
vn 0.0000 -0.4370 0.8995
vn 0.0000 0.4370 0.8995
vn -0.9999 -0.0115 -0.0000
vn 0.0000 0.2523 0.9677
vn 0.0000 -0.2523 0.9676
vn 0.0000 -0.4837 0.8753
vn 0.0000 0.4836 0.8753
vn 0.0000 -0.2983 0.9545
vn 0.0000 0.2983 0.9545
vn -0.2310 0.9284 0.2909
vn -0.2308 0.9291 0.2889
vn -0.2367 0.9108 0.3382
vn -0.0000 -0.0918 -0.9958
vn -0.0000 -0.0931 -0.9957
vn -0.0000 -0.1396 -0.9902
vn -0.0000 0.1396 -0.9902
vn -0.0000 0.0931 -0.9957
vn -0.0000 0.0918 -0.9958
vn -0.1313 -0.2629 0.9558
vn -0.1453 -0.2019 0.9686
vn -0.1443 -0.2062 0.9678
vn -0.1578 -0.1439 0.9769
vn -0.2240 0.9453 0.2370
vn -0.2237 0.9461 0.2343
vn -0.2315 0.9272 0.2945
vn -0.2153 0.9606 0.1757
vn -0.2383 0.3531 0.9047
vn -0.2315 0.2945 0.9272
vn -0.2318 0.2968 0.9264
vn -0.1303 0.9548 -0.2673
vn -0.2385 0.3550 0.9039
vn -0.0717 0.8687 -0.4900
vn -0.0718 -0.4900 0.8687
vn -0.0870 -0.4362 0.8956
vn -0.0858 -0.4405 0.8936
vn -0.1010 -0.3847 0.9175
vn -0.2491 0.8491 0.4658
vn -0.2490 0.8498 0.4645
vn -0.2529 0.8177 0.5171
vn -0.2443 0.8781 0.4114
vn -0.2558 0.5675 0.7826
vn -0.2529 0.5171 0.8177
vn -0.2530 0.5181 0.8171
vn -0.2558 0.5681 0.7822
vn -0.0092 -0.6824 0.7310
vn -0.0250 -0.6379 0.7697
vn -0.0237 -0.6417 0.7666
vn -0.0394 -0.5950 0.8028
vn 0.4967 -0.8679 -0.0000
vn 0.3719 -0.6731 0.6393
vn 0.4289 -0.6525 0.6247
vn -0.2587 0.7043 0.6611
vn -0.2587 0.7041 0.6613
vn 0.4261 0.9047 0.0000
vn 0.3121 0.6900 0.6531
vn 0.3719 0.6731 0.6393
vn 0.7071 -0.0004 -0.7071
vn 0.7071 0.0018 -0.7071
vn 0.0913 -0.9958 0.0000
vn 0.0913 0.9958 0.0000
vn 0.4087 0.9127 0.0000
vn 0.0035 -0.0038 -1.0000
vn 0.0033 -0.0036 -1.0000
vn 0.4258 0.9048 0.0000
vn 0.4087 -0.9127 0.0000
vn 0.7197 -0.6943 -0.0000
vn 0.5797 -0.5729 0.5794
vn 0.6228 -0.5417 0.5644
vn -0.1351 0.9597 -0.2465
vn -0.1347 0.9593 -0.2484
vn -0.1396 0.9638 -0.2270
vn 0.3929 0.8315 0.3929
vn 0.0256 -0.7139 0.6998
vn 0.0548 -0.7154 0.6966
vn 0.0916 -0.9958 0.0000
vn 0.6724 0.7402 0.0000
vn 0.5329 0.6020 0.5946
vn 0.5797 0.5729 0.5794
vn 0.4258 -0.9048 -0.0000
vn 0.0033 0.0036 -1.0000
vn 0.0035 0.0039 -1.0000
vn -0.0000 0.7849 -0.6196
vn -0.0000 0.8277 -0.5611
vn -0.0000 0.8367 -0.5476
vn -0.0000 -0.8367 -0.5476
vn -0.0000 -0.8277 -0.5611
vn -0.0000 -0.7849 -0.6196
vn -0.2018 0.0896 0.9753
vn -0.1927 0.0363 0.9806
vn -0.1932 0.0394 0.9804
vn 0.7310 -0.4387 0.5226
vn 0.7604 -0.4019 0.5102
vn 0.8619 -0.5071 0.0000
vn 0.4259 -0.9048 0.0000
vn 0.4259 0.9048 0.0000
vn 0.0027 -0.0029 -1.0000
vn 0.0025 -0.0027 -1.0000
vn 0.6723 0.7403 0.0000
vn 0.6622 0.7493 0.0000
vn 0.6622 -0.7493 0.0000
vn -0.0218 0.7622 -0.6470
vn -0.0209 0.7601 -0.6495
vn -0.0313 0.7846 -0.6193
vn -0.1832 -0.0161 0.9829
vn 0.9470 -0.3213 -0.0000
vn 0.8300 -0.2867 0.4784
vn 0.8475 -0.2470 0.4699
vn -0.4305 0.7933 -0.4305
vn 0.6984 0.4744 0.5359
vn 0.7310 0.4387 0.5226
vn 0.8325 0.5540 0.0000
vn -0.0000 0.8766 -0.4812
vn -0.0000 -0.8766 -0.4812
vn 0.7070 0.0011 -0.7072
vn 0.8098 0.3258 0.4879
vn 0.8300 0.2867 0.4784
vn 0.9300 0.3675 -0.0000
vn -0.0705 0.8664 -0.4943
vn -0.1990 0.9773 0.0729
vn -0.1991 0.9772 0.0738
vn -0.1962 0.9789 0.0568
vn -0.2577 0.7445 0.6159
vn 0.6723 -0.7403 -0.0000
vn 0.0025 0.0028 -1.0000
vn 0.0027 0.0030 -1.0000
vn -0.2317 0.2960 0.9267
vn -0.2252 0.2457 0.9428
vn -0.2255 0.2478 0.9422
vn -0.0000 0.6011 -0.7992
vn -0.0000 0.6479 -0.7617
vn -0.0000 0.6564 -0.7545
vn -0.0000 -0.6563 -0.7545
vn -0.0000 -0.6479 -0.7617
vn -0.0000 -0.6011 -0.7992
vn -0.2184 0.1968 0.9558
vn 0.8274 -0.5616 0.0000
vn 0.8274 0.5616 0.0000
vn 0.8324 0.5542 -0.0000
vn 0.0021 -0.0022 -1.0000
vn 0.0020 -0.0020 -1.0000
vn 0.6723 -0.7403 0.0000
vn -0.2276 0.9373 0.2639
vn -0.2506 0.4844 0.8382
vn -0.2469 0.4394 0.8637
vn -0.2470 0.4406 0.8631
vn -0.2426 0.3943 0.8864
vn -0.2502 0.8413 0.4791
vn -0.2501 0.8419 0.4782
vn -0.2532 0.8146 0.5219
vn -0.0000 0.7032 -0.7110
vn -0.0000 -0.7032 -0.7110
vn -0.2464 0.8665 0.4341
vn -0.0000 0.9835 -0.1810
vn -0.0000 0.9958 -0.0913
vn -0.0000 0.9976 -0.0687
vn -0.0000 -0.9976 -0.0687
vn -0.0000 -0.9958 -0.0913
vn -0.0000 -0.9835 -0.1810
vn -0.0000 0.0459 -0.9989
vn -0.2585 0.6487 0.7158
vn -0.2576 0.6101 0.7493
vn -0.2576 0.6104 0.7490
vn -0.2559 0.5703 0.7805
vn -0.0000 0.4139 -0.9103
vn -0.0000 0.4605 -0.8877
vn -0.0000 0.4668 -0.8844
vn -0.0000 -0.4668 -0.8844
vn -0.0000 -0.4605 -0.8877
vn -0.0000 -0.4139 -0.9103
vn -0.0000 -0.0459 -0.9989
vn 0.8324 -0.5542 -0.0000
vn 0.0019 0.0020 -1.0000
vn 0.0021 0.0022 -1.0000
vn 0.9300 0.3676 -0.0000
vn 0.0017 -0.0015 -1.0000
vn 0.0016 -0.0014 -1.0000
vn 0.9280 0.3727 0.0000
vn 0.9280 -0.3727 0.0000
vn 0.8901 0.0834 0.4481
vn 0.8946 0.0325 0.4456
vn 0.9958 0.0918 0.0000
vn 0.9989 0.0462 0.0000
vn 0.9990 0.0457 -0.0000
vn 0.9825 0.1861 0.0000
vn 0.9830 0.1836 0.0000
vn 0.0013 -0.0009 -1.0000
vn 0.0012 -0.0007 -1.0000
vn 0.9825 -0.1861 0.0000
vn 0.8324 -0.5541 0.0000
vn 0.8324 0.5541 0.0000
vn -0.0000 0.2294 -0.9733
vn -0.0000 0.2754 -0.9613
vn -0.0000 0.2792 -0.9602
vn -0.0000 -0.2792 -0.9602
vn -0.0000 -0.2754 -0.9613
vn -0.0000 -0.2294 -0.9733
vn -0.0000 -0.5141 -0.8577
vn -0.0000 0.5141 -0.8577
vn 0.0011 0.0008 -1.0000
vn 0.0012 0.0009 -1.0000
vn 0.9830 -0.1836 -0.0000
vn 0.9300 -0.3676 -0.0000
vn 0.0015 0.0014 -1.0000
vn 0.0016 0.0016 -1.0000
vn -0.0000 -0.3259 -0.9454
vn -0.0000 0.3259 -0.9454
vn 0.9300 0.3676 0.0000
vn 0.9300 -0.3676 0.0000
vn 0.7056 -0.0653 0.7056
vn -0.7056 -0.0653 -0.7056
vn -0.1673 -0.0982 0.9810
vn -0.1755 -0.0564 0.9829
vn -0.1750 -0.0590 0.9828
vn -0.2584 0.7205 0.6435
vn -0.2574 0.7536 0.6049
vn 0.9990 0.0457 0.0000
vn 0.9990 -0.0457 0.0000
vn 0.9958 -0.0918 0.0000
vn -0.1667 -0.1009 0.9808
vn 0.7072 -0.0001 -0.7071
vn -0.1316 -0.2615 0.9562
vn -0.1409 -0.2214 0.9649
vn -0.1402 -0.2243 0.9644
vn -0.1309 -0.2644 0.9555
vn -0.0929 -0.4148 0.9052
vn -0.1028 -0.3777 0.9202
vn -0.1020 -0.3805 0.9191
vn -0.0921 -0.4176 0.9039
vn 0.0000 -0.0229 0.9997
vn 0.0000 0.0229 0.9997
vn -0.0524 -0.5541 0.8308
vn -0.0627 -0.5207 0.8514
vn -0.0618 -0.5235 0.8498
vn -0.0516 -0.5568 0.8290
vn -0.0114 0.7366 -0.6762
vn 0.0000 -0.9990 0.0458
vn -0.1945 0.9798 0.0467
vn -0.1290 0.9535 -0.2725
vn -0.2051 0.1101 0.9725
vn -0.1587 0.9774 -0.1397
vn -0.2057 0.1134 0.9720
vn -0.0000 -0.8867 0.4624
vn -0.2591 0.7170 0.6472
vn -0.0393 0.8026 -0.5952
vn -0.9999 0.0116 -0.0000
vn -0.9999 -0.0116 -0.0000
vn -0.0106 0.7344 -0.6786
vn 0.0256 0.7139 0.6998
vn 0.0912 0.9958 -0.0000
vn -0.0571 0.8403 -0.5391
vn -0.0528 0.8315 -0.5529
vn 0.0045 0.0049 -1.0000
vn 0.0912 -0.9958 -0.0000
vn -0.9999 0.0115 -0.0000
vn 0.0000 0.9990 0.0458
vn 0.0000 0.3443 0.9388
vn 0.0000 -0.3444 0.9388
vn 0.0000 -0.4836 0.8753
vn 0.0000 -0.2523 0.9677
vn 0.8946 -0.0325 0.4456
vn 0.9989 -0.0462 -0.0000
vn 0.7067 0.0000 -0.7076
vn 0.0687 -0.9976 -0.0000
vn 0.7067 -0.0000 -0.7076
vn 0.0687 0.9976 0.0000
vn -1.0000 0.0003 0.0008
vn 0.1417 0.6523 -0.7446
vn 0.0102 0.6796 -0.7335
vn 0.7069 0.0001 -0.7073
vn 0.7038 0.0010 -0.7104
vn 0.0000 -0.0115 -0.9999
vn 0.0000 -0.0110 -0.9999
vn 0.0000 -0.0460 -0.9989
vn 0.7072 -0.0004 -0.7070
vn 0.9989 0.0463 -0.0000
vn 0.7072 0.0004 -0.7070
vn 0.9989 -0.0463 -0.0000
vn -0.0027 0.0074 -1.0000
vn 0.0045 -0.0048 -1.0000
vn 0.7069 -0.0001 -0.7073
vn 0.7038 -0.0010 -0.7104
vn 0.0000 0.0460 -0.9989
vn 0.0000 0.0110 -0.9999
vn 0.0000 0.0115 -0.9999
vn -0.9663 -0.1819 -0.1820
vn -0.1901 0.9815 0.0216
vn -0.1902 0.9815 0.0226
vn -0.1870 0.9824 0.0045
vn -0.1286 0.9530 -0.2744
vn -0.1065 0.9256 -0.3633
vn -0.0028 -0.0073 -1.0000
vn 0.9990 -0.0457 -0.0000
vn 0.7071 0.0007 -0.7071
vn -0.1868 0.9824 0.0033
vn 0.7071 -0.0018 -0.7071
vn -0.0306 -0.6215 0.7828
vn 0.2446 0.9383 0.2446
vn 0.2446 -0.9383 0.2446
vn 0.4005 -0.8242 0.4005
vn -0.5296 0.6627 -0.5296
vn -0.9531 -0.2914 -0.0816
vn -0.9678 -0.1777 -0.1785
vn -0.9444 -0.0516 -0.3246
vn -0.9679 -0.1772 -0.1781
vn -0.2004 0.9763 0.0814
vn -0.1399 0.9641 -0.2259
vn -0.9603 -0.1967 -0.1976
vn 0.7070 0.0003 -0.7072
vn -0.1415 0.9655 -0.2187
vn 0.7072 -0.0003 -0.7071
vn 0.7072 -0.0002 -0.7071
vn -0.1415 0.9655 -0.2188
vn 0.7071 -0.0022 -0.7071
vn 0.5547 0.0000 0.8321
vn -0.9954 0.0680 0.0682
vn -0.9677 -0.1777 -0.1786
# 1439 vertex normals

o v8_FRONT
g v8_FRONT
f 1//1 2//1 3//2 
f 4//1 5//1 6//1 
f 7//2 8//2 5//1 
f 9//2 2//1 1//1 
f 10//2 11//1 8//2 
f 12//1 13//2 9//2 
f 14//2 15//2 10//2 
f 15//2 16//2 10//2 
f 16//2 17//2 10//2 
f 17//2 18//2 10//2 
f 18//2 19//2 10//2 
f 19//2 20//2 10//2 
f 20//2 21//2 10//2 
f 21//2 22//2 10//2 
f 22//2 23//2 10//2 
f 23//2 24//2 10//2 
f 24//2 25//2 10//2 
f 25//2 26//2 10//2 
f 26//2 27//2 10//2 
f 27//2 28//2 10//2 
f 28//2 29//2 10//2 
f 29//2 30//2 10//2 
f 30//2 31//2 10//2 
f 31//2 32//2 10//2 
f 32//2 33//2 10//2 
f 33//2 34//2 10//2 
f 34//2 35//2 10//2 
f 35//2 36//2 10//2 
f 36//2 37//2 10//2 
f 37//2 38//1 10//2 
f 38//1 11//1 10//2 
f 39//1 40//1 12//1 
f 40//1 41//1 12//1 
f 41//1 42//1 12//1 
f 42//1 43//1 12//1 
f 43//1 44//1 12//1 
f 44//1 45//1 12//1 
f 45//1 46//1 12//1 
f 46//1 47//1 12//1 
f 47//1 48//1 12//1 
f 48//1 49//1 12//1 
f 49//1 50//1 12//1 
f 50//1 51//1 12//1 
f 51//1 52//1 12//1 
f 52//1 53//1 12//1 
f 53//1 54//1 12//1 
f 54//1 55//1 12//1 
f 55//1 56//1 12//1 
f 56//1 57//1 12//1 
f 57//1 58//1 12//1 
f 58//1 59//1 12//1 
f 59//1 60//1 12//1 
f 60//1 61//1 12//1 
f 61//1 62//1 12//1 
f 62//1 63//1 12//1 
f 63//1 13//2 12//1 
f 6//1 64//2 65//2 
f 64//2 66//2 65//2 
f 66//2 67//2 65//2 
f 67//2 68//2 65//2 
f 68//2 69//2 65//2 
f 69//2 70//2 65//2 
f 70//2 71//2 65//2 
f 71//2 72//2 65//2 
f 72//2 73//2 65//2 
f 73//2 74//2 65//2 
f 74//2 75//2 65//2 
f 75//2 76//2 65//2 
f 76//2 77//2 65//2 
f 77//2 78//2 65//2 
f 78//2 79//2 65//2 
f 79//2 80//2 65//2 
f 80//2 81//2 65//2 
f 81//2 82//2 65//2 
f 82//2 83//2 65//2 
f 83//2 84//2 65//2 
f 84//2 85//2 65//2 
f 85//2 86//2 65//2 
f 86//2 87//2 65//2 
f 87//2 88//2 65//2 
f 88//2 89//2 65//2 
f 3//2 90//2 91//1 
f 90//2 92//1 91//1 
f 92//1 93//1 91//1 
f 93//1 94//1 91//1 
f 94//1 95//1 91//1 
f 95//1 96//1 91//1 
f 96//1 97//1 91//1 
f 97//1 98//1 91//1 
f 98//1 99//1 91//1 
f 99//1 100//1 91//1 
f 100//1 101//1 91//1 
f 101//1 102//1 91//1 
f 102//1 103//1 91//1 
f 103//1 104//1 91//1 
f 104//1 105//1 91//1 
f 105//1 106//1 91//1 
f 106//1 107//1 91//1 
f 107//1 108//1 91//1 
f 108//1 109//1 91//1 
f 109//1 110//1 91//1 
f 110//1 111//1 91//1 
f 111//1 112//1 91//1 
f 112//1 113//1 91//1 
f 113//1 114//1 91//1 
f 114//1 115//1 91//1 
f 116//2 117//2 118//2 
f 118//2 119//2 116//2 
f 120//1 121//1 122//1 
f 123//2 124//2 125//2 
f 125//2 126//2 123//2 
f 119//2 118//2 124//2 
f 14//3 127//4 128//4 
f 3//5 2//6 129//6 
f 6//7 5//8 130//8 
f 5//8 8//8 131//8 
f 132//9 89//10 133//10 
f 2//6 9//6 134//6 
f 116//11 115//12 135//12 
f 39//13 126//14 136//14 
f 8//8 11//15 137//16 
f 9//6 13//17 138//17 
f 15//18 14//3 139//3 
f 16//19 15//18 140//18 
f 17//20 16//19 141//19 
f 18//21 17//20 142//20 
f 19//22 18//21 143//21 
f 20//23 19//22 144//22 
f 21//24 20//23 145//23 
f 22//25 21//24 146//24 
f 23//26 22//25 147//25 
f 24//27 23//26 148//26 
f 25//28 24//27 149//27 
f 26//29 25//28 150//28 
f 27//30 26//29 151//29 
f 28//31 27//30 152//30 
f 29//32 28//31 153//31 
f 30//33 29//32 154//32 
f 31//34 30//33 155//33 
f 32//35 31//34 156//34 
f 33//36 32//35 157//35 
f 34//37 33//36 158//36 
f 35//38 34//37 159//37 
f 36//39 35//38 160//38 
f 37//40 36//39 161//39 
f 38//41 37//40 162//42 
f 11//15 38//41 163//41 
f 40//43 39//13 164//13 
f 41//44 40//43 165//43 
f 42//45 41//44 166//44 
f 43//46 42//45 167//45 
f 44//47 43//46 168//46 
f 45//48 44//47 169//47 
f 46//49 45//48 170//48 
f 47//50 46//49 171//49 
f 48//51 47//50 172//50 
f 49//52 48//51 173//51 
f 50//53 49//52 174//52 
f 51//54 50//53 175//53 
f 52//55 51//54 176//54 
f 53//56 52//55 177//55 
f 54//57 53//56 178//56 
f 55//58 54//57 179//57 
f 56//59 55//58 180//58 
f 57//60 56//59 181//59 
f 58//61 57//60 182//60 
f 59//62 58//61 183//61 
f 60//63 59//62 184//62 
f 61//64 60//63 185//63 
f 62//65 61//64 186//64 
f 63//66 62//65 187//65 
f 13//17 63//66 188//66 
f 64//67 6//7 189//7 
f 66//68 64//67 190//67 
f 67//69 66//68 191//68 
f 68//70 67//69 192//69 
f 69//71 68//70 193//70 
f 70//72 69//71 194//71 
f 71//73 70//72 195//72 
f 72//74 71//73 196//73 
f 73//75 72//74 197//74 
f 74//76 73//75 198//75 
f 75//77 74//76 199//76 
f 76//78 75//77 200//77 
f 77//79 76//78 201//78 
f 78//80 77//79 202//79 
f 79//81 78//80 203//80 
f 80//82 79//81 204//81 
f 81//83 80//82 205//82 
f 82//84 81//83 206//83 
f 83//85 82//84 207//84 
f 84//86 83//85 208//85 
f 85//87 84//86 209//86 
f 86//88 85//87 210//87 
f 87//89 86//88 211//88 
f 88//90 87//89 212//89 
f 89//10 88//90 213//90 
f 90//91 3//5 214//5 
f 92//92 90//91 215//91 
f 93//93 92//92 216//94 
f 94//95 93//93 217//93 
f 95//96 94//95 218//95 
f 96//97 95//96 219//96 
f 97//98 96//97 220//97 
f 98//99 97//98 221//98 
f 99//100 98//99 222//99 
f 100//101 99//100 223//100 
f 101//102 100//101 224//101 
f 102//103 101//102 225//102 
f 103//104 102//103 226//103 
f 104//105 103//104 227//104 
f 105//106 104//105 228//105 
f 106//107 105//106 229//106 
f 107//108 106//107 230//107 
f 108//109 107//108 231//108 
f 109//110 108//109 232//109 
f 110//111 109//110 233//110 
f 111//112 110//111 234//111 
f 112//113 111//112 235//112 
f 113//114 112//113 236//113 
f 114//115 113//114 237//114 
f 115//12 114//115 238//115 
f 127//4 239//4 128//4 
f 126//14 125//116 136//14 
f 118//6 117//6 240//6 
f 239//8 122//8 241//8 
f 122//8 121//8 242//8 
f 121//8 243//8 244//8 
f 125//6 124//6 245//6 
f 124//6 118//6 246//6 
f 243//9 132//9 247//117 
f 117//118 116//11 248//11 
f 249//119 250//120 251//121 
f 252//122 251//121 253//123 
f 254//124 253//123 255//125 
f 256//126 255//125 257//127 
f 258//128 257//127 259//129 
f 260//130 259//129 261//131 
f 262//132 261//131 263//133 
f 264//134 263//133 265//135 
f 266//136 265//135 267//137 
f 268//138 267//137 269//139 
f 270//140 269//139 271//141 
f 272//142 271//141 273//143 
f 274//144 273//143 275//145 
f 276//146 275//145 277//147 
f 278//148 277//147 279//149 
f 280//150 279//149 281//151 
f 282//152 281//151 283//153 
f 283//153 284//154 285//155 
f 284//154 286//156 287//157 
f 286//156 288//158 289//159 
f 288//158 290//160 291//161 
f 290//160 292//162 293//163 
f 292//162 294//164 295//165 
f 251//166 250//167 296//168 
f 296//168 297//169 251//166 
f 253//170 251//166 297//169 
f 297//169 298//171 253//170 
f 255//172 253//170 298//171 
f 298//171 299//173 255//172 
f 257//174 255//172 299//173 
f 299//173 300//175 257//174 
f 259//176 257//174 300//175 
f 300//175 301//177 259//176 
f 261//178 259//176 301//177 
f 301//177 302//179 261//178 
f 263//180 261//178 302//179 
f 302//179 303//181 263//180 
f 265//182 263//180 303//181 
f 303//181 304//183 265//182 
f 267//184 265//182 304//183 
f 304//183 305//185 267//184 
f 269//186 267//184 305//185 
f 305//185 306//187 269//186 
f 271//188 269//186 306//187 
f 306//187 307//189 271//188 
f 273//190 271//188 307//189 
f 307//189 308//191 273//190 
f 275//192 273//190 308//191 
f 308//191 309//193 275//192 
f 277//194 275//192 309//193 
f 309//193 310//195 277//194 
f 279//196 277//194 310//195 
f 310//195 311//197 279//196 
f 281//198 279//196 311//197 
f 311//197 312//199 281//198 
f 283//200 281//198 312//199 
f 312//199 313//201 283//200 
f 284//202 283//200 313//201 
f 313//201 314//203 284//202 
f 286//204 284//202 314//203 
f 314//203 315//205 286//204 
f 288//206 286//204 315//205 
f 315//205 316//207 288//206 
f 290//208 288//206 316//207 
f 316//207 317//209 290//208 
f 292//210 290//208 317//209 
f 317//209 318//211 292//210 
f 294//212 292//210 318//211 
f 318//211 319//213 294//212 
f 250//167 320//214 296//168 
f 321//215 322//216 323//217 
f 324//218 321//215 325//219 
f 326//220 324//218 327//221 
f 328//222 326//220 329//223 
f 330//224 328//222 331//225 
f 332//226 330//224 333//227 
f 334//228 332//226 335//229 
f 336//230 334//228 337//231 
f 338//232 336//230 339//233 
f 340//234 338//232 341//235 
f 342//236 340//234 343//237 
f 344//238 342//236 345//239 
f 346//240 344//238 347//241 
f 348//242 346//240 349//243 
f 350//244 348//242 351//245 
f 352//246 350//244 353//247 
f 354//248 352//246 355//249 
f 356//250 357//251 354//248 
f 358//252 359//253 357//251 
f 360//254 361//255 359//253 
f 362//256 363//257 361//255 
f 364//258 365//259 363//257 
f 366//260 367//261 365//259 
f 321//262 368//263 369//264 
f 369//264 322//265 321//262 
f 324//266 370//267 368//263 
f 368//263 321//262 324//266 
f 326//268 371//269 370//267 
f 370//267 324//266 326//268 
f 328//270 372//271 371//269 
f 371//269 326//268 328//270 
f 330//272 373//273 372//271 
f 372//271 328//270 330//272 
f 332//274 374//275 373//273 
f 373//273 330//272 332//274 
f 334//276 375//277 374//275 
f 374//275 332//274 334//276 
f 336//278 376//279 375//277 
f 375//277 334//276 336//278 
f 338//280 377//281 376//279 
f 376//279 336//278 338//280 
f 340//282 378//283 377//281 
f 377//281 338//280 340//282 
f 342//284 379//285 378//283 
f 378//283 340//282 342//284 
f 344//286 380//287 379//285 
f 379//285 342//284 344//286 
f 346//288 381//289 380//287 
f 380//287 344//286 346//288 
f 348//290 382//291 381//289 
f 381//289 346//288 348//290 
f 350//292 383//293 382//291 
f 382//291 348//290 350//292 
f 352//294 384//295 383//293 
f 383//293 350//292 352//294 
f 354//296 385//297 384//295 
f 384//295 352//294 354//296 
f 357//298 386//299 385//297 
f 385//297 354//296 357//298 
f 359//300 387//301 386//299 
f 386//299 357//298 359//300 
f 361//302 388//303 387//301 
f 387//301 359//300 361//302 
f 363//304 389//305 388//303 
f 388//303 361//302 363//304 
f 365//306 390//307 389//305 
f 389//305 363//304 365//306 
f 367//308 391//309 390//307 
f 390//307 365//306 367//308 
f 322//265 369//264 392//310 
f 393//311 320//312 250//120 
f 322//216 392//313 394//314 
f 294//164 395//315 396//315 
f 395//315 397//315 398//315 
f 399//316 367//261 366//260 
f 397//315 399//316 400//316 
f 395//116 294//212 319//213 
f 319//213 401//116 395//116 
f 397//116 395//116 401//116 
f 401//116 402//116 397//116 
f 367//308 399//116 403//116 
f 403//116 391//309 367//308 
f 399//116 397//116 402//116 
f 402//116 403//116 399//116 
f 127//317 14//317 404//317 
f 126//318 39//318 405//318 
f 89//317 132//317 406//317 
f 115//1 116//1 407//1 
f 297//319 296//320 408//321 
f 298//320 297//319 408//321 
f 299//319 298//320 408//321 
f 300//321 299//319 408//321 
f 301//320 300//321 408//321 
f 302//319 301//320 408//321 
f 303//319 302//319 408//321 
f 304//321 303//319 408//321 
f 305//321 304//321 408//321 
f 306//320 305//321 408//321 
f 307//319 306//320 408//321 
f 308//319 307//319 408//321 
f 309//320 308//319 408//321 
f 310//321 309//320 408//321 
f 311//319 310//321 408//321 
f 312//321 311//319 408//321 
f 313//321 312//321 408//321 
f 314//319 313//321 408//321 
f 315//319 314//319 408//321 
f 316//321 315//319 408//321 
f 317//321 316//321 408//321 
f 318//321 317//321 408//321 
f 319//321 318//321 408//321 
f 296//320 320//320 408//321 
f 402//322 401//320 409//320 
f 410//319 403//322 402//322 
f 368//321 411//321 369//322 
f 370//322 411//321 368//321 
f 371//321 411//321 370//322 
f 372//319 411//321 371//321 
f 373//322 411//321 372//319 
f 374//321 411//321 373//322 
f 375//321 411//321 374//321 
f 376//319 411//321 375//321 
f 377//319 411//321 376//319 
f 378//322 411//321 377//319 
f 379//321 411//321 378//322 
f 380//321 411//321 379//321 
f 381//322 411//321 380//321 
f 382//319 411//321 381//322 
f 383//321 411//321 382//319 
f 384//319 411//321 383//321 
f 385//319 411//321 384//319 
f 386//321 411//321 385//319 
f 387//321 411//321 386//321 
f 388//319 411//321 387//321 
f 389//319 411//321 388//319 
f 390//320 411//321 389//319 
f 391//320 411//321 390//320 
f 411//321 392//322 369//322 
f 409//320 401//320 319//321 
f 391//320 403//322 410//319 
f 412//323 413//323 414//323 
f 415//324 416//324 417//324 
f 418//325 415//325 419//325 
f 420//326 418//326 421//326 
f 422//327 420//327 423//327 
f 424//328 422//328 425//328 
f 426//329 424//329 427//329 
f 428//330 426//330 429//330 
f 430//331 428//331 431//331 
f 432//332 430//332 433//332 
f 434//333 432//333 435//333 
f 436//334 434//334 437//334 
f 438//335 436//335 439//335 
f 440//336 438//336 441//336 
f 442//337 440//337 443//337 
f 444//338 442//338 445//338 
f 446//339 444//339 447//339 
f 448//340 446//340 449//340 
f 450//341 448//341 451//341 
f 452//342 450//342 453//342 
f 454//343 452//343 455//343 
f 456//344 454//344 457//344 
f 458//345 456//345 459//345 
f 460//346 458//346 461//346 
f 462//347 460//347 463//347 
f 413//348 462//348 464//348 
f 465//349 466//349 467//349 
f 468//350 465//350 469//350 
f 470//351 468//351 471//351 
f 472//352 470//352 473//352 
f 474//353 472//353 475//353 
f 476//354 474//354 477//354 
f 478//355 476//355 479//355 
f 480//356 478//356 481//356 
f 482//357 480//357 483//357 
f 484//358 482//358 485//358 
f 486//359 484//359 487//359 
f 488//360 486//360 489//360 
f 490//361 488//361 491//361 
f 492//362 490//362 493//362 
f 494//363 492//363 495//363 
f 496//364 494//364 497//364 
f 498//365 496//365 499//365 
f 500//366 498//366 501//366 
f 502//367 500//367 503//367 
f 504//368 502//368 505//368 
f 506//369 504//369 507//369 
f 508//370 506//370 509//370 
f 510//371 508//371 511//371 
f 512//372 510//372 513//372 
f 514//373 512//373 515//373 
f 516//374 517//374 518//374 
f 519//375 516//375 520//375 
f 521//376 519//376 522//376 
f 523//377 521//377 524//377 
f 525//378 523//378 526//378 
f 527//379 525//379 528//379 
f 529//380 527//380 530//380 
f 531//381 529//381 532//381 
f 533//382 531//382 534//382 
f 535//383 533//383 536//383 
f 537//384 535//384 538//384 
f 539//385 537//385 540//385 
f 541//386 539//386 542//386 
f 543//387 541//387 544//387 
f 545//388 543//388 546//388 
f 547//389 545//389 548//389 
f 549//390 547//390 550//390 
f 551//391 549//391 552//391 
f 553//392 551//392 554//392 
f 555//393 553//393 556//393 
f 557//394 555//394 558//394 
f 559//395 557//395 560//395 
f 561//396 559//396 562//396 
f 563//397 561//397 564//397 
f 565//398 563//398 566//398 
f 567//399 565//399 568//399 
f 569//400 412//400 570//400 
f 571//401 569//401 572//401 
f 573//402 571//402 574//402 
f 575//403 573//403 576//403 
f 577//404 575//404 578//404 
f 579//405 577//405 580//405 
f 581//406 579//406 582//406 
f 583//407 581//407 584//407 
f 585//408 583//408 586//408 
f 587//409 585//409 588//409 
f 589//410 587//410 590//410 
f 591//411 589//411 592//411 
f 593//412 591//412 594//412 
f 595//413 593//413 596//413 
f 597//414 595//414 598//414 
f 599//415 597//415 600//415 
f 601//416 599//416 602//416 
f 603//417 601//417 604//417 
f 605//418 603//418 606//418 
f 607//419 605//419 608//419 
f 609//420 607//420 610//420 
f 611//421 609//421 612//421 
f 613//422 611//422 614//422 
f 615//423 613//423 616//423 
f 617//424 615//424 618//424 
f 619//323 620//323 621//323 
f 517//424 622//424 623//424 
f 622//423 624//423 625//423 
f 624//425 626//425 627//425 
f 626//426 628//426 629//426 
f 628//427 630//427 631//427 
f 630//428 632//428 633//428 
f 632//418 634//418 635//418 
f 634//417 636//417 637//417 
f 636//416 638//416 639//416 
f 638//429 640//429 641//429 
f 640//414 642//414 643//414 
f 642//413 644//413 645//413 
f 644//412 646//412 647//412 
f 646//411 648//411 649//411 
f 648//410 650//410 651//410 
f 650//409 652//409 653//409 
f 652//408 654//408 655//408 
f 654//430 656//430 657//430 
f 656//406 658//406 659//406 
f 658//405 660//405 661//405 
f 660//404 662//404 663//404 
f 662//403 664//403 665//403 
f 664//402 666//402 667//402 
f 666//401 668//401 669//401 
f 668//400 619//400 670//400 
f 620//348 671//348 672//348 
f 671//347 673//347 674//347 
f 673//346 675//346 676//346 
f 675//345 677//345 678//345 
f 677//344 679//344 680//344 
f 679//343 681//343 682//343 
f 681//342 683//342 684//342 
f 683//431 685//431 686//431 
f 685//340 687//340 688//340 
f 687//339 689//339 690//339 
f 689//432 691//432 692//432 
f 691//337 693//337 694//337 
f 693//336 695//336 696//336 
f 695//335 697//335 698//335 
f 697//334 699//334 700//334 
f 699//433 701//433 702//433 
f 701//332 703//332 704//332 
f 703//331 705//331 706//331 
f 705//330 707//330 708//330 
f 707//329 709//329 710//329 
f 709//328 711//328 712//328 
f 711//327 713//327 714//327 
f 713//326 715//326 716//326 
f 715//325 717//325 718//325 
f 717//324 719//324 720//324 
f 721//434 722//434 723//434 
f 724//373 725//373 726//373 
f 725//372 727//372 728//372 
f 727//371 729//371 730//371 
f 729//370 731//370 732//370 
f 731//369 733//369 734//369 
f 733//368 735//368 736//368 
f 735//367 737//367 738//367 
f 737//366 739//366 740//366 
f 739//365 741//365 742//365 
f 741//364 743//364 744//364 
f 743//435 745//435 746//435 
f 745//362 747//362 748//362 
f 747//361 749//361 750//361 
f 749//360 751//360 752//360 
f 751//359 753//359 754//359 
f 753//358 755//358 756//358 
f 755//357 757//357 758//357 
f 757//436 759//436 760//436 
f 759//355 761//355 762//355 
f 761//354 763//354 764//354 
f 763//353 765//353 766//353 
f 765//352 767//352 768//352 
f 767//351 769//351 770//351 
f 769//350 771//350 772//350 
f 771//349 721//349 773//349 
f 722//399 774//399 775//399 
f 774//398 776//398 777//398 
f 776//397 778//397 779//397 
f 778//396 780//396 781//396 
f 780//395 782//395 783//395 
f 782//394 784//394 785//394 
f 784//393 786//393 787//393 
f 786//392 788//392 789//392 
f 788//391 790//391 791//391 
f 790//390 792//390 793//390 
f 792//437 794//437 795//437 
f 794//388 796//388 797//388 
f 796//387 798//387 799//387 
f 798//386 800//386 801//386 
f 800//385 802//385 803//385 
f 802//384 804//384 805//384 
f 804//383 806//383 807//383 
f 806//382 808//382 809//382 
f 808//381 810//381 811//381 
f 810//380 812//380 813//380 
f 812//379 814//379 815//379 
f 814//378 816//378 817//378 
f 816//377 818//377 819//377 
f 818//376 820//376 821//376 
f 820//375 822//375 823//375 
f 719//438 514//438 824//438 
f 466//439 567//439 825//439 
f 826//323 827//323 828//323 
f 829//440 830//440 831//440 
f 832//325 829//325 833//325 
f 834//326 832//326 835//326 
f 836//327 834//327 837//327 
f 838//328 836//328 839//328 
f 840//329 838//329 841//329 
f 842//330 840//330 843//330 
f 844//331 842//331 845//331 
f 846//332 844//332 847//332 
f 848//333 846//333 849//333 
f 850//334 848//334 851//334 
f 852//335 850//335 853//335 
f 854//336 852//336 855//336 
f 856//441 854//441 857//441 
f 858//338 856//338 859//338 
f 860//339 858//339 861//339 
f 862//340 860//340 863//340 
f 864//341 862//341 865//341 
f 866//342 864//342 867//342 
f 868//343 866//343 869//343 
f 870//344 868//344 871//344 
f 872//345 870//345 873//345 
f 874//346 872//346 875//346 
f 876//347 874//347 877//347 
f 827//348 876//348 878//348 
f 879//349 880//349 881//349 
f 882//350 879//350 883//350 
f 884//351 882//351 885//351 
f 886//352 884//352 887//352 
f 888//353 886//353 889//353 
f 890//354 888//354 891//354 
f 892//355 890//355 893//355 
f 894//436 892//436 895//436 
f 896//357 894//357 897//357 
f 898//358 896//358 899//358 
f 900//359 898//359 901//359 
f 902//360 900//360 903//360 
f 904//361 902//361 905//361 
f 906//362 904//362 907//362 
f 908//363 906//363 909//363 
f 910//364 908//364 911//364 
f 912//365 910//365 913//365 
f 914//366 912//366 915//366 
f 916//367 914//367 917//367 
f 918//368 916//368 919//368 
f 920//369 918//369 921//369 
f 922//370 920//370 923//370 
f 924//371 922//371 925//371 
f 926//372 924//372 927//372 
f 928//373 926//373 929//373 
f 930//374 617//374 931//374 
f 932//375 930//375 933//375 
f 934//376 932//376 935//376 
f 936//377 934//377 937//377 
f 938//378 936//378 939//378 
f 940//379 938//379 941//379 
f 942//380 940//380 943//380 
f 944//381 942//381 945//381 
f 946//382 944//382 947//382 
f 948//383 946//383 949//383 
f 950//384 948//384 951//384 
f 952//385 950//385 953//385 
f 954//386 952//386 955//386 
f 956//387 954//387 957//387 
f 958//388 956//388 959//388 
f 960//389 958//389 961//389 
f 962//390 960//390 963//390 
f 964//391 962//391 965//391 
f 966//392 964//392 967//392 
f 968//393 966//393 969//393 
f 970//394 968//394 971//394 
f 972//395 970//395 973//395 
f 974//396 972//396 975//396 
f 976//397 974//397 977//397 
f 978//398 976//398 979//398 
f 980//399 978//399 981//399 
f 982//400 826//400 983//400 
f 984//401 982//401 985//401 
f 986//402 984//402 987//402 
f 988//403 986//403 989//403 
f 990//404 988//404 991//404 
f 992//405 990//405 993//405 
f 994//406 992//406 995//406 
f 996//430 994//430 997//430 
f 998//408 996//408 999//408 
f 1000//409 998//409 1001//409 
f 1002//410 1000//410 1003//410 
f 1004//411 1002//411 1005//411 
f 1006//412 1004//412 1007//412 
f 1008//413 1006//413 1009//413 
f 1010//414 1008//414 1011//414 
f 1012//415 1010//415 1013//415 
f 1014//416 1012//416 1015//416 
f 1016//417 1014//417 1017//417 
f 1018//418 1016//418 1019//418 
f 1020//419 1018//419 1021//419 
f 1022//420 1020//420 1023//420 
f 1024//421 1022//421 1025//421 
f 1026//422 1024//422 1027//422 
f 1028//423 1026//423 1029//423 
f 1030//424 1028//424 1031//424 
f 880//439 980//439 1032//439 
f 822//374 1030//374 1033//374 
f 416//438 928//438 1034//438 
f 830//438 724//438 1035//438 
f 1036//442 1037//442 1038//442 
f 1039//424 1040//424 1041//424 
f 1040//423 1042//423 1043//423 
f 1042//425 1044//425 1045//425 
f 1044//426 1046//426 1047//426 
f 1046//420 1048//420 1049//420 
f 1048//428 1050//428 1051//428 
f 1050//418 1052//418 1053//418 
f 1052//417 1054//417 1055//417 
f 1054//416 1056//416 1057//416 
f 1056//415 1058//415 1059//415 
f 1058//414 1060//414 1061//414 
f 1060//413 1062//413 1063//413 
f 1062//412 1064//412 1065//412 
f 1064//411 1066//411 1067//411 
f 1066//410 1068//410 1069//410 
f 1068//409 1070//409 1071//409 
f 1070//408 1072//408 1073//408 
f 1072//407 1074//407 1075//407 
f 1074//406 1076//406 1077//406 
f 1076//405 1078//405 1079//405 
f 1078//404 1080//404 1081//404 
f 1080//403 1082//403 1083//403 
f 1082//402 1084//402 1085//402 
f 1084//401 1086//401 1087//401 
f 1086//400 1036//400 1088//400 
f 1089//399 1090//399 1091//399 
f 1090//398 1092//398 1093//398 
f 1092//397 1094//397 1095//397 
f 1094//396 1096//396 1097//396 
f 1096//395 1098//395 1099//395 
f 1098//394 1100//394 1101//394 
f 1100//393 1102//393 1103//393 
f 1102//392 1104//392 1105//392 
f 1104//391 1106//391 1107//391 
f 1106//390 1108//390 1109//390 
f 1108//389 1110//389 1111//389 
f 1110//443 1112//443 1113//443 
f 1112//387 1114//387 1115//387 
f 1114//386 1116//386 1117//386 
f 1116//385 1118//385 1119//385 
f 1118//384 1120//384 1121//384 
f 1120//383 1122//383 1123//383 
f 1122//382 1124//382 1125//382 
f 1124//381 1126//381 1127//381 
f 1126//380 1128//380 1129//380 
f 1128//444 1130//444 1131//444 
f 1130//378 1132//378 1133//378 
f 1132//377 1134//377 1135//377 
f 1134//376 1136//376 1137//376 
f 1136//375 1138//375 1139//375 
f 1140//445 1141//445 1142//445 
f 1141//373 1143//373 1144//373 
f 1143//372 1145//372 1146//372 
f 1145//371 1147//371 1148//371 
f 1147//370 1149//370 1150//370 
f 1149//446 1151//446 1152//446 
f 1151//368 1153//368 1154//368 
f 1153//447 1155//447 1156//447 
f 1155//366 1157//366 1158//366 
f 1157//365 1159//365 1160//365 
f 1159//364 1161//364 1162//364 
f 1161//363 1163//363 1164//363 
f 1163//362 1165//362 1166//362 
f 1165//361 1167//361 1168//361 
f 1167//360 1169//360 1170//360 
f 1169//359 1171//359 1172//359 
f 1171//358 1173//358 1174//358 
f 1173//357 1175//357 1176//357 
f 1175//356 1177//356 1178//356 
f 1177//355 1179//355 1180//355 
f 1179//354 1181//354 1182//354 
f 1181//353 1183//353 1184//353 
f 1183//352 1185//352 1186//352 
f 1185//351 1187//351 1188//351 
f 1187//350 1189//350 1190//350 
f 1189//349 1191//349 1192//349 
f 1037//348 1193//348 1194//348 
f 1193//347 1195//347 1196//347 
f 1195//346 1197//346 1198//346 
f 1197//345 1199//345 1200//345 
f 1199//344 1201//344 1202//344 
f 1201//343 1203//343 1204//343 
f 1203//342 1205//342 1206//342 
f 1205//341 1207//341 1208//341 
f 1207//340 1209//340 1210//340 
f 1209//339 1211//339 1212//339 
f 1211//338 1213//338 1214//338 
f 1213//441 1215//441 1216//441 
f 1215//336 1217//336 1218//336 
f 1217//335 1219//335 1220//335 
f 1219//334 1221//334 1222//334 
f 1221//333 1223//333 1224//333 
f 1223//332 1225//332 1226//332 
f 1225//331 1227//331 1228//331 
f 1227//330 1229//330 1230//330 
f 1229//448 1231//448 1232//448 
f 1231//449 1233//449 1234//449 
f 1233//450 1235//450 1236//450 
f 1235//451 1237//451 1238//451 
f 1237//325 1239//325 1240//325 
f 1239//324 1241//324 1242//324 
f 1243//442 1244//442 1245//442 
f 1246//324 1140//324 1247//324 
f 1248//325 1246//325 1249//325 
f 1250//326 1248//326 1251//326 
f 1252//327 1250//327 1253//327 
f 1254//452 1252//452 1255//452 
f 1256//329 1254//329 1257//329 
f 1258//330 1256//330 1259//330 
f 1260//331 1258//331 1261//331 
f 1262//332 1260//332 1263//332 
f 1264//433 1262//433 1265//433 
f 1266//334 1264//334 1267//334 
f 1268//335 1266//335 1269//335 
f 1270//336 1268//336 1271//336 
f 1272//441 1270//441 1273//441 
f 1274//338 1272//338 1275//338 
f 1276//339 1274//339 1277//339 
f 1278//340 1276//340 1279//340 
f 1280//431 1278//431 1281//431 
f 1282//342 1280//342 1283//342 
f 1284//343 1282//343 1285//343 
f 1286//344 1284//344 1287//344 
f 1288//345 1286//345 1289//345 
f 1290//346 1288//346 1291//346 
f 1292//347 1290//347 1293//347 
f 1244//348 1292//348 1294//348 
f 1295//400 1243//400 1296//400 
f 1297//401 1295//401 1298//401 
f 1299//402 1297//402 1300//402 
f 1301//403 1299//403 1302//403 
f 1303//404 1301//404 1304//404 
f 1305//405 1303//405 1306//405 
f 1307//406 1305//406 1308//406 
f 1309//430 1307//430 1310//430 
f 1311//408 1309//408 1312//408 
f 1313//409 1311//409 1314//409 
f 1315//453 1313//453 1316//453 
f 1317//411 1315//411 1318//411 
f 1319//412 1317//412 1320//412 
f 1321//413 1319//413 1322//413 
f 1323//414 1321//414 1324//414 
f 1325//429 1323//429 1326//429 
f 1327//416 1325//416 1328//416 
f 1329//417 1327//417 1330//417 
f 1331//454 1329//454 1332//454 
f 1333//428 1331//428 1334//428 
f 1335//420 1333//420 1336//420 
f 1337//426 1335//426 1338//426 
f 1339//425 1337//425 1340//425 
f 1341//423 1339//423 1342//423 
f 1343//424 1341//424 1344//424 
f 1345//439 1346//439 1347//439 
f 1348//375 1349//375 1350//375 
f 1351//376 1348//376 1352//376 
f 1353//377 1351//377 1354//377 
f 1355//378 1353//378 1356//378 
f 1357//444 1355//444 1358//444 
f 1359//380 1357//380 1360//380 
f 1361//381 1359//381 1362//381 
f 1363//382 1361//382 1364//382 
f 1365//383 1363//383 1366//383 
f 1367//384 1365//384 1368//384 
f 1369//455 1367//455 1370//455 
f 1371//386 1369//386 1372//386 
f 1373//387 1371//387 1374//387 
f 1375//443 1373//443 1376//443 
f 1377//389 1375//389 1378//389 
f 1379//390 1377//390 1380//390 
f 1381//391 1379//391 1382//391 
f 1383//392 1381//392 1384//392 
f 1385//393 1383//393 1386//393 
f 1387//394 1385//394 1388//394 
f 1389//395 1387//395 1390//395 
f 1391//396 1389//396 1392//396 
f 1393//397 1391//397 1394//397 
f 1395//398 1393//398 1396//398 
f 1346//399 1395//399 1397//399 
f 1398//349 1345//349 1399//349 
f 1400//350 1398//350 1401//350 
f 1402//351 1400//351 1403//351 
f 1404//352 1402//352 1405//352 
f 1406//353 1404//353 1407//353 
f 1408//354 1406//354 1409//354 
f 1410//355 1408//355 1411//355 
f 1412//356 1410//356 1413//356 
f 1414//357 1412//357 1415//357 
f 1416//358 1414//358 1417//358 
f 1418//456 1416//456 1419//456 
f 1420//360 1418//360 1421//360 
f 1422//361 1420//361 1423//361 
f 1424//362 1422//362 1425//362 
f 1426//363 1424//363 1427//363 
f 1428//364 1426//364 1429//364 
f 1430//365 1428//365 1431//365 
f 1432//457 1430//457 1433//457 
f 1434//447 1432//447 1435//447 
f 1436//368 1434//368 1437//368 
f 1438//446 1436//446 1439//446 
f 1440//370 1438//370 1441//370 
f 1442//371 1440//371 1443//371 
f 1444//372 1442//372 1445//372 
f 1446//373 1444//373 1447//373 
f 1138//458 1343//458 1448//458 
f 1191//439 1089//439 1449//439 
f 1450//442 1451//442 1452//442 
f 1453//459 1454//459 1455//459 
f 1454//423 1456//423 1457//423 
f 1456//425 1458//425 1459//425 
f 1458//426 1460//426 1461//426 
f 1460//420 1462//420 1463//420 
f 1462//428 1464//428 1465//428 
f 1464//418 1466//418 1467//418 
f 1466//417 1468//417 1469//417 
f 1468//416 1470//416 1471//416 
f 1470//415 1472//415 1473//415 
f 1472//460 1474//460 1475//460 
f 1474//413 1476//413 1477//413 
f 1476//412 1478//412 1479//412 
f 1478//411 1480//411 1481//411 
f 1480//410 1482//410 1483//410 
f 1482//409 1484//409 1485//409 
f 1484//408 1486//408 1487//408 
f 1486//407 1488//407 1489//407 
f 1488//406 1490//406 1491//406 
f 1490//405 1492//405 1493//405 
f 1492//404 1494//404 1495//404 
f 1494//403 1496//403 1497//403 
f 1496//402 1498//402 1499//402 
f 1498//401 1500//401 1501//401 
f 1500//400 1450//400 1502//400 
f 1503//399 1504//399 1505//399 
f 1504//398 1506//398 1507//398 
f 1506//397 1508//397 1509//397 
f 1508//396 1510//396 1511//396 
f 1510//395 1512//395 1513//395 
f 1512//394 1514//394 1515//394 
f 1514//393 1516//393 1517//393 
f 1516//392 1518//392 1519//392 
f 1518//391 1520//391 1521//391 
f 1520//390 1522//390 1523//390 
f 1522//389 1524//389 1525//389 
f 1524//443 1526//443 1527//443 
f 1526//387 1528//387 1529//387 
f 1528//386 1530//386 1531//386 
f 1530//385 1532//385 1533//385 
f 1532//384 1534//384 1535//384 
f 1534//383 1536//383 1537//383 
f 1536//382 1538//382 1539//382 
f 1538//381 1540//381 1541//381 
f 1540//380 1542//380 1543//380 
f 1542//444 1544//444 1545//444 
f 1544//378 1546//378 1547//378 
f 1546//377 1548//377 1549//377 
f 1548//376 1550//376 1551//376 
f 1550//375 1552//375 1553//375 
f 1241//445 1554//445 1555//445 
f 1554//373 1556//373 1557//373 
f 1556//372 1558//372 1559//372 
f 1558//371 1560//371 1561//371 
f 1560//370 1562//370 1563//370 
f 1562//446 1564//446 1565//446 
f 1564//368 1566//368 1567//368 
f 1566//461 1568//461 1569//461 
f 1568//366 1570//366 1571//366 
f 1570//365 1572//365 1573//365 
f 1572//364 1574//364 1575//364 
f 1574//363 1576//363 1577//363 
f 1576//362 1578//362 1579//362 
f 1578//361 1580//361 1581//361 
f 1580//360 1582//360 1583//360 
f 1582//359 1584//359 1585//359 
f 1584//358 1586//358 1587//358 
f 1586//357 1588//357 1589//357 
f 1588//356 1590//356 1591//356 
f 1590//355 1592//355 1593//355 
f 1592//354 1594//354 1595//354 
f 1594//353 1596//353 1597//353 
f 1596//352 1598//352 1599//352 
f 1598//351 1600//351 1601//351 
f 1600//350 1602//350 1603//350 
f 1602//349 1604//349 1605//349 
f 1451//348 1606//348 1607//348 
f 1606//347 1608//347 1609//347 
f 1608//346 1610//346 1611//346 
f 1610//345 1612//345 1613//345 
f 1612//344 1614//344 1615//344 
f 1614//343 1616//343 1617//343 
f 1616//342 1618//342 1619//342 
f 1618//341 1620//341 1621//341 
f 1620//340 1622//340 1623//340 
f 1622//339 1624//339 1625//339 
f 1624//338 1626//338 1627//338 
f 1626//441 1628//441 1629//441 
f 1628//336 1630//336 1631//336 
f 1630//335 1632//335 1633//335 
f 1632//334 1634//334 1635//334 
f 1634//333 1636//333 1637//333 
f 1636//332 1638//332 1639//332 
f 1638//331 1640//331 1641//331 
f 1640//330 1642//330 1643//330 
f 1642//448 1644//448 1645//448 
f 1644//449 1646//449 1647//449 
f 1646//450 1648//450 1649//450 
f 1648//451 1650//451 1651//451 
f 1650//325 1652//325 1653//325 
f 1652//324 1654//324 1655//324 
f 1604//439 1503//439 1656//439 
f 1654//445 1446//445 1657//445 
f 1552//458 1039//458 1658//458 
f 1349//458 1453//458 1659//458 
f 243//1 121//1 120//1 
f 120//1 132//1 243//1 
f 122//1 239//1 127//1 
f 127//1 1660//1 122//1 
f 413//462 412//2 1661//2 
f 1662//1 462//462 413//462 
f 1662//1 460//462 462//462 
f 1662//1 458//463 460//462 
f 1662//1 456//463 458//463 
f 1662//1 454//463 456//463 
f 1662//1 452//1 454//463 
f 1662//1 450//1 452//1 
f 1662//1 448//1 450//1 
f 1662//1 446//1 448//1 
f 1662//1 444//1 446//1 
f 1662//1 442//1 444//1 
f 1662//1 440//1 442//1 
f 1662//1 438//1 440//1 
f 1662//1 436//1 438//1 
f 1662//1 434//1 436//1 
f 1662//1 432//1 434//1 
f 1662//1 430//1 432//1 
f 1662//1 428//1 430//1 
f 1662//1 426//1 428//1 
f 1662//1 424//464 426//1 
f 1662//1 422//464 424//464 
f 1662//1 420//464 422//464 
f 1662//1 418//464 420//464 
f 1662//1 415//465 418//464 
f 1662//1 416//464 415//465 
f 416//464 1663//1 928//1 
f 1663//1 926//1 928//1 
f 1663//1 924//1 926//1 
f 1663//1 922//1 924//1 
f 1663//1 920//1 922//1 
f 1663//1 918//1 920//1 
f 1663//1 916//1 918//1 
f 1663//1 914//1 916//1 
f 1663//1 912//1 914//1 
f 1663//1 910//1 912//1 
f 1663//1 908//1 910//1 
f 1663//1 906//1 908//1 
f 1663//1 904//1 906//1 
f 1663//1 902//1 904//1 
f 1663//1 900//1 902//1 
f 1663//1 898//1 900//1 
f 1663//1 896//1 898//1 
f 1663//1 894//1 896//1 
f 1663//1 892//1 894//1 
f 1663//1 890//1 892//1 
f 1663//1 888//1 890//1 
f 1663//1 886//1 888//1 
f 1663//1 884//1 886//1 
f 1663//1 882//1 884//1 
f 1663//1 879//1 882//1 
f 1663//1 880//1 879//1 
f 1664//1 980//1 880//1 
f 1664//1 978//1 980//1 
f 1664//1 976//1 978//1 
f 1664//1 974//1 976//1 
f 1664//1 972//1 974//1 
f 1664//1 970//1 972//1 
f 1664//1 968//1 970//1 
f 1664//1 966//1 968//1 
f 1664//1 964//1 966//1 
f 1664//1 962//1 964//1 
f 1664//1 960//1 962//1 
f 1664//1 958//1 960//1 
f 1664//1 956//1 958//1 
f 1664//1 954//1 956//1 
f 1664//1 952//1 954//1 
f 1664//1 950//1 952//1 
f 1664//1 948//1 950//1 
f 1664//1 946//1 948//1 
f 1664//1 944//1 946//1 
f 1664//1 942//1 944//1 
f 1664//1 940//1 942//1 
f 1664//1 938//1 940//1 
f 1664//1 936//1 938//1 
f 1664//1 934//1 936//1 
f 1664//1 932//2 934//1 
f 1664//1 930//1 932//2 
f 1661//2 617//2 930//1 
f 1661//2 615//466 617//2 
f 1661//2 613//2 615//466 
f 1661//2 611//2 613//2 
f 1661//2 609//2 611//2 
f 1661//2 607//2 609//2 
f 1661//2 605//2 607//2 
f 1661//2 603//2 605//2 
f 1661//2 601//2 603//2 
f 1661//2 599//2 601//2 
f 1661//2 597//2 599//2 
f 1661//2 595//2 597//2 
f 1661//2 593//2 595//2 
f 1661//2 591//2 593//2 
f 1661//2 589//2 591//2 
f 1661//2 587//2 589//2 
f 1661//2 585//2 587//2 
f 1661//2 583//2 585//2 
f 1661//2 581//2 583//2 
f 1661//2 579//2 581//2 
f 1661//2 577//2 579//2 
f 1661//2 575//2 577//2 
f 1661//2 573//2 575//2 
f 1661//2 571//2 573//2 
f 1661//2 569//2 571//2 
f 1661//2 412//2 569//2 
f 1665//1 466//318 465//318 
f 1666//1 567//2 466//318 
f 1666//1 565//2 567//2 
f 1666//1 563//2 565//2 
f 1666//1 561//2 563//2 
f 1666//1 559//2 561//2 
f 1666//1 557//1 559//2 
f 1666//1 555//2 557//1 
f 1666//1 553//2 555//2 
f 1666//1 551//2 553//2 
f 1666//1 549//1 551//2 
f 1666//1 547//1 549//1 
f 1666//1 545//2 547//1 
f 1666//1 543//2 545//2 
f 1666//1 541//2 543//2 
f 1666//1 539//2 541//2 
f 1666//1 537//1 539//2 
f 1666//1 535//2 537//1 
f 1666//1 533//2 535//2 
f 1666//1 531//2 533//2 
f 1666//1 529//2 531//2 
f 1666//1 527//2 529//2 
f 1666//1 525//2 527//2 
f 1666//1 523//2 525//2 
f 1666//1 521//2 523//2 
f 1666//1 519//2 521//2 
f 1666//1 516//1 519//2 
f 1667//464 517//464 516//1 
f 1667//464 622//464 517//464 
f 1667//464 624//464 622//464 
f 1667//464 626//464 624//464 
f 1667//464 628//464 626//464 
f 1667//464 630//464 628//464 
f 1667//464 632//464 630//464 
f 1667//464 634//464 632//464 
f 1667//464 636//464 634//464 
f 1667//464 638//464 636//464 
f 1667//464 640//464 638//464 
f 1667//464 642//464 640//464 
f 1667//464 644//1 642//464 
f 1667//464 646//1 644//1 
f 1667//464 648//1 646//1 
f 1667//464 650//1 648//1 
f 1667//464 652//467 650//1 
f 1667//464 654//467 652//467 
f 1667//464 656//467 654//467 
f 1667//464 658//318 656//467 
f 1667//464 660//318 658//318 
f 1667//464 662//318 660//318 
f 1667//464 664//318 662//318 
f 1667//464 666//318 664//318 
f 1667//464 668//468 666//318 
f 1667//464 619//469 668//468 
f 620//462 619//469 1667//464 
f 405//464 671//462 620//462 
f 405//464 673//462 671//462 
f 405//464 675//462 673//462 
f 405//464 677//462 675//462 
f 405//464 679//463 677//462 
f 405//464 681//463 679//463 
f 405//464 683//1 681//463 
f 405//464 685//1 683//1 
f 405//464 687//1 685//1 
f 405//464 689//1 687//1 
f 405//464 691//1 689//1 
f 405//464 693//1 691//1 
f 405//464 695//1 693//1 
f 405//464 697//1 695//1 
f 405//464 699//1 697//1 
f 405//464 701//1 699//1 
f 405//464 703//1 701//1 
f 405//464 705//1 703//1 
f 405//464 707//464 705//1 
f 405//464 709//464 707//464 
f 405//464 711//464 709//464 
f 405//464 713//464 711//464 
f 405//464 715//464 713//464 
f 405//464 717//464 715//464 
f 405//464 719//464 717//464 
f 514//464 719//464 1668//464 
f 1665//1 512//464 514//464 
f 1665//1 510//464 512//464 
f 1665//1 508//464 510//464 
f 1665//1 506//1 508//464 
f 1665//1 504//1 506//1 
f 1665//1 502//1 504//1 
f 1665//1 500//1 502//1 
f 1665//1 498//1 500//1 
f 1665//1 496//1 498//1 
f 1665//1 494//1 496//1 
f 1665//1 492//1 494//1 
f 1665//1 490//1 492//1 
f 1665//1 488//1 490//1 
f 1665//1 486//1 488//1 
f 1665//1 484//1 486//1 
f 1665//1 482//1 484//1 
f 1665//1 480//1 482//1 
f 1665//1 478//1 480//1 
f 1665//1 476//1 478//1 
f 1665//1 474//1 476//1 
f 1665//1 472//1 474//1 
f 1665//1 470//467 472//1 
f 1665//1 468//467 470//467 
f 1665//1 465//318 468//467 
f 722//1 721//318 1669//1 
f 407//2 774//2 722//1 
f 407//2 776//1 774//2 
f 407//2 778//2 776//1 
f 407//2 780//2 778//2 
f 407//2 782//2 780//2 
f 407//2 784//2 782//2 
f 407//2 786//2 784//2 
f 407//2 788//2 786//2 
f 407//2 790//2 788//2 
f 407//2 792//2 790//2 
f 407//2 794//2 792//2 
f 407//2 796//2 794//2 
f 407//2 798//2 796//2 
f 407//2 800//2 798//2 
f 407//2 802//2 800//2 
f 407//2 804//2 802//2 
f 407//2 806//2 804//2 
f 407//2 808//2 806//2 
f 407//2 810//2 808//2 
f 407//2 812//2 810//2 
f 407//2 814//2 812//2 
f 407//2 816//2 814//2 
f 407//2 818//2 816//2 
f 407//2 820//2 818//2 
f 407//2 822//2 820//2 
f 1030//2 822//2 407//2 
f 1670//2 1028//466 1030//2 
f 1670//2 1026//2 1028//466 
f 1670//2 1024//2 1026//2 
f 1670//2 1022//2 1024//2 
f 1670//2 1020//2 1022//2 
f 1670//2 1018//2 1020//2 
f 1670//2 1016//2 1018//2 
f 1670//2 1014//2 1016//2 
f 1670//2 1012//2 1014//2 
f 1670//2 1010//2 1012//2 
f 1670//2 1008//2 1010//2 
f 1670//2 1006//2 1008//2 
f 1670//2 1004//2 1006//2 
f 1670//2 1002//2 1004//2 
f 1670//2 1000//2 1002//2 
f 1670//2 998//2 1000//2 
f 1670//2 996//2 998//2 
f 1670//2 994//2 996//2 
f 1670//2 992//2 994//2 
f 1670//2 990//2 992//2 
f 1670//2 988//2 990//2 
f 1670//2 986//2 988//2 
f 1670//2 984//2 986//2 
f 1670//2 982//2 984//2 
f 1670//2 826//2 982//2 
f 827//463 826//2 1670//2 
f 1671//1 876//463 827//463 
f 1671//1 874//1 876//463 
f 1671//1 872//1 874//1 
f 1671//1 870//1 872//1 
f 1671//1 868//1 870//1 
f 1671//1 866//1 868//1 
f 1671//1 864//1 866//1 
f 1671//1 862//1 864//1 
f 1671//1 860//1 862//1 
f 1671//1 858//1 860//1 
f 1671//1 856//1 858//1 
f 1671//1 854//1 856//1 
f 1671//1 852//1 854//1 
f 1671//1 850//1 852//1 
f 1671//1 848//1 850//1 
f 1671//1 846//1 848//1 
f 1671//1 844//1 846//1 
f 1671//1 842//1 844//1 
f 1671//1 840//1 842//1 
f 1671//1 838//1 840//1 
f 1671//1 836//1 838//1 
f 1671//1 834//1 836//1 
f 1671//1 832//1 834//1 
f 1671//1 829//470 832//1 
f 1671//1 830//464 829//470 
f 1671//1 724//464 830//464 
f 724//464 1669//1 725//464 
f 1669//1 727//464 725//464 
f 1669//1 729//464 727//464 
f 1669//1 731//464 729//464 
f 1669//1 733//464 731//464 
f 1669//1 735//464 733//464 
f 1669//1 737//464 735//464 
f 1669//1 739//1 737//464 
f 1669//1 741//1 739//1 
f 1669//1 743//1 741//1 
f 1669//1 745//1 743//1 
f 1669//1 747//1 745//1 
f 1669//1 749//1 747//1 
f 1669//1 751//1 749//1 
f 1669//1 753//1 751//1 
f 1669//1 755//1 753//1 
f 1669//1 757//1 755//1 
f 1669//1 759//1 757//1 
f 1669//1 761//1 759//1 
f 1669//1 763//467 761//1 
f 1669//1 765//467 763//467 
f 1669//1 767//318 765//467 
f 1669//1 769//318 767//318 
f 1669//1 771//318 769//318 
f 1669//1 721//318 771//318 
f 1672//1 1037//1 1036//317 
f 1672//1 1193//1 1037//1 
f 1672//1 1195//1 1193//1 
f 1672//1 1197//1 1195//1 
f 1672//1 1199//1 1197//1 
f 1672//1 1201//1 1199//1 
f 1672//1 1203//1 1201//1 
f 1672//1 1205//1 1203//1 
f 1672//1 1207//1 1205//1 
f 1672//1 1209//1 1207//1 
f 1672//1 1211//1 1209//1 
f 1672//1 1213//1 1211//1 
f 1672//1 1215//1 1213//1 
f 1672//1 1217//1 1215//1 
f 1672//1 1219//1 1217//1 
f 1672//1 1221//1 1219//1 
f 1672//1 1223//1 1221//1 
f 1672//1 1225//1 1223//1 
f 1672//1 1227//1 1225//1 
f 1672//1 1229//1 1227//1 
f 1672//1 1231//1 1229//1 
f 1672//1 1233//1 1231//1 
f 1672//1 1235//1 1233//1 
f 1672//1 1237//1 1235//1 
f 1672//1 1239//464 1237//1 
f 1672//1 1241//1 1239//464 
f 1554//2 1241//1 1672//1 
f 1673//2 1556//1 1554//2 
f 1673//2 1558//2 1556//1 
f 1673//2 1560//2 1558//2 
f 1673//2 1562//2 1560//2 
f 1673//2 1564//2 1562//2 
f 1673//2 1566//2 1564//2 
f 1673//2 1568//2 1566//2 
f 1673//2 1570//2 1568//2 
f 1673//2 1572//2 1570//2 
f 1673//2 1574//2 1572//2 
f 1673//2 1576//2 1574//2 
f 1673//2 1578//2 1576//2 
f 1673//2 1580//2 1578//2 
f 1673//2 1582//2 1580//2 
f 1673//2 1584//2 1582//2 
f 1673//2 1586//2 1584//2 
f 1673//2 1588//2 1586//2 
f 1673//2 1590//2 1588//2 
f 1673//2 1592//2 1590//2 
f 1673//2 1594//2 1592//2 
f 1673//2 1596//2 1594//2 
f 1673//2 1598//2 1596//2 
f 1673//2 1600//2 1598//2 
f 1673//2 1602//2 1600//2 
f 1673//2 1604//2 1602//2 
f 1503//2 1604//2 1673//2 
f 1674//2 1504//2 1503//2 
f 1674//2 1506//2 1504//2 
f 1674//2 1508//2 1506//2 
f 1674//2 1510//2 1508//2 
f 1674//2 1512//2 1510//2 
f 1674//2 1514//2 1512//2 
f 1674//2 1516//2 1514//2 
f 1674//2 1518//2 1516//2 
f 1674//2 1520//2 1518//2 
f 1674//2 1522//2 1520//2 
f 1674//2 1524//2 1522//2 
f 1674//2 1526//2 1524//2 
f 1674//2 1528//2 1526//2 
f 1674//2 1530//2 1528//2 
f 1674//2 1532//2 1530//2 
f 1674//2 1534//2 1532//2 
f 1674//2 1536//2 1534//2 
f 1674//2 1538//2 1536//2 
f 1674//2 1540//2 1538//2 
f 1674//2 1542//2 1540//2 
f 1674//2 1544//2 1542//2 
f 1674//2 1546//2 1544//2 
f 1674//2 1548//2 1546//2 
f 1674//2 1550//2 1548//2 
f 1674//2 1552//2 1550//2 
f 1674//2 1039//466 1552//2 
f 1039//466 1675//2 1040//471 
f 1675//2 1042//466 1040//471 
f 1675//2 1044//466 1042//466 
f 1675//2 1046//466 1044//466 
f 1675//2 1048//466 1046//466 
f 1675//2 1050//2 1048//466 
f 1675//2 1052//2 1050//2 
f 1675//2 1054//2 1052//2 
f 1675//2 1056//2 1054//2 
f 1675//2 1058//2 1056//2 
f 1675//2 1060//2 1058//2 
f 1675//2 1062//2 1060//2 
f 1675//2 1064//2 1062//2 
f 1675//2 1066//2 1064//2 
f 1675//2 1068//2 1066//2 
f 1675//2 1070//2 1068//2 
f 1675//2 1072//2 1070//2 
f 1675//2 1074//2 1072//2 
f 1675//2 1076//2 1074//2 
f 1675//2 1078//472 1076//2 
f 1675//2 1080//472 1078//472 
f 1675//2 1082//472 1080//472 
f 1675//2 1084//317 1082//472 
f 1675//2 1086//317 1084//317 
f 1675//2 1036//317 1086//317 
f 1676//2 1090//473 1089//473 
f 1676//2 1092//474 1090//473 
f 1676//2 1094//474 1092//474 
f 1676//2 1096//2 1094//474 
f 1676//2 1098//2 1096//2 
f 1676//2 1100//2 1098//2 
f 1676//2 1102//2 1100//2 
f 1676//2 1104//2 1102//2 
f 1676//2 1106//2 1104//2 
f 1676//2 1108//2 1106//2 
f 1676//2 1110//2 1108//2 
f 1676//2 1112//2 1110//2 
f 1676//2 1114//2 1112//2 
f 1676//2 1116//2 1114//2 
f 1676//2 1118//2 1116//2 
f 1676//2 1120//2 1118//2 
f 1676//2 1122//2 1120//2 
f 1676//2 1124//2 1122//2 
f 1676//2 1126//2 1124//2 
f 1676//2 1128//2 1126//2 
f 1676//2 1130//2 1128//2 
f 1676//2 1132//466 1130//2 
f 1676//2 1134//466 1132//466 
f 1676//2 1136//466 1134//466 
f 1676//2 1138//466 1136//466 
f 1677//466 1343//466 1138//466 
f 1343//466 1678//2 1341//466 
f 1678//2 1339//466 1341//466 
f 1678//2 1337//466 1339//466 
f 1678//2 1335//466 1337//466 
f 1678//2 1333//466 1335//466 
f 1678//2 1331//466 1333//466 
f 1678//2 1329//466 1331//466 
f 1678//2 1327//2 1329//466 
f 1678//2 1325//2 1327//2 
f 1678//2 1323//2 1325//2 
f 1678//2 1321//2 1323//2 
f 1678//2 1319//2 1321//2 
f 1678//2 1317//2 1319//2 
f 1678//2 1315//2 1317//2 
f 1678//2 1313//2 1315//2 
f 1678//2 1311//2 1313//2 
f 1678//2 1309//2 1311//2 
f 1678//2 1307//2 1309//2 
f 1678//2 1305//472 1307//2 
f 1678//2 1303//472 1305//472 
f 1678//2 1301//317 1303//472 
f 1678//2 1299//317 1301//317 
f 1678//2 1297//317 1299//317 
f 1678//2 1295//317 1297//317 
f 1678//2 1243//317 1295//317 
f 1244//473 1243//317 1678//2 
f 406//466 1292//475 1244//473 
f 406//466 1290//473 1292//475 
f 406//466 1288//473 1290//473 
f 406//466 1286//473 1288//473 
f 406//466 1284//473 1286//473 
f 406//466 1282//473 1284//473 
f 406//466 1280//474 1282//473 
f 406//466 1278//474 1280//474 
f 406//466 1276//474 1278//474 
f 406//466 1274//2 1276//474 
f 406//466 1272//2 1274//2 
f 406//466 1270//2 1272//2 
f 406//466 1268//2 1270//2 
f 406//466 1266//466 1268//2 
f 406//466 1264//466 1266//466 
f 406//466 1262//466 1264//466 
f 406//466 1260//466 1262//466 
f 406//466 1258//466 1260//466 
f 406//466 1256//466 1258//466 
f 406//466 1254//466 1256//466 
f 406//466 1252//466 1254//466 
f 406//466 1250//466 1252//466 
f 406//466 1248//466 1250//466 
f 406//466 1246//466 1248//466 
f 406//466 1140//466 1246//466 
f 1141//2 1140//466 406//466 
f 1679//2 1143//1 1141//2 
f 1679//2 1145//1 1143//1 
f 1679//2 1147//1 1145//1 
f 1679//2 1149//1 1147//1 
f 1679//2 1151//1 1149//1 
f 1679//2 1153//1 1151//1 
f 1679//2 1155//1 1153//1 
f 1679//2 1157//1 1155//1 
f 1679//2 1159//1 1157//1 
f 1679//2 1161//2 1159//1 
f 1679//2 1163//1 1161//2 
f 1679//2 1165//1 1163//1 
f 1679//2 1167//1 1165//1 
f 1679//2 1169//1 1167//1 
f 1679//2 1171//2 1169//1 
f 1679//2 1173//2 1171//2 
f 1679//2 1175//1 1173//2 
f 1679//2 1177//1 1175//1 
f 1679//2 1179//1 1177//1 
f 1679//2 1181//1 1179//1 
f 1679//2 1183//1 1181//1 
f 1679//2 1185//1 1183//1 
f 1679//2 1187//1 1185//1 
f 1679//2 1189//1 1187//1 
f 1679//2 1191//1 1189//1 
f 1089//473 1191//1 1679//2 
f 404//2 1346//473 1345//2 
f 404//2 1395//473 1346//473 
f 404//2 1393//473 1395//473 
f 404//2 1391//473 1393//473 
f 404//2 1389//474 1391//473 
f 404//2 1387//474 1389//474 
f 404//2 1385//474 1387//474 
f 404//2 1383//2 1385//474 
f 404//2 1381//2 1383//2 
f 404//2 1379//2 1381//2 
f 404//2 1377//2 1379//2 
f 404//2 1375//2 1377//2 
f 404//2 1373//2 1375//2 
f 404//2 1371//2 1373//2 
f 404//2 1369//2 1371//2 
f 404//2 1367//2 1369//2 
f 404//2 1365//2 1367//2 
f 404//2 1363//2 1365//2 
f 404//2 1361//466 1363//2 
f 404//2 1359//466 1361//466 
f 404//2 1357//466 1359//466 
f 404//2 1355//466 1357//466 
f 404//2 1353//466 1355//466 
f 404//2 1351//466 1353//466 
f 404//2 1348//466 1351//466 
f 404//2 1349//466 1348//466 
f 1349//466 1680//2 1453//466 
f 1680//2 1454//476 1453//466 
f 1680//2 1456//2 1454//476 
f 1680//2 1458//2 1456//2 
f 1680//2 1460//2 1458//2 
f 1680//2 1462//2 1460//2 
f 1680//2 1464//2 1462//2 
f 1680//2 1466//2 1464//2 
f 1680//2 1468//2 1466//2 
f 1680//2 1470//2 1468//2 
f 1680//2 1472//2 1470//2 
f 1680//2 1474//2 1472//2 
f 1680//2 1476//2 1474//2 
f 1680//2 1478//2 1476//2 
f 1680//2 1480//2 1478//2 
f 1680//2 1482//2 1480//2 
f 1680//2 1484//2 1482//2 
f 1680//2 1486//2 1484//2 
f 1680//2 1488//2 1486//2 
f 1680//2 1490//2 1488//2 
f 1680//2 1492//2 1490//2 
f 1680//2 1494//2 1492//2 
f 1680//2 1496//2 1494//2 
f 1680//2 1498//2 1496//2 
f 1680//2 1500//472 1498//2 
f 1680//2 1450//472 1500//472 
f 1681//1 1451//1 1450//472 
f 1681//1 1606//1 1451//1 
f 1681//1 1608//1 1606//1 
f 1681//1 1610//1 1608//1 
f 1681//1 1612//1 1610//1 
f 1681//1 1614//1 1612//1 
f 1681//1 1616//1 1614//1 
f 1681//1 1618//1 1616//1 
f 1681//1 1620//1 1618//1 
f 1681//1 1622//1 1620//1 
f 1681//1 1624//1 1622//1 
f 1681//1 1626//1 1624//1 
f 1681//1 1628//1 1626//1 
f 1681//1 1630//1 1628//1 
f 1681//1 1632//1 1630//1 
f 1681//1 1634//1 1632//1 
f 1681//1 1636//1 1634//1 
f 1681//1 1638//1 1636//1 
f 1681//1 1640//1 1638//1 
f 1681//1 1642//1 1640//1 
f 1681//1 1644//1 1642//1 
f 1681//1 1646//1 1644//1 
f 1681//1 1648//1 1646//1 
f 1681//1 1650//1 1648//1 
f 1681//1 1652//464 1650//1 
f 1681//1 1654//1 1652//464 
f 1682//1 1446//1 1654//1 
f 1682//1 1444//1 1446//1 
f 1682//1 1442//1 1444//1 
f 1682//1 1440//1 1442//1 
f 1682//1 1438//1 1440//1 
f 1682//1 1436//1 1438//1 
f 1682//1 1434//1 1436//1 
f 1682//1 1432//1 1434//1 
f 1682//1 1430//1 1432//1 
f 1682//1 1428//1 1430//1 
f 1682//1 1426//1 1428//1 
f 1682//1 1424//1 1426//1 
f 1682//1 1422//1 1424//1 
f 1682//1 1420//1 1422//1 
f 1682//1 1418//1 1420//1 
f 1682//1 1416//1 1418//1 
f 1682//1 1414//1 1416//1 
f 1682//1 1412//1 1414//1 
f 1682//1 1410//1 1412//1 
f 1682//1 1408//1 1410//1 
f 1682//1 1406//1 1408//1 
f 1682//1 1404//1 1406//1 
f 1682//1 1402//1 1404//1 
f 1682//1 1400//2 1402//1 
f 1682//1 1398//1 1400//2 
f 1682//1 1345//2 1398//1 
f 320//320 1683//321 1684//321 
f 414//323 570//323 412//323 
f 621//323 670//323 619//323 
f 400//316 398//315 397//315 
f 825//439 467//439 466//439 
f 1034//438 417//438 416//438 
f 246//6 245//6 124//6 
f 1245//442 1296//442 1243//442 
f 242//8 241//8 122//8 
f 1347//439 1399//439 1345//439 
f 1452//442 1502//442 1450//442 
f 1685//477 239//4 1686//477 
f 117//118 1685//477 1687//477 
f 1448//458 1139//458 1138//458 
f 1658//458 1553//458 1552//458 
f 1656//439 1605//439 1604//439 
f 1688//374 1684//374 1689//374 
f 1690//478 1691//478 1692//479 
f 1693//478 1694//479 1695//478 
f 1696//1 1697//2 1698//1 
f 1699//479 1700//478 1701//478 
f 1702//480 1690//478 1692//479 
f 339//481 1703//481 1704//482 
f 398//315 396//315 395//315 
f 1705//118 128//4 239//4 
f 117//118 248//11 1705//118 
f 1696//9 136//14 125//116 
f 1698//1 136//1 1696//1 
f 243//9 247//117 1696//9 
f 1696//1 247//2 1706//2 
f 1707//483 1708//484 1709//483 
f 1710//485 1711//479 670//479 
f 134//6 129//6 2//6 
f 1712//374 1689//374 1684//374 
f 1713//445 1714//445 1715//445 
f 137//16 131//8 8//8 
f 14//464 10//464 1716//464 
f 1673//2 1674//2 1503//2 
f 1450//472 1680//2 1681//1 
f 1349//466 1716//466 1680//2 
f 1672//1 1673//2 1554//2 
f 122//1 1660//1 120//1 
f 1679//2 1676//2 1089//473 
f 406//473 1678//473 89//473 
f 1678//2 406//466 1244//473 
f 1036//317 1675//2 1672//1 
f 930//1 1664//1 1661//2 
f 1663//1 416//464 1662//1 
f 124//2 123//2 119//2 
f 1//1 1717//2 9//2 
f 405//462 1667//462 126//462 
f 1667//464 405//464 620//462 
f 466//318 1665//1 1666//1 
f 1661//2 1662//1 413//462 
f 123//2 126//2 1667//2 
f 516//1 1666//1 1667//464 
f 1345//2 1682//1 404//2 
f 404//2 1682//2 127//2 
f 407//462 1669//462 115//462 
f 880//1 1663//1 1664//1 
f 1670//2 1671//1 827//463 
f 1669//1 407//2 722//1 
f 320//320 1684//321 408//321 
f 1718//479 1694//479 1693//478 
f 1687//477 240//118 117//118 
f 1719//320 1720//322 402//322 
f 1721//486 1722//486 1723//486 
f 1715//445 1724//445 1725//445 
f 828//323 983//323 826//323 
f 1033//374 823//374 822//374 
f 1032//439 881//439 880//439 
f 1726//479 823//479 1033//478 
f 1555//445 1242//445 1241//445 
f 1242//479 1555//478 1727//478 
f 1449//439 1192//439 1191//439 
f 1038//442 1088//442 1036//442 
f 931//374 933//374 930//374 
f 1718//479 1728//479 1729//479 
f 1142//445 1247//445 1140//445 
f 1692//479 1700//478 1699//479 
f 1712//374 1684//374 1683//374 
f 1730//117 396//117 1731//117 
f 135//12 248//11 116//11 
f 248//1 1730//1 1732//1 
f 133//10 247//117 132//9 
f 1706//2 247//2 133//2 
f 136//14 164//13 39//13 
f 164//1 136//1 1698//1 
f 128//4 139//3 14//3 
f 139//2 128//2 1733//2 
f 1138//466 1676//2 1677//466 
f 65//464 89//464 1678//464 
f 39//466 12//466 1668//466 
f 1668//464 1665//1 514//464 
f 406//466 1679//2 1141//2 
f 1679//1 406//1 132//1 
f 1674//2 1675//2 1039//466 
f 5//1 4//1 7//2 
f 724//464 1671//1 1734//464 
f 91//466 115//466 1669//466 
f 1670//1 407//1 116//1 
f 407//2 1670//2 1030//2 
f 1654//1 1681//1 1682//1 
f 1660//2 127//2 1682//2 
f 1672//473 1675//473 4//473 
f 7//464 4//464 1675//464 
f 120//462 4//462 1676//462 
f 1677//464 1676//464 4//464 
f 1663//466 1662//466 1717//466 
f 123//473 1717//473 1662//473 
f 1666//462 1665//462 1717//462 
f 1665//466 1668//466 12//466 
f 1717//2 123//2 1666//2 
f 1667//2 1666//1 123//2 
f 119//1 123//1 1661//1 
f 1662//1 1661//1 123//1 
f 119//1 1//1 1671//1 
f 1734//466 1671//466 1//466 
f 1664//1 1663//1 1//1 
f 1717//466 1//466 1663//466 
f 1676//2 1679//2 120//2 
f 132//1 120//2 1679//1 
f 1673//2 1672//2 120//2 
f 4//1 120//1 1672//1 
f 116//1 119//1 1670//1 
f 1671//1 1670//1 119//1 
f 1661//1 1664//1 119//1 
f 1//1 119//1 1664//1 
f 7//2 1660//2 1681//2 
f 1682//2 1681//2 1660//2 
f 1674//2 1673//2 1660//2 
f 120//2 1660//2 1673//2 
f 1735//4 1736//11 1737//11 
f 1719//320 1738//320 1739//320 
f 1723//486 1740//486 1721//486 
f 1741//487 1742//487 1743//488 
f 1744//489 1745//479 1726//479 
f 1746//490 1747//491 1748//491 
f 392//322 1715//319 1749//319 
f 1714//445 1749//445 1715//445 
f 1691//319 1750//319 1751//319 
f 1723//486 1722//486 1752//492 
f 392//322 411//321 1715//319 
f 1753//11 1754//11 1755//11 
f 1756//483 1757//483 1758//483 
f 1707//483 1759//483 1760//493 
f 1732//1 1733//2 128//2 
f 400//14 1733//116 1761//14 
f 1762//486 1763//486 1740//486 
f 1743//488 1764//494 1741//487 
f 1765//495 1766//496 1767//322 
f 1768//497 1769//498 1770//487 
f 410//319 411//321 391//320 
f 1771//499 1772//500 1773//501 
f 1774//116 125//116 1775//116 
f 243//9 1774//116 1776//116 
f 1702//480 1777//478 1695//478 
f 1776//116 244//9 243//9 
f 1778//502 1779//336 1780//336 
f 1781//503 1760//493 1759//483 
f 1782//504 1783//504 1784//374 
f 1785//505 1786//505 1787//505 
f 1761//14 1788//14 400//14 
f 1731//117 1789//117 1730//117 
f 1757//483 1790//483 1791//483 
f 1792//506 1793//507 1794//483 
f 1795//320 1796//321 1797//320 
f 1798//11 1799//4 1800//4 
f 1801//508 1802//508 1803//508 
f 1698//477 1697//477 1804//477 
f 723//479 1726//479 1745//479 
f 723//434 773//434 721//434 
f 1805//374 1755//509 1806//510 
f 1805//374 1723//486 1755//509 
f 1807//511 1808//512 1744//513 
f 1707//11 1760//4 1809//11 
f 319//321 408//321 409//320 
f 1810//514 1811//514 1812//514 
f 1813//515 1814//515 1815//516 
f 1659//458 1350//458 1349//458 
f 1758//483 1816//507 1756//483 
f 1817//478 1818//479 467//479 
f 1761//14 1733//116 1732//14 
f 1819//517 1820//517 1821//517 
f 1822//518 1823//518 1824//518 
f 1825//118 1804//118 1697//118 
f 1711//519 1710//519 1792//519 
f 1690//478 1750//479 1691//478 
f 1826//483 1827//483 1757//483 
f 1827//483 1826//483 1828//483 
f 1829//487 1830//487 1807//511 
f 1829//487 1742//487 1741//487 
f 1831//520 1832//520 1833//521 
f 1752//492 1722//486 1834//522 
f 1835//321 1836//319 1751//319 
f 1708//484 1792//506 1709//483 
f 1745//479 773//523 723//479 
f 1837//524 1838//525 1839//526 
f 1035//438 831//438 830//438 
f 1035//527 1839//526 1840//526 
f 1829//523 1841//523 1842//479 
f 1842//479 1726//479 1728//479 
f 1843//528 1844//528 1845//529 
f 1846//486 1847//530 1848//458 
f 1849//531 1812//531 409//531 
f 1850//477 1851//532 1849//4 
f 402//322 1852//322 410//319 
f 1810//514 1736//533 1735//514 
f 1721//486 1740//486 1763//486 
f 1848//458 1721//486 1846//486 
f 1853//11 1854//11 1855//11 
f 1855//11 1856//534 1857//11 
f 1657//445 1655//445 1654//445 
f 1858//478 1727//478 1655//479 
f 518//374 520//374 516//374 
f 520//479 518//529 1711//479 
f 1858//478 1859//535 1743//536 
f 1860//537 1861//538 1862//538 
f 1834//539 1863//539 1864//539 
f 1865//486 1866//374 1834//522 
f 1867//540 1868//540 1869//540 
f 1738//374 1800//374 1799//374 
f 1870//478 1871//479 881//479 
f 1872//438 1873//438 1874//483 
f 1737//445 1875//445 1876//445 
f 1877//4 1878//4 1879//118 
f 1731//117 396//117 398//117 
f 1880//9 1789//117 1731//117 
f 1788//14 1731//117 398//117 
f 1788//14 398//117 400//14 
f 1731//117 1881//9 1882//9 
f 1820//517 1883//541 1884//542 
f 1885//543 1886//486 1857//458 
f 1724//511 1715//544 1723//511 
f 824//438 720//438 719//438 
f 1887//445 1888//445 1889//445 
f 1890//479 1891//545 1892//478 
f 1893//546 1894//546 1895//529 
f 1740//486 1896//486 1762//486 
f 1897//479 1898//478 1502//478 
f 1781//547 1899//539 1900//526 
f 1901//445 1781//503 1759//483 
f 1807//511 1841//511 1829//487 
f 1744//513 1841//511 1807//511 
f 1688//487 1708//548 1707//548 
f 1751//511 1836//487 1902//487 
f 1751//511 1804//511 1825//511 
f 1723//511 1752//544 1724//511 
f 1769//549 1903//550 1904//551 
f 1809//11 1760//4 1905//4 
f 1851//483 1850//483 1767//483 
f 1707//548 1684//548 1688//487 
f 1886//321 1906//552 1907//553 
f 1753//11 1755//11 1723//11 
f 1787//505 1908//505 1785//505 
f 1763//486 1846//486 1721//486 
f 1909//520 1910//520 1911//521 
f 1723//486 1805//374 1740//486 
f 1912//554 1913//555 1914//555 
f 1757//483 1756//483 1826//483 
f 1827//483 1759//483 1707//483 
f 1915//556 1916//557 1917//557 
f 1918//558 1919//559 1920//559 
f 1921//526 1922//525 1923//560 
f 1924//479 417//561 1034//562 
f 881//479 1871//479 1924//479 
f 1790//483 1757//483 1709//483 
f 1925//556 1926//557 1927//557 
f 1928//479 1929//479 1930//529 
f 1931//563 1929//563 1928//564 
f 1789//117 1732//14 1730//117 
f 1761//14 1732//14 1789//117 
f 1897//479 1605//478 1656//478 
f 1897//479 1727//478 1605//478 
f 1727//478 1932//478 1242//479 
f 1933//479 1192//479 1449//478 
f 881//479 1032//479 1870//478 
f 1033//478 1728//479 1726//479 
f 467//479 825//478 1817//478 
f 1711//479 1729//479 520//479 
f 1934//479 1935//565 1936//478 
f 1937//566 1938//566 1934//566 
f 1853//533 1810//514 1939//567 
f 1853//533 1736//533 1810//514 
f 409//320 1719//320 402//322 
f 409//487 1812//487 1811//511 
f 1940//4 1812//4 1849//4 
f 1941//568 1942//569 1904//551 
f 1943//14 1761//14 1789//117 
f 1820//517 1944//517 1945//517 
f 1689//1 1712//1 129//1 
f 1730//1 248//1 135//1 
f 1946//438 1947//438 1948//438 
f 1949//570 1947//570 1946//570 
f 1449//478 1950//478 1933//479 
f 1449//478 1892//478 1950//478 
f 1951//322 409//320 408//321 
f 1951//322 408//321 1684//321 
f 410//319 1952//320 411//321 
f 411//321 1952//320 1715//319 
f 1894//546 1953//571 1895//529 
f 1863//570 1834//572 1954//479 
f 1857//11 1955//11 1855//11 
f 1715//319 1952//320 1956//319 
f 1684//321 1957//321 1951//322 
f 1849//4 1958//4 1850//477 
f 1959//526 1960//526 417//561 
f 467//479 1818//479 1961//479 
f 1823//1 1822//1 203//1 
f 131//2 1714//2 1713//2 
f 1787//573 1843//528 1845//529 
f 1962//520 1963//520 1964//574 
f 1965//507 1966//445 1967//445 
f 1968//575 1969//576 1867//576 
f 1970//479 1971//478 1972//479 
f 1973//577 1974//577 1975//412 
f 1976//479 1977//478 1896//479 
f 1977//537 1976//538 1978//538 
f 1861//578 1860//579 1806//580 
f 1979//374 1805//374 1806//510 
f 1980//581 1981//582 1982//583 
f 1983//584 1984//584 1985//585 
f 1986//479 1872//478 1987//586 
f 1988//587 1986//587 1987//588 
f 1989//478 1792//589 1990//478 
f 1991//590 1989//590 1990//587 
f 176//2 1802//2 1801//2 
f 129//1 134//1 1689//1 
f 1939//567 1854//591 1853//533 
f 1992//592 1993//593 1773//501 
f 1994//2 1995//1 226//1 
f 270//594 1995//594 1994//595 
f 1996//116 1788//14 1761//14 
f 1997//9 1998//14 1761//14 
f 153//2 1704//1 1703//2 
f 1714//2 131//2 137//2 
f 1999//596 2000//596 2001//412 
f 1948//438 2002//438 1946//438 
f 1761//14 2003//14 2004//9 
f 2005//517 1820//517 2006//517 
f 1824//511 2007//487 2008//487 
f 2007//597 1824//597 1823//597 
f 2009//598 272//598 274//599 
f 273//143 274//144 272//142 
f 1812//514 1940//600 1768//601 
f 1768//601 1810//514 1812//514 
f 2010//602 343//602 341//482 
f 341//235 343//237 340//234 
f 1741//11 1764//11 1754//11 
f 1754//603 1773//603 1772//603 
f 2011//505 2012//505 2013//505 
f 2014//502 2015//336 2016//336 
f 2017//505 2018//505 2019//505 
f 2020//502 2021//336 2022//336 
f 2023//478 1872//478 1924//479 
f 2024//524 2025//525 1959//526 
f 2026//479 2027//479 2024//479 
f 2024//438 2027//438 2028//438 
f 2029//479 1838//525 2030//479 
f 2029//361 2030//558 2031//558 
f 2032//438 2033//438 1837//438 
f 2034//478 1874//478 2035//479 
f 2036//479 1913//479 1912//479 
f 2037//445 2038//445 2039//445 
f 1912//479 2040//479 2036//479 
f 2041//604 2042//604 2043//515 
f 2022//336 2044//502 2020//502 
f 1892//478 1848//479 1890//479 
f 2045//548 1803//487 2046//548 
f 2046//605 1803//605 1802//605 
f 2047//558 2048//361 2049//361 
f 2048//479 2047//479 1834//572 
f 2050//374 1799//374 1868//374 
f 1797//320 2050//320 1795//320 
f 2051//559 2052//606 2053//606 
f 1833//478 1832//478 2054//479 
f 1911//478 1910//478 2055//479 
f 2056//559 2057//606 2058//606 
f 2059//607 2060//608 1940//600 
f 1767//483 2061//609 1851//483 
f 2062//610 2063//606 2064//606 
f 2063//479 2062//479 1848//479 
f 2065//564 2066//564 2067//563 
f 2066//479 1758//478 2067//479 
f 2068//590 2069//590 2070//563 
f 2071//479 1916//479 1915//479 
f 2072//564 2073//564 2074//387 
f 2075//479 1926//479 1925//479 
f 1857//458 1856//458 1885//543 
f 2076//611 1854//591 2077//612 
f 1800//613 1738//614 1719//613 
f 1811//511 1719//511 409//487 
f 2078//479 2079//479 2080//479 
f 2015//479 2014//478 2081//478 
f 1890//566 2082//566 2083//566 
f 1975//478 1974//478 2084//479 
f 1731//117 1788//14 2085//14 
f 1788//14 1982//117 1981//117 
f 1788//14 2086//116 2085//14 
f 2087//615 2088//616 2086//617 
f 2089//117 2090//116 1789//117 
f 2091//117 2092//117 1789//117 
f 2092//618 2091//619 2093//620 
f 1944//621 2090//622 2089//623 
f 2094//523 1781//547 2095//624 
f 2096//604 2094//604 2095//625 
f 2097//566 1953//566 1954//566 
f 1954//578 1953//578 1894//578 
f 2098//491 2099//626 2100//626 
f 1918//479 1922//525 1919//479 
f 2101//479 2102//478 2103//479 
f 2021//479 2020//478 2104//478 
f 1727//478 1858//478 2105//478 
f 1932//478 1727//478 1701//478 
f 1829//523 2106//479 2105//478 
f 2105//478 1742//578 1829//523 
f 2107//627 1978//538 1976//538 
f 1978//479 2107//479 2108//479 
f 2109//479 2110//478 2111//478 
f 2112//479 2001//478 2000//478 
f 1936//478 1465//525 1467//478 
f 1467//418 1465//418 1464//418 
f 2019//505 2113//505 2017//505 
f 2017//628 2113//628 2114//628 
f 1857//544 1886//511 1715//544 
f 1857//544 1715//544 1956//544 
f 2045//629 2115//630 2116//631 
f 2116//479 2115//479 1711//479 
f 2117//632 2118//632 1821//632 
f 2119//633 2004//634 2003//635 
f 325//219 327//221 324//218 
f 2120//636 327//636 325//637 
f 1875//638 1737//639 1736//638 
f 1739//320 1720//322 1719//320 
f 1936//478 1896//479 1934//479 
f 2121//558 2122//361 2123//361 
f 2013//505 2124//505 2011//505 
f 2011//573 2125//528 1930//529 
f 2126//525 1859//535 2127//525 
f 2126//640 2127//641 2128//642 
f 2129//529 2130//529 1745//479 
f 2131//643 2130//644 2129//645 
f 2031//479 2132//479 2133//478 
f 2134//412 2133//412 2132//577 
f 2135//646 2136//647 2137//648 
f 2135//478 1864//478 2136//478 
f 199//1 198//1 2138//1 
f 198//75 199//76 74//76 
f 2039//485 1758//478 1961//479 
f 1959//526 2025//525 1960//526 
f 2139//479 2039//479 2140//479 
f 2039//445 2139//445 2037//445 
f 2141//479 2074//479 2073//479 
f 1889//445 2142//445 1887//445 
f 2143//445 1879//507 1967//445 
f 1879//116 1878//14 1798//14 
f 1954//566 2144//566 2097//566 
f 2052//479 2051//479 2145//479 
f 1934//566 2146//566 1937//566 
f 2057//479 2056//479 2147//479 
f 2148//479 2043//479 2042//479 
f 2028//438 2149//438 2024//438 
f 320//312 2150//649 1683//650 
f 1683//374 2150//651 2151//652 
f 2152//479 2070//479 2069//479 
f 2153//445 2154//445 2023//445 
f 1924//479 2155//653 2023//478 
f 1839//526 1838//525 1840//526 
f 1684//548 1850//548 1958//548 
f 1767//548 1850//548 1684//548 
f 409//531 1951//531 1849//531 
f 1849//438 1951//438 1957//438 
f 1853//654 1855//654 1952//654 
f 1956//458 1952//486 1855//486 
f 1872//478 2027//478 2026//655 
f 2042//604 2041//604 2156//625 
f 1758//478 1947//479 1949//656 
f 2157//577 2158//577 2159//412 
f 2160//479 2161//479 1845//529 
f 2162//387 2161//387 2160//657 
f 223//100 224//101 100//101 
f 224//1 223//1 2163//1 
f 150//2 149//2 2164//2 
f 149//27 150//28 25//28 
f 1655//479 1657//478 1858//478 
f 1859//535 1858//478 1399//478 
f 1900//479 1899//479 1837//479 
f 1837//438 1899//438 2032//438 
f 2066//564 2065//564 2165//387 
f 2166//479 2165//478 2065//478 
f 2167//361 2084//558 2168//558 
f 2084//479 2167//479 1975//478 
f 1053//418 1051//418 1050//418 
f 1892//478 1051//525 1053//525 
f 2169//658 2137//648 2136//647 
f 2137//544 2169//544 2170//544 
f 1820//517 2171//517 2172//517 
f 2173//659 2172//660 2171//661 
f 2174//1 174//2 173//2 
f 173//51 174//52 49//52 
f 2083//566 2175//566 1890//566 
f 1890//523 2175//523 1844//523 
f 2176//662 2177//663 2178//657 
f 2178//479 2177//479 2179//479 
f 1985//585 2088//517 2087//517 
f 1981//582 1980//581 2180//664 
f 2181//478 2025//525 2182//478 
f 2181//558 2182//559 2183//559 
f 1719//613 1811//613 1800//613 
f 1735//4 2184//11 1800//4 
f 1888//480 1887//480 2185//480 
f 1887//478 1792//589 1710//485 
f 2186//479 1909//479 1930//529 
f 1910//520 1909//520 2186//574 
f 2046//548 2187//548 2045//548 
f 2115//630 2045//629 2187//665 
f 1765//483 2188//438 2189//483 
f 1707//548 1767//548 1684//548 
f 2190//486 2191//486 1907//486 
f 1886//511 1723//511 1715//544 
f 2124//578 1806//580 1859//535 
f 2011//666 2124//666 2192//666 
f 1787//666 1786//666 2193//666 
f 1786//479 1896//479 1936//478 
f 2061//667 1940//667 1851//667 
f 1940//4 1849//4 1851//532 
f 1868//374 1799//374 2194//374 
f 1799//9 1798//14 1878//14 
f 2195//556 2196//557 2197//557 
f 2198//479 2196//478 2195//479 
f 1952//654 410//654 1853//654 
f 1736//487 1853//511 410//511 
f 1946//524 1922//525 1921//526 
f 1946//668 1921//668 1949//668 
f 1722//486 1721//486 2199//486 
f 2200//486 2199//486 1721//486 
f 2201//479 2023//479 2155//479 
f 2023//445 2201//445 2153//445 
f 1868//374 1795//530 2050//374 
f 1969//487 2202//548 2203//487 
f 1736//638 1852//638 1875//638 
f 410//511 1852//487 1736//487 
f 2204//669 2205//670 2206//671 
f 2206//4 2205//4 1905//4 
f 2207//477 2208//11 1754//11 
f 2208//672 2207//673 2209//674 
f 2189//483 1809//483 1765//483 
f 1809//675 1905//676 1904//676 
f 1907//486 1753//486 2190//486 
f 1754//603 1753//603 1907//603 
f 1920//559 2210//558 1918//558 
f 2157//479 2210//479 1920//478 
f 2211//559 2031//558 2030//558 
f 2132//479 2031//479 2211//478 
f 1737//11 2184//11 1735//4 
f 1876//445 1967//445 1737//445 
f 1998//677 1997//678 2212//679 
f 2213//680 2214//681 2215//682 
f 2216//663 2217//662 2218//683 
f 2218//479 2217//479 2219//478 
f 1855//11 1854//11 1856//534 
f 1885//684 1856//684 1854//684 
f 1855//486 1955//458 1956//458 
f 1956//544 1955//544 1857//544 
f 1957//438 1958//445 1849//438 
f 1958//548 1957//548 1684//548 
f 1761//14 2220//685 2221//9 
f 2222//517 1820//517 2223//517 
f 1820//517 2224//517 2225//517 
f 2226//14 1880//9 1731//117 
f 1869//540 1877//540 1867//540 
f 1967//445 1966//445 2143//445 
f 254//686 2227//686 2228//687 
f 2228//1 2227//1 218//1 
f 1877//4 1869//477 2194//477 
f 2194//374 1869//374 1868//374 
f 128//2 1705//2 1732//1 
f 1732//1 1705//2 248//1 
f 1942//688 1941//689 2229//690 
f 2230//691 2231//692 1940//600 
f 184//2 2232//2 2233//2 
f 2233//693 2232//693 2234//693 
f 2235//117 2173//116 1789//117 
f 2172//660 2173//659 2235//694 
f 2041//478 1872//478 2156//479 
f 1828//483 1872//438 1827//483 
f 2236//663 2103//662 2237//683 
f 2237//479 2103//479 2102//478 
f 355//695 2238//695 2239//696 
f 2239//2 2238//1 146//2 
f 2240//14 1996//116 1761//14 
f 2241//697 1996//698 2240//699 
f 1729//479 542//478 540//479 
f 540//385 542//385 539//385 
f 1870//478 1032//479 1728//479 
f 1729//479 1728//479 933//478 
f 1728//479 955//479 953//479 
f 953//385 955//385 952//385 
f 1961//479 489//479 487//479 
f 487//359 489//359 486//359 
f 1745//479 752//700 754//700 
f 754//359 752//359 751//359 
f 1924//479 903//479 901//479 
f 901//359 903//359 900//359 
f 1710//485 2185//701 1887//478 
f 700//334 698//334 697//334 
f 1932//478 1220//479 1222//479 
f 1222//334 1220//334 1219//334 
f 1726//479 801//478 803//479 
f 803//385 801//385 800//385 
f 2242//479 1873//479 1872//478 
f 1873//439 2242//439 2243//439 
f 2158//479 1758//478 2159//479 
f 1791//483 1758//483 1757//483 
f 2044//479 2022//479 1848//479 
f 1721//486 1848//458 2200//486 
f 2179//479 2244//479 1763//478 
f 2245//323 2179//323 1763//323 
f 2040//479 1826//479 2036//479 
f 1826//442 2040//323 2246//442 
f 1984//702 1983//703 2247//704 
f 2085//705 2086//617 2088//616 
f 289//159 287//157 286//156 
f 2248//706 287//706 289//707 
f 2249//708 2250//708 2251//708 
f 2252//548 2250//487 2249//511 
f 2253//709 2254//709 2255//709 
f 210//2 2254//2 2253//1 
f 2180//517 1980//517 1985//585 
f 2256//710 1985//710 2257//710 
f 1245//478 1864//478 1863//570 
f 1864//478 1247//525 1142//478 
f 1350//711 2258//528 2125//528 
f 1399//478 1347//578 1859//535 
f 1864//478 1267//478 1265//478 
f 1265//433 1267//433 1264//433 
f 1859//535 1370//525 1368//525 
f 1368//384 1370//384 1367//384 
f 1727//478 1635//479 1637//479 
f 1637//333 1635//333 1634//333 
f 1174//358 1172//358 1171//358 
f 1933//479 1932//478 1192//479 
f 1417//358 1419//358 1416//358 
f 1858//478 1419//478 1417//478 
f 1728//479 1003//478 1001//478 
f 1001//409 1003//409 1000//409 
f 1727//478 1585//478 1587//478 
f 1587//358 1585//358 1584//358 
f 1121//384 1119//384 1118//384 
f 1892//478 1119//525 1121//525 
f 1658//712 1936//478 1553//713 
f 1898//478 1936//478 1502//478 
f 1817//478 825//478 1729//479 
f 588//409 590//409 587//409 
f 1936//478 1533//478 1535//478 
f 1535//384 1533//384 1532//384 
f 1863//570 1296//628 1245//478 
f 1954//479 2259//714 1863//570 
f 1863//570 1316//485 1314//485 
f 1314//409 1316//409 1313//409 
f 1711//479 651//479 653//479 
f 653//409 651//409 650//409 
f 1961//479 437//529 435//529 
f 435//333 437//333 434//333 
f 849//333 851//333 848//333 
f 1924//479 851//479 849//479 
f 2260//479 2261//478 2262//478 
f 2263//604 2262//604 2261//515 
f 2264//1 2265//1 195//1 
f 2265//715 2264//715 2266//715 
f 2122//478 2121//479 1896//479 
f 2267//486 2268//374 1896//486 
f 2268//434 2267//439 2269//434 
f 2269//478 2055//479 1910//478 
f 2270//479 1865//479 2199//479 
f 1866//439 1865//439 2271//439 
f 2272//479 2273//478 2243//479 
f 2243//439 1874//439 1873//439 
f 2274//716 1854//591 2275//717 
f 2276//718 2277//719 1773//501 
f 2191//511 2190//511 1723//511 
f 1723//11 2190//11 1753//11 
f 1707//483 1757//483 1827//483 
f 1757//483 1707//483 1709//483 
f 1767//548 1707//548 2189//544 
f 1809//11 2189//11 1707//11 
f 2278//720 256//720 258//721 
f 257//127 258//128 256//126 
f 392//313 1749//722 2279//723 
f 2280//724 2279//724 1749//445 
f 2281//2 182//2 181//2 
f 181//59 182//60 57//60 
f 2145//625 2282//625 2283//604 
f 2283//478 2282//478 1895//529 
f 1969//487 1968//511 2284//511 
f 2284//445 1968//445 1966//445 
f 1784//479 1783//479 1895//529 
f 2285//590 2286//590 2287//563 
f 2288//725 356//725 2289//696 
f 354//248 2289//726 356//250 
f 2290//727 2234//727 2232//727 
f 2234//511 2290//511 2291//548 
f 1772//603 1741//603 1754//603 
f 1807//511 1830//487 1770//487 
f 2292//479 2293//478 2294//479 
f 2294//439 1756//439 1816//439 
f 1847//434 1846//439 2295//434 
f 2295//478 2296//479 1962//478 
f 2297//479 2298//478 2299//479 
f 2299//434 1794//434 1793//434 
f 2300//442 2301//323 2302//442 
f 2303//479 2304//478 2305//478 
f 2306//323 2219//442 2307//323 
f 2308//479 2219//478 2217//479 
f 2102//478 2101//479 2199//479 
f 2309//442 2102//442 2199//442 
f 1769//676 1904//676 1905//676 
f 1808//4 1807//11 1905//4 
f 1905//676 1807//676 1769//676 
f 1770//487 1769//498 1807//511 
f 1892//478 1067//478 1069//478 
f 1069//410 1067//410 1066//410 
f 1936//478 1481//478 1483//478 
f 1483//410 1481//410 1480//410 
f 2310//604 2311//604 2147//625 
f 2147//479 2311//479 2057//479 
f 2246//442 1828//442 1826//442 
f 2246//479 1872//478 1828//478 
f 2245//478 1762//479 1896//479 
f 1763//323 1762//323 2245//323 
f 2302//442 1901//442 2300//442 
f 2302//523 1781//547 1901//578 
f 2306//578 1979//523 1806//580 
f 2307//323 1979//323 2306//323 
f 2312//728 2313//729 2314//729 
f 2312//479 1838//525 2313//479 
f 233//1 2315//1 2316//1 
f 285//730 2316//730 2315//731 
f 1819//732 2317//732 2240//732 
f 2118//517 2318//517 1821//517 
f 1790//323 2319//323 2320//323 
f 2110//478 1790//478 2111//478 
f 2098//479 1922//525 2099//479 
f 2321//502 2322//336 2141//336 
f 2075//683 2323//683 2324//387 
f 2323//478 1792//589 2324//478 
f 2325//361 2326//733 2327//733 
f 2326//479 2325//479 1848//479 
f 207//2 206//1 2328//1 
f 206//83 207//84 82//84 
f 2329//2 232//1 231//1 
f 231//108 232//109 108//109 
f 2110//478 2109//479 2330//479 
f 2330//729 2109//728 2331//728 
f 2332//479 2333//478 2314//478 
f 2314//729 2333//728 2312//728 
f 2334//734 2335//735 2336//736 
f 2005//710 2337//710 2338//710 
f 2339//737 1972//737 2340//458 
f 2340//479 1972//479 1971//478 
f 2320//323 1791//323 1790//323 
f 2320//479 1758//478 1791//479 
f 2309//479 2200//479 1848//479 
f 2199//442 2200//442 2309//442 
f 2283//604 2341//604 2145//625 
f 2145//479 2341//479 2052//479 
f 1699//374 2342//374 241//374 
f 2343//738 2344//738 1687//738 
f 2345//507 1693//507 245//507 
f 1777//739 1702//739 1776//739 
f 2346//479 2347//478 2348//478 
f 2349//515 2348//515 2347//740 
f 2189//544 2188//544 1767//548 
f 1767//322 2188//321 1765//495 
f 1907//553 2191//321 1886//321 
f 1723//511 1886//511 2191//511 
f 2286//590 2285//590 2350//587 
f 2350//478 2285//479 2351//479 
f 2352//741 2148//610 2353//610 
f 2043//479 2148//479 2352//479 
f 2354//742 2355//610 2356//610 
f 2355//479 2354//479 1834//572 
f 2357//479 2358//478 2359//478 
f 2358//743 2357//627 2360//627 
f 2361//742 2362//610 2363//610 
f 2362//479 2361//479 1896//479 
f 2364//743 2365//627 2366//627 
f 2365//479 2364//478 2367//478 
f 2125//528 2258//528 1930//529 
f 1934//523 1938//523 2258//523 
f 1882//744 1881//745 2368//746 
f 2369//747 2370//584 1985//585 
f 157//35 158//36 33//36 
f 2371//2 158//2 157//2 
f 2372//748 1854//591 2373//749 
f 1993//750 1992//751 2374//752 
f 1746//479 2025//525 1747//479 
f 2375//502 2376//336 2166//336 
f 2377//478 1758//478 2378//479 
f 2379//740 2377//740 2378//515 
f 2380//479 2381//479 2382//479 
f 2383//588 2382//588 2381//587 
f 2384//479 2385//479 2386//478 
f 2387//588 2386//588 2385//587 
f 2388//753 2389//754 2390//755 
f 2390//523 2389//523 1745//479 
f 2391//578 1859//535 2392//578 
f 2391//756 2392//757 2393//758 
f 2251//1 2394//1 169//1 
f 2394//759 2251//759 2250//759 
f 2395//760 2255//760 2254//760 
f 2255//511 2395//511 2396//511 
f 2397//517 2398//517 1985//585 
f 2398//761 2397//762 2399//763 
f 2400//764 2401//765 2402//766 
f 2401//767 2400//9 1761//14 
f 2403//479 2404//479 2405//479 
f 2406//596 2405//596 2404//412 
f 2407//479 2408//479 2409//479 
f 2408//502 2407//336 2410//336 
f 244//768 1776//768 1702//768 
f 241//374 242//374 1699//374 
f 245//507 246//507 2345//507 
f 240//769 1687//769 2344//769 
f 2366//627 2411//743 2364//743 
f 2411//479 2366//478 1848//479 
f 2412//610 2413//742 2414//742 
f 2413//478 2412//478 2415//478 
f 1868//576 1867//576 1969//576 
f 1795//530 1868//374 2416//374 
f 2417//770 2418//770 2419//771 
f 2419//479 2418//479 1930//529 
f 2420//11 2421//11 1754//11 
f 2421//772 2420//773 2422//774 
f 2423//118 2424//4 1905//4 
f 2425//775 2424//776 2423//777 
f 2426//778 2427//779 1904//551 
f 2060//780 2059//781 2428//782 
f 2429//632 2430//632 2006//632 
f 2006//517 2430//517 2431//517 
f 2432//487 2433//544 2434//511 
f 2434//783 2433//783 2435//783 
f 2436//784 1880//785 2226//786 
f 2089//623 1945//787 1944//621 
f 2437//627 2438//788 2439//788 
f 2440//478 2438//479 2437//479 
f 2384//627 2441//788 2442//788 
f 2386//478 2441//479 2384//479 
f 2380//627 2443//788 2444//788 
f 2382//479 2443//479 2380//479 
f 2445//729 1914//555 1913//555 
f 2445//478 2025//525 1914//478 
f 2446//789 2447//790 2448//791 
f 2447//544 2446//511 2449//487 
f 2450//792 2399//763 2397//762 
f 1788//14 2399//117 2450//116 
f 2451//479 1816//479 1758//478 
f 1816//439 2451//439 2294//439 
f 2359//478 2452//478 2357//479 
f 2453//587 2452//587 2359//793 
f 2454//478 2108//479 2107//479 
f 2455//587 2108//587 2454//793 
f 2456//478 1896//479 2268//478 
f 2269//434 2456//434 2268//434 
f 2457//479 1834//572 1866//478 
f 2271//439 2457//439 1866//439 
f 2458//478 1793//479 1792//589 
f 1793//434 2458//434 2299//434 
f 2459//479 1848//479 1847//479 
f 2295//434 2459//434 1847//434 
f 2071//683 2460//683 2461//387 
f 2460//479 1872//478 2461//479 
f 1975//412 2462//412 1973//577 
f 1964//479 1963//479 1845//529 
f 2463//794 2252//795 2464//796 
f 2249//511 2464//487 2252//548 
f 2266//487 2465//487 2466//544 
f 2466//797 2465//798 2467//799 
f 2291//548 2468//511 2234//511 
f 2469//800 2468//801 2291//802 
f 161//2 2470//2 2471//2 
f 323//803 2471//803 2470//804 
f 2472//479 1758//478 2387//586 
f 2385//587 2472//587 2387//588 
f 2473//733 2123//361 2122//361 
f 2123//479 2473//479 2474//479 
f 2475//733 2049//361 2048//361 
f 2049//479 2475//479 2476//479 
f 2461//387 2477//387 2071//683 
f 1916//479 2071//479 2477//479 
f 2478//479 1872//478 2406//479 
f 2404//412 2478//412 2406//596 
f 2410//478 2479//478 1896//479 
f 2479//557 2410//336 2407//336 
f 2134//700 1781//547 2480//700 
f 2133//412 2134//412 2480//596 
f 2016//805 2481//805 1806//580 
f 2481//557 2016//336 2015//336 
f 2455//479 2482//806 1845//529 
f 2454//793 2482//793 2455//587 
f 1727//478 1569//478 1571//478 
f 1571//366 1569//366 1568//366 
f 1932//478 1172//478 1174//478 
f 1142//478 1932//478 1864//478 
f 1932//478 1156//479 1158//479 
f 1158//366 1156//366 1155//366 
f 1017//417 1019//417 1016//417 
f 1728//479 1019//478 1017//478 
f 1729//479 590//478 588//478 
f 933//478 931//478 1729//479 
f 604//417 606//417 603//417 
f 1729//479 606//478 604//478 
f 1864//478 1283//478 1281//478 
f 1281//431 1283//431 1280//431 
f 1892//478 1103//535 1105//478 
f 1105//392 1103//392 1102//392 
f 1711//479 635//479 637//479 
f 637//417 635//417 634//417 
f 451//341 453//341 450//341 
f 1961//479 453//570 451//570 
f 1936//478 1517//478 1519//478 
f 1519//392 1517//392 1516//392 
f 1727//478 1619//479 1621//479 
f 1621//341 1619//341 1618//341 
f 865//431 867//431 864//431 
f 1924//479 867//479 865//479 
f 1859//535 1386//578 1384//578 
f 1384//807 1386//807 1383//807 
f 1863//570 1332//525 1330//525 
f 1330//417 1332//417 1329//417 
f 1858//478 1435//478 1433//479 
f 1433//457 1435//457 1432//457 
f 2277//808 2276//809 2483//810 
f 2076//811 2077//812 2484//673 
f 2485//813 2486//814 2487//815 
f 1820//517 2488//517 2489//517 
f 1767//483 1766//493 2061//609 
f 2231//816 2230//817 2490//818 
f 2491//819 2492//819 2138//819 
f 2492//544 2491//544 2493//487 
f 2494//479 1831//479 1895//529 
f 1832//520 1831//520 2494//574 
f 2495//770 2496//770 2497//771 
f 2497//479 2496//479 1845//529 
f 2498//479 1922//525 2499//479 
f 2498//554 2499//733 2500//733 
f 2427//820 2426//821 2501//822 
f 1903//823 1769//498 1768//497 
f 2502//824 2503//825 1773//501 
f 2503//826 2502//827 2373//828 
f 1985//829 2256//14 2117//116 
f 1788//14 2117//116 2256//14 
f 2223//9 2005//9 2338//14 
f 2223//517 1820//517 2005//517 
f 2252//795 2463//794 2504//830 
f 2504//479 2463//479 1711//479 
f 787//393 785//393 784//393 
f 1726//479 785//478 787//479 
f 738//367 736//367 735//367 
f 1745//479 736//529 738//529 
f 1710//485 698//529 700//529 
f 670//479 621//668 1710//485 
f 684//342 682//342 681//342 
f 1710//485 682//570 684//570 
f 503//367 505//367 502//367 
f 1961//479 505//529 503//529 
f 1206//342 1204//342 1203//342 
f 1932//478 1204//479 1206//479 
f 556//393 558//393 555//393 
f 1729//479 558//478 556//478 
f 917//367 919//367 916//367 
f 1924//479 919//479 917//479 
f 969//393 971//393 968//393 
f 1728//479 971//479 969//479 
f 2505//479 1838//525 2506//479 
f 2505//490 2506//491 2507//491 
f 2508//438 2509//626 2510//626 
f 2511//479 2509//479 2508//479 
f 2236//479 2512//479 1895//529 
f 2237//683 2512//683 2236//663 
f 2513//516 2514//516 2415//515 
f 2415//478 2514//478 2413//478 
f 2515//610 2516//741 2346//741 
f 2515//479 1838//525 2516//524 
f 2517//478 1864//478 2518//478 
f 2517//831 2518//832 2432//833 
f 2519//479 2520//479 1711//479 
f 2521//834 2520//835 2519//836 
f 2522//837 2523//838 2524//839 
f 2524//118 2523//118 1905//4 
f 2525//11 2526//477 1754//11 
f 2526//840 2525//841 2527//842 
f 2528//843 2529//844 2530//845 
f 1731//117 2529//9 2528//9 
f 2531//846 2448//791 2447//790 
f 2531//478 1864//478 2448//478 
f 2532//9 2533//847 1761//14 
f 2489//848 2488//849 2534//850 
f 2415//515 2535//515 2513//516 
f 1973//479 2462//479 1845//529 
f 2439//788 2536//627 2437//627 
f 1778//479 1838//525 1779//479 
f 2442//788 2537//627 2384//627 
f 2375//479 2025//525 2376//479 
f 2444//788 2538//627 2380//627 
f 2321//479 1922//525 2322//479 
f 2539//851 335//851 333//852 
f 333//227 335//229 332//226 
f 1820//517 2540//517 2093//517 
f 2093//620 2540//853 2092//618 
f 2541//854 2542//855 2543//856 
f 2542//857 2541//858 1940//600 
f 2274//859 2275//841 2544//841 
f 1939//860 1772//861 1771//862 
f 2545//116 2546//116 1789//117 
f 2547//863 2546//864 2545//865 
f 2548//9 2223//9 2338//14 
f 1761//14 2548//9 2338//14 
f 2549//1 2550//2 222//1 
f 262//866 2550//866 2549//867 
f 195//1 194//1 2264//1 
f 194//71 195//72 70//72 
f 146//2 145//2 2239//2 
f 145//23 146//24 21//24 
f 220//1 219//1 2278//2 
f 219//96 220//97 96//97 
f 2431//517 2551//517 2552//517 
f 2553//868 2552//869 2551//870 
f 180//2 2554//2 2555//2 
f 2555//871 2554//871 2556//871 
f 2557//517 2558//517 2318//517 
f 2559//872 2558//873 2557//874 
f 169//47 170//48 45//48 
f 170//1 169//1 2394//1 
f 265//135 266//136 264//134 
f 2163//875 264//875 266//876 
f 2560//877 2561//878 2562//879 
f 1820//517 2562//517 2561//517 
f 1985//585 2563//517 2564//517 
f 2565//880 2564//881 2563//882 
f 349//243 351//245 348//242 
f 2566//883 351//883 349//884 
f 2567//885 2568//886 2569//887 
f 2567//888 1854//591 2568//889 
f 331//890 2371//890 2570//852 
f 157//2 2570//2 2371//2 
f 2429//9 2240//14 1761//14 
f 1819//9 2240//14 2429//9 
f 1985//829 2117//116 1821//9 
f 1821//517 1820//517 1985//891 
f 1819//9 2429//9 2006//9 
f 2006//517 1820//517 1819//517 
f 2346//741 2571//610 2515//610 
f 2348//478 2571//479 2346//479 
f 2572//741 2260//610 2573//610 
f 2261//478 2260//479 2572//479 
f 2574//892 2575//9 1731//117 
f 2576//893 2225//894 2224//895 
f 2577//896 2578//897 1940//600 
f 2578//898 2577//899 2579//900 
f 2580//901 280//901 282//902 
f 281//151 282//152 280//150 
f 2581//903 2556//903 2554//903 
f 2582//548 2556//548 2581//511 
f 2138//1 2583//1 199//1 
f 2583//904 2138//904 2492//904 
f 2584//905 2585//906 2586//907 
f 2585//908 2584//909 1904//551 
f 278//910 2587//910 2588//911 
f 229//1 2588//1 2587//1 
f 172//2 2589//2 2590//2 
f 2590//912 2589//912 2591//912 
f 2592//487 2593//511 2594//544 
f 2593//913 2592//913 2328//913 
f 2183//559 2595//558 2181//558 
f 2596//479 2595//479 2183//479 
f 2597//577 2598//577 2599//625 
f 2599//478 2598//479 1930//529 
f 2600//504 2601//504 2602//771 
f 2602//479 2601//479 2603//478 
f 1783//504 1782//504 2604//771 
f 2604//479 1782//479 2605//479 
f 2606//914 364//915 362//916 
f 363//257 362//256 364//258 
f 2164//2 2607//2 150//2 
f 347//917 2607//917 2164//884 
f 2328//1 2608//2 207//2 
f 2608//918 2328//918 2592//918 
f 2609//487 2591//511 2610//511 
f 2610//919 2591//919 2589//919 
f 2070//563 2611//563 2068//590 
f 2611//478 1872//478 2068//479 
f 2612//920 1781//547 2349//523 
f 2347//740 2612//740 2349//515 
f 2613//921 1872//478 2614//478 
f 2615//740 2613//740 2614//515 
f 2437//479 1988//479 2440//478 
f 1987//588 2440//588 1988//587 
f 2198//683 2616//683 2617//387 
f 2616//479 1758//478 2617//479 
f 2618//922 2619//923 2620//924 
f 2618//478 1864//478 2619//478 
f 2582//925 2621//926 2622//927 
f 2622//479 2621//479 1711//479 
f 2080//530 2623//530 2624//737 
f 2624//479 2623//479 1930//529 
f 2625//733 2626//554 2627//554 
f 2301//479 2626//479 2625//478 
f 2500//733 2628//554 2498//554 
f 2319//479 2628//479 2500//478 
f 2629//412 2630//412 2476//596 
f 2476//479 2630//479 2049//479 
f 1964//574 2631//928 1962//520 
f 1962//478 2631//478 2295//478 
f 2548//929 2632//929 2223//929 
f 2336//517 2335//517 2223//930 
f 2453//479 2633//806 1930//529 
f 2359//793 2633//793 2453//587 
f 2573//610 2634//741 2572//741 
f 2573//479 1922//525 2634//524 
f 2353//610 2635//741 2352//741 
f 2353//478 2025//525 2635//524 
f 2636//525 1859//535 2637//525 
f 2636//931 2637//932 2638//933 
f 2639//934 2640//935 2641//936 
f 2641//529 2640//529 1745//479 
f 2564//881 2565//880 2642//937 
f 1788//14 2642//117 2565//117 
f 2356//610 2643//742 2354//742 
f 2643//479 2356//479 2644//479 
f 2363//610 2645//742 2361//742 
f 2645//479 2363//479 1813//479 
f 2646//627 2647//743 2648//743 
f 2647//479 2646//479 1896//479 
f 2360//627 2649//743 2358//743 
f 2649//539 2360//578 1806//580 
f 237//1 2650//2 2651//1 
f 293//938 2651//939 2650//940 
f 2652//1 2653//2 142//2 
f 360//941 2653//941 2652//916 
f 2654//548 2655//548 2656//511 
f 2655//942 2654//942 2657//942 
f 1885//543 1906//943 1886//486 
f 2372//944 2373//828 2502//827 
f 2658//945 2247//704 1983//703 
f 1731//117 2247//9 2658//117 
f 1820//517 2659//517 2547//517 
f 2546//864 2547//863 2659//946 
f 2660//947 2368//746 1881//745 
f 2368//584 2660//584 1985//585 
f 2661//948 2662//949 2663//950 
f 2662//116 2661//117 1789//117 
f 2657//2 186//2 185//2 
f 185//63 186//64 61//64 
f 161//39 162//42 37//40 
f 2471//2 162//2 161//2 
f 210//87 211//88 86//88 
f 2253//1 211//2 210//2 
f 235//112 236//113 112//113 
f 2664//1 236//1 235//1 
f 1741//487 1772//861 1770//487 
f 1770//487 1772//861 1939//860 
f 2530//584 2665//517 1985//585 
f 2665//951 2530//845 2529//844 
f 1883//952 1731//117 2666//953 
f 2370//954 2369//955 2666//956 
f 153//31 154//32 29//32 
f 1703//2 154//2 153//2 
f 177//55 178//56 53//56 
f 2667//2 178//2 177//2 
f 2668//1 228//1 227//1 
f 227//104 228//105 104//105 
f 203//1 202//1 1823//1 
f 202//79 203//80 78//80 
f 1745//479 760//523 762//523 
f 762//355 760//355 759//355 
f 1892//478 1075//485 1077//485 
f 1077//406 1075//406 1074//406 
f 1491//406 1489//406 1488//406 
f 1936//478 1489//478 1491//478 
f 1230//330 1228//330 1227//330 
f 1932//478 1228//479 1230//479 
f 1924//479 895//479 893//479 
f 893//355 895//355 892//355 
f 1961//479 481//480 479//480 
f 479//355 481//355 478//355 
f 1728//479 947//479 945//479 
f 945//381 947//381 944//381 
f 1729//479 534//478 532//478 
f 532//381 534//381 531//381 
f 1726//479 809//479 811//479 
f 811//381 809//381 808//381 
f 708//330 706//330 705//330 
f 1710//485 706//529 708//529 
f 2669//957 2670//958 2671//959 
f 2669//960 1854//591 2670//961 
f 2672//118 2673//118 1905//4 
f 2674//962 2673//963 2672//964 
f 2675//965 2676//966 2677//967 
f 2676//477 2675//11 1754//11 
f 1727//478 1643//479 1645//479 
f 1645//448 1643//448 1642//448 
f 1932//478 1180//479 1182//479 
f 1182//354 1180//354 1179//354 
f 1306//405 1308//405 1305//405 
f 1863//570 1308//485 1306//485 
f 1727//478 1593//478 1595//478 
f 1595//354 1593//354 1592//354 
f 1409//354 1411//354 1408//354 
f 1858//478 1411//479 1409//479 
f 661//405 659//405 658//405 
f 1711//479 659//479 661//479 
f 580//405 582//405 579//405 
f 1729//479 582//478 580//478 
f 1728//479 995//478 993//478 
f 993//405 995//405 992//405 
f 1924//479 843//529 841//529 
f 841//329 843//329 840//329 
f 1961//479 429//529 427//529 
f 427//329 429//329 426//329 
f 1257//329 1259//329 1256//329 
f 1864//478 1259//525 1257//525 
f 1543//380 1541//380 1540//380 
f 1936//478 1541//478 1543//525 
f 1892//478 1127//525 1129//525 
f 1129//380 1127//380 1126//380 
f 1360//380 1362//380 1359//380 
f 1859//535 1362//525 1360//524 
f 2678//968 2679//969 2680//970 
f 2679//971 2678//972 1940//600 
f 2681//973 2221//974 2220//975 
f 2682//517 2683//976 2223//930 
f 2684//516 2685//516 1953//977 
f 1953//571 2685//806 1895//529 
f 2686//978 2687//979 2688//980 
f 2686//525 1859//535 2687//525 
f 2689//981 2690//982 1773//501 
f 2690//983 2689//984 2691//985 
f 2692//529 2693//529 1745//479 
f 2694//986 2693//987 2692//988 
f 2141//336 2695//502 2321//502 
f 2073//479 2695//479 2141//479 
f 1780//336 2696//502 1778//502 
f 2697//479 2696//479 1780//479 
f 2698//479 1922//525 2331//479 
f 2698//438 2331//728 2109//728 
f 2166//336 2699//502 2375//502 
f 2065//478 2699//479 2166//479 
f 2700//563 2701//563 2702//590 
f 2702//479 2701//479 2703//479 
f 1929//563 1931//563 2704//590 
f 2704//479 1931//479 2705//479 
f 2706//438 2100//626 2099//626 
f 2707//479 2100//479 2706//479 
f 2708//479 2034//478 2035//479 
f 2708//438 2709//626 2710//626 
f 1972//737 2339//737 2711//521 
f 2711//479 2339//479 1845//529 
f 2712//596 2474//596 2713//574 
f 2713//479 2474//479 2473//479 
f 2714//989 2715//990 2716//991 
f 1788//14 2715//117 2714//116 
f 2717//559 2168//558 2084//558 
f 2168//479 2717//479 1848//479 
f 2058//606 2718//559 2056//559 
f 2718//479 2058//479 1896//479 
f 2053//606 2719//559 2051//559 
f 2719//479 2053//479 1834//572 
f 2720//479 2721//479 1991//479 
f 1989//590 1991//590 2721//563 
f 2722//479 2351//479 2285//479 
f 2351//538 2722//537 2723//537 
f 1920//478 2724//478 2157//479 
f 2158//577 2157//577 2724//625 
f 1862//538 2705//537 1860//537 
f 2705//479 1862//479 2704//479 
f 2725//590 2726//590 2727//563 
f 2728//478 2727//478 2726//479 
f 2729//559 2064//606 2063//606 
f 2064//478 2729//479 2730//479 
f 2183//479 2731//479 2596//479 
f 2732//577 2596//577 2731//625 
f 2733//478 2096//478 2734//478 
f 2095//625 2734//625 2096//604 
f 2073//564 2072//564 2735//563 
f 2072//478 1792//589 2735//478 
f 2263//479 1758//478 2736//478 
f 2262//604 2263//604 2736//625 
f 2737//478 2723//479 1848//479 
f 2723//537 2737//538 2351//538 
f 2002//479 1948//479 2379//479 
f 2377//740 2379//740 1948//992 
f 2149//479 2028//479 2615//479 
f 2613//740 2615//740 2028//992 
f 2383//478 1792//589 1887//478 
f 2382//588 2383//588 1887//993 
f 2616//683 2198//683 2294//994 
f 2195//479 2294//479 2198//479 
f 2295//995 2327//733 2326//733 
f 2327//478 2295//478 2631//478 
f 2323//683 2075//683 2299//994 
f 1925//479 2299//479 2075//479 
f 2000//596 1999//596 2320//996 
f 1999//479 1758//478 2320//479 
f 2738//479 2309//479 1848//479 
f 2309//997 2738//557 2739//557 
f 2663//950 2740//998 2661//948 
f 1820//517 2740//517 2663//517 
f 1985//585 2716//517 2741//517 
f 2741//999 2716//991 2715//990 
f 2742//1000 2743//1001 2744//1002 
f 2743//1003 2742//1004 1904//551 
f 2745//1005 2620//924 2619//923 
f 2620//544 2745//487 2746//487 
f 2621//926 2582//925 2747//1006 
f 2581//511 2747//511 2582//548 
f 2748//1007 2749//1008 2750//1009 
f 2750//118 2749//118 1905//4 
f 2751//1010 2752//1011 2753//1012 
f 2752//11 2751//477 1754//11 
f 2609//1013 2754//1014 2755//1015 
f 2755//479 2754//479 1711//479 
f 2756//478 1864//478 2757//478 
f 2756//1016 2757//1017 2758//1018 
f 1765//495 1904//551 1766//496 
f 1904//676 1765//675 1809//675 
f 1788//14 2759//116 2760//116 
f 2760//1019 2759//1020 2761//1020 
f 1907//553 1906//552 1773//501 
f 1907//603 1773//603 1754//603 
f 2228//687 252//687 254//686 
f 253//123 254//124 252//122 
f 2497//771 2762//771 2495//770 
f 2495//479 2762//479 2763//479 
f 2630//412 2629//412 2764//577 
f 2764//479 2629//479 1895//529 
f 2765//555 2627//554 2626//554 
f 2765//479 1838//525 2627//479 
f 2510//479 2025//525 2766//479 
f 2510//626 2766//507 2508//438 
f 2767//478 2025//525 2768//478 
f 2767//554 2768//733 2769//733 
f 1927//479 1922//525 2770//479 
f 1927//557 2770//556 1925//556 
f 2771//564 2104//564 2772//563 
f 2772//479 2104//478 2020//478 
f 2773//479 2700//479 1845//529 
f 2701//563 2700//563 2773//564 
f 2216//479 2774//479 1930//529 
f 2218//683 2774//683 2216//663 
f 2775//1021 2776//1022 1940//600 
f 2776//1023 2775//1024 2777//1025 
f 2215//682 2778//1026 2213//680 
f 2778//117 2215//117 1789//117 
f 2648//478 1785//478 1908//478 
f 1785//1027 2648//743 2647//743 
f 1890//1028 2414//742 2413//742 
f 2414//479 1890//479 1848//479 
f 2685//516 2684//516 2644//515 
f 2644//479 2684//478 2643//479 
f 1815//516 2779//516 1813//515 
f 1813//479 2779//478 2645//479 
f 2287//479 2286//479 1895//529 
f 2367//793 2780//793 2781//587 
f 2782//1029 2783//1030 2784//1031 
f 2782//805 1859//535 2783//805 
f 2785//1032 2786//1033 2787//1034 
f 2787//700 2786//700 1745//479 
f 2788//1035 2789//1036 1773//501 
f 2789//1010 2788//1037 2790//1038 
f 1761//14 2791//14 2334//14 
f 2335//735 2334//734 2791//1039 
f 2758//511 2792//487 2793//487 
f 2792//1040 2758//1018 2757//1017 
f 2610//511 2794//511 2609//487 
f 2754//1014 2609//1013 2794//1041 
f 2435//1 2795//1 193//1 
f 2795//1042 2435//1042 2433//1042 
f 2465//487 2266//487 2796//544 
f 2796//1043 2266//1043 2264//1043 
f 2797//1044 2579//1045 1904//551 
f 2579//900 2797//898 2578//898 
f 2798//1046 2575//1047 2574//1048 
f 1820//517 2799//541 1883//541 
f 142//2 141//2 2652//1 
f 141//19 142//20 17//20 
f 2402//766 2800//1049 2400//764 
f 1820//517 2486//517 2485//517 
f 2625//478 2801//478 2301//479 
f 2302//996 2301//996 2801//596 
f 2802//733 2456//1050 2269//1050 
f 2456//478 2802//478 1896//479 
f 2219//478 2803//479 2218//479 
f 2803//557 2219//1051 2306//1051 
f 2179//479 2804//479 2178//479 
f 2804//557 2179//1051 2245//1051 
f 2805//733 2457//1050 2271//1050 
f 2457//479 2805//479 1834//572 
f 2102//478 2739//479 2237//479 
f 2739//557 2102//1051 2309//997 
f 191//1 190//1 2806//1 
f 190//67 191//68 66//68 
f 2777//1025 2807//1052 2776//1023 
f 2807//1053 2777//1054 1904//551 
f 2433//544 2432//487 2808//487 
f 2808//1055 2432//833 2518//832 
f 2656//511 2521//511 2654//548 
f 2520//835 2521//834 2656//1056 
f 2809//1057 1854//591 2810//1058 
f 2809//1059 2810//1060 2811//1060 
f 1459//425 1457//425 1456//425 
f 1936//478 1457//524 1459//525 
f 1726//479 777//479 779//479 
f 779//397 777//397 776//397 
f 730//1061 728//1061 727//1061 
f 1745//479 728//1062 730//1063 
f 1892//478 1043//1064 1045//524 
f 1045//425 1043//425 1042//425 
f 977//397 979//397 976//397 
f 1728//479 979//479 977//479 
f 676//346 674//346 673//346 
f 1710//485 674//628 676//628 
f 564//397 566//397 563//397 
f 1729//479 566//478 564//478 
f 1198//346 1196//346 1195//346 
f 1932//478 1196//479 1198//479 
f 511//1061 513//1061 510//1061 
f 1961//479 513//806 511//1063 
f 925//1061 927//1061 924//1061 
f 1924//479 927//529 925//529 
f 1338//426 1340//426 1337//426 
f 1863//570 1340//524 1338//524 
f 1932//478 1148//479 1150//479 
f 1150//370 1148//370 1147//370 
f 1441//370 1443//370 1440//370 
f 1858//478 1443//478 1441//478 
f 1563//370 1561//370 1560//370 
f 1727//478 1561//478 1563//478 
f 1097//396 1095//396 1094//396 
f 1892//478 1095//535 1097//535 
f 1511//396 1509//396 1508//396 
f 1936//478 1509//478 1511//478 
f 1613//345 1611//345 1610//345 
f 1727//478 1611//479 1613//479 
f 1025//426 1027//426 1024//426 
f 1728//479 1027//479 1025//478 
f 629//426 627//426 626//426 
f 1711//479 627//529 629//529 
f 873//345 875//345 872//345 
f 1924//479 875//479 873//479 
f 459//345 461//345 458//345 
f 1961//479 461//628 459//570 
f 1729//479 614//478 612//478 
f 612//426 614//426 611//426 
f 1289//345 1291//345 1288//345 
f 1864//478 1291//535 1289//535 
f 1392//396 1394//396 1391//396 
f 1859//535 1394//578 1392//578 
f 2487//815 2812//843 2485//813 
f 2812//9 2487//14 1761//14 
f 909//363 911//363 908//363 
f 1924//479 911//479 909//479 
f 1936//478 1473//478 1475//478 
f 1475//414 1473//414 1472//414 
f 1726//479 793//479 795//478 
f 795//437 793//437 792//437 
f 1728//479 963//479 961//479 
f 961//389 963//389 960//389 
f 1961//479 497//529 495//529 
f 495//363 497//363 494//363 
f 1892//478 1059//525 1061//525 
f 1061//414 1059//414 1058//414 
f 1729//479 550//479 548//478 
f 548//389 550//389 547//389 
f 1745//479 744//529 746//700 
f 746//435 744//435 743//435 
f 1932//478 1212//479 1214//479 
f 1214//338 1212//338 1211//338 
f 1710//485 690//570 692//666 
f 692//432 690//432 689//432 
f 1527//443 1525//443 1524//443 
f 1936//478 1525//478 1527//478 
f 1864//478 1275//478 1273//478 
f 1273//441 1275//441 1272//441 
f 1892//478 1111//478 1113//478 
f 1113//443 1111//443 1110//443 
f 1859//535 1378//805 1376//805 
f 1376//443 1378//443 1375//443 
f 1932//478 1164//479 1166//479 
f 1166//362 1164//362 1163//362 
f 1961//479 445//479 443//529 
f 443//337 445//337 442//337 
f 1579//362 1577//362 1576//362 
f 1727//478 1577//478 1579//478 
f 1924//479 859//479 857//479 
f 857//441 859//441 856//441 
f 1729//479 598//478 596//478 
f 596//413 598//413 595//413 
f 1728//479 1011//478 1009//479 
f 1009//413 1011//413 1008//413 
f 1711//479 643//479 645//479 
f 645//413 643//413 642//413 
f 1629//441 1627//441 1626//441 
f 1727//478 1627//479 1629//478 
f 1863//570 1324//525 1322//525 
f 1322//413 1324//413 1321//413 
f 1858//478 1427//479 1425//478 
f 1425//362 1427//362 1424//362 
f 1820//517 2813//517 2212//517 
f 2212//679 2813//1065 1998//677 
f 186//2 2657//2 2814//2 
f 2814//1066 2657//1066 2654//1066 
f 215//91 216//94 92//92 
f 216//1 215//2 2815//1 
f 2816//14 2534//14 1761//14 
f 2534//850 2816//1067 2489//848 
f 2817//578 1859//535 2818//578 
f 2817//1068 2818//1069 2819//1060 
f 2820//1070 2821//1071 2822//1072 
f 2822//523 2821//523 1745//479 
f 2823//487 2449//487 2446//511 
f 2449//1073 2823//1073 2824//1073 
f 2825//2 2826//2 167//1 
f 2826//1074 2825//1074 2827//1074 
f 2828//116 2560//117 1789//117 
f 2561//878 2560//877 2828//1075 
f 2222//517 2829//517 1820//517 
f 2533//1076 2532//1077 2829//1078 
f 2830//1079 2811//1060 2810//1060 
f 2811//1080 2830//1081 1773//501 
f 2831//479 2832//479 1895//529 
f 2833//737 2832//737 2831//521 
f 2403//361 2769//733 2768//733 
f 2405//479 2769//479 2403//479 
f 2834//387 2835//387 2081//564 
f 2081//478 2835//478 2015//479 
f 2836//538 2837//537 2720//537 
f 2836//479 1922//525 2837//479 
f 2838//479 1838//525 2839//479 
f 2838//559 2839//606 2733//606 
f 2728//537 2840//538 2841//538 
f 2726//479 2840//479 2728//478 
f 2720//537 2842//538 2836//538 
f 1991//479 2842//479 2720//479 
f 2843//538 2844//537 2152//537 
f 2843//479 1838//525 2844//479 
f 2197//479 2025//525 2845//479 
f 2197//557 2845//556 2195//556 
f 2846//479 2847//479 2848//479 
f 2848//729 2847//728 2849//728 
f 1748//491 2292//490 1746//490 
f 2293//478 2292//479 1748//478 
f 2152//537 2850//538 2843//538 
f 2069//479 2850//479 2152//479 
f 2841//538 2851//537 2728//537 
f 2841//479 2025//525 2851//479 
f 2710//479 1838//525 2852//479 
f 2710//626 2852//507 2708//438 
f 2598//577 2597//577 2853//412 
f 2853//479 2597//479 2854//479 
f 1917//479 1838//525 2855//479 
f 1917//557 2855//556 1915//556 
f 2730//625 2856//625 2857//604 
f 2857//478 2856//478 1845//529 
f 2858//729 2859//555 2860//555 
f 2858//479 1922//525 2859//479 
f 2861//491 2297//490 2862//490 
f 2298//478 2297//479 2861//479 
f 2832//737 2833//737 2863//458 
f 2863//479 2833//479 2864//479 
f 2857//604 2865//604 2730//625 
f 2730//479 2865//478 2064//478 
f 2624//737 2866//737 2080//530 
f 2080//479 2866//479 2078//479 
f 2507//491 2272//490 2505//490 
f 2273//478 2272//479 2507//479 
f 2867//479 2771//479 1895//529 
f 2104//564 2771//564 2867//387 
f 2161//387 2162//387 2409//564 
f 2409//479 2162//479 2407//479 
f 2868//770 2869//770 2870//771 
f 2870//479 2869//479 1895//529 
f 2474//596 2712//596 2871//412 
f 2871//479 2712//479 1930//529 
f 2872//504 2873//504 2874//374 
f 2874//478 2873//478 1845//529 
f 1820//517 2875//517 2876//517 
f 2877//1082 2876//1083 2875//1084 
f 2878//1085 2879//1086 2880//1087 
f 2878//1088 1854//591 2879//1089 
f 2018//478 2367//478 2364//478 
f 2780//793 2367//793 2018//1090 
f 394//314 323//217 322//216 
f 2471//803 323//803 394//1091 
f 2881//4 2820//118 1905//4 
f 2821//1071 2820//1070 2881//1092 
f 2819//11 2882//11 1754//11 
f 2882//1093 2819//1060 2818//1069 
f 2883//116 2877//117 1789//117 
f 2876//1083 2877//1082 2883//1094 
f 249//1095 2884//1095 2815//1096 
f 2815//1 2884//1 216//1 
f 2806//1 2885//1 191//1 
f 2885//1097 2806//1097 2886//1097 
f 327//636 2120//636 2887//1098 
f 159//2 2887//1 2120//2 
f 2371//890 331//890 329//1098 
f 329//223 331//225 328//222 
f 165//43 166//44 41//44 
f 166//1 165//1 2888//2 
f 188//2 2889//2 2890//2 
f 2890//1099 2889//1099 2891//1099 
f 261//131 262//132 260//130 
f 2549//867 260//867 262//866 
f 2892//478 1864//478 2467//478 
f 2892//1100 2467//799 2465//798 
f 2893//479 2469//479 1711//479 
f 2468//801 2469//800 2893//1101 
f 2894//1102 2895//1102 2281//1102 
f 2896//487 2895//548 2894//548 
f 2897//1103 2898//1103 2899//1103 
f 2898//1 2897//1 197//1 
f 2900//1104 2901//1105 1940//600 
f 2901//1106 2900//1107 2902//1107 
f 1728//479 939//479 937//479 
f 937//1108 939//1108 936//1108 
f 524//1108 526//1108 523//1108 
f 1729//479 526//478 524//478 
f 1085//402 1083//402 1082//402 
f 1892//478 1083//668 1085//668 
f 471//351 473//351 470//351 
f 1961//479 473//480 471//523 
f 770//351 768//351 767//351 
f 1745//479 768//523 770//523 
f 1499//402 1497//402 1496//402 
f 1936//478 1497//478 1499//478 
f 1932//478 1236//479 1238//479 
f 1238//451 1236//451 1235//451 
f 1924//479 887//479 885//479 
f 885//351 887//351 884//351 
f 716//451 714//451 713//451 
f 1710//485 714//1063 716//1062 
f 819//1108 817//1108 816//1108 
f 1726//479 817//479 819//479 
f 2903//1109 2761//1020 2759//1020 
f 1985//585 2761//517 2903//517 
f 2278//2 2904//1 220//1 
f 258//721 2904//721 2278//720 
f 155//2 2905//2 2539//1 
f 335//851 2539//851 2905//1110 
f 1703//481 339//481 337//1110 
f 337//231 339//233 336//230 
f 182//2 2281//2 2906//2 
f 2906//1111 2281//1111 2895//1111 
f 2907//1112 2899//1112 2898//1112 
f 2899//544 2907//487 2466//544 
f 269//139 270//140 268//138 
f 1994//595 268//595 270//594 
f 293//163 291//161 290//160 
f 2650//940 291//940 293//938 
f 1860//579 2908//579 1806//580 
f 2908//502 1860//537 2705//537 
f 1977//478 2909//478 1896//479 
f 2909//502 1977//537 2703//537 
f 2095//624 1781//547 2910//624 
f 2734//625 2095//625 2910//577 
f 2727//563 2067//563 2725//590 
f 2067//479 1758//478 2725//479 
f 2477//387 2461//387 2911//564 
f 2461//479 1872//478 2911//478 
f 2156//479 1872//478 2732//479 
f 2731//625 2156//625 2732//577 
f 2611//563 2070//563 2697//564 
f 2696//479 2697//479 2070//479 
f 2408//479 2703//479 2701//479 
f 2703//537 2408//502 2909//502 
f 2912//558 2051//559 2719//559 
f 2051//479 2912//479 2913//479 
f 2854//558 2056//559 2718//559 
f 2056//479 2854//479 2597//479 
f 2914//511 2915//511 2916//511 
f 2916//1113 2915//1113 2667//1113 
f 2917//1 2918//1 201//1 
f 2918//1114 2917//1114 2919//1114 
f 345//239 347//241 344//238 
f 2607//917 347//917 345//1115 
f 2588//911 276//911 278//910 
f 277//147 278//148 276//146 
f 2920//2 2010//2 152//2 
f 343//602 2010//602 2920//1115 
f 2163//1 2921//1 224//1 
f 266//876 2921//876 2163//875 
f 2653//941 360//941 358//1116 
f 359//253 358//252 360//254 
f 285//155 2922//1117 283//153 
f 2315//731 2922//731 285//730 
f 2919//487 2746//487 2745//487 
f 2746//1118 2919//1118 2917//1118 
f 2923//1119 2667//1119 2915//1119 
f 178//2 2667//2 2923//2 
f 2891//487 2924//487 2925//487 
f 2924//1120 2891//1120 2889//1120 
f 353//247 355//249 352//246 
f 2238//695 355//695 353//1121 
f 2926//1122 2827//1122 2825//1122 
f 2927//487 2827//511 2926//511 
f 212//2 2824//1 2928//1 
f 2928//1123 2824//1123 2823//1123 
f 2929//2 2930//1 205//1 
f 2930//1124 2929//1124 2931//1124 
f 2932//487 2933//487 2934//487 
f 2934//1125 2933//1125 2174//1125 
f 351//883 2566//883 2935//1121 
f 2935//2 2566//2 148//2 
f 364//915 2606//914 2936//1126 
f 2936//2 2606//2 140//2 
f 2937//2 2288//2 144//2 
f 356//725 2288//725 2937//1116 
f 274//599 2668//599 2009//598 
f 227//1 2009//1 2668//1 
f 2938//1127 2939//1127 2940//1127 
f 2941//511 2939//511 2938//487 
f 208//2 2942//1 2943//2 
f 2943//1128 2942//1128 2944//1128 
f 235//1 2248//1 2664//1 
f 289//707 2664//707 2248//706 
f 2931//511 2170//544 2169//544 
f 2170//1129 2931//1129 2929//1129 
f 174//2 2174//1 2945//2 
f 2945//1130 2174//1130 2933//1130 
f 2815//1096 393//1096 249//1095 
f 250//120 249//119 393//311 
f 2944//487 2793//487 2792//487 
f 2793//1131 2944//1131 2942//1131 
f 2940//2 2946//1 171//1 
f 2946//1132 2940//1132 2939//1132 
f 282//902 2329//902 2580//901 
f 231//1 2580//1 2329//2 
f 2033//479 2032//478 2347//478 
f 2612//740 2347//740 2032//992 
f 2387//586 1758//478 2039//485 
f 2386//588 2387//588 2039//993 
f 1987//586 1872//478 2023//478 
f 2440//588 1987//588 2023//993 
f 2947//1133 2948//1134 2949//1135 
f 2949//517 2948//517 1985//585 
f 2481//805 2306//578 1806//580 
f 2306//1051 2481//557 2803//557 
f 2480//700 1781//547 2302//523 
f 2801//596 2480//596 2302//996 
f 2269//1050 2473//733 2802//733 
f 2473//479 2269//478 2713//479 
f 2479//478 2245//478 1896//479 
f 2245//1051 2479//557 2804//557 
f 2271//1050 2475//733 2805//733 
f 2475//479 2271//478 2950//479 
f 2460//683 2071//683 2243//994 
f 1915//479 2243//479 2071//479 
f 2405//596 2406//596 2246//996 
f 2406//479 1872//478 2246//479 
f 2927//1136 2951//1137 2952//1138 
f 2952//570 2951//570 1711//479 
f 2953//1139 2954//1140 2955//1141 
f 2953//485 1864//478 2954//485 
f 2019//1027 2364//743 2411//743 
f 2364//478 2019//478 2018//478 
f 2358//478 2013//478 2012//478 
f 2013//1027 2358//743 2649//743 
f 2354//479 1954//479 1834//572 
f 1954//1028 2354//742 2643//742 
f 1934//1028 2361//742 2645//742 
f 2361//479 1934//479 1896//479 
f 1731//117 2956//14 2957//14 
f 2957//1142 2956//1143 2958//1144 
f 2958//584 2959//584 1985//585 
f 2959//1145 2958//1144 2956//1143 
f 2889//2 188//2 187//2 
f 187//65 188//66 63//66 
f 1820//517 2960//517 2961//517 
f 2962//1146 2961//1147 2960//1148 
f 2961//1147 2962//1146 2963//1149 
f 2963//117 2962//117 1789//117 
f 1820//517 2964//517 2965//517 
f 2965//1150 2964//1151 2966//1152 
f 1880//785 2436//784 2967//1153 
f 1820//517 2967//517 2436//517 
f 2966//1152 2968//1154 2965//1150 
f 2968//116 2966//117 1789//117 
f 2969//9 2576//14 1731//117 
f 2225//894 2576//893 2969//1155 
f 1731//117 2970//14 2971//14 
f 2971//1156 2970//1157 2972//1158 
f 2972//584 2973//584 1985//585 
f 2973//1159 2972//1158 2970//1157 
f 2974//1160 2975//1161 2976//1162 
f 1820//517 2976//517 2975//517 
f 2975//1161 2974//1160 2977//1163 
f 2977//117 2974//117 1789//117 
f 2978//1164 2979//1165 2980//1166 
f 1820//517 2979//517 2978//517 
f 2981//117 2980//116 1789//117 
f 2980//1166 2981//1167 2978//1164 
f 1731//117 2982//14 2983//14 
f 2983//1168 2982//1169 2984//1170 
f 2984//584 2985//584 1985//585 
f 2985//1171 2984//1170 2982//1169 
f 2586//907 2986//1172 2584//905 
f 2986//1173 2586//1174 1940//600 
f 159//37 160//38 35//38 
f 2120//2 160//2 159//2 
f 217//93 218//95 94//95 
f 218//1 217//1 2228//1 
f 168//1 167//1 2826//2 
f 167//45 168//46 43//46 
f 193//1 192//1 2435//1 
f 192//69 193//70 68//70 
f 2943//2 209//2 208//2 
f 208//85 209//86 84//86 
f 2316//1 234//1 233//1 
f 233//110 234//111 110//111 
f 183//61 184//62 59//62 
f 2232//2 184//2 183//2 
f 1820//517 2987//517 2171//517 
f 2171//661 2987//1175 2988//1176 
f 143//21 144//22 19//22 
f 144//2 143//2 2937//2 
f 2989//1177 2691//985 2689//984 
f 2989//1178 1854//591 2691//1179 
f 1653//325 1651//325 1650//325 
f 1727//478 1651//479 1653//479 
f 1352//376 1354//376 1351//376 
f 1859//535 1354//1180 1352//545 
f 1858//478 1403//478 1401//479 
f 1401//350 1403//350 1400//350 
f 1249//325 1251//325 1248//325 
f 1864//478 1251//525 1249//525 
f 1137//376 1135//376 1134//376 
f 1892//478 1135//1064 1137//713 
f 572//401 574//401 571//401 
f 1729//479 574//478 572//478 
f 1711//479 667//480 669//523 
f 669//401 667//401 666//401 
f 1298//401 1300//401 1297//401 
f 1863//570 1300//668 1298//668 
f 1190//350 1188//350 1187//350 
f 1932//478 1188//479 1190//479 
f 1551//376 1549//376 1548//376 
f 1936//478 1549//525 1551//524 
f 985//401 987//401 984//401 
f 1728//479 987//478 985//478 
f 1603//350 1601//350 1600//350 
f 1727//478 1601//478 1603//478 
f 419//325 421//325 418//325 
f 1961//479 421//806 419//1181 
f 1924//479 835//1063 833//527 
f 833//325 835//325 832//325 
f 155//33 156//34 31//34 
f 2539//1 156//2 155//2 
f 2572//479 2379//479 2261//478 
f 2378//515 2261//515 2379//740 
f 2352//479 2615//479 2043//479 
f 2614//515 2043//515 2615//740 
f 1990//478 1792//589 2383//478 
f 2381//587 1990//587 2383//588 
f 196//73 197//74 72//74 
f 197//1 196//1 2898//1 
f 2589//2 172//2 171//1 
f 171//49 172//50 47//50 
f 221//98 222//99 98//99 
f 222//1 221//1 2549//1 
f 2554//2 180//2 179//2 
f 179//57 180//58 55//58 
f 229//106 230//107 106//107 
f 2587//1 230//1 229//1 
f 205//1 204//1 2929//2 
f 204//81 205//82 80//82 
f 2990//4 2639//4 1905//4 
f 2640//935 2639//934 2990//1182 
f 2638//477 2991//11 1754//11 
f 2991//1183 2638//933 2637//932 
f 148//2 147//2 2935//2 
f 147//25 148//26 23//26 
f 1947//479 1758//478 2377//478 
f 1948//992 1947//992 2377//740 
f 2027//478 1872//478 2613//921 
f 2028//992 2027//992 2613//740 
f 1899//539 1781//547 2612//920 
f 2032//992 1899//992 2612//740 
f 2386//478 2038//478 2037//478 
f 2039//993 2038//993 2386//588 
f 2382//479 2142//479 1889//479 
f 1887//993 2142//993 2382//588 
f 2023//993 2154//993 2440//588 
f 2440//478 2154//478 2153//478 
f 152//2 151//2 2920//2 
f 151//29 152//30 27//30 
f 226//1 225//1 1994//2 
f 225//102 226//103 102//103 
f 175//53 176//54 51//54 
f 1802//2 176//2 175//2 
f 201//1 200//1 2917//1 
f 200//77 201//78 76//78 
f 2992//525 1859//535 2422//525 
f 2992//1184 2422//774 2420//773 
f 2880//1185 2993//1186 1773//501 
f 2993//1187 2880//1087 2879//1086 
f 2994//529 2425//529 1745//479 
f 2424//776 2425//775 2994//1188 
f 2414//742 2062//610 2412//610 
f 2062//479 2414//479 1848//479 
f 2648//743 2107//627 2646//627 
f 2107//479 2648//478 2454//478 
f 2229//690 2995//1189 1942//688 
f 2995//1190 2229//1191 1940//600 
f 2996//1192 2997//1193 2998//1194 
f 2431//517 2998//517 2997//517 
f 2355//610 2053//606 2052//606 
f 2053//479 2355//479 1834//572 
f 2366//478 2737//478 1848//479 
f 2737//538 2366//627 2365//627 
f 1861//538 2360//627 2357//627 
f 2360//578 1861//578 1806//580 
f 2362//610 2058//606 2057//606 
f 2058//479 2362//479 1896//479 
f 2721//563 2735//563 1989//590 
f 2735//478 1792//589 1989//478 
f 2378//479 1758//478 2263//479 
f 2261//515 2378//515 2263//604 
f 2571//479 2348//478 2096//478 
f 2094//604 2096//604 2348//515 
f 2349//523 1781//547 2094//523 
f 2348//515 2349//515 2094//604 
f 2725//479 1758//478 2472//479 
f 2726//590 2725//590 2472//587 
f 2617//387 2165//387 2198//683 
f 2196//478 2198//479 2165//478 
f 2324//387 2074//387 2075//683 
f 1926//479 2075//479 2074//479 
f 2210//479 2157//479 2001//478 
f 2159//412 2001//412 2157//577 
f 2299//994 2458//994 2323//683 
f 2458//478 1792//589 2323//478 
f 2001//412 2159//412 1999//596 
f 2159//479 1758//478 1999//479 
f 2614//478 1872//478 2041//478 
f 2043//515 2614//515 2041//604 
f 2735//563 2721//563 2073//564 
f 2695//479 2073//479 2721//479 
f 2595//479 2596//479 2404//479 
f 2478//412 2404//412 2596//577 
f 2068//479 1872//478 1986//479 
f 2069//590 2068//590 1986//587 
f 2294//994 2451//994 2616//683 
f 2451//479 1758//478 2616//479 
f 2999//479 2042//479 2731//479 
f 2156//625 2731//625 2042//604 
f 3000//479 2133//478 2801//478 
f 2480//596 2801//596 2133//412 
f 2063//606 2717//559 2729//559 
f 2717//479 2063//479 1848//479 
f 2357//627 1862//538 1861//538 
f 1862//479 2357//479 2452//478 
f 3001//478 2262//478 2724//478 
f 2736//625 2724//625 2262//604 
f 2769//479 2405//479 2040//479 
f 2246//996 2040//996 2405//596 
f 2351//479 2365//479 2350//478 
f 2365//627 2351//538 2737//538 
f 2911//564 2697//564 2477//387 
f 1780//479 2477//479 2697//479 
f 2719//559 2047//558 2912//558 
f 2047//479 2719//479 1834//572 
f 1976//538 2646//627 2107//627 
f 2646//479 1976//479 1896//479 
f 2842//479 1991//479 2381//479 
f 1990//587 2381//587 1991//590 
f 2850//479 2069//479 1988//479 
f 1986//587 1988//587 2069//590 
f 2500//478 2000//478 2319//479 
f 2320//996 2319//996 2000//596 
f 2067//563 2727//563 2065//564 
f 2699//479 2065//478 2727//478 
f 2736//478 1758//478 2158//479 
f 2724//625 2736//625 2158//577 
f 2074//387 2324//387 2072//564 
f 2324//478 1792//589 2072//478 
f 2052//606 2356//610 2355//610 
f 2356//479 2052//479 2341//479 
f 2057//606 2363//610 2362//610 
f 2363//479 2057//479 2311//479 
f 2840//479 2726//479 2385//479 
f 2472//587 2385//587 2726//590 
f 2122//361 2802//733 2473//733 
f 2802//478 2122//478 1896//479 
f 2211//478 2734//478 2132//479 
f 2910//577 2132//577 2734//625 
f 2697//564 2911//564 2611//563 
f 2911//478 1872//478 2611//478 
f 2703//479 1978//479 2702//479 
f 1978//538 2703//537 1977//537 
f 2718//559 2121//558 2854//558 
f 2121//479 2718//479 1896//479 
f 2243//994 2242//1195 2460//683 
f 2242//479 1872//478 2460//479 
f 2326//733 2459//1050 2295//995 
f 2459//479 2326//479 1848//479 
f 2064//606 2412//610 2062//610 
f 2412//478 2064//478 2865//478 
f 2049//361 2912//558 2047//558 
f 2912//479 2049//479 2630//479 
f 2732//479 1872//478 2478//479 
f 2596//577 2732//577 2478//412 
f 2084//558 2729//559 2717//559 
f 2729//479 2084//479 1974//478 
f 2910//624 1781//547 2134//700 
f 2132//577 2910//577 2134//412 
f 2739//479 2021//479 3002//478 
f 2021//336 2739//557 2738//557 
f 2804//479 2407//479 2162//479 
f 2407//336 2804//557 2479//557 
f 2048//361 2805//733 2475//733 
f 2805//479 2048//479 1834//572 
f 2123//361 2854//558 2121//558 
f 2854//479 2123//479 2853//479 
f 2020//478 2722//479 2772//479 
f 2722//537 2020//502 2044//502 
f 2168//558 2325//361 2167//361 
f 2325//479 2168//479 1848//479 
f 2723//479 2044//479 1848//479 
f 2044//502 2723//537 2722//537 
f 2803//479 2015//479 2835//478 
f 2015//336 2803//557 2481//557 
f 2165//387 2617//387 2066//564 
f 2617//479 1758//478 2066//479 
f 2908//579 2016//805 1806//580 
f 2016//336 2908//502 2014//502 
f 2014//478 2705//479 1931//479 
f 2705//537 2014//502 2908//502 
f 2909//478 2410//478 1896//479 
f 2410//336 2909//502 2408//502 
f 2022//479 2738//479 1848//479 
f 2738//557 2022//336 2021//336 
f 2327//733 2167//361 2325//361 
f 2167//479 2327//478 3003//479 
f 2061//1196 3004//1197 1940//600 
f 3004//1198 2061//609 1766//493 
f 3005//1199 2374//752 1992//751 
f 3005//1200 1854//591 2374//1201 
f 2490//818 3006//1202 2231//816 
f 3006//1203 2490//1204 1904//551 
f 2493//1205 3007//1206 3008//1207 
f 3007//511 2493//487 2491//544 
f 2894//548 3009//511 2896//487 
f 3010//1208 2896//1209 3009//1210 
f 1985//585 3011//584 3012//517 
f 3012//1211 3011//1212 3013//1213 
f 3014//1214 2744//1215 1940//600 
f 2744//1002 3014//1216 2742//1000 
f 3015//4 2694//118 1905//4 
f 2693//987 2694//986 3015//1217 
f 2688//477 3016//477 1754//11 
f 3016//1218 2688//980 2687//979 
f 2569//1219 3017//1220 1773//501 
f 3017//1221 2569//887 2568//886 
f 3018//1222 2677//967 2676//966 
f 3018//525 1859//535 2677//525 
f 3019//529 2674//529 1745//479 
f 2673//963 2674//962 3019//1223 
f 2223//930 3020//517 3021//517 
f 3022//1224 3021//1225 3020//1226 
f 3023//1227 3013//1213 3011//1212 
f 1731//117 3013//14 3023//14 
f 2501//822 3024//1228 2427//820 
f 3024//1229 2501//1230 1940//600 
f 2874//374 2340//458 2872//504 
f 2872//479 2340//479 3025//478 
f 3026//479 1964//479 1845//529 
f 2631//928 1964//574 3026//1231 
f 2849//728 2445//729 2848//729 
f 2849//479 2025//525 2445//478 
f 2147//625 2599//625 2310//604 
f 2310//478 2599//478 1930//529 
f 2860//555 2330//729 2858//729 
f 3027//478 2330//479 2860//479 
f 2303//555 2314//729 2313//729 
f 2305//478 2314//478 2303//479 
f 3028//479 1838//525 2029//479 
f 3028//733 2029//361 3000//361 
f 2512//683 2237//683 3002//387 
f 3002//478 2237//479 2739//479 
f 3029//479 2494//479 1895//529 
f 2950//574 2494//574 3029//596 
f 2733//606 2211//559 2838//559 
f 2734//478 2211//478 2733//478 
f 3030//478 2025//525 2181//478 
f 3030//361 2181//558 2595//558 
f 2862//479 1922//525 2098//479 
f 2862//490 2098//491 2861//491 
f 2834//479 1928//479 1930//529 
f 2081//564 1928//564 2834//387 
f 3031//479 1922//525 1918//479 
f 3031//361 1918//558 2210//558 
f 2999//606 2183//559 2182//559 
f 2731//479 2183//479 2999//479 
f 3001//606 1920//559 1919//559 
f 2724//478 1920//478 3001//478 
f 2419//771 2602//771 2417//770 
f 2417//479 2602//479 3032//479 
f 2870//771 2604//771 2868//770 
f 2868//479 2604//479 3033//479 
f 3000//361 2625//733 3028//733 
f 2801//478 2625//478 3000//479 
f 2112//361 2500//733 2499//733 
f 2000//478 2500//478 2112//479 
f 3029//596 2476//596 2950//574 
f 2950//479 2476//479 2475//479 
f 3034//479 2453//479 1930//529 
f 2452//587 2453//587 3034//590 
f 3035//606 2573//610 2260//610 
f 3035//479 1922//525 2573//479 
f 3036//479 2455//479 1845//529 
f 2108//587 2455//587 3036//590 
f 3037//606 2353//610 2148//610 
f 3037//478 2025//525 2353//478 
f 2341//604 2283//604 3038//515 
f 3038//479 2283//478 1895//529 
f 2866//737 2624//737 3039//521 
f 3039//479 2624//479 1930//529 
f 2282//625 2145//625 2913//577 
f 2913//479 2145//479 2051//479 
f 2602//771 2419//771 2600//504 
f 2600//479 2419//479 1930//529 
f 2462//412 1975//412 3003//596 
f 3003//479 1975//478 2167//479 
f 3040//479 1962//478 2296//479 
f 1963//520 1962//520 3040//521 
f 2176//479 2160//479 1845//529 
f 2178//657 2160//657 2176//662 
f 3041//1232 1854//591 2790//1233 
f 3041//1234 2790//1038 2788//1037 
f 3042//478 1864//478 3008//478 
f 3042//1235 3008//1207 3007//1206 
f 3043//479 3010//479 1711//479 
f 2896//1209 3010//1208 3043//1236 
f 1892//478 2114//1237 2113//480 
f 2113//480 1848//479 1892//478 
f 3044//1238 1854//591 2483//1239 
f 3044//1240 2483//810 2276//809 
f 2411//743 2113//1027 2019//1027 
f 2113//480 2411//479 1848//479 
f 2413//742 2082//1028 1890//1028 
f 2082//478 2413//478 2514//478 
f 2649//743 2124//1027 2013//1027 
f 2124//578 2649//539 1806//580 
f 2647//743 1786//1027 1785//1027 
f 1786//479 2647//479 1896//479 
f 2645//742 2146//1028 1934//1028 
f 2146//478 2645//479 2779//478 
f 2643//742 2144//1028 1954//1028 
f 2144//478 2643//479 2684//478 
f 1820//517 3045//517 2798//517 
f 2575//1047 2798//1046 3045//1241 
f 1788//14 3046//117 3047//117 
f 3048//1242 3047//1243 3046//1244 
f 3049//117 2988//9 1789//117 
f 2988//1176 3049//1245 2171//661 
f 237//114 238//115 114//115 
f 2651//1 238//1 237//1 
f 2928//1 213//2 212//2 
f 212//89 213//90 88//90 
f 2543//856 3050//1246 2541//854 
f 3050//1247 2543//1248 1904//551 
f 3051//517 3052//517 1985//585 
f 3052//1249 3051//1250 3053//1251 
f 2008//1252 3054//1253 3055//1254 
f 3054//487 2008//487 2007//487 
f 3056//1255 2914//1256 3057//1257 
f 2916//511 3057//511 2914//511 
f 1788//14 3053//116 3058//117 
f 3058//1258 3053//1251 3051//1250 
f 2240//699 2317//699 2241//697 
f 2318//517 2241//517 2317//517 
f 3059//529 2204//529 1745//479 
f 2205//670 2204//669 3059//1259 
f 3060//1260 2209//674 2207//673 
f 3060//525 1859//535 2209//525 
f 3061//1261 2484//673 2077//812 
f 2484//1262 3061//1263 1773//501 
f 3062//1221 2128//642 2127//641 
f 2128//11 3062//477 1754//11 
f 3063//118 2131//118 1905//4 
f 2130//644 2131//643 3063//1264 
f 2948//1134 2947//1133 2256//1265 
f 1788//14 2256//14 2947//116 
f 3064//1266 3065//1267 3066//1268 
f 1985//585 3065//517 3064//517 
f 1788//14 3066//116 3067//117 
f 3067//1269 3066//1268 3065//1267 
f 1985//585 3068//517 3069//517 
f 3070//1270 3069//1271 3068//1272 
f 3071//1273 3055//1254 3054//1253 
f 3071//478 1864//478 3055//478 
f 2914//1256 3056//1255 3072//1274 
f 3072//479 3056//479 1711//479 
f 3069//1271 3070//1270 3073//1275 
f 1788//14 3073//117 3070//116 
f 2886//511 3074//544 3075//511 
f 3075//1276 3074//1277 3076//1278 
f 2925//487 3077//548 2891//487 
f 3078//1279 3077//1280 2925//1281 
f 3079//1282 2955//1141 2954//1140 
f 2955//511 3079//487 3080//487 
f 1985//585 3081//517 3082//517 
f 3082//1283 3081//1284 3083//1285 
f 3084//1286 3083//1285 3081//1284 
f 1788//14 3083//14 3084//14 
f 3085//511 2594//544 2593//511 
f 2594//1287 3085//1288 3086//1289 
f 2934//487 3087//548 2932//487 
f 3088//1290 2932//1291 3087//1292 
f 2951//1137 2927//1136 3089//1293 
f 2926//511 3089//511 2927//487 
f 2680//970 3090//1294 2678//968 
f 3090//1295 2680//1296 1904//551 
f 3091//1297 2671//959 2670//958 
f 2671//1298 3091//1299 1773//501 
f 3092//535 1859//535 2753//535 
f 3092//1300 2753//1012 2752//1011 
f 2749//1008 2748//1007 3093//1301 
f 3093//480 2748//480 1745//479 
f 3094//1302 1854//591 3095//1303 
f 3094//1304 3095//1305 3096//1306 
f 3097//578 1859//535 2527//578 
f 3097//1307 2527//842 2525//841 
f 3098//1308 2544//841 2275//841 
f 2544//1309 3098//1310 1773//501 
f 2523//838 2522//837 3099//1311 
f 3099//523 2522//523 1745//479 
f 2786//1033 2785//1032 3100//1312 
f 3100//11 2785//4 1905//4 
f 3101//1313 2784//1031 2783//1030 
f 2784//11 3101//11 1754//11 
f 3102//487 2396//511 2395//511 
f 2396//1314 3102//1315 3103//1316 
f 3104//1317 2941//1318 3105//1319 
f 2938//487 3105//487 2941//511 
f 2932//1291 3088//1290 3106//1320 
f 3106//479 3088//479 1711//479 
f 3107//1321 3086//1289 3085//1288 
f 3107//478 1864//478 3086//478 
f 3108//1322 2902//1323 1904//551 
f 2902//1107 3108//1324 2901//1106 
f 2428//782 3109//1325 2060//780 
f 3109//1326 2428//1327 1904//551 
f 2941//1318 3104//1317 3110//1328 
f 3110//479 3104//479 1711//479 
f 3111//478 1864//478 3103//478 
f 3111//1329 3103//1316 3102//1315 
f 2393//477 3112//4 1754//11 
f 3112//1330 2393//758 2392//757 
f 2389//754 2388//753 3113//1331 
f 3113//4 2388//118 1905//4 
f 2379//479 2572//479 2002//479 
f 2002//1332 2572//741 2634//741 
f 2633//793 2359//793 2012//1090 
f 2012//478 2359//478 2358//478 
f 2033//1332 2346//741 2516//741 
f 2347//478 2346//479 2033//479 
f 2482//793 2454//793 1908//1090 
f 1908//478 2454//478 2648//478 
f 2615//479 2352//479 2149//479 
f 2149//1332 2352//741 2635//741 
f 2201//1333 2439//788 2438//788 
f 2439//524 1838//525 2536//478 
f 2139//1333 2442//788 2441//788 
f 2442//524 2025//525 2537//478 
f 2514//516 2513//516 2175//977 
f 2513//806 2535//479 1845//529 
f 1815//806 1814//479 1930//529 
f 2779//516 1815//516 1938//977 
f 1888//1333 2444//788 2443//788 
f 2444//524 1922//525 2538//478 
f 163//1 3114//2 2280//2 
f 2279//724 2280//724 3114//1091 
f 3075//511 2434//511 2886//511 
f 2886//1097 2434//1097 2885//1097 
f 3115//1334 3116//1335 3117//1336 
f 3116//9 3115//14 1761//14 
f 1788//14 3118//116 3119//117 
f 3119//1337 3118//1338 2180//664 
f 2817//1068 3120//1304 3121//1339 
f 3121//477 3120//11 1754//11 
f 1463//420 1461//420 1460//420 
f 1936//478 1461//525 1463//525 
f 1049//420 1047//420 1046//420 
f 1892//478 1047//524 1049//525 
f 3122//118 3123//4 1905//4 
f 3123//1340 3122//1341 2822//1072 
f 921//446 923//446 920//446 
f 1924//479 923//529 921//529 
f 507//446 509//446 506//446 
f 1961//479 509//1063 507//529 
f 734//446 732//446 731//446 
f 1745//479 732//1063 734//1063 
f 1202//344 1200//344 1199//344 
f 1932//478 1200//479 1202//479 
f 973//395 975//395 972//395 
f 1728//479 975//479 973//479 
f 680//344 678//344 677//344 
f 1710//485 678//628 680//570 
f 560//395 562//395 559//395 
f 1729//479 562//478 560//478 
f 783//395 781//395 780//395 
f 1726//479 781//479 783//478 
f 1405//352 1407//352 1404//352 
f 1858//478 1407//478 1405//478 
f 1356//378 1358//378 1355//378 
f 1859//535 1358//524 1356//524 
f 1932//478 1184//479 1186//479 
f 1186//352 1184//352 1183//352 
f 1302//403 1304//403 1301//403 
f 1863//570 1304//668 1302//668 
f 1961//479 425//1063 423//1063 
f 423//327 425//327 422//327 
f 1924//479 839//529 837//529 
f 837//327 839//327 836//327 
f 1253//327 1255//327 1252//327 
f 1864//478 1255//525 1253//525 
f 1547//378 1545//378 1544//378 
f 1936//478 1545//525 1547//525 
f 1133//378 1131//378 1130//378 
f 1892//478 1131//524 1133//524 
f 576//403 578//403 575//403 
f 1729//479 578//478 576//478 
f 1599//352 1597//352 1596//352 
f 1727//478 1597//478 1599//478 
f 665//403 663//403 662//403 
f 1711//479 663//480 665//480 
f 1728//479 991//478 989//478 
f 989//403 991//403 988//403 
f 1649//450 1647//450 1646//450 
f 1727//478 1647//479 1649//478 
f 1021//419 1023//419 1020//419 
f 1728//479 1023//478 1021//478 
f 608//419 610//419 607//419 
f 1729//479 610//478 608//478 
f 869//343 871//343 868//343 
f 1924//479 871//479 869//479 
f 633//419 631//419 630//419 
f 1711//479 631//529 633//529 
f 1727//478 1615//479 1617//479 
f 1617//343 1615//343 1614//343 
f 455//343 457//343 454//343 
f 1961//479 457//570 455//570 
f 1567//368 1565//368 1564//368 
f 1727//478 1565//478 1567//478 
f 1334//428 1336//428 1333//428 
f 1863//570 1336//524 1334//525 
f 1858//478 1439//478 1437//478 
f 1437//368 1439//368 1436//368 
f 1932//478 1152//479 1154//479 
f 1154//368 1152//368 1151//368 
f 1101//394 1099//394 1098//394 
f 1892//478 1099//535 1101//535 
f 1515//394 1513//394 1512//394 
f 1936//478 1513//478 1515//478 
f 1864//478 1287//478 1285//478 
f 1285//343 1287//343 1284//343 
f 1859//535 1390//578 1388//578 
f 1388//394 1390//394 1387//394 
f 528//444 530//444 527//444 
f 1729//479 530//478 528//478 
f 712//452 710//452 709//452 
f 1710//485 710//1063 712//1063 
f 1728//479 943//479 941//479 
f 941//444 943//444 940//444 
f 1726//479 813//479 815//479 
f 815//444 813//444 812//444 
f 766//353 764//353 763//353 
f 1745//479 764//523 766//523 
f 1924//479 891//479 889//479 
f 889//353 891//353 888//353 
f 475//353 477//353 474//353 
f 1961//479 477//480 475//480 
f 1892//478 1079//485 1081//485 
f 1081//404 1079//404 1078//404 
f 1495//404 1493//404 1492//404 
f 1936//478 1493//478 1495//478 
f 1932//478 1232//479 1234//479 
f 1234//449 1232//449 1231//449 
f 3117//1336 3124//1342 3115//1334 
f 1820//517 3124//517 3117//517 
f 791//391 789//391 788//391 
f 1726//479 789//478 791//479 
f 742//365 740//365 739//365 
f 1745//479 740//529 742//529 
f 913//365 915//365 912//365 
f 1924//479 915//479 913//479 
f 1961//479 501//529 499//529 
f 499//365 501//365 498//365 
f 1710//485 686//570 688//570 
f 688//340 686//340 685//340 
f 1729//479 554//478 552//479 
f 552//391 554//391 551//391 
f 965//391 967//391 964//391 
f 1728//479 967//479 965//479 
f 1932//478 1208//479 1210//479 
f 1210//340 1208//340 1207//340 
f 1892//478 1055//525 1057//525 
f 1057//416 1055//416 1054//416 
f 1471//416 1469//416 1468//416 
f 1936//478 1469//478 1471//478 
f 1727//478 1639//479 1641//479 
f 1641//331 1639//331 1638//331 
f 657//407 655//407 654//407 
f 1711//479 655//479 657//479 
f 1729//479 586//478 584//478 
f 584//407 586//407 583//407 
f 1924//479 847//479 845//479 
f 845//331 847//331 844//331 
f 1961//479 433//529 431//529 
f 431//331 433//331 430//331 
f 1728//479 999//478 997//478 
f 997//430 999//430 996//430 
f 1310//430 1312//430 1309//430 
f 1863//570 1312//485 1310//485 
f 1932//478 1176//479 1178//479 
f 1178//356 1176//356 1175//356 
f 1864//478 1263//478 1261//478 
f 1261//331 1263//331 1260//331 
f 1892//478 1123//525 1125//525 
f 1125//382 1123//382 1122//382 
f 1727//478 1589//478 1591//478 
f 1591//356 1589//356 1588//356 
f 1936//478 1537//478 1539//478 
f 1539//382 1537//382 1536//382 
f 1364//382 1366//382 1363//382 
f 1859//535 1366//525 1364//525 
f 1413//356 1415//356 1412//356 
f 1858//478 1415//479 1413//478 
f 1858//478 1431//478 1429//478 
f 1429//364 1431//364 1428//364 
f 1932//478 1160//478 1162//478 
f 1162//364 1160//364 1159//364 
f 1727//478 1573//478 1575//478 
f 1575//364 1573//364 1572//364 
f 1863//570 1328//525 1326//525 
f 1326//429 1328//429 1325//429 
f 1728//479 1015//478 1013//478 
f 1013//415 1015//415 1012//415 
f 1727//478 1623//479 1625//479 
f 1625//339 1623//339 1622//339 
f 447//339 449//339 446//339 
f 1961//479 449//570 447//479 
f 600//415 602//415 599//415 
f 1729//479 602//478 600//478 
f 1859//535 1382//805 1380//805 
f 1380//390 1382//390 1379//390 
f 1864//478 1279//478 1277//478 
f 1277//339 1279//339 1276//339 
f 1924//479 863//479 861//479 
f 861//339 863//339 860//339 
f 1892//478 1107//478 1109//478 
f 1109//390 1107//390 1106//390 
f 1936//478 1521//478 1523//478 
f 1523//390 1521//390 1520//390 
f 1711//479 639//479 641//479 
f 641//429 639//429 638//429 
f 2884//1095 249//1095 252//687 
f 251//121 252//122 249//119 
f 1226//332 1224//332 1223//332 
f 1932//478 1224//479 1226//479 
f 1892//478 1071//485 1073//485 
f 1073//408 1071//408 1070//408 
f 1936//478 1485//478 1487//478 
f 1487//408 1485//408 1484//408 
f 1745//479 756//700 758//523 
f 758//357 756//357 755//357 
f 1961//479 485//479 483//479 
f 483//357 485//357 482//357 
f 1710//485 702//529 704//529 
f 704//332 702//332 701//332 
f 1924//479 899//479 897//479 
f 897//357 899//357 896//357 
f 1726//479 805//479 807//478 
f 807//383 805//383 804//383 
f 1728//479 951//479 949//479 
f 949//383 951//383 948//383 
f 1729//479 538//479 536//478 
f 536//383 538//383 535//383 
f 1961//479 493//529 491//479 
f 491//361 493//361 490//361 
f 1924//479 907//479 905//479 
f 905//361 907//361 904//361 
f 1729//479 546//478 544//478 
f 544//387 546//387 543//387 
f 1728//479 959//479 957//479 
f 957//387 959//387 956//387 
f 1858//478 1423//479 1421//479 
f 1421//360 1423//360 1420//360 
f 1065//412 1063//412 1062//412 
f 1892//478 1063//525 1065//525 
f 1932//478 1216//479 1218//479 
f 1218//336 1216//336 1215//336 
f 1863//570 1320//1343 1318//1343 
f 1318//411 1320//411 1317//411 
f 1864//478 1271//478 1269//478 
f 1269//335 1271//335 1268//335 
f 1936//478 1529//478 1531//478 
f 1531//386 1529//386 1528//386 
f 1936//478 1477//478 1479//478 
f 1479//412 1477//412 1476//412 
f 1117//386 1115//386 1114//386 
f 1892//478 1115//525 1117//525 
f 1710//485 694//666 696//529 
f 696//336 694//336 693//336 
f 1859//535 1374//805 1372//805 
f 1372//386 1374//386 1371//386 
f 1633//335 1631//335 1630//335 
f 1727//478 1631//478 1633//479 
f 1745//479 748//700 750//700 
f 750//361 748//361 747//361 
f 853//335 855//335 852//335 
f 1924//479 855//479 853//479 
f 1727//478 1581//478 1583//478 
f 1583//360 1581//360 1580//360 
f 1170//360 1168//360 1167//360 
f 1932//478 1168//479 1170//479 
f 1961//479 441//529 439//529 
f 439//335 441//335 438//335 
f 1729//479 594//478 592//478 
f 592//411 594//411 591//411 
f 799//387 797//387 796//387 
f 1726//479 797//478 799//479 
f 1711//479 647//479 649//479 
f 649//411 647//411 646//411 
f 1728//479 1007//479 1005//478 
f 1005//411 1007//411 1004//411 
f 3125//1344 3126//1345 3127//1346 
f 3126//9 3125//14 1761//14 
f 393//1096 2815//1096 2151//652 
f 2151//1 2815//1 215//2 
f 1820//517 3128//517 3127//517 
f 3127//1346 3128//1347 3125//1344 
f 2781//587 2350//587 2367//793 
f 2367//478 2350//478 2365//479 
f 2763//479 2244//479 2495//479 
f 2496//770 2495//770 2177//663 
f 2538//627 2836//538 2842//538 
f 2538//478 1922//525 2836//479 
f 2535//515 2415//515 2865//604 
f 2865//478 2415//478 2412//478 
f 2644//515 3038//515 2685//516 
f 2685//806 3038//479 1895//529 
f 2700//479 3036//479 1845//529 
f 2702//590 3036//590 2700//563 
f 1974//577 1973//577 2856//625 
f 2856//478 1973//479 1845//529 
f 2537//627 2841//538 2840//538 
f 2537//478 2025//525 2841//479 
f 2313//729 2765//555 2303//555 
f 2313//479 1838//525 2765//479 
f 1916//557 1780//336 1779//336 
f 2477//479 1780//479 1916//479 
f 1926//557 2141//336 2322//336 
f 2074//479 2141//479 1926//479 
f 1747//479 2025//525 2510//479 
f 1747//491 2510//626 2509//626 
f 1779//336 1917//557 1916//557 
f 1779//479 1838//525 1917//479 
f 2322//336 1927//557 1926//557 
f 2322//479 1922//525 1927//479 
f 2376//336 2197//557 2196//557 
f 2376//479 2025//525 2197//479 
f 2839//479 1838//525 2515//479 
f 2839//606 2515//610 2571//610 
f 1814//515 1813//515 2311//604 
f 2311//479 1813//479 2363//479 
f 2260//610 3001//606 3035//606 
f 2262//478 3001//478 2260//479 
f 2148//610 2999//606 3037//606 
f 2042//479 2999//479 2148//479 
f 2196//557 2166//336 2376//336 
f 2165//478 2166//479 2196//478 
f 2111//478 2706//479 2109//479 
f 2109//728 2706//438 2698//438 
f 3034//590 2704//590 2452//587 
f 2452//478 2704//479 1862//479 
f 2571//610 2733//606 2839//606 
f 2096//478 2733//478 2571//479 
f 3129//479 2508//479 2847//479 
f 2847//728 2508//438 2766//507 
f 2499//479 1922//525 3031//479 
f 2499//733 3031//361 2112//361 
f 2840//538 2384//627 2537//627 
f 2385//479 2384//479 2840//479 
f 2331//479 1922//525 2858//479 
f 2331//728 2858//729 2330//729 
f 2845//479 2025//525 1746//479 
f 2845//556 1746//490 2292//490 
f 2034//478 2708//479 2333//478 
f 2333//728 2708//438 2852//507 
f 2627//479 1838//525 3028//479 
f 2627//554 3028//733 2625//733 
f 1919//559 3035//606 3001//606 
f 1919//479 1922//525 3035//479 
f 2628//554 2860//555 2859//555 
f 3130//478 2860//479 2628//479 
f 2626//554 2303//555 2765//555 
f 2304//478 2303//479 2626//479 
f 2865//604 2857//604 2535//515 
f 2535//479 2857//478 1845//529 
f 1909//479 3039//479 1930//529 
f 1911//521 3039//521 1909//520 
f 1831//479 2831//479 1895//529 
f 1833//521 2831//521 1831//520 
f 2696//502 2152//537 2844//537 
f 2070//479 2152//479 2696//479 
f 2699//502 2728//537 2851//537 
f 2727//478 2728//478 2699//479 
f 2695//502 2720//537 2837//537 
f 2721//479 2720//479 2695//479 
f 2769//733 1912//554 2767//554 
f 2040//479 1912//479 2769//479 
f 2768//478 2025//525 3030//478 
f 2768//733 3030//361 2403//361 
f 2182//478 2025//525 3037//478 
f 2182//559 3037//606 2999//606 
f 2852//479 1838//525 2312//479 
f 2852//507 2312//728 2333//728 
f 2766//479 2025//525 2849//479 
f 2766//507 2849//728 2847//728 
f 2217//662 2216//663 2418//770 
f 2418//479 2216//479 1930//529 
f 2287//563 2772//563 2285//590 
f 2285//479 2772//479 2722//479 
f 1913//555 2848//729 2445//729 
f 3131//479 2848//479 1913//479 
f 2509//626 1748//491 1747//491 
f 3132//478 1748//478 2509//479 
f 2536//627 2843//538 2850//538 
f 2536//478 1838//525 2843//479 
f 2506//479 1838//525 2710//479 
f 2506//491 2710//626 2709//626 
f 2031//558 3000//361 2029//361 
f 2133//478 3000//479 2031//479 
f 2210//558 2112//361 3031//361 
f 2001//478 2112//479 2210//479 
f 2595//558 2403//361 3030//361 
f 2404//479 2403//479 2595//479 
f 1928//564 2081//564 1931//563 
f 1931//479 2081//478 2014//478 
f 2851//537 2375//502 2699//502 
f 2851//479 2025//525 2375//479 
f 2859//555 2498//554 2628//554 
f 2859//479 1922//525 2498//479 
f 2709//626 2507//491 2506//491 
f 2507//479 3133//478 2273//478 
f 2030//479 1838//525 2838//479 
f 2030//558 2838//559 2211//559 
f 2770//479 1922//525 2862//479 
f 2770//556 2862//490 2297//490 
f 2286//479 2781//479 1895//529 
f 2350//587 2781//587 2286//590 
f 1963//479 2711//479 1845//529 
f 3040//521 2711//521 1963//520 
f 2272//490 1915//556 2855//556 
f 2243//479 1915//479 2272//479 
f 1910//478 2713//479 2269//478 
f 2186//574 2713//574 1910//520 
f 2297//490 1925//556 2770//556 
f 2299//479 1925//479 2297//479 
f 2494//574 2950//574 1832//520 
f 1832//478 2950//479 2271//478 
f 2292//490 2195//556 2845//556 
f 2294//479 2195//479 2292//479 
f 3036//590 2702//590 2108//587 
f 2108//479 2702//479 1978//479 
f 1929//479 3034//479 1930//529 
f 2704//590 3034//590 1929//563 
f 2844//537 1778//502 2696//502 
f 2844//479 1838//525 1778//479 
f 2837//537 2321//502 2695//502 
f 2837//479 1922//525 2321//479 
f 2099//479 1922//525 2698//479 
f 2099//626 2698//438 2706//438 
f 2850//538 2437//627 2536//627 
f 1988//479 2437//479 2850//479 
f 2842//538 2380//627 2538//627 
f 2381//479 2380//479 2842//479 
f 2311//604 2310//604 1814//515 
f 1814//479 2310//478 1930//529 
f 2100//626 2861//491 2098//491 
f 3134//478 2861//479 2100//479 
f 2103//662 2236//663 2869//770 
f 2869//479 2236//479 1895//529 
f 2476//596 3029//596 2629//412 
f 2629//479 3029//479 1895//529 
f 3003//596 3026//1231 2462//412 
f 2462//479 3026//479 1845//529 
f 2774//683 2218//683 2835//387 
f 2835//478 2218//479 2803//479 
f 2160//657 2178//657 2162//387 
f 2162//479 2178//479 2804//479 
f 2764//577 2913//577 2630//412 
f 2630//479 2913//479 2912//479 
f 2913//577 2764//577 2282//625 
f 2282//478 2764//479 1895//529 
f 3038//515 2644//515 2341//604 
f 2341//479 2644//479 2356//479 
f 2161//479 2773//479 1845//529 
f 2409//564 2773//564 2161//387 
f 1914//555 2767//554 1912//554 
f 1914//478 2025//525 2767//478 
f 2855//479 1838//525 2505//479 
f 2855//556 2505//490 2272//490 
f 2853//412 2871//412 2598//577 
f 2598//479 2871//479 1930//529 
f 2773//564 2409//564 2701//563 
f 2701//479 2409//479 2408//479 
f 2863//458 1784//374 2832//737 
f 2832//479 1784//479 1895//529 
f 1784//374 2863//458 1782//504 
f 1782//479 2863//479 2270//479 
f 3026//1231 3003//596 2631//928 
f 2631//478 3003//479 2327//478 
f 2340//458 2874//374 2339//737 
f 2339//479 2874//478 1845//529 
f 2771//479 2287//479 1895//529 
f 2772//563 2287//563 2771//564 
f 2604//771 2870//771 1783//504 
f 1783//479 2870//479 1895//529 
f 2833//479 1833//478 3135//479 
f 2831//521 1833//521 2833//737 
f 2711//521 3040//521 1972//737 
f 1972//479 3040//479 1970//479 
f 2762//771 2497//771 2873//504 
f 2873//478 2497//479 1845//529 
f 2623//530 2080//530 2601//504 
f 2601//479 2080//479 2079//479 
f 3039//521 1911//521 2866//737 
f 2866//479 1911//478 3136//479 
f 2869//770 2868//770 2103//662 
f 2103//479 2868//479 2101//479 
f 2418//770 2417//770 2217//662 
f 2217//479 2417//479 2308//479 
f 2873//504 2872//504 2762//771 
f 2762//479 2872//479 3137//479 
f 2867//387 3002//387 2104//564 
f 2104//478 3002//478 2021//479 
f 2712//479 2186//479 1930//529 
f 2713//574 2186//574 2712//596 
f 2856//625 2730//625 1974//577 
f 1974//478 2730//479 2729//479 
f 2599//625 2147//625 2597//577 
f 2597//479 2147//479 2056//479 
f 2774//479 2834//479 1930//529 
f 2835//387 2834//387 2774//683 
f 2512//479 2867//479 1895//529 
f 3002//387 2867//387 2512//683 
f 2871//412 2853//412 2474//596 
f 2474//479 2853//479 2123//479 
f 2601//504 2600//504 2623//530 
f 2623//479 2600//479 1930//529 
f 2177//663 2176//662 2496//770 
f 2496//479 2176//479 1845//529 
f 323//217 325//219 321//215 
f 2470//804 325//637 323//803 
f 3138//1348 3139//1349 3140//1350 
f 3139//9 3138//9 1761//14 
f 2781//479 2780//806 1895//529 
f 2018//1090 2017//1090 2780//793 
f 2175//977 2083//977 2514//516 
f 2514//478 2083//478 2082//478 
f 2441//788 2037//1333 2139//1333 
f 2037//478 2441//479 2386//478 
f 2634//741 1946//1332 2002//1332 
f 2634//524 1922//525 1946//524 
f 2438//788 2153//1333 2201//1333 
f 2153//478 2438//479 2440//478 
f 1889//479 2443//479 2382//479 
f 2443//788 1889//1333 1888//1333 
f 1938//977 1937//977 2779//516 
f 2779//478 1937//478 2146//478 
f 1953//977 2097//977 2684//516 
f 2684//478 2097//478 2144//478 
f 2516//741 1837//1332 2033//1332 
f 2516//524 1838//525 1837//524 
f 2635//741 2024//1332 2149//1332 
f 2635//524 2025//525 2024//524 
f 2012//1090 2011//1090 2633//793 
f 2633//806 2011//573 1930//529 
f 2482//806 1787//573 1845//529 
f 1908//1090 1787//1090 2482//793 
f 3140//1350 3141//1351 3138//1348 
f 1820//517 3141//517 3140//517 
f 2227//686 254//686 256//720 
f 255//125 256//126 254//124 
f 3142//487 3080//487 3079//487 
f 3080//1352 3142//1352 3143//1352 
f 3144//2 2888//2 165//1 
f 2888//1353 3144//1353 3145//1353 
f 3146//9 3147//9 1761//14 
f 3147//1354 3146//1355 3148//1356 
f 1820//517 3149//517 3148//517 
f 3148//1356 3149//1357 3147//1354 
f 3021//1225 3022//1224 3150//1358 
f 1761//14 3150//14 3022//9 
f 327//221 329//223 326//220 
f 2887//1098 329//1098 327//636 
f 1725//1 2806//1 190//1 
f 2806//1359 1725//1359 1724//1359 
f 2090//622 1944//621 3151//1360 
f 1820//517 3151//517 1944//517 
f 259//129 260//130 258//128 
f 2904//721 258//721 260//867 
f 187//2 2814//2 2889//2 
f 2889//1120 2814//1120 2924//1120 
f 2997//1193 2996//1192 3152//1361 
f 1761//14 3152//9 2996//14 
f 3153//1362 2402//766 2401//765 
f 1820//517 2800//517 2402//517 
f 3154//116 2089//117 1789//117 
f 1945//787 2089//623 3154//1363 
f 1943//1364 2215//682 2214//681 
f 2215//117 1943//14 1789//117 
f 162//2 2471//2 3114//2 
f 394//1091 3114//1091 2471//803 
f 252//687 2228//687 2884//1095 
f 2884//1 2228//1 217//1 
f 2570//852 333//852 331//890 
f 331//225 333//227 330//224 
f 2808//487 2796//544 2433//544 
f 2433//1042 2796//1042 2795//1042 
f 185//2 2233//2 2657//2 
f 2657//942 2233//942 2655//942 
f 2924//487 2654//548 2521//511 
f 2654//1066 2924//1066 2814//1066 
f 2885//1 2435//1 192//1 
f 2435//783 2885//783 2434//783 
f 1863//570 1344//545 1342//1180 
f 1342//423 1344//423 1341//423 
f 1727//478 1557//479 1559//478 
f 1559//372 1557//372 1556//372 
f 1146//372 1144//372 1143//372 
f 1932//478 1144//479 1146//479 
f 1445//372 1447//372 1444//372 
f 1858//478 1447//478 1445//478 
f 1293//347 1294//347 1292//347 
f 1864//478 1294//578 1293//535 
f 1859//535 1397//578 1396//578 
f 1396//398 1397//398 1395//398 
f 1093//398 1091//398 1090//398 
f 1892//478 1091//578 1093//578 
f 877//347 878//347 876//347 
f 1924//479 878//479 877//479 
f 1727//478 1607//479 1609//479 
f 1609//347 1607//347 1606//347 
f 463//347 464//347 462//347 
f 1961//479 464//628 463//628 
f 625//423 623//423 622//423 
f 1711//479 623//529 625//529 
f 1507//398 1505//398 1504//398 
f 1936//478 1505//478 1507//478 
f 1729//479 618//525 616//478 
f 616//423 618//423 615//423 
f 1029//423 1031//423 1028//423 
f 1728//479 1031//478 1029//478 
f 3089//511 2926//511 3145//511 
f 3145//1353 2926//1353 2888//1353 
f 213//2 2928//1 3143//1 
f 3143//1352 2928//1352 3080//1352 
f 263//133 264//134 262//132 
f 2550//866 262//866 264//875 
f 2227//1 2278//2 219//1 
f 256//720 2278//720 2227//686 
f 325//637 2470//804 2120//636 
f 160//2 2120//2 2470//2 
f 2905//1110 337//1110 335//851 
f 335//229 337//231 334//228 
f 2466//544 2907//487 2266//487 
f 2266//1365 2907//1365 2265//1365 
f 183//2 2906//2 2232//2 
f 2232//727 2906//727 2290//727 
f 1883//1366 2799//1367 2574//1048 
f 1883//952 2574//892 1731//117 
f 2795//1 2264//1 194//1 
f 2264//1043 2795//1043 2796//1043 
f 2655//548 2234//511 2468//511 
f 2234//693 2655//693 2233//693 
f 267//137 268//138 266//136 
f 2921//876 266//876 268//595 
f 295//165 293//163 292//162 
f 2651//939 293//938 295//1368 
f 2936//1126 366//1369 364//915 
f 365//259 364//258 366//260 
f 2904//1 2549//1 221//1 
f 260//867 2549//867 2904//721 
f 329//1098 2887//1098 2371//890 
f 158//2 2371//2 2887//1 
f 1704//482 341//482 339//481 
f 339//233 341//235 338//232 
f 2652//916 362//916 360//941 
f 361//255 360//254 362//256 
f 1995//594 270//594 272//598 
f 271//141 272//142 270//140 
f 181//2 2555//2 2281//2 
f 2281//1102 2555//1102 2894//1102 
f 2899//1103 2491//1103 2897//1103 
f 2491//544 2899//544 3007//511 
f 2937//1116 358//1116 356//725 
f 357//251 356//250 358//252 
f 2895//1111 2290//1111 2906//1111 
f 2291//548 2290//511 2895//548 
f 2265//1 2898//1 196//1 
f 2898//1112 2265//1112 2907//1112 
f 2668//599 274//599 276//911 
f 275//145 276//146 274//144 
f 2550//2 2163//1 223//1 
f 264//875 2163//875 2550//866 
f 3076//589 1864//478 2517//478 
f 3076//1278 2517//831 3075//1276 
f 3078//572 2519//479 1711//479 
f 2925//1281 2519//836 3078//1279 
f 2587//910 278//910 280//901 
f 279//149 280//150 278//148 
f 343//237 345//239 342//236 
f 2920//1115 345//1115 343//602 
f 156//2 2539//1 2570//2 
f 333//852 2570//852 2539//851 
f 2746//487 2492//544 2620//544 
f 2492//904 2746//904 2583//904 
f 3155//517 2681//517 2223//930 
f 2221//974 2681//973 3155//1370 
f 2554//903 2923//903 2581//903 
f 179//2 2923//2 2554//2 
f 1885//1371 1854//591 2372//748 
f 1885//543 2372//944 3156//1372 
f 141//2 140//2 2606//2 
f 140//18 141//19 16//19 
f 347//241 349//243 346//240 
f 2164//884 349//884 347//917 
f 2138//819 2897//819 2491//819 
f 2897//1 2138//1 198//1 
f 2556//871 2894//871 2555//871 
f 3009//511 2894//548 2556//548 
f 291//161 289//159 288//158 
f 2664//707 289//707 291//940 
f 2921//1 1994//2 225//1 
f 268//595 1994//595 2921//876 
f 2632//1373 2548//1373 3157//1374 
f 1761//14 3157//9 2548//9 
f 351//245 353//247 350//244 
f 2935//1121 353//1121 351//883 
f 2239//696 2289//696 355//695 
f 355//249 2289//726 354//248 
f 287//157 285//155 284//154 
f 2316//730 285//730 287//706 
f 154//2 1703//2 2905//2 
f 337//1110 2905//1110 1703//481 
f 2007//487 2919//487 3054//487 
f 2919//1114 2007//1114 2918//1114 
f 177//2 1801//2 2667//2 
f 2667//1113 1801//1113 2916//1113 
f 2329//902 282//902 2922//731 
f 283//153 2922//1117 282//152 
f 2747//511 2581//511 2915//511 
f 2915//1119 2581//1119 2923//1119 
f 2583//1 2917//1 200//1 
f 2917//1118 2583//1118 2746//1118 
f 226//1 1995//1 2009//1 
f 272//598 2009//598 1995//594 
f 2777//1054 3158//1375 1904//551 
f 3158//1376 2777//1025 2775//1024 
f 2170//544 1824//511 2137//544 
f 1824//518 2170//518 1822//518 
f 341//482 1704//482 2010//602 
f 152//2 2010//2 1704//1 
f 175//2 2945//2 1802//2 
f 1802//605 2945//605 2046//605 
f 238//1 2651//1 3159//1 
f 295//1368 3159//1377 2651//939 
f 1688//487 2891//487 3077//548 
f 2891//1378 1688//1378 2890//1378 
f 276//911 2588//911 2668//599 
f 228//1 2668//1 2588//1 
f 2918//1 1823//1 202//1 
f 1823//597 2918//597 2007//597 
f 190//1 189//1 1725//1 
f 189//7 190//67 64//67 
f 3057//511 2916//511 1803//487 
f 1803//508 2916//508 1801//508 
f 3080//487 2823//487 2955//511 
f 2823//1123 3080//1123 2928//1123 
f 2825//1122 2888//1122 2926//1122 
f 2888//2 2825//2 166//1 
f 362//916 2652//916 2606//914 
f 2606//2 2652//1 141//2 
f 2593//511 2931//511 3085//511 
f 2931//1124 2593//1124 2930//1124 
f 173//2 2590//2 2174//1 
f 2174//1125 2590//1125 2934//1125 
f 236//1 2664//1 2650//2 
f 291//940 2650//940 2664//707 
f 2607//2 2920//2 151//2 
f 345//1115 2920//1115 2607//917 
f 2827//1074 2249//1074 2826//1074 
f 2464//487 2249//511 2827//511 
f 2824//1073 2253//1073 2449//1073 
f 211//2 2253//1 2824//1 
f 280//901 2580//901 2587//910 
f 230//1 2587//1 2580//1 
f 2826//2 2251//1 168//1 
f 2251//708 2826//708 2249//708 
f 2255//709 2449//709 2253//709 
f 2449//487 2255//511 2447//544 
f 171//1 2946//1 2589//2 
f 2589//1379 2946//1379 2610//1379 
f 2793//487 2592//487 2758//511 
f 2592//1380 2793//1380 2608//1380 
f 2187//548 2046//548 2933//487 
f 2933//1130 2046//1130 2945//1130 
f 234//1 2316//1 2248//1 
f 287//706 2248//706 2316//730 
f 1822//1 2929//2 204//1 
f 2929//1381 1822//1381 2170//1381 
f 2653//2 2937//2 143//2 
f 358//1116 2937//1116 2653//941 
f 232//1 2329//2 2315//1 
f 2922//731 2315//731 2329//902 
f 2395//511 2944//487 3102//487 
f 2944//1382 2395//1382 2943//1382 
f 2394//1 2940//2 170//1 
f 2940//1127 2394//1127 2938//1127 
f 2566//2 2164//2 149//2 
f 349//884 2164//884 2566//883 
f 2250//759 2938//759 2394//759 
f 3105//487 2938//487 2250//487 
f 2254//760 2943//760 2395//760 
f 209//2 2943//2 2254//2 
f 2930//1 2328//1 206//1 
f 2328//913 2930//913 2593//913 
f 3087//548 2934//487 2591//511 
f 2591//912 2934//912 2590//912 
f 2289//696 2239//696 2288//725 
f 2288//2 2239//2 145//2 
f 2794//511 2610//511 2939//511 
f 2939//1132 2610//1132 2946//1132 
f 207//2 2608//2 2942//1 
f 2942//1131 2608//1131 2793//1131 
f 353//1121 2935//1121 2238//695 
f 2238//1 2935//2 147//2 
f 2578//897 3160//1383 1940//600 
f 3160//1384 2578//898 2797//898 
f 162//42 163//41 38//41 
f 3114//2 163//1 162//2 
f 3004//1197 2775//1021 1940//600 
f 2775//1024 3004//1198 3158//1376 
f 2640//529 3161//1385 1745//479 
f 2990//1182 3161//1386 2640//935 
f 2637//525 1859//535 3162//1387 
f 2637//932 3162//1388 2991//1183 
f 2373//749 1854//591 2878//1088 
f 2373//828 2878//1085 2503//826 
f 1761//14 3163//1389 2220//685 
f 2683//1390 2682//1391 2220//975 
f 2529//844 3023//1227 2665//951 
f 1731//117 3023//14 2529//9 
f 3151//1360 2828//1075 2090//622 
f 2090//116 2828//116 1789//117 
f 2879//1086 2989//1177 2993//1187 
f 2879//1089 1854//591 2989//1178 
f 2230//817 2776//1023 2807//1052 
f 2776//1022 2230//691 1940//600 
f 394//314 392//313 2279//723 
f 3114//1091 394//1091 2279//724 
f 2151//652 2150//651 393//1096 
f 393//311 2150//649 320//312 
f 3164//1392 3165//1393 1711//479 
f 3166//1394 3165//1395 3164//1396 
f 1943//14 2401//767 1761//14 
f 2401//765 1943//1364 3153//1362 
f 2530//845 2959//1145 2528//843 
f 1985//585 2959//584 2530//584 
f 1820//517 1945//517 2875//517 
f 3154//1363 2875//1084 1945//787 
f 2828//1075 3151//1360 2561//878 
f 1820//517 2561//517 3151//517 
f 2560//117 2963//117 1789//117 
f 2562//879 2963//1149 2560//877 
f 2214//681 3153//1362 1943//1364 
f 1820//517 2214//517 2213//517 
f 2877//117 3154//116 1789//117 
f 2875//1084 3154//1363 2877//1082 
f 1731//117 2528//9 2956//14 
f 2956//1143 2528//843 2959//1145 
f 1985//585 1984//584 2958//584 
f 2958//1144 1984//702 2957//1142 
f 1820//517 2876//517 2967//517 
f 2883//1094 2967//1153 2876//1083 
f 3167//1397 1859//535 2817//578 
f 3121//1339 3167//1398 2817//1068 
f 3168//1399 2822//523 1745//479 
f 2822//1072 3168//1400 3123//1340 
f 2830//1081 3096//1401 1773//501 
f 3096//1306 2830//1079 3094//1304 
f 2963//1149 2562//879 2961//1147 
f 1820//517 2961//517 2562//517 
f 3156//1402 2502//824 1773//501 
f 2502//827 3156//1372 2372//944 
f 2691//985 2567//885 2690//983 
f 2691//1179 1854//591 2567//888 
f 2778//1026 2966//1152 2964//1151 
f 2966//117 2778//117 1789//117 
f 2960//1148 2545//865 2962//1146 
f 2962//117 2545//116 1789//117 
f 2986//1172 2231//816 3006//1202 
f 2231//692 2986//1173 1940//600 
f 2967//1153 2883//1094 1880//785 
f 1880//9 2883//116 1789//117 
f 2964//1151 2213//680 2778//1026 
f 1820//517 2213//517 2964//517 
f 2247//704 2957//1142 1984//702 
f 1731//117 2957//14 2247//9 
f 2973//584 1983//584 1985//585 
f 1983//703 2973//1159 2658//945 
f 2226//786 2224//895 2436//784 
f 1820//517 2436//517 2224//517 
f 1820//517 2547//517 2960//517 
f 2545//865 2960//1148 2547//863 
f 214//5 215//91 90//91 
f 215//2 214//1 2151//1 
f 188//66 138//17 13//17 
f 2890//2 138//2 188//2 
f 2659//946 2977//1163 2546//864 
f 2546//116 2977//117 1789//117 
f 2092//117 2968//116 1789//117 
f 2968//1154 2092//618 2540//853 
f 2576//14 2226//14 1731//117 
f 2224//895 2226//786 2576//893 
f 1820//517 2965//517 2540//517 
f 2540//853 2965//1150 2968//1154 
f 1731//117 2658//117 2970//14 
f 2970//1157 2658//945 2973//1159 
f 1820//517 2225//517 3045//517 
f 2969//1155 3045//1241 2225//894 
f 2660//584 2972//584 1985//585 
f 2972//1158 2660//947 2971//1156 
f 2568//886 3005//1199 3017//1221 
f 2568//889 1854//591 3005//1200 
f 2977//1163 2659//946 2975//1161 
f 1820//517 2975//517 2659//517 
f 2091//619 2980//1166 2979//1165 
f 2980//116 2091//117 1789//117 
f 2976//1162 2235//694 2974//1160 
f 2974//117 2235//117 1789//117 
f 3169//1403 1864//478 3170//1404 
f 3169//1405 3170//1406 3171//1407 
f 216//94 217//93 93//93 
f 217//1 216//1 2884//1 
f 167//1 166//1 2825//2 
f 166//44 167//45 42//45 
f 192//1 191//1 2885//1 
f 191//68 192//69 67//69 
f 1881//745 2971//1156 2660//947 
f 1731//117 2971//14 1881//9 
f 3045//1241 2969//1155 2575//1047 
f 2575//9 2969//9 1731//117 
f 2979//1165 2093//620 2091//619 
f 1820//517 2093//517 2979//517 
f 2542//855 2586//907 2585//906 
f 2586//1174 2542//857 1940//600 
f 2985//584 2368//584 1985//585 
f 2368//746 2985//1171 1882//744 
f 2574//1048 2799//1367 2798//1046 
f 1820//517 2798//517 2799//541 
f 2814//2 187//2 186//2 
f 186//64 187//65 62//65 
f 236//113 237//114 113//114 
f 2650//2 237//1 236//1 
f 2824//1 212//2 211//2 
f 211//88 212//89 87//89 
f 1820//517 2172//517 2976//517 
f 2235//694 2976//1162 2172//660 
f 2661//117 2981//117 1789//117 
f 2981//1167 2661//948 2740//998 
f 2173//116 3049//117 1789//117 
f 2171//661 3049//1245 2173//659 
f 2740//998 2978//1164 2981//1167 
f 1820//517 2978//517 2740//517 
f 143//2 142//2 2653//2 
f 142//20 143//21 18//21 
f 1731//117 1882//9 2982//14 
f 2982//1169 1882//744 2985//1171 
f 2370//584 2984//584 1985//585 
f 2984//1170 2370//954 2983//1168 
f 2666//956 2983//1168 2370//954 
f 1731//117 2983//14 2666//953 
f 1820//517 2663//517 2987//517 
f 2987//1175 2663//950 2662//949 
f 2988//9 2662//116 1789//117 
f 2662//949 2988//1176 2987//1175 
f 160//38 161//39 36//39 
f 2470//2 161//2 160//2 
f 2180//664 2903//1109 3119//1337 
f 1985//585 2903//517 2180//517 
f 1883//1408 2369//747 1985//585 
f 2666//956 2369//955 1883//1366 
f 219//1 218//1 2227//1 
f 218//95 219//96 95//96 
f 168//46 169//47 44//47 
f 169//1 168//1 2251//1 
f 194//1 193//1 2795//1 
f 193//70 194//71 69//71 
f 3171//1407 3079//1282 3169//1405 
f 3079//487 3171//487 3142//487 
f 3074//544 2886//511 1724//511 
f 1724//1359 2886//1359 2806//1359 
f 2374//752 2076//811 1993//750 
f 2374//1201 1854//591 2076//611 
f 209//86 210//87 85//87 
f 2254//2 210//2 209//2 
f 2233//2 185//2 184//2 
f 184//62 185//63 60//63 
f 234//111 235//112 111//112 
f 2248//1 235//1 234//1 
f 145//2 144//2 2288//2 
f 144//22 145//23 20//23 
f 1788//14 3172//116 3173//116 
f 3174//1409 3173//1410 3172//1411 
f 2995//1189 2541//854 3050//1246 
f 2541//858 2995//1190 1940//600 
f 158//36 159//37 34//37 
f 2887//1 159//2 158//2 
f 195//72 196//73 71//73 
f 196//1 195//1 2265//1 
f 171//1 170//1 2940//2 
f 170//48 171//49 46//49 
f 221//1 220//1 2904//1 
f 220//97 221//98 97//98 
f 2639//4 2423//118 1905//4 
f 2641//936 2423//777 2639//934 
f 2421//11 2638//477 1754//11 
f 2638//933 2421//772 2636//931 
f 2942//1 208//2 207//2 
f 207//84 208//85 83//85 
f 2315//1 233//1 232//1 
f 232//109 233//110 109//110 
f 182//60 183//61 58//61 
f 2906//2 183//2 182//2 
f 147//2 146//2 2238//1 
f 146//24 147//25 22//25 
f 156//34 157//35 32//35 
f 2570//2 157//2 156//2 
f 2077//812 3041//1234 3061//1261 
f 2077//612 1854//591 3041//1232 
f 198//1 197//1 2897//1 
f 197//74 198//75 73//75 
f 222//99 223//100 99//100 
f 223//1 222//1 2550//2 
f 2590//2 173//2 172//2 
f 172//50 173//51 48//51 
f 230//107 231//108 107//108 
f 2580//1 231//1 230//1 
f 206//1 205//1 2930//1 
f 205//82 206//83 81//83 
f 2555//2 181//2 180//2 
f 180//58 181//59 56//59 
f 2520//479 2893//479 1711//479 
f 2656//1056 2893//1101 2520//835 
f 2518//478 1864//478 2892//478 
f 2518//832 2892//1100 2808//1055 
f 2807//1052 2490//818 2230//817 
f 2490//1204 2807//1053 1904//551 
f 149//2 148//2 2566//2 
f 148//26 149//27 24//27 
f 2521//511 2925//487 2924//487 
f 2519//836 2925//1281 2521//834 
f 2434//511 3075//511 2432//487 
f 2432//833 3075//1276 2517//831 
f 2431//517 3175//517 2119//517 
f 2004//634 2119//633 3175//1412 
f 154//32 155//33 30//33 
f 2905//2 155//2 154//2 
f 2679//969 2229//690 1941//689 
f 2229//1191 2679//971 1940//600 
f 225//1 224//1 2921//1 
f 224//101 225//102 101//102 
f 2945//2 175//2 174//2 
f 174//52 175//53 50//53 
f 200//1 199//1 2583//1 
f 199//76 200//77 75//77 
f 178//56 179//57 54//57 
f 2923//2 179//2 178//2 
f 204//1 203//1 1822//1 
f 203//80 204//81 79//81 
f 228//105 229//106 105//106 
f 2588//1 229//1 228//1 
f 151//2 150//2 2607//2 
f 150//28 151//29 26//29 
f 152//30 153//31 28//31 
f 1704//1 153//2 152//2 
f 176//54 177//55 52//55 
f 1801//2 177//2 176//2 
f 202//1 201//1 2918//1 
f 201//78 202//79 77//79 
f 2009//1 227//1 226//1 
f 226//103 227//104 103//104 
f 2810//1058 1854//591 3094//1302 
f 2810//1060 3094//1304 2830//1079 
f 2790//1233 1854//591 2669//960 
f 2790//1038 2669//957 2789//1010 
f 3016//477 2420//11 1754//11 
f 2420//773 3016//1218 2992//1184 
f 2424//4 3015//4 1905//4 
f 2994//1188 3015//1217 2424//776 
f 2901//1105 2577//896 1940//600 
f 2577//899 2901//1106 3108//1324 
f 2422//525 1859//535 2636//525 
f 2422//774 2636//931 2421//772 
f 2503//825 2880//1185 1773//501 
f 2880//1087 2503//826 2878//1085 
f 2425//529 2641//529 1745//479 
f 2423//777 2641//936 2425//775 
f 2275//717 1854//591 2809//1057 
f 2275//841 2809//1059 3098//1308 
f 2670//958 3044//1240 3091//1297 
f 2670//961 1854//591 3044//1238 
f 3014//1216 2678//968 3090//1294 
f 2678//972 3014//1214 1940//600 
f 2552//869 2553//868 2338//1413 
f 1761//14 2338//14 2553//9 
f 2483//1239 1854//591 2274//716 
f 2483//810 2274//859 2277//808 
f 2900//1107 2501//822 2426//821 
f 2501//1230 2900//1104 1940//600 
f 2744//1215 2059//607 1940//600 
f 2059//781 2744//1002 2743//1001 
f 3006//1202 2584//905 2986//1172 
f 2584//909 3006//1203 1904//551 
f 2469//479 3043//479 1711//479 
f 2291//802 3043//1236 2469//800 
f 2467//478 1864//478 3042//478 
f 2467//799 3042//1235 2466//797 
f 3024//1228 2060//780 3109//1325 
f 2060//608 3024//1229 1940//600 
f 2468//511 2656//511 2655//548 
f 2893//1101 2656//1056 2468//801 
f 2796//544 2808//487 2465//487 
f 2465//798 2808//1055 2892//1100 
f 1834//572 1864//478 3076//589 
f 1834//522 3076//1278 3074//1277 
f 1792//589 3078//572 1711//479 
f 3077//1280 3078//1279 1792//506 
f 2688//980 2675//965 2686//978 
f 2675//11 2688//477 1754//11 
f 2694//118 2672//118 1905//4 
f 2692//988 2672//964 2694//986 
f 2687//979 2992//1184 3016//1218 
f 2687//525 1859//535 2992//525 
f 2693//529 2994//529 1745//479 
f 3015//1217 2994//1188 2693//987 
f 2993//1186 2689//981 1773//501 
f 2689//984 2993//1187 2989//1177 
f 3176//1414 2797//1044 1904//551 
f 2797//898 3176//1415 3160//1384 
f 2585//906 2543//856 2542//855 
f 2543//1248 2585//908 1904//551 
f 3008//1207 2618//922 2493//1205 
f 3008//478 1864//478 2618//478 
f 3010//479 2622//479 1711//479 
f 3009//1210 2622//927 3010//1208 
f 2466//544 3007//511 2899//544 
f 3007//1206 2466//797 3042//1235 
f 2895//548 2896//487 2291//548 
f 3043//1236 2291//802 2896//1209 
f 2676//966 3062//1221 3018//1222 
f 3062//477 2676//477 1754//11 
f 2673//118 3063//118 1905//4 
f 3019//1223 3063//1264 2673//963 
f 718//325 716//325 715//325 
f 1710//485 716//1062 718//1416 
f 1924//479 885//479 883//479 
f 883//350 885//350 882//350 
f 772//350 770//350 769//350 
f 1745//479 770//523 772//523 
f 821//376 819//376 818//376 
f 1726//479 819//479 821//479 
f 469//350 471//350 468//350 
f 1961//479 471//523 469//523 
f 935//376 937//376 934//376 
f 1728//479 937//479 935//478 
f 522//376 524//376 521//376 
f 1729//479 524//478 522//478 
f 1936//478 1499//478 1501//478 
f 1501//401 1499//401 1498//401 
f 1087//401 1085//401 1084//401 
f 1892//478 1085//668 1087//668 
f 1932//478 1238//479 1240//529 
f 1240//325 1238//325 1237//325 
f 1985//585 2665//517 3011//584 
f 3011//1212 2665//951 3023//1227 
f 2690//982 2569//1219 1773//501 
f 2569//887 2690//983 2567//885 
f 2677//967 2686//978 2675//965 
f 2677//525 1859//535 2686//525 
f 2674//529 2692//529 1745//479 
f 2672//964 2692//988 2674//962 
f 3013//1213 2085//705 3012//1211 
f 1731//117 2085//14 3013//14 
f 2619//923 3071//1273 2745//1005 
f 2619//478 1864//478 3071//478 
f 2747//1006 3072//1274 2621//926 
f 2621//479 3072//479 1711//479 
f 1942//569 3050//1247 1904//551 
f 3050//1246 1942//688 2995//1189 
f 3012//517 2088//517 1985//585 
f 2088//616 3012//1211 2085//705 
f 1788//14 3058//117 2086//116 
f 2086//617 3058//1258 2087//615 
f 2622//927 3009//1210 2582//925 
f 2556//548 2582//548 3009//511 
f 2620//924 2493//1205 2618//922 
f 2493//487 2620//544 2492//544 
f 2208//11 2128//11 1754//11 
f 2128//642 2208//672 2126//640 
f 2131//118 2206//4 1905//4 
f 2129//645 2206//671 2131//643 
f 1985//585 2087//517 3051//517 
f 3051//1250 2087//615 3058//1258 
f 1788//14 2714//116 3053//116 
f 3053//1251 2714//989 3052//1249 
f 1985//585 2948//517 2257//517 
f 2256//1265 2257//1265 2948//1134 
f 3017//1220 1992//592 1773//501 
f 1992//751 3017//1221 3005//1199 
f 2127//641 3018//1222 3062//1221 
f 2127//525 1859//535 3018//525 
f 2130//529 3019//529 1745//479 
f 3063//1264 3019//1223 2130//644 
f 2949//1135 2642//937 2947//1133 
f 1788//14 2947//116 2642//117 
f 163//41 137//16 11//15 
f 2280//2 137//2 163//1 
f 3159//1 135//1 238//1 
f 238//115 135//12 115//12 
f 3143//1 133//2 213//2 
f 213//90 133//10 89//10 
f 3055//1254 2135//646 2008//1252 
f 3055//478 1864//478 2135//478 
f 3057//1257 2116//631 3056//1255 
f 3056//479 2116//479 1711//479 
f 1941//689 2680//970 2679//969 
f 2680//1296 1941//568 1904//551 
f 2716//991 3052//1249 2714//989 
f 1985//585 3052//517 2716//517 
f 1788//14 3067//117 2715//117 
f 2715//990 3067//1269 2741//999 
f 2642//937 2949//1135 2564//881 
f 1985//585 2564//517 2949//517 
f 2563//882 3073//1275 2565//880 
f 1788//14 2565//117 3073//117 
f 3054//1253 2745//1005 3071//1273 
f 2745//487 3054//487 2919//487 
f 3072//1274 2747//1006 2914//1256 
f 2915//511 2914//511 2747//511 
f 2207//673 3101//1313 3060//1260 
f 3101//11 2207//477 1754//11 
f 2205//4 3100//11 1905//4 
f 3059//1259 3100//1312 2205//670 
f 2741//517 3065//517 1985//585 
f 3065//1267 2741//999 3067//1269 
f 3066//1268 2450//792 3064//1266 
f 1788//14 2450//116 3066//116 
f 3069//517 2563//517 1985//585 
f 3073//1275 2563//882 3069//1271 
f 3068//1272 1982//583 3070//1270 
f 1788//14 3070//116 1982//117 
f 2397//762 3064//1266 2450//792 
f 1985//585 3064//517 2397//517 
f 2318//517 3174//517 3177//517 
f 3172//1411 3177//1417 3174//1409 
f 3090//1294 2742//1000 3014//1216 
f 2742//1004 3090//1295 1904//551 
f 2399//763 3084//1286 2398//761 
f 1788//14 3084//14 2399//117 
f 2136//647 3107//1321 2169//658 
f 2136//478 1864//478 3107//478 
f 2187//665 3106//1320 2115//630 
f 2115//479 3106//479 1711//479 
f 2209//525 1859//535 2126//525 
f 2209//674 2126//640 2208//672 
f 2204//529 2129//529 1745//479 
f 2206//671 2129//645 2204//669 
f 2484//673 1993//750 2076//811 
f 1993//593 2484//1262 1773//501 
f 1985//585 1980//517 3068//517 
f 1982//583 3068//1272 1980//581 
f 1788//14 1981//117 3118//116 
f 2180//664 3118//1338 1981//582 
f 3081//1284 2398//761 3084//1286 
f 1985//585 2398//517 3081//517 
f 1788//14 2760//116 3083//14 
f 3083//1285 2760//1019 3082//1283 
f 1760//493 1781//503 3161//1386 
f 3161//1385 1781//547 1745//479 
f 3162//1388 1806//510 1755//509 
f 3162//1387 1859//535 1806//580 
f 3082//517 2761//517 1985//585 
f 2761//1020 3082//1283 2760//1019 
f 1788//14 3119//117 2759//116 
f 2759//1020 3119//1337 2903//1109 
f 3161//1386 2990//1182 1760//493 
f 1760//4 2990//4 1905//4 
f 3145//511 3166//511 3089//511 
f 3164//1396 3089//1293 3166//1394 
f 1724//511 1752//544 3074//544 
f 3074//1277 1752//492 1834//522 
f 1755//509 2991//1183 3162//1388 
f 2991//11 1755//11 1754//11 
f 3077//548 1708//548 1688//487 
f 1792//506 1708//484 3077//1280 
f 2787//1034 2750//1009 2785//1032 
f 2785//4 2750//118 1905//4 
f 2784//1031 2751//1010 2782//1029 
f 2751//477 2784//11 1754//11 
f 2116//631 3057//1257 2045//629 
f 1803//487 2045//548 3057//511 
f 2137//648 2008//1252 2135//646 
f 2008//487 2137//544 1824//511 
f 2954//1140 3169//1405 3079//1282 
f 2954//485 1864//478 3169//1403 
f 2951//570 3164//1392 1711//479 
f 3089//1293 3164//1396 2951//1137 
f 3086//478 1864//478 2756//478 
f 3086//1289 2756//1016 2594//1287 
f 3087//1292 2755//1015 3088//1290 
f 3088//479 2755//479 1711//479 
f 2743//1001 2428//782 2059//781 
f 2428//1327 2743//1003 1904//551 
f 3100//1312 3059//1259 2786//1033 
f 2786//700 3059//529 1745//479 
f 2783//1030 3060//1260 3101//1313 
f 2783//805 1859//535 3060//525 
f 2788//1037 3061//1261 3041//1234 
f 3061//1263 2788//1035 1773//501 
f 3120//11 2819//11 1754//11 
f 2819//1060 3120//1304 2817//1068 
f 2955//1141 2446//789 2953//1139 
f 2446//511 2955//511 2823//487 
f 2952//1138 2464//796 2927//1136 
f 2827//511 2927//487 2464//487 
f 3112//4 2752//11 1754//11 
f 2752//1011 3112//1330 3092//1300 
f 2820//118 3122//118 1905//4 
f 2822//1072 3122//1341 2820//1070 
f 3093//1301 3113//1331 2749//1008 
f 2749//118 3113//4 1905//4 
f 2463//479 2952//570 1711//479 
f 2464//796 2952//1138 2463//794 
f 2448//791 2953//1139 2446//789 
f 2448//478 1864//478 2953//485 
f 2579//1045 3108//1322 1904//551 
f 3108//1324 2579//900 2577//899 
f 3109//1325 2427//820 3024//1228 
f 2427//779 3109//1326 1904//551 
f 2757//478 1864//478 3111//478 
f 2757//1017 3111//1329 2792//1040 
f 2794//1041 3110//1328 2754//1014 
f 2754//479 3110//479 1711//479 
f 2933//487 2932//487 2187//548 
f 3106//1320 2187//665 2932//1291 
f 2169//544 3085//511 2931//511 
f 3085//1288 2169//658 3107//1321 
f 2882//11 2525//11 1754//11 
f 2525//841 2882//1093 3097//1307 
f 3099//1311 2881//1092 2523//838 
f 2523//118 2881//4 1905//4 
f 2811//1060 3098//1308 2809//1059 
f 3098//1310 2811//1080 1773//501 
f 2818//578 1859//535 3097//578 
f 2818//1069 3097//1307 2882//1093 
f 2881//1092 3099//1311 2821//1071 
f 2821//523 3099//523 1745//479 
f 2902//1323 2426//778 1904//551 
f 2426//821 2902//1107 2900//1107 
f 2390//755 2524//839 2388//753 
f 2388//118 2524//118 1905//4 
f 2526//477 2393//477 1754//11 
f 2393//758 2526//840 2391//756 
f 3105//1319 2504//830 3104//1317 
f 3104//479 2504//479 1711//479 
f 3103//478 1864//478 2531//478 
f 3103//1316 2531//846 2396//1314 
f 2753//1012 2782//1029 2751//1010 
f 2753//535 1859//535 2782//805 
f 2671//959 2789//1010 2669//957 
f 2789//1036 2671//1298 1773//501 
f 2750//1009 2787//1034 2748//1007 
f 2748//480 2787//700 1745//479 
f 2250//487 2252//548 3105//487 
f 2504//830 3105//1319 2252//795 
f 2396//511 2447//544 2255//511 
f 2447//790 2396//1314 2531//846 
f 2524//839 2390//755 2522//837 
f 2522//523 2390//523 1745//479 
f 2527//578 1859//535 2391//578 
f 2527//842 2391//756 2526//840 
f 2594//544 2758//511 2592//487 
f 2758//1018 2594//1287 2756//1016 
f 2544//841 2277//808 2274//859 
f 2277//719 2544//1309 1773//501 
f 2591//511 2609//487 3087//548 
f 2755//1015 3087//1292 2609//1013 
f 2276//809 3091//1297 3044//1240 
f 3091//1299 2276//718 1773//501 
f 3113//1331 3093//1301 2389//754 
f 2389//523 3093//480 1745//479 
f 2392//578 1859//535 3092//535 
f 2392//757 3092//1300 3112//1330 
f 2792//487 3102//487 2944//487 
f 3102//1315 2792//1040 3111//1329 
f 2939//511 2941//511 2794//511 
f 3110//1328 2794//1041 2941//1318 
f 1457//423 1455//423 1454//423 
f 1936//478 1455//711 1457//524 
f 513//372 515//372 512//372 
f 1961//479 515//562 513//806 
f 1726//479 775//478 777//479 
f 777//398 775//398 774//398 
f 927//372 929//372 926//372 
f 1924//479 929//1063 927//529 
f 1892//478 1041//1418 1043//1064 
f 1043//423 1041//423 1040//423 
f 979//398 981//398 978//398 
f 1728//479 981//479 979//479 
f 566//398 568//398 565//398 
f 1729//479 568//478 566//478 
f 1745//479 726//1416 728//1062 
f 728//372 726//372 725//372 
f 674//347 672//347 671//347 
f 1710//485 672//628 674//628 
f 1196//347 1194//347 1193//347 
f 1932//478 1194//479 1196//479 
f 2829//1078 2222//1419 2533//1076 
f 2533//847 3163//1389 1761//14 
f 1820//517 3117//517 2800//517 
f 2800//1049 3117//1336 3116//1335 
f 2223//930 2632//517 2336//517 
f 3157//1374 2336//736 2632//1373 
f 3160//1383 1768//601 1940//600 
f 1768//497 3160//1384 3176//1415 
f 3095//1303 1854//591 1939//567 
f 3096//1306 3095//1305 1939//860 
f 1403//351 1405//351 1402//351 
f 1858//478 1405//478 1403//478 
f 1188//351 1186//351 1185//351 
f 1932//478 1186//479 1188//479 
f 574//402 576//402 573//402 
f 1729//479 576//478 574//478 
f 987//402 989//402 986//402 
f 1728//479 989//478 987//478 
f 1601//351 1599//351 1598//351 
f 1727//478 1599//478 1601//478 
f 1711//479 665//480 667//480 
f 667//402 665//402 664//402 
f 1300//402 1302//402 1299//402 
f 1863//570 1302//668 1300//668 
f 1651//451 1649//451 1648//451 
f 1727//478 1649//478 1651//479 
f 421//326 423//326 420//326 
f 1961//479 423//1063 421//806 
f 1924//479 837//529 835//1063 
f 835//326 837//326 834//326 
f 1354//377 1356//377 1353//377 
f 1859//535 1356//524 1354//1180 
f 1251//326 1253//326 1250//326 
f 1864//478 1253//525 1251//525 
f 1549//377 1547//377 1546//377 
f 1936//478 1547//525 1549//525 
f 1135//377 1133//377 1132//377 
f 1892//478 1133//524 1135//1064 
f 1443//371 1445//371 1442//371 
f 1858//478 1445//478 1443//478 
f 1863//570 1342//1180 1340//524 
f 1340//425 1342//425 1339//425 
f 1148//371 1146//371 1145//371 
f 1932//478 1146//479 1148//479 
f 1561//371 1559//371 1558//371 
f 1727//478 1559//478 1561//478 
f 1859//535 1396//578 1394//578 
f 1394//397 1396//397 1393//397 
f 1509//397 1507//397 1506//397 
f 1936//478 1507//478 1509//478 
f 1291//346 1293//346 1290//346 
f 1864//478 1293//535 1291//535 
f 1892//478 1093//578 1095//535 
f 1095//397 1093//397 1092//397 
f 1611//346 1609//346 1608//346 
f 1727//478 1609//479 1611//479 
f 627//422 625//422 624//422 
f 1711//479 625//529 627//529 
f 461//346 463//346 460//346 
f 1961//479 463//628 461//628 
f 1729//479 616//478 614//478 
f 614//422 616//422 613//422 
f 875//346 877//346 874//346 
f 1924//479 877//479 875//479 
f 1027//422 1029//422 1026//422 
f 1728//479 1029//478 1027//479 
f 140//2 139//2 2936//2 
f 139//3 140//18 15//18 
f 164//13 165//43 40//43 
f 165//1 164//1 3144//2 
f 1924//479 889//479 887//479 
f 887//352 889//352 886//352 
f 768//352 766//352 765//352 
f 1745//479 766//523 768//523 
f 473//352 475//352 472//352 
f 1961//479 475//480 473//480 
f 1728//479 941//479 939//479 
f 939//378 941//378 938//378 
f 1083//403 1081//403 1080//403 
f 1892//478 1081//485 1083//668 
f 714//327 712//327 711//327 
f 1710//485 712//1063 714//1063 
f 817//378 815//378 814//378 
f 1726//479 815//479 817//479 
f 526//378 528//378 525//378 
f 1729//479 528//478 526//478 
f 1497//403 1495//403 1494//403 
f 1936//478 1495//478 1497//478 
f 1932//478 1234//479 1236//479 
f 1236//450 1234//450 1233//450 
f 1200//345 1198//345 1197//345 
f 1932//478 1198//479 1200//479 
f 732//370 730//370 729//370 
f 1745//479 730//1063 732//1063 
f 1461//426 1459//426 1458//426 
f 1936//478 1459//525 1461//525 
f 1047//426 1045//426 1044//426 
f 1892//478 1045//524 1047//524 
f 781//396 779//396 778//396 
f 1726//479 779//479 781//479 
f 562//396 564//396 561//396 
f 1729//479 564//478 562//478 
f 509//370 511//370 508//370 
f 1961//479 511//1063 509//1063 
f 923//370 925//370 922//370 
f 1924//479 925//529 923//529 
f 975//396 977//396 974//396 
f 1728//479 977//479 975//479 
f 678//345 676//345 675//345 
f 1710//485 676//628 678//628 
f 1647//449 1645//449 1644//449 
f 1727//478 1645//479 1647//479 
f 1407//353 1409//353 1406//353 
f 1858//478 1409//479 1407//478 
f 1255//452 1257//452 1254//452 
f 1864//478 1257//525 1255//525 
f 1358//444 1360//444 1357//444 
f 1859//535 1360//524 1358//524 
f 1545//444 1543//444 1542//444 
f 1936//478 1543//525 1545//525 
f 1892//478 1129//525 1131//524 
f 1131//444 1129//444 1128//444 
f 663//404 661//404 660//404 
f 1711//479 661//479 663//480 
f 578//404 580//404 577//404 
f 1729//479 580//478 578//478 
f 1932//478 1182//479 1184//479 
f 1184//353 1182//353 1181//353 
f 1304//404 1306//404 1303//404 
f 1863//570 1306//485 1304//668 
f 1597//353 1595//353 1594//353 
f 1727//478 1595//478 1597//478 
f 1728//479 993//478 991//478 
f 991//404 993//404 990//404 
f 1961//479 427//529 425//1063 
f 425//328 427//328 424//328 
f 1924//479 841//529 839//529 
f 839//328 841//328 838//328 
f 871//344 873//344 870//344 
f 1924//479 873//479 871//479 
f 1859//535 1392//578 1390//578 
f 1390//395 1392//395 1389//395 
f 1513//395 1511//395 1510//395 
f 1936//478 1511//478 1513//478 
f 457//344 459//344 456//344 
f 1961//479 459//570 457//570 
f 1099//395 1097//395 1096//395 
f 1892//478 1097//535 1099//535 
f 1287//344 1289//344 1286//344 
f 1864//478 1289//535 1287//478 
f 1615//344 1613//344 1612//344 
f 1727//478 1613//479 1615//479 
f 1565//446 1563//446 1562//446 
f 1727//478 1563//478 1565//478 
f 1152//446 1150//446 1149//446 
f 1932//478 1150//479 1152//479 
f 1336//420 1338//420 1335//420 
f 1863//570 1338//524 1336//524 
f 1439//446 1441//446 1438//446 
f 1858//478 1441//478 1439//478 
f 631//420 629//420 628//420 
f 1711//479 629//529 631//529 
f 610//420 612//420 609//420 
f 1729//479 612//478 610//478 
f 1023//420 1025//420 1022//420 
f 1728//479 1025//478 1023//478 
f 1493//405 1491//405 1490//405 
f 1936//478 1491//478 1493//478 
f 1892//478 1077//485 1079//485 
f 1079//405 1077//405 1076//405 
f 1924//479 893//479 891//479 
f 891//354 893//354 890//354 
f 1745//479 762//523 764//523 
f 764//354 762//354 761//354 
f 1961//479 479//480 477//480 
f 477//354 479//354 476//354 
f 1726//479 811//479 813//479 
f 813//380 811//380 810//380 
f 1728//479 945//479 943//479 
f 943//1420 945//1420 942//1420 
f 1729//479 532//478 530//478 
f 530//1420 532//1420 529//1420 
f 710//448 708//448 707//448 
f 1710//485 708//529 710//1063 
f 1932//478 1230//479 1232//479 
f 1232//448 1230//448 1229//448 
f 1932//478 1202//479 1204//479 
f 1204//343 1202//343 1201//343 
f 971//394 973//394 970//394 
f 1728//479 973//479 971//479 
f 1729//479 560//478 558//478 
f 558//394 560//394 557//394 
f 1051//428 1049//428 1048//428 
f 1892//478 1049//525 1051//525 
f 1936//478 1463//525 1465//525 
f 1465//428 1463//428 1462//428 
f 505//1421 507//1421 504//1421 
f 1961//479 507//529 505//529 
f 919//368 921//368 918//368 
f 1924//479 921//529 919//479 
f 682//343 680//343 679//343 
f 1710//485 680//570 682//570 
f 736//368 734//368 733//368 
f 1745//479 734//1063 736//529 
f 785//394 783//394 782//394 
f 1726//479 783//478 785//478 
f 3158//1375 1766//496 1904//551 
f 1766//493 3158//1376 3004//1198 
f 1906//552 3156//1402 1773//501 
f 3156//1372 1906//943 1885//543 
f 1727//478 1641//479 1643//479 
f 1643//330 1641//330 1640//330 
f 659//406 657//406 656//406 
f 1711//479 657//479 659//479 
f 582//406 584//406 581//406 
f 1729//479 584//478 582//478 
f 1728//479 997//478 995//478 
f 995//406 997//406 994//406 
f 1932//478 1178//479 1180//479 
f 1180//355 1178//355 1177//355 
f 1727//478 1591//478 1593//478 
f 1593//355 1591//355 1590//355 
f 1308//406 1310//406 1307//406 
f 1863//570 1310//485 1308//485 
f 1892//478 1125//525 1127//525 
f 1127//381 1125//381 1124//381 
f 1864//478 1261//478 1259//525 
f 1259//330 1261//330 1258//330 
f 1936//478 1539//478 1541//478 
f 1541//381 1539//381 1538//381 
f 1961//479 431//529 429//529 
f 429//330 431//330 428//330 
f 1362//381 1364//381 1361//381 
f 1859//535 1364//525 1362//525 
f 1924//479 845//479 843//529 
f 843//330 845//330 842//330 
f 1411//355 1413//355 1410//355 
f 1858//478 1413//478 1411//479 
f 635//418 633//418 632//418 
f 1711//479 633//529 635//479 
f 2400//9 3116//9 1761//14 
f 3116//1335 2400//764 2800//1049 
f 867//342 869//342 866//342 
f 1924//479 869//479 867//479 
f 606//418 608//418 605//418 
f 1729//479 608//478 606//478 
f 1517//393 1515//393 1514//393 
f 1936//478 1515//478 1517//478 
f 1864//478 1285//478 1283//478 
f 1283//342 1285//342 1282//342 
f 1892//478 1101//535 1103//535 
f 1103//393 1101//393 1100//393 
f 1019//418 1021//418 1018//418 
f 1728//479 1021//478 1019//478 
f 453//342 455//342 452//342 
f 1961//479 455//570 453//570 
f 1859//535 1388//578 1386//578 
f 1386//393 1388//393 1385//393 
f 1727//478 1617//479 1619//479 
f 1619//342 1617//342 1616//342 
f 1569//461 1567//461 1566//461 
f 1727//478 1567//478 1569//478 
f 1863//570 1334//525 1332//525 
f 1332//454 1334//454 1331//454 
f 1932//478 1154//479 1156//479 
f 1156//447 1154//447 1153//447 
f 1858//478 1437//478 1435//478 
f 1435//447 1437//447 1434//447 
f 1228//331 1226//331 1225//331 
f 1932//478 1226//479 1228//479 
f 1489//407 1487//407 1486//407 
f 1936//478 1487//478 1489//478 
f 1961//479 483//479 481//480 
f 481//436 483//436 480//436 
f 1924//479 897//479 895//479 
f 895//436 897//436 894//436 
f 1728//479 949//479 947//479 
f 947//382 949//382 946//382 
f 1892//478 1073//485 1075//485 
f 1075//407 1073//407 1072//407 
f 1710//485 704//529 706//529 
f 706//331 704//331 703//331 
f 1745//479 758//523 760//523 
f 760//436 758//436 757//436 
f 1729//479 536//478 534//478 
f 534//382 536//382 533//382 
f 1726//479 807//478 809//479 
f 809//382 807//382 806//382 
f 1932//478 1206//479 1208//479 
f 1208//341 1206//341 1205//341 
f 967//807 969//807 966//807 
f 1728//479 969//479 967//479 
f 1729//479 556//478 554//478 
f 554//807 556//807 553//807 
f 1710//485 684//570 686//570 
f 686//431 684//431 683//431 
f 1055//417 1053//417 1052//417 
f 1892//478 1053//525 1055//525 
f 915//366 917//366 914//366 
f 1924//479 917//479 915//479 
f 1961//479 503//529 501//529 
f 501//366 503//366 500//366 
f 789//392 787//392 786//392 
f 1726//479 787//479 789//478 
f 740//366 738//366 737//366 
f 1745//479 738//529 740//529 
f 1936//478 1467//478 1469//478 
f 1469//417 1467//417 1466//417 
f 1366//383 1368//383 1365//383 
f 1859//535 1368//525 1366//525 
f 1936//478 1535//478 1537//478 
f 1537//383 1535//383 1534//383 
f 1864//478 1265//478 1263//478 
f 1263//332 1265//332 1262//332 
f 1892//478 1121//525 1123//525 
f 1123//383 1121//383 1120//383 
f 1711//479 653//479 655//479 
f 655//408 653//408 652//408 
f 1729//479 588//478 586//478 
f 586//408 588//408 585//408 
f 1176//357 1174//357 1173//357 
f 1932//478 1174//478 1176//479 
f 1727//478 1587//478 1589//478 
f 1589//357 1587//357 1586//357 
f 1863//570 1314//485 1312//485 
f 1312//408 1314//408 1311//408 
f 1727//478 1637//479 1639//479 
f 1639//332 1637//332 1636//332 
f 1961//479 435//529 433//529 
f 433//332 435//332 432//332 
f 1728//479 1001//478 999//478 
f 999//408 1001//408 998//408 
f 1415//357 1417//357 1414//357 
f 1858//478 1417//478 1415//479 
f 847//332 849//332 846//332 
f 1924//479 849//479 847//479 
f 3124//1342 2485//813 2812//843 
f 1820//517 2485//517 3124//517 
f 1015//416 1017//416 1014//416 
f 1728//479 1017//478 1015//478 
f 602//416 604//416 601//416 
f 1729//479 604//478 602//478 
f 1727//478 1621//479 1623//479 
f 1623//340 1621//340 1620//340 
f 1859//535 1384//578 1382//805 
f 1382//391 1384//391 1381//391 
f 1924//479 865//479 863//479 
f 863//340 865//340 862//340 
f 1961//479 451//570 449//570 
f 449//340 451//340 448//340 
f 1711//479 637//479 639//479 
f 639//416 637//416 636//416 
f 1892//478 1105//478 1107//478 
f 1107//391 1105//391 1104//391 
f 1864//478 1281//478 1279//478 
f 1279//340 1281//340 1278//340 
f 1936//478 1519//478 1521//478 
f 1521//391 1519//391 1518//391 
f 1858//478 1433//479 1431//478 
f 1431//365 1433//365 1430//365 
f 1932//478 1158//479 1160//478 
f 1160//365 1158//365 1157//365 
f 1727//478 1571//478 1573//478 
f 1573//365 1571//365 1570//365 
f 1863//570 1330//525 1328//525 
f 1328//416 1330//416 1327//416 
f 3115//14 2812//9 1761//14 
f 2812//843 3115//1334 3124//1342 
f 1224//333 1222//333 1221//333 
f 1932//478 1222//479 1224//479 
f 1745//479 754//700 756//700 
f 756//358 754//358 753//358 
f 1726//479 803//479 805//479 
f 805//384 803//384 802//384 
f 1961//479 487//479 485//479 
f 485//358 487//358 484//358 
f 1892//478 1069//478 1071//485 
f 1071//409 1069//409 1068//409 
f 1729//479 540//479 538//479 
f 538//384 540//384 537//384 
f 1728//479 953//479 951//479 
f 951//384 953//384 950//384 
f 1924//479 901//479 899//479 
f 899//358 901//358 898//358 
f 1710//485 700//529 702//529 
f 702//433 700//433 699//433 
f 1936//478 1483//478 1485//478 
f 1485//409 1483//409 1482//409 
f 1726//479 791//479 793//479 
f 793//390 791//390 790//390 
f 1745//479 742//529 744//529 
f 744//364 742//364 741//364 
f 690//339 688//339 687//339 
f 1710//485 688//570 690//570 
f 963//390 965//390 962//390 
f 1728//479 965//479 963//479 
f 1729//479 552//479 550//479 
f 550//390 552//390 549//390 
f 1932//478 1210//479 1212//479 
f 1212//339 1210//339 1209//339 
f 911//1422 913//1422 910//1422 
f 1924//479 913//479 911//479 
f 1473//415 1471//415 1470//415 
f 1936//478 1471//478 1473//478 
f 1961//479 499//529 497//529 
f 497//1422 499//1422 496//1422 
f 1892//478 1057//525 1059//525 
f 1059//415 1057//415 1056//415 
f 1744//489 3168//1399 1745//479 
f 3168//1400 1744//513 1808//512 
f 1764//494 1743//488 3167//1398 
f 1743//536 1859//535 3167//1397 
f 1419//456 1421//456 1418//456 
f 1858//478 1421//479 1419//478 
f 1859//535 1372//805 1370//525 
f 1370//455 1372//455 1369//455 
f 1863//570 1318//1343 1316//485 
f 1316//453 1318//453 1315//453 
f 1864//478 1269//478 1267//478 
f 1267//334 1269//334 1266//334 
f 1936//478 1531//478 1533//478 
f 1533//385 1531//385 1530//385 
f 1727//478 1583//478 1585//478 
f 1585//359 1583//359 1582//359 
f 1119//385 1117//385 1116//385 
f 1892//478 1117//525 1119//525 
f 1172//359 1170//359 1169//359 
f 1932//478 1170//479 1172//478 
f 1728//479 1005//478 1003//478 
f 1003//410 1005//410 1002//410 
f 1729//479 592//478 590//478 
f 590//410 592//410 589//410 
f 1711//479 649//479 651//479 
f 651//410 649//410 648//410 
f 1961//479 439//529 437//529 
f 437//334 439//334 436//334 
f 851//334 853//334 850//334 
f 1924//479 853//479 851//479 
f 1635//334 1633//334 1632//334 
f 1727//478 1633//479 1635//479 
f 1728//479 1013//478 1011//478 
f 1011//414 1013//414 1010//414 
f 1729//479 600//478 598//478 
f 598//414 600//414 597//414 
f 1859//535 1380//805 1378//805 
f 1378//389 1380//389 1377//389 
f 1961//479 447//479 445//479 
f 445//338 447//338 444//338 
f 1892//478 1109//478 1111//478 
f 1111//389 1109//389 1108//389 
f 1525//389 1523//389 1522//389 
f 1936//478 1523//478 1525//478 
f 1727//478 1575//478 1577//478 
f 1577//363 1575//363 1574//363 
f 1864//478 1277//478 1275//478 
f 1275//338 1277//338 1274//338 
f 1932//478 1162//478 1164//479 
f 1164//363 1162//363 1161//363 
f 1924//479 861//479 859//479 
f 859//338 861//338 858//338 
f 1863//570 1326//525 1324//525 
f 1324//414 1326//414 1323//414 
f 1711//479 641//479 643//479 
f 643//460 641//460 640//460 
f 1858//478 1429//478 1427//479 
f 1427//363 1429//363 1426//363 
f 1727//478 1625//479 1627//479 
f 1627//432 1625//432 1624//432 
f 1729//479 544//478 542//478 
f 542//386 544//386 541//386 
f 1728//479 957//479 955//479 
f 955//386 957//386 954//386 
f 1710//485 696//529 698//529 
f 698//335 696//335 695//335 
f 1726//479 799//479 801//478 
f 801//386 799//386 798//386 
f 1961//479 491//479 489//479 
f 489//360 491//360 488//360 
f 1924//479 905//479 903//479 
f 903//360 905//360 902//360 
f 1745//479 750//700 752//700 
f 752//360 750//360 749//360 
f 1932//478 1218//479 1220//479 
f 1220//335 1218//335 1217//335 
f 1067//1423 1065//1423 1064//1423 
f 1892//478 1065//525 1067//478 
f 1936//478 1479//478 1481//478 
f 1481//1423 1479//1423 1478//1423 
f 1711//479 645//479 647//479 
f 647//412 645//412 644//412 
f 1631//336 1629//336 1628//336 
f 1727//478 1629//478 1631//478 
f 1892//478 1061//525 1063//525 
f 1063//413 1061//413 1060//413 
f 1924//479 909//479 907//479 
f 907//362 909//362 906//362 
f 1729//479 596//478 594//478 
f 594//412 596//412 593//412 
f 1961//479 495//529 493//529 
f 493//362 495//362 492//362 
f 1936//478 1475//478 1477//478 
f 1477//413 1475//413 1474//413 
f 1728//479 961//479 959//479 
f 959//388 961//388 958//388 
f 1729//479 548//478 546//478 
f 546//388 548//388 545//388 
f 1710//485 692//666 694//666 
f 694//337 692//337 691//337 
f 1745//479 746//700 748//700 
f 748//362 746//362 745//362 
f 1932//478 1214//479 1216//479 
f 1216//337 1214//337 1213//337 
f 1961//479 443//529 441//529 
f 441//336 443//336 440//336 
f 1864//478 1273//478 1271//478 
f 1271//336 1273//336 1270//336 
f 1728//479 1009//479 1007//479 
f 1007//412 1009//412 1006//412 
f 1924//479 857//479 855//479 
f 855//336 857//336 854//336 
f 1936//478 1527//478 1529//478 
f 1529//387 1527//387 1526//387 
f 1115//387 1113//387 1112//387 
f 1892//478 1113//478 1115//525 
f 1581//361 1579//361 1578//361 
f 1727//478 1579//478 1581//478 
f 1726//479 795//478 797//478 
f 797//388 795//388 794//388 
f 1932//478 1166//479 1168//479 
f 1168//361 1166//361 1165//361 
f 1859//535 1376//805 1374//805 
f 1374//387 1376//387 1373//387 
f 1863//570 1322//525 1320//1343 
f 1320//412 1322//412 1319//412 
f 1858//478 1425//478 1423//479 
f 1423//361 1425//361 1422//361 
f 2486//814 3127//1346 3126//1345 
f 1820//517 3127//517 2486//517 
f 3126//1345 2487//815 2486//814 
f 2487//14 3126//9 1761//14 
f 3096//1401 1771//499 1773//501 
f 1939//860 1771//862 3096//1306 
f 1903//550 3176//1414 1904//551 
f 3176//1415 1903//823 1768//497 
f 1820//517 2212//517 3128//517 
f 3128//1347 2212//679 1997//678 
f 3125//14 1997//9 1761//14 
f 1997//678 3125//1344 3128//1347 
f 2813//1065 3140//1350 3139//1349 
f 1820//517 3140//517 2813//517 
f 3139//1349 1998//677 2813//1065 
f 1998//14 3139//9 1761//14 
f 3141//1351 2489//848 2816//1067 
f 1820//517 2489//517 3141//517 
f 3138//9 2816//14 1761//14 
f 2816//1067 3138//1348 3141//1351 
f 1820//517 3148//517 2488//517 
f 2488//849 3148//1356 3146//1355 
f 2534//14 3146//9 1761//14 
f 3146//1355 2534//850 2488//849 
f 1820//517 2829//517 3149//517 
f 3149//1357 2829//1078 2532//1077 
f 2336//736 3157//1374 2334//734 
f 1761//14 2334//14 3157//9 
f 2532//1077 3147//1354 3149//1357 
f 3147//9 2532//9 1761//14 
f 2791//1039 3020//1226 2335//735 
f 2223//930 2335//517 3020//517 
f 3150//1358 3155//1370 3021//1225 
f 3021//517 3155//517 2223//930 
f 3020//1226 2791//1039 3022//1224 
f 1761//14 3022//9 2791//14 
f 2681//517 2682//517 2223//930 
f 2220//975 2682//1391 2681//973 
f 1761//14 2221//9 3150//14 
f 3155//1370 3150//1358 2221//974 
f 2533//1076 2222//1419 3163//1424 
f 3178//1425 3163//1426 2222//1427 
f 1455//459 1659//459 1453//459 
f 1936//478 1659//712 1455//711 
f 1344//424 1448//424 1343//424 
f 1863//570 1448//712 1344//545 
f 1892//478 1658//712 1041//1418 
f 1041//424 1658//424 1039//424 
f 515//373 824//373 514//373 
f 1961//479 824//561 515//562 
f 929//373 1034//373 928//373 
f 1924//479 1034//562 929//1063 
f 1936//478 1656//478 1505//478 
f 1505//399 1656//399 1503//399 
f 981//399 1032//399 980//399 
f 1728//479 1032//479 981//479 
f 1397//399 1347//399 1346//399 
f 1859//535 1347//578 1397//578 
f 1858//478 1657//478 1447//478 
f 1447//373 1657//373 1446//373 
f 568//399 825//399 567//399 
f 1729//479 825//478 568//478 
f 672//348 621//348 620//348 
f 1710//485 621//668 672//628 
f 1726//479 723//479 775//478 
f 775//399 723//399 722//399 
f 878//348 828//348 827//348 
f 1924//479 828//479 878//479 
f 1091//399 1449//399 1089//399 
f 1892//478 1449//478 1091//578 
f 1745//479 1035//527 726//1416 
f 726//373 1035//373 724//373 
f 1607//348 1452//348 1451//348 
f 1727//478 1452//479 1607//479 
f 1194//348 1038//348 1037//348 
f 1932//478 1038//479 1194//479 
f 1294//348 1245//348 1244//348 
f 1864//478 1245//478 1294//578 
f 623//424 518//424 517//424 
f 1711//479 518//529 623//529 
f 1729//479 931//478 618//525 
f 618//424 931//424 617//424 
f 464//348 414//348 413//348 
f 1961//479 414//479 464//628 
f 1727//478 1555//478 1557//479 
f 1557//373 1555//373 1554//373 
f 1144//373 1142//373 1141//373 
f 1932//478 1142//478 1144//479 
f 1031//424 1033//424 1030//424 
f 1728//479 1033//478 1031//478 
f 3048//517 2318//517 2118//517 
f 3047//1243 3048//1242 2118//1428 
f 3167//1398 3121//1339 1764//494 
f 1764//11 3121//477 1754//11 
f 1808//512 3123//1340 3168//1400 
f 3123//4 1808//4 1905//4 
f 2998//1194 3179//1429 2996//1192 
f 1761//14 2996//14 3179//9 
f 831//561 1924//479 833//527 
f 831//440 833//440 829//440 
f 720//561 1710//485 718//1416 
f 720//324 718//324 717//324 
f 1139//375 1137//375 1136//375 
f 1139//712 1892//478 1137//713 
f 823//375 821//375 820//375 
f 1726//479 821//479 823//479 
f 417//324 419//324 415//324 
f 417//561 1961//479 419//1181 
f 1553//375 1551//375 1550//375 
f 1936//478 1551//524 1553//713 
f 881//349 883//349 879//349 
f 881//479 1924//479 883//479 
f 1605//349 1603//349 1602//349 
f 1605//478 1727//478 1603//478 
f 773//349 772//349 771//349 
f 1745//479 772//523 773//523 
f 1192//349 1190//349 1189//349 
f 1192//479 1932//478 1190//479 
f 1296//400 1298//400 1295//400 
f 1863//570 1298//668 1296//628 
f 1858//478 1401//479 1399//478 
f 1399//349 1401//349 1398//349 
f 1502//478 1936//478 1501//478 
f 1502//400 1501//400 1500//400 
f 467//349 469//349 465//349 
f 467//479 1961//479 469//523 
f 983//400 985//400 982//400 
f 983//478 1728//479 985//478 
f 570//400 572//400 569//400 
f 570//478 1729//479 572//478 
f 1711//479 669//523 670//479 
f 670//400 669//400 668//400 
f 1088//400 1087//400 1086//400 
f 1088//478 1892//478 1087//668 
f 933//375 935//375 932//375 
f 1728//479 935//478 933//478 
f 520//375 522//375 519//375 
f 1729//479 522//478 520//479 
f 1350//375 1352//375 1348//375 
f 1350//711 1859//535 1352//545 
f 1247//324 1249//324 1246//324 
f 1864//478 1249//525 1247//525 
f 1242//324 1240//324 1239//324 
f 1932//478 1240//529 1242//479 
f 1655//324 1653//324 1652//324 
f 1727//478 1653//479 1655//479 
f 2431//517 2997//517 3175//517 
f 3152//1361 3175//1412 2997//1193 
f 3175//1412 3152//1361 2004//634 
f 1761//14 2004//9 3152//9 
f 2431//517 2119//517 2551//517 
f 2003//635 2551//870 2119//633 
f 1761//14 2553//9 2003//14 
f 2551//870 2003//635 2553//868 
f 2431//517 2552//517 2337//517 
f 2338//1413 2337//1413 2552//869 
f 1996//116 3172//116 1788//14 
f 3177//1417 3172//1411 1996//698 
f 2220//975 3163//1426 2683//1390 
f 2683//976 3163//1424 3178//1430 
f 1788//14 2559//14 3046//117 
f 2557//874 3046//1244 2559//872 
f 1996//698 2241//697 3177//1417 
f 2318//517 3177//517 2241//517 
f 1743//536 1742//578 1858//478 
f 1858//478 1742//578 2105//478 
f 1726//479 1841//523 1744//489 
f 1726//479 1842//479 1841//523 
f 2318//517 2558//517 3174//517 
f 3173//1410 3174//1409 2558//873 
f 1788//14 3173//116 2559//14 
f 2558//873 2559//872 3173//1410 
f 3048//517 2557//517 2318//517 
f 3046//1244 2557//874 3048//1242 
f 2118//1428 2117//1428 3047//1243 
f 1788//14 3047//117 2117//116 
f 1686//477 1687//477 1685//477 
f 1687//434 1686//434 2343//434 
f 1775//116 1776//116 1774//116 
f 1776//442 1775//442 1777//442 
f 2017//1431 1893//546 1895//529 
f 2780//806 2017//1431 1895//529 
f 1844//528 2175//571 1845//529 
f 2175//571 2513//806 1845//529 
f 1938//571 1815//806 1930//529 
f 2258//528 1938//571 1930//529 
f 3179//1429 2998//1194 2430//1432 
f 2430//517 2998//517 2431//517 
f 1888//1433 1922//525 2444//524 
f 1923//560 1922//525 1888//1433 
f 2139//1434 2025//525 2442//524 
f 1960//526 2025//525 2139//1434 
f 2201//1434 1838//525 2439//524 
f 1840//526 1838//525 2201//1434 
f 2106//479 2344//479 2343//479 
f 1693//478 2345//478 1718//479 
f 1949//656 1961//479 1758//478 
f 824//561 1961//479 1949//656 
f 1702//323 3180//323 244//323 
f 1692//479 3180//479 1702//480 
f 3181//478 2344//479 2106//479 
f 2344//439 3181//439 240//439 
f 2430//1432 2429//1435 3179//1429 
f 2429//9 1761//14 3179//9 
f 1820//517 3153//517 2214//517 
f 1820//517 2402//517 3153//517 
f 2259//714 1448//712 1863//570 
f 1894//523 2259//523 1954//523 
f 2185//578 1923//578 1888//578 
f 2185//701 1710//485 720//561 
f 1936//478 1935//565 1659//712 
f 1659//712 1935//565 1350//711 
f 1139//712 2114//1237 1892//478 
f 2114//668 1893//668 2017//668 
f 1924//479 831//561 2155//653 
f 1035//527 2155//653 831//561 
f 2184//11 1737//11 1967//11 
f 1798//14 1967//116 1879//116 
f 1891//545 1658//712 1892//478 
f 1843//528 1658//712 1844//528 
f 8//2 7//2 10//2 
f 1680//464 1716//464 10//464 
f 1936//478 1658//712 2193//1436 
f 1936//478 2193//1436 1786//479 
f 1894//546 1448//712 2259//714 
f 1139//712 1448//712 1894//546 
f 1800//4 1811//4 1735//4 
f 1810//514 1735//514 1811//514 
f 1924//479 2026//655 417//561 
f 2026//655 1924//479 1872//478 
f 1877//540 2143//1437 1966//1437 
f 1879//118 2143//118 1877//4 
f 1966//1437 1867//540 1877//540 
f 1867//576 1966//575 1968//575 
f 1923//560 2185//701 720//561 
f 1923//560 720//561 824//561 
f 1701//478 2342//479 1699//479 
f 2343//479 2105//478 2106//479 
f 1//466 91//466 1734//466 
f 3//2 91//1 1//1 
f 824//561 1949//656 1921//526 
f 824//561 1921//526 1923//560 
f 1139//712 1893//546 2114//1237 
f 1894//546 1893//546 1139//712 
f 1960//526 2140//526 417//561 
f 2140//478 1960//478 2139//478 
f 1821//517 2318//517 1819//517 
f 1819//517 2318//517 2317//517 
f 1681//474 1680//474 7//474 
f 10//464 7//464 1680//464 
f 1751//319 1750//319 1835//321 
f 1690//478 1835//479 1750//479 
f 1035//527 1745//479 1900//526 
f 1900//526 1745//479 1781//547 
f 2194//477 1878//4 1877//4 
f 1878//14 2194//9 1799//9 
f 2203//487 2416//487 1969//487 
f 1969//576 2416//576 1868//576 
f 2192//479 2125//479 2011//479 
f 1350//711 2125//528 2192//545 
f 3180//458 1699//458 242//458 
f 1699//479 3180//479 1692//479 
f 1695//478 1777//478 1693//478 
f 1693//483 1777//483 1775//483 
f 6//1 65//2 4//1 
f 4//464 65//464 1677//464 
f 12//466 1717//466 1665//466 
f 9//2 1717//2 12//1 
f 1660//2 7//2 1674//2 
f 1675//464 1674//464 7//464 
f 2006//517 2431//517 2005//517 
f 2005//517 2431//517 2337//517 
f 1692//479 1864//478 1932//478 
f 3170//1404 1864//478 1692//479 
f 1729//479 1711//479 1695//478 
f 1695//478 1711//479 3165//1393 
f 1825//511 3182//511 1751//511 
f 1751//319 3182//321 1691//319 
f 1035//527 1840//526 2155//653 
f 2155//478 1840//478 2201//478 
f 1350//711 1935//565 2258//528 
f 2258//529 1935//529 1934//529 
f 2193//479 1843//479 1787//479 
f 2193//1436 1658//712 1843//528 
f 1739//320 1875//322 1852//322 
f 1797//320 1876//322 1875//322 
f 1884//542 1985//891 1820//517 
f 1884//1438 1883//952 1985//829 
f 2284//511 2202//548 1969//487 
f 1797//320 1796//321 1965//322 
f 1741//487 1830//487 1829//487 
f 1770//487 1830//487 1741//487 
f 2026//655 1959//526 417//561 
f 2024//478 1959//478 2026//478 
f 1837//478 1839//478 1900//478 
f 1035//527 1900//526 1839//526 
f 1692//479 1691//478 3170//1404 
f 3171//1407 3170//1406 1691//319 
f 1835//321 3165//1395 3166//1394 
f 3165//1393 1835//479 1695//478 
f 1859//535 2192//545 2124//578 
f 1350//711 2192//545 1859//535 
f 189//1 130//2 1713//2 
f 130//8 189//7 6//7 
f 295//1368 396//117 1730//117 
f 396//315 295//165 294//164 
f 1696//9 1774//116 243//9 
f 125//116 1774//116 1696//9 
f 366//260 400//316 399//316 
f 1733//14 400//116 366//1369 
f 239//4 1685//477 1705//118 
f 1705//118 1685//477 117//118 
f 1770//487 1810//511 1768//497 
f 1939//860 1810//511 1770//487 
f 138//17 134//6 9//6 
f 1689//1 134//1 138//2 
f 1669//466 1734//466 91//466 
f 724//464 1734//464 1669//1 
f 1961//479 2140//526 2039//485 
f 2140//526 1961//479 417//561 
f 1349//466 404//2 1716//466 
f 1716//464 404//464 14//464 
f 1725//445 1713//445 1715//445 
f 1713//2 1725//1 189//1 
f 138//2 2890//2 1689//1 
f 1689//374 2890//374 1688//374 
f 1730//117 3159//1377 295//1368 
f 135//1 3159//1 1730//1 
f 1733//2 2936//2 139//2 
f 366//1369 2936//1126 1733//14 
f 2050//320 1797//320 1739//320 
f 1875//322 1739//320 1797//320 
f 1827//483 1874//483 2300//483 
f 1874//483 1827//483 1872//438 
f 1706//118 3143//118 3142//118 
f 133//2 3143//1 1706//2 
f 1701//478 1700//478 1932//478 
f 1932//478 1700//478 1692//479 
f 1695//478 1694//479 1729//479 
f 1729//479 1694//479 1718//479 
f 1896//486 1740//486 2267//486 
f 2307//486 2267//486 1740//486 
f 1966//445 1965//507 2284//445 
f 2202//321 2284//322 1965//322 
f 244//8 242//8 121//8 
f 242//458 244//458 3180//458 
f 3144//477 1698//477 1902//477 
f 1698//1 3144//2 164//1 
f 1852//322 402//322 1720//322 
f 1852//322 1720//322 1739//320 
f 2300//483 1759//483 1827//483 
f 1901//445 1759//483 2300//483 
f 240//6 246//6 118//6 
f 246//483 240//483 3181//483 
f 1739//320 1738//320 2050//320 
f 1799//374 2050//374 1738//374 
f 241//8 1686//8 239//8 
f 1686//374 241//374 2342//374 
f 2203//320 2202//321 1796//321 
f 1965//322 1796//321 2202//321 
f 1678//464 1677//464 65//464 
f 1677//466 1678//2 1343//466 
f 2222//1427 2223//1439 3178//1425 
f 3178//1430 2223//930 2683//976 
f 3181//478 1842//479 1718//479 
f 1728//479 1718//479 1842//479 
f 2105//478 1701//478 1727//478 
f 1701//478 2105//478 2343//479 
f 1794//483 1709//483 1792//506 
f 1709//483 1794//483 1790//483 
f 3181//507 2345//507 246//507 
f 1718//479 2345//478 3181//478 
f 2416//374 2203//374 1795//530 
f 1796//321 1795//320 2203//320 
f 214//1 129//1 1712//1 
f 129//6 214//5 3//5 
f 1834//522 1722//486 1865//486 
f 2199//486 1865//486 1722//486 
f 1713//2 130//2 131//2 
f 131//8 130//8 5//8 
f 1668//466 405//466 39//466 
f 1668//464 719//464 405//464 
f 1740//486 1805//374 2307//486 
f 1979//374 2307//486 1805//374 
f 3166//511 3145//511 1902//487 
f 1902//118 3145//118 3144//118 
f 2343//479 2342//479 1701//478 
f 2342//374 2343//374 1686//374 
f 2151//652 1712//374 1683//374 
f 1712//1 2151//1 214//1 
f 1749//445 1714//445 2280//724 
f 137//2 2280//2 1714//2 
f 1690//478 1695//478 1835//479 
f 1695//478 1690//478 1702//480 
f 1697//118 1706//118 1825//118 
f 1706//2 1697//2 1696//1 
f 245//6 1775//6 125//6 
f 1775//507 245//507 1693//507 
f 1804//477 1902//477 1698//477 
f 1902//487 1804//511 1751//511 
f 1870//478 983//478 828//479 
f 983//478 1870//478 1728//479 
f 1088//478 1038//479 1933//479 
f 1038//479 1932//478 1933//479 
f 1817//478 570//478 414//479 
f 570//478 1817//478 1729//479 
f 1502//478 1452//479 1897//479 
f 1452//479 1727//478 1897//479 
f 2034//478 2300//478 1874//478 
f 2304//478 2300//478 2305//478 
f 1825//511 3142//487 3171//487 
f 3142//118 1825//118 1706//118 
f 1967//11 1798//11 2184//11 
f 1800//4 2184//11 1798//11 
f 1967//445 1876//445 1965//507 
f 1965//322 1876//322 1797//320 
f 2219//478 2308//479 2307//479 
f 2079//479 2267//479 2307//479 
f 3133//478 1874//478 2273//478 
f 2273//478 1874//478 2243//479 
f 2298//478 1794//478 2299//479 
f 2111//478 1790//478 1794//478 
f 3171//487 3182//511 1825//511 
f 1691//319 3182//321 3171//1407 
f 3166//1394 1836//319 1835//321 
f 1902//487 1836//487 3166//511 
f 2054//479 2271//478 1865//479 
f 2271//478 2054//479 1832//478 
f 1748//478 3132//478 2293//478 
f 3129//479 1826//479 1756//478 
f 2293//478 1756//478 2294//479 
f 3132//478 1756//478 2293//478 
f 2333//478 2332//479 2034//478 
f 2332//479 2300//478 2034//478 
f 3134//478 1794//478 2298//478 
f 2861//479 3134//478 2298//478 
f 2079//479 2603//478 2601//479 
f 2603//478 2079//479 2307//479 
f 2106//479 1842//479 3181//478 
f 1842//479 2106//479 1829//523 
f 2054//479 3135//479 1833//478 
f 3135//479 2054//479 1865//479 
f 3133//478 2507//479 2709//479 
f 2035//479 2709//479 2708//479 
f 3130//478 1790//478 3027//478 
f 2860//479 3130//478 3027//478 
f 2330//479 3027//478 2110//478 
f 3027//478 1790//478 2110//478 
f 1950//478 1892//478 1088//478 
f 1933//479 1950//478 1088//478 
f 1818//479 414//479 1961//479 
f 414//479 1818//479 1817//478 
f 1971//478 1970//479 1846//479 
f 2296//479 1970//479 3040//479 
f 2319//479 1790//478 3130//478 
f 2628//479 2319//479 3130//478 
f 1844//529 1891//529 1890//529 
f 1844//528 1658//712 1891//545 
f 2301//479 2300//478 2304//478 
f 2626//479 2301//479 2304//478 
f 3032//479 2308//479 2417//479 
f 2308//479 3032//479 2307//479 
f 2707//479 1794//478 3134//478 
f 2100//479 2707//479 3134//478 
f 1656//478 1936//478 1898//478 
f 1656//478 1898//478 1897//479 
f 2508//479 3129//479 2511//479 
f 3129//479 1756//478 2511//479 
f 2511//479 1756//478 3132//478 
f 2509//479 2511//479 3132//478 
f 2270//479 2864//479 1865//479 
f 2864//479 2270//479 2863//479 
f 2864//479 3135//479 1865//479 
f 3135//479 2864//479 2833//479 
f 2603//478 3032//479 2602//479 
f 3032//479 2603//478 2307//479 
f 828//479 1871//479 1870//478 
f 1871//479 828//479 1924//479 
f 2706//479 2111//478 2707//479 
f 2111//478 1794//478 2707//479 
f 2101//479 3033//479 2199//479 
f 3033//479 2101//479 2868//479 
f 1913//479 2036//479 3131//479 
f 2036//479 1826//479 3131//479 
f 2605//479 3033//479 2604//479 
f 3033//479 2605//479 2199//479 
f 2848//479 3131//479 2846//479 
f 3131//479 1826//479 2846//479 
f 2270//479 2605//479 1782//479 
f 2605//479 2270//479 2199//479 
f 2314//478 2305//478 2332//479 
f 2305//478 2300//478 2332//479 
f 2035//479 1874//478 3133//478 
f 2709//479 2035//479 3133//478 
f 2847//479 2846//479 3129//479 
f 2846//479 1826//479 3129//479 
f 2079//479 2078//479 2267//479 
f 3136//479 2078//479 2866//479 
f 2078//479 3136//479 2267//479 
f 2055//479 3136//479 1911//478 
f 3025//478 1971//478 1846//479 
f 1971//478 3025//478 2340//479 
f 3136//479 2055//479 2267//479 
f 2055//479 2269//478 2267//479 
f 3025//478 3137//479 2872//479 
f 3025//478 1846//479 1763//478 
f 3137//479 3025//478 1763//478 
f 3137//479 2763//479 2762//479 
f 2763//479 3137//479 1763//478 
f 2244//479 2763//479 1763//478 
f 2244//479 2179//479 2177//479 
f 2177//479 2495//479 2244//479 
f 1970//479 2296//479 1846//479 
f 2296//479 2295//478 1846//479 
# 6388 faces

