# 3ds Max Wavefront OBJ Exporter v0.99 - (c)2007 guruware
# File Created: 27.11.2025 20:35:21

#
# object LID004
#

v  47.2666 -0.8644 21.4000
v  46.0588 7.5854 21.4000
v  46.0588 -7.4076 21.4000
v  81.6969 0.0000 19.4000
v  81.6969 -25.5000 19.4000
v  34.8225 -25.5000 19.4000
v  90.0000 -13.4520 19.4000
v  89.0000 0.0000 19.4000
v  90.0000 -0.8440 19.4000
v  43.2272 17.2889 21.4000
v  66.3986 13.2138 21.3940
v  76.8271 17.2889 21.4000
v  73.9994 9.5471 21.3880
v  73.9994 0.0890 21.3880
v  76.8271 0.0889 21.4000
v  43.2272 -17.1111 21.4000
v  76.8271 -17.1111 21.4000
v  66.9435 -12.8870 21.3940
v  34.8225 27.5000 17.4000
v  34.8225 27.5000 5.5000
v  81.6969 27.5000 5.5000
v  42.4020 29.4958 17.6628
v  42.4020 29.4663 17.9210
v  59.5308 29.4663 17.9210
v  34.8225 -27.5000 5.5000
v  34.8225 -27.5000 17.4000
v  81.6969 -27.5000 17.4000
v  65.8392 -29.4663 17.9210
v  65.8392 -29.4915 17.6628
v  82.9680 -29.4915 17.6628
v  81.6969 27.5000 17.4000
v  65.8392 29.5001 17.4000
v  65.8392 29.4958 17.6628
v  82.9680 29.4958 17.6628
v  81.6969 -27.5000 5.5000
v  82.9680 -29.4663 17.9210
v  73.0000 24.5000 2.0000
v  81.6969 27.5000 2.0000
v  34.8225 27.5000 2.0000
v  65.8392 27.5000 -0.0000
v  82.9680 27.5000 -0.0000
v  67.1102 24.5000 -0.0000
v  65.8392 -29.5002 8.1542
v  65.8392 -29.5002 1.3979
v  82.9680 -29.5002 1.3979
v  73.0000 -24.5000 2.0000
v  34.8225 -27.5000 2.0000
v  81.6969 -27.5000 2.0000
v  63.2968 8.1215 21.4000
v  61.4954 7.5854 21.4000
v  73.1560 2.0519 21.3880
v  73.1560 -0.0972 21.3880
v  73.1560 -0.0972 21.1120
v  59.5309 29.4958 17.6628
v  58.2598 24.5000 -0.0000
v  42.4020 27.5000 -0.0000
v  59.5308 27.5000 -0.0000
v  42.4020 -29.5002 8.1542
v  42.4021 -29.5002 1.3979
v  59.5309 -29.5002 1.3979
v  42.4020 -29.4663 17.9210
v  42.4020 -29.4915 17.6628
v  59.5308 -29.4915 17.6628
v  82.9680 25.5000 21.4000
v  82.9680 25.7628 21.3915
v  65.8392 25.7628 21.3915
v  90.0000 3.1560 19.4000
v  89.0000 25.5000 19.4000
v  53.9049 6.6686 21.4000
v  49.8235 -5.2609 21.4000
v  49.5096 -5.0178 21.4000
v  59.5308 -25.5000 21.4000
v  81.6969 -25.6314 19.3957
v  34.8225 -25.6314 19.3957
v  69.0658 -9.0908 21.3880
v  69.0658 1.8439 21.3880
v  66.2814 0.0889 21.4000
v  61.4954 -7.4076 21.4000
v  63.2968 -11.8008 21.4000
v  103.7000 25.5000 21.4000
v  89.2764 25.5000 21.4000
v  99.7883 17.4383 21.4000
v  103.7000 25.5000 19.4000
v  103.7001 4.3560 19.4000
v  98.0000 4.3560 19.4000
v  67.1102 16.5000 2.0000
v  34.8225 24.5000 -0.0000
v  36.0937 27.5000 -0.0000
v  43.6730 24.5000 -0.0000
v  73.0000 24.5000 -0.0000
v  81.6969 24.5000 -0.0000
v  103.7001 29.5001 17.4000
v  103.7001 29.5002 -0.0000
v  89.2764 29.5002 8.1542
v  43.6730 -16.5000 -0.0001
v  43.6730 -16.5000 2.0000
v  58.2598 -16.5000 2.0000
v  34.8225 -24.5000 -0.0000
v  43.6730 -24.5000 -0.0000
v  36.0937 -27.5000 -0.0000
v  89.2764 -29.5002 8.1542
v  103.7001 -29.5002 -0.0000
v  103.7000 -29.5002 17.4000
v  73.0000 -24.5000 -0.0000
v  81.6969 -24.5000 -0.0000
v  82.9680 -27.5000 -0.0000
v  69.8194 8.8784 21.1120
v  69.9091 0.5417 21.1120
v  69.9091 2.6618 21.1120
v  69.6140 10.0953 21.3880
v  73.4512 10.0952 21.3880
v  64.7910 1.8703 21.4000
v  64.6467 3.0527 21.4000
v  64.5721 2.9716 21.4000
v  53.6773 -6.4613 21.4000
v  73.4512 -9.6390 21.3880
v  69.6140 -9.6390 21.3880
v  66.2754 -6.9351 21.4000
v  66.2754 -7.8519 21.4000
v  21.6700 -29.5002 -0.0000
v  36.0937 -29.5002 -0.0000
v  36.0937 -29.5002 1.3979
v  36.0937 -29.5002 10.6437
v  21.6700 -29.5001 17.4000
v  36.0937 29.5001 17.4000
v  36.0937 29.5002 10.6437
v  21.6700 29.5001 17.4000
v  41.8479 29.5002 5.0000
v  42.4020 29.5002 8.1542
v  42.4021 29.5002 1.3979
v  59.1598 -3.4393 21.2184
v  59.3556 -3.1068 21.1826
v  55.4527 -2.4170 21.4000
v  59.2562 -3.3429 21.4000
v  59.0213 -3.6803 21.4000
v  69.6697 8.6917 21.1120
v  69.9033 -5.0335 21.1120
v  69.9033 -1.4182 21.1120
v  73.1546 -0.1217 21.1120
v  73.1502 -1.4182 21.1120
v  73.1488 -3.6997 21.1120
v  36.0937 29.5002 1.3979
v  36.0937 29.5002 -0.0000
v  21.6700 29.5002 -0.0000
v  82.9680 29.5002 1.3979
v  65.8392 29.5002 1.3979
v  65.8392 29.5002 8.1542
v  42.4020 29.5001 17.4000
v  59.5308 29.5001 17.4000
v  59.5308 29.5002 10.6437
v  82.9680 -29.5002 10.6437
v  82.9680 -29.5001 17.4000
v  65.8392 -29.5001 17.4000
v  89.2764 -29.5002 1.3979
v  82.9680 29.5002 10.6437
v  65.8392 29.5002 10.6437
v  89.2764 29.5002 1.3979
v  81.0000 -16.5000 2.0000
v  89.0000 -16.5000 2.0000
v  89.0000 -16.5000 -0.0001
v  89.0000 -23.5000 2.0000
v  65.2850 -29.5002 5.0000
v  59.5308 -29.5002 10.6437
v  59.5308 -29.5001 17.4000
v  42.4020 -29.5001 17.4000
v  36.0937 -29.5001 17.4000
v  41.8479 -29.5002 5.0000
v  65.8392 25.5000 21.4000
v  93.0173 11.2147 21.3999
v  89.0000 0.0000 21.4000
v  90.0000 3.1560 21.4000
v  96.5369 11.2557 21.4000
v  95.9998 8.9355 21.4000
v  96.5369 3.6634 21.4000
v  81.0000 16.5000 2.0000
v  89.0000 16.5000 2.0000
v  89.0000 23.5000 2.0000
v  89.0000 23.5000 -0.0000
v  89.0000 16.5000 -0.0001
v  81.0000 16.5000 -0.0000
v  73.2457 -8.4221 21.1120
v  73.1560 -7.0898 21.1120
v  73.1560 2.0519 21.1120
v  63.2968 -1.8939 21.4000
v  63.3037 0.0889 21.4000
v  63.2968 -7.8630 21.4000
v  63.2968 -6.9338 21.4000
v  65.2331 -0.9307 21.4000
v  65.1282 -0.9520 21.4000
v  64.1662 -2.2100 21.4000
v  65.9866 -0.4953 21.4000
v  66.2754 -2.5963 21.4000
v  20.6700 0.0000 19.4000
v  20.6700 -25.9594 19.4000
v  19.6700 -22.5000 20.4000
v  21.6700 0.0000 23.7584
v  21.6700 0.0000 21.4000
v  21.6700 25.5000 21.4000
v  19.6700 0.0000 20.4000
v  19.6700 22.5000 20.4000
v  21.6700 25.4993 23.7584
v  65.1723 5.4463 21.4000
v  65.2413 5.4552 21.4000
v  65.9883 6.3743 21.4000
v  69.6140 -7.9944 21.1120
v  69.6140 8.4507 21.1120
v  103.7001 -24.5000 2.0000
v  92.0748 -16.5000 2.0000
v  89.0000 -27.5000 2.0000
v  89.0000 -24.5000 2.0000
v  81.6969 -24.5000 2.0000
v  92.0748 -24.5000 -0.0000
v  100.9252 -24.5000 -0.0000
v  103.7000 -27.5000 -0.0000
v  89.2764 -27.5000 -0.0000
v  70.0365 8.9844 21.1120
v  70.0311 8.1734 21.1120
v  73.0456 8.1791 21.1120
v  34.8225 16.5000 -0.0001
v  21.6700 16.5000 -0.0001
v  21.6700 27.5000 -0.0000
v  58.2598 16.5000 2.0000
v  43.6730 16.5000 2.0000
v  67.1102 -16.5000 -0.0001
v  58.2598 -16.5000 -0.0001
v  60.0850 -20.5000 -0.0002
v  58.2598 -24.5000 -0.0000
v  59.5309 29.5002 1.3979
v  42.4021 29.5002 -0.0000
v  59.5309 29.5002 -0.0000
v  100.1365 16.5293 21.4000
v  99.7883 14.5592 21.4000
v  102.4573 14.8000 21.4000
v  102.4573 17.4383 21.4000
v  89.2764 -29.5002 -0.0000
v  82.9680 -29.5002 8.1542
v  82.9680 29.5002 -0.0000
v  65.8392 29.5002 -0.0000
v  59.5308 29.5002 8.1542
v  82.9680 29.5002 8.1542
v  89.2764 29.5002 -0.0000
v  63.6800 -29.5002 2.5979
v  63.9850 -29.5002 2.7483
v  59.5308 -29.5002 8.1542
v  36.0937 29.5002 8.1542
v  40.2428 29.5002 2.5979
v  40.5479 29.5002 2.7483
v  36.0937 -29.5002 8.1542
v  40.2428 -29.5002 2.5979
v  40.5479 -29.5002 2.7483
v  43.6730 16.5000 -0.0001
v  40.5478 22.7517 -0.0002
v  40.8306 22.5627 -0.0002
v  39.2478 17.9000 -0.0002
v  73.9993 -9.0908 21.3880
v  73.0608 7.3495 21.1120
v  71.8897 6.2599 21.1120
v  71.8897 3.5300 21.1120
v  69.9149 7.7435 21.1120
v  62.6850 17.9000 -0.0002
v  67.1102 16.5000 -0.0001
v  58.2598 16.5000 -0.0001
v  73.0000 16.5000 2.0000
v  73.0000 16.5000 -0.0001
v  64.5611 1.8588 21.4000
v  64.4923 2.9052 21.4000
v  62.0301 2.5894 21.4000
v  103.7001 24.5000 -0.0000
v  100.9252 24.5000 -0.0000
v  103.7001 27.5000 -0.0000
v  92.0748 16.5000 2.0000
v  103.7001 24.5000 2.0000
v  81.6969 24.5000 2.0000
v  89.0000 24.5000 2.0000
v  89.0000 27.5000 2.0000
v  92.0748 24.5000 -0.0000
v  89.2764 27.5000 -0.0000
v  72.9030 -8.5426 21.1120
v  72.9818 -7.7228 21.1120
v  70.0776 -7.7228 21.1120
v  71.1288 -3.5557 21.3880
v  70.0833 -4.2759 21.3880
v  72.9760 -4.2759 21.3880
v  63.6800 18.0979 -0.0002
v  63.3579 17.9886 -0.0002
v  34.8225 -16.5000 -0.0001
v  21.6700 -27.5000 -0.0000
v  40.5478 -22.7517 -0.0002
v  40.8306 -22.5627 -0.0002
v  39.2478 -17.9000 -0.0002
v  51.1126 -2.0268 21.6672
v  57.9005 -4.8697 21.4001
v  55.7319 -2.6983 21.4000
v  48.5311 3.8471 21.4000
v  48.6948 4.0624 21.4000
v  98.0000 -2.0440 19.4000
v  96.5369 -5.3273 21.4000
v  93.0173 -7.3663 21.4000
v  93.8633 -6.9581 21.4000
v  19.6700 -27.3376 20.4000
v  19.6700 -27.3376 23.7584
v  15.6700 -27.3376 23.7584
v  21.6700 0.0000 25.0527
v  19.6700 0.0000 25.0527
v  19.6700 -22.4986 25.0527
v  15.6700 27.3376 23.7584
v  19.6700 27.3376 23.7584
v  19.6700 27.3376 20.4000
v  16.6700 25.5000 20.4000
v  98.0000 -12.2500 19.4000
v  95.9998 -9.5391 21.4000
v  95.9998 -10.3866 21.4000
v  96.1857 -9.1196 21.4000
v  103.7000 -27.5000 17.4000
v  98.0000 -18.6520 21.4000
v  90.0000 -17.4520 21.4000
v  89.2764 -25.5000 21.4000
v  84.0594 29.5002 6.5828
v  83.8705 29.5002 6.3000
v  86.1222 29.5002 7.6000
v  39.2479 -29.5002 11.1979
v  42.4020 -29.5002 10.6437
v  36.6479 -29.5002 13.7978
v  62.6850 -29.5002 11.1979
v  65.8392 -29.5002 10.6437
v  60.0850 -29.5002 13.7978
v  62.6850 29.5002 7.6000
v  60.6223 29.5002 6.5828
v  60.4333 29.5002 6.3000
v  39.2479 29.5002 11.1979
v  42.4020 29.5002 10.6437
v  36.6479 29.5002 13.7978
v  84.0594 -29.5002 6.5828
v  83.8705 -29.5002 6.3000
v  86.1222 -29.5002 7.6000
v  103.7001 -24.5000 -0.0000
v  98.3385 -18.6615 -0.0002
v  98.0828 -18.4373 -0.0002
v  99.7001 -16.5000 -0.0001
v  71.1695 0.5708 21.3880
v  71.8781 0.5417 21.3880
v  71.8781 2.0170 21.3880
v  69.9672 -3.6342 21.1120
v  69.9839 -3.6132 21.1120
v  69.9088 -1.4656 21.1120
v  102.4573 11.2557 21.4000
v  99.7883 11.2557 21.4000
v  98.0000 4.3560 21.4000
v  101.7648 15.3274 21.4000
v  102.2729 15.6738 21.4000
v  100.1365 15.6738 21.4000
v  63.2968 9.4652 21.4000
v  63.5839 10.3922 21.4000
v  69.4884 10.0808 21.3880
v  59.5309 -29.5002 -0.0000
v  42.4021 -29.5002 -0.0000
v  42.4020 -27.5000 -0.0000
v  98.3385 18.6615 -0.0002
v  99.7001 16.5000 -0.0001
v  98.0828 18.4373 -0.0002
v  57.4602 5.6718 21.4000
v  57.7359 5.4846 21.4000
v  60.3296 0.9348 21.4000
v  59.5308 -27.5000 -0.0000
v  65.2628 -20.8394 -0.0002
v  65.2850 -20.5000 -0.0002
v  67.1102 -24.5000 -0.0000
v  93.9222 20.1606 0.9998
v  93.9000 20.5000 0.9998
v  96.5000 20.5000 0.9998
v  95.9998 7.0686 21.4000
v  95.0672 6.2211 21.4000
v  95.9998 6.2211 21.4000
v  103.7000 27.5000 17.4000
v  103.7001 27.5000 2.0000
v  103.7000 4.3560 21.4000
v  21.6700 -16.5000 -0.0001
v  89.0000 -23.5000 -0.0000
v  81.0000 -23.5000 -0.0000
v  81.0000 -16.5000 -0.0000
v  81.0000 -23.5000 2.0000
v  81.0000 23.5000 2.0000
v  81.0000 23.5000 -0.0000
v  63.2968 -4.6660 21.4000
v  63.2968 -5.5915 21.4000
v  66.2754 -3.9440 21.4000
v  66.2754 -5.5915 21.4000
v  93.8494 -11.5913 21.4000
v  93.0173 -13.0162 21.4000
v  94.0946 -12.2594 21.4000
v  94.0513 -12.2158 21.4000
v  40.2428 18.0979 0.9998
v  39.9208 17.9886 0.9998
v  39.2478 20.5000 0.9998
v  36.6479 20.5000 -0.0002
v  40.2428 -22.9021 0.9998
v  39.2478 -20.5000 0.9998
v  40.5478 -22.7517 0.9998
v  36.6478 -20.5000 -0.0002
v  103.7000 -25.5000 21.4000
v  103.7000 -25.5000 19.4000
v  103.7000 -18.6520 19.4000
v  89.0000 -25.5000 19.4000
v  98.0000 -18.6520 19.4000
v  93.9222 -20.1606 0.9998
v  96.5000 -20.5000 0.9998
v  93.9000 -20.5000 0.9998
v  62.6850 -17.9000 -0.0002
v  73.1502 -3.7242 21.1120
v  73.0004 -4.2746 21.1120
v  70.1530 -4.8768 21.1120
v  72.4241 -5.8351 21.1120
v  21.6700 27.3376 23.7584
v  21.6700 27.3376 20.9539
v  34.8225 26.8697 18.8566
v  34.8225 26.9566 18.7697
v  81.6969 26.9566 18.7697
v  36.9962 28.5002 15.0978
v  37.1851 28.5002 15.3806
v  39.2479 28.5002 13.7978
v  60.4333 28.5002 15.0978
v  60.6223 28.5002 15.3806
v  62.6850 28.5002 13.7978
v  64.7477 29.5002 15.3806
v  64.5235 29.5002 15.6363
v  63.6800 -28.5002 11.3958
v  62.6850 -28.5002 13.7978
v  63.3579 -28.5002 11.2864
v  36.9962 -28.5002 15.0978
v  39.2479 -28.5002 13.7978
v  37.1851 -28.5002 15.3806
v  88.1849 -29.5002 15.3806
v  89.2764 -29.5002 17.4000
v  87.9606 -29.5002 15.6363
v  83.8705 -28.5002 15.0978
v  86.1222 -28.5002 13.7978
v  84.0594 -28.5002 15.3806
v  87.4222 28.5002 16.0495
v  87.7049 28.5002 15.8606
v  86.1222 28.5002 13.7978
v  88.1849 29.5002 15.3806
v  87.9606 29.5002 15.6363
v  89.2764 29.5001 17.4000
v  63.9850 28.5002 7.2517
v  64.2678 28.5002 7.0627
v  62.6850 28.5002 5.0000
v  64.7477 29.5002 6.5828
v  64.5235 29.5002 6.8385
v  63.6800 -28.5002 2.5979
v  62.6850 -28.5002 5.0000
v  63.3579 -28.5002 2.4886
v  64.7477 -29.5002 6.5828
v  64.5235 -29.5002 6.8385
v  40.5479 28.5002 7.2517
v  40.8306 28.5002 7.0627
v  39.2479 28.5002 5.0000
v  41.3106 29.5002 6.5828
v  41.0863 29.5002 6.8385
v  88.1849 29.5002 6.5828
v  87.9606 29.5002 6.8385
v  87.4222 28.5002 7.2517
v  87.7049 28.5002 7.0627
v  86.1222 28.5002 5.0000
v  41.3106 -29.5002 6.5828
v  41.0863 -29.5002 6.8385
v  36.9962 -28.5002 6.3000
v  39.2479 -28.5002 5.0000
v  37.1851 -28.5002 6.5828
v  88.1849 -29.5002 6.5828
v  87.9606 -29.5002 6.8385
v  87.1171 -28.5002 2.5979
v  86.1222 -28.5002 5.0000
v  86.7951 -28.5002 2.4886
v  42.4020 -27.6583 20.7673
v  42.4020 -27.8615 20.6277
v  59.5308 -27.8615 20.6277
v  21.6700 -27.5000 17.4000
v  21.6700 -27.5000 5.5000
v  60.0850 20.5000 -0.0002
v  63.3579 17.9886 0.9998
v  63.0244 17.9222 0.9998
v  62.6850 20.5000 0.9998
v  66.2754 -10.1588 21.4000
v  66.2754 -10.8332 21.4000
v  63.2968 -10.7638 21.4000
v  63.2968 -8.8834 21.4000
v  63.3579 -17.9886 0.9998
v  62.6850 -20.5000 0.9998
v  63.0244 -17.9222 0.9998
v  63.6800 -18.0979 -0.0002
v  63.3579 -17.9886 -0.0002
v  93.8633 -10.7107 20.7997
v  95.9998 -10.7107 20.7997
v  95.0672 -10.3866 20.7997
v  93.8633 -9.2150 21.4000
v  93.8633 -7.2660 21.4000
v  102.2849 12.8861 21.4000
v  102.2679 12.9838 21.4000
v  102.2679 12.9838 20.8001
v  69.0658 8.9083 21.3880
v  66.2754 10.3881 21.4000
v  66.2754 9.4652 21.4000
v  67.1102 -16.5000 2.0000
v  73.0000 -16.5000 -0.0001
v  73.0000 -16.5000 2.0000
v  65.0871 21.4950 0.9998
v  65.1964 21.1729 0.9998
v  65.2850 20.5000 -0.0002
v  63.5839 9.4734 21.4000
v  65.2086 9.1386 21.4000
v  65.6614 10.7125 21.4000
v  63.2968 5.2623 21.4000
v  65.6614 6.6988 21.4000
v  63.5839 6.3743 21.4000
v  21.6700 -27.3376 19.4000
v  21.6700 -27.8615 20.6276
v  21.6700 -27.6583 20.7672
v  21.6700 -27.3376 20.9539
v  21.6700 -27.3376 23.7584
v  69.9046 -5.0074 21.1120
v  69.9091 -4.1017 21.1120
v  69.9046 -1.4426 21.1120
v  72.9760 -4.2759 21.1120
v  70.0833 -4.2759 21.1120
v  70.0738 -4.8594 21.1120
v  95.2043 4.4855 21.4000
v  95.1265 4.4823 21.4000
v  95.1265 4.4823 20.7997
v  94.0513 4.3920 21.4000
v  94.0946 4.3484 21.4000
v  94.0946 4.3484 20.7997
v  69.9252 -7.0936 21.1120
v  69.9033 -5.3298 21.1120
v  70.0776 -7.0084 21.1120
v  72.6565 -7.0084 21.1120
v  70.0137 -5.4925 21.1120
v  73.1505 -0.1447 21.1120
v  73.1437 -0.1662 21.1120
v  73.1502 -1.0407 21.1120
v  70.0776 -0.8664 21.1120
v  72.9759 -0.8664 21.1120
v  72.9818 -0.2714 21.1120
v  96.0130 -11.6000 21.4000
v  96.5369 -13.0162 21.4000
v  95.0532 -12.4515 21.4000
v  93.0173 7.1549 21.4000
v  93.8633 7.3927 21.4000
v  94.2209 8.9806 21.4000
v  93.0173 3.6625 21.4000
v  70.0833 2.8361 21.1120
v  71.2199 3.5003 21.1120
v  70.2679 7.0139 21.1120
v  71.2886 3.4225 21.1120
v  70.4492 2.6618 21.1120
v  70.4492 0.5708 21.1120
v  66.2754 6.3743 21.4000
v  66.1128 5.0094 21.4000
v  66.1848 4.8684 21.4000
v  64.9963 1.8589 21.4000
v  65.3093 3.1413 21.4000
v  65.3488 4.7845 21.4000
v  65.8392 28.2395 20.3132
v  65.8392 28.0554 20.4761
v  82.9680 28.0554 20.4761
v  21.6700 27.3376 19.4000
v  21.6700 28.0554 20.4761
v  21.6700 28.2395 20.3132
v  81.6969 27.5000 4.2035
v  34.8225 27.5000 4.2035
v  99.7000 27.5000 5.5000
v  81.6969 -27.5000 4.2035
v  103.7001 -27.5000 2.0000
v  99.7000 -27.5000 4.2035
v  63.3579 -23.0114 -0.0002
v  63.6800 -22.9021 -0.0002
v  65.0871 -21.4950 0.9998
v  65.1964 -21.1729 0.9998
v  63.9695 1.6859 21.4000
v  63.5938 2.9863 21.4000
v  64.7466 5.2207 21.1000
v  64.8005 5.2709 21.1000
v  64.8005 5.2709 21.4000
v  21.6700 27.5000 5.5000
v  21.6700 27.5000 17.4000
v  21.6700 28.4132 20.1395
v  21.6700 26.9566 18.7697
v  99.1000 20.5000 -0.0002
v  97.4950 18.0979 0.9998
v  97.1729 17.9886 0.9998
v  97.4950 -18.0979 0.9998
v  97.1729 -17.9886 0.9998
v  99.1000 -20.5000 -0.0002
v  65.3342 -0.9034 21.4000
v  65.9911 -2.5963 21.4000
v  65.2085 -5.9180 21.4000
v  65.6839 -3.6203 21.4000
v  64.1662 -4.3589 21.4000
v  47.2326 -0.4412 21.4000
v  47.2261 -0.0102 21.4000
v  48.7041 4.0717 21.4175
v  48.5531 3.8691 21.4414
v  101.1671 15.0774 21.4000
v  101.1270 15.0081 21.4000
v  101.1270 15.0081 20.8001
v  100.1365 13.5428 21.4000
v  100.1223 14.4701 21.4000
v  65.9749 0.6898 21.4000
v  65.0786 1.1777 21.4000
v  63.5506 0.4400 21.4000
v  66.2091 0.9982 21.4000
v  66.2713 0.8249 21.4000
v  94.7781 10.0655 21.4000
v  95.6948 10.1541 21.4000
v  95.0159 7.7771 21.4000
v  95.0159 8.6818 21.4000
v  63.3579 23.0114 -0.0002
v  63.6800 22.9021 -0.0002
v  65.2628 20.8394 -0.0002
v  60.2878 1.2849 21.4000
v  60.0973 -0.4514 20.9527
v  60.1036 -0.0350 20.9241
v  21.6700 25.4986 25.0527
v  19.6700 22.4986 25.0527
v  19.6700 25.5833 25.0498
v  92.0748 16.5000 -0.0001
v  103.7001 20.5000 2.0000
v  93.9000 20.5000 -0.0002
v  95.5050 22.9021 -0.0002
v  95.8271 23.0114 -0.0002
v  93.9000 -20.5000 -0.0002
v  92.0748 -16.5000 -0.0001
v  95.5050 -22.9021 -0.0002
v  95.8271 -23.0114 -0.0002
v  64.3205 1.1519 21.4000
v  63.5364 1.3190 21.4000
v  63.6565 1.4553 21.4000
v  103.7001 -20.5000 2.0000
v  16.6700 -25.4986 25.0527
v  21.6700 -25.4986 25.0527
v  16.6700 -25.5000 20.4000
v  95.0532 4.1563 21.4000
v  95.0532 4.1563 20.7997
v  94.9323 4.1557 20.7997
v  95.4539 4.5353 20.7997
v  95.4830 4.5507 20.7997
v  95.4830 4.5507 21.4000
v  83.5222 29.5002 5.0000
v  83.8705 28.5002 6.3000
v  84.0594 28.5002 6.5828
v  60.0850 29.5002 5.0000
v  60.4333 28.5002 6.3000
v  60.6223 28.5002 6.5828
v  84.0594 -28.5002 3.4172
v  83.8705 -28.5002 3.7000
v  83.5222 -29.5002 5.0000
v  65.6456 -8.1867 21.4000
v  65.8997 -6.6911 21.4000
v  63.5838 -6.9310 21.4000
v  63.5838 -5.5859 21.4000
v  72.6158 2.0170 21.3880
v  71.3170 3.4148 21.1120
v  70.6352 0.4371 21.1120
v  71.1797 2.2131 21.1120
v  70.7513 7.3485 21.3880
v  73.0456 7.3485 21.3880
v  69.9497 8.1385 21.3880
v  69.9149 8.0571 21.1120
v  72.9759 -0.8664 21.3880
v  70.0776 -0.8664 21.3880
v  71.1288 -1.5925 21.3880
v  70.0694 -3.5566 21.1120
v  69.9252 -1.5073 21.1120
v  69.9156 -1.4872 21.1120
v  51.4196 1.6146 21.4000
v  52.4677 0.5663 21.4000
v  52.5710 6.5101 21.4000
v  53.5579 6.6536 21.4000
v  94.7057 -12.4498 20.7997
v  94.7389 -12.1254 20.7997
v  94.6614 -12.1223 20.7997
v  94.7389 -12.1254 21.4000
v  74.0000 16.5000 1.0000
v  79.0000 16.5000 4.0001
v  79.0000 23.5000 4.0001
v  79.0000 -23.5000 4.0001
v  79.0000 -16.5000 4.0001
v  74.0000 -16.5000 1.0000
v  21.6700 -27.5000 4.2035
v  74.0000 -23.5000 1.0000
v  74.0000 23.5000 1.0000
v  100.2970 16.9751 21.4000
v  100.2480 16.9174 21.4000
v  100.2480 16.9174 20.8001
v  102.2729 15.6738 20.8001
v  100.1365 15.6738 20.8001
v  101.5260 14.9780 20.8001
v  101.4719 14.9393 20.8001
v  101.4719 14.9393 21.4000
v  102.0698 15.1915 21.4000
v  102.1277 15.1292 21.4000
v  63.5839 11.7373 21.4000
v  65.9883 11.7373 21.4000
v  103.7000 -26.2493 19.2546
v  103.7000 -26.9985 21.1093
v  103.7000 -27.2263 21.0086
v  82.9680 -27.2263 21.0086
v  82.9680 -26.9985 21.1092
v  65.8392 -26.9985 21.1092
v  65.8392 -27.5000 -0.0000
v  84.0594 -28.5002 12.2151
v  83.8705 -28.5002 12.4978
v  83.5222 -29.5002 13.7978
v  60.6223 28.5002 12.2151
v  60.4333 28.5002 12.4978
v  60.0850 29.5002 13.7978
v  37.1851 28.5002 12.2151
v  36.9962 28.5002 12.4978
v  36.8458 29.5002 12.8029
v  36.9962 29.5002 12.4978
v  87.1171 28.5002 11.3958
v  86.7951 28.5002 11.2864
v  83.5222 29.5002 13.7978
v  82.9680 29.5001 17.4000
v  60.6223 -28.5002 12.2151
v  60.4333 -28.5002 12.4978
v  60.2829 -29.5002 12.8029
v  60.4333 -29.5002 12.4978
v  37.1851 -28.5002 12.2151
v  36.9962 -28.5002 12.4978
v  36.8458 -29.5002 12.8029
v  36.9962 -29.5002 12.4978
v  37.1851 -28.5002 3.4172
v  36.9962 -28.5002 3.7000
v  36.6479 -29.5002 5.0000
v  36.6479 29.5002 5.0000
v  36.9962 28.5002 6.3000
v  37.1851 28.5002 6.5828
v  60.6223 -28.5002 3.4172
v  60.4333 -28.5002 3.7000
v  60.0850 -29.5002 5.0000
v  34.8225 -27.5000 4.2035
v  21.6700 -27.5000 2.0000
v  64.3090 -9.3508 21.4000
v  63.6405 -8.1057 21.4000
v  52.8231 -6.4208 21.4000
v  52.4086 -6.3602 21.4000
v  53.4553 -6.2458 21.7941
v  53.8722 -6.2665 21.7673
v  63.5839 7.7263 21.4000
v  64.6447 7.3977 21.4000
v  64.6447 8.4418 21.4000
v  63.2968 6.3743 21.4000
v  63.2968 7.7180 21.4000
v  66.2754 8.1215 21.4000
v  65.2820 8.4460 21.4000
v  65.0923 7.3956 21.4000
v  65.9883 7.7263 21.4000
v  15.6700 27.3376 20.4000
v  16.6700 25.5000 23.7584
v  65.9883 -11.8036 21.4000
v  63.5755 -11.8008 21.4000
v  64.1542 -11.1569 21.4000
v  65.6342 -11.1569 21.4000
v  72.9759 -1.5925 21.1120
v  71.6864 -3.5499 21.1120
v  72.9759 -3.5499 21.1120
v  71.6864 -1.5925 21.1120
v  99.7001 -2.0440 21.4000
v  99.7001 -12.2500 21.4000
v  103.7000 -12.2500 21.4000
v  103.7001 -2.0440 19.4000
v  103.7001 -12.2500 19.4000
v  99.7001 -12.2500 19.4000
v  94.0946 -12.2594 20.7997
v  94.3817 -12.0570 21.4000
v  94.3530 -12.0394 21.4000
v  94.3530 -12.0394 20.7997
v  41.8256 20.8394 -0.0002
v  41.8478 20.5000 -0.0002
v  41.7593 19.8271 0.9998
v  41.6499 19.5050 0.9998
v  41.8256 -20.8394 -0.0002
v  41.8478 -20.5000 -0.0002
v  41.7593 -19.8271 0.9998
v  41.6499 -19.5050 0.9998
v  66.2408 4.7096 21.4000
v  65.7175 1.5840 21.4000
v  66.2754 2.8231 21.4000
v  103.7001 -2.0440 21.4000
v  99.7001 -2.0440 19.4000
v  66.1822 -0.1965 21.4000
v  66.1407 -0.2763 21.4000
v  65.7326 -0.0911 21.4000
v  63.6572 0.0889 21.4000
v  63.8973 -0.1272 21.4000
v  94.5400 4.1648 21.4000
v  103.7000 28.0554 20.4761
v  103.7000 27.8615 20.6277
v  103.7000 26.6807 19.0138
v  82.9680 27.8615 20.6277
v  65.3679 3.1526 21.4000
v  65.4139 4.8015 21.4000
v  66.3105 4.0127 21.4000
v  66.3034 3.9032 21.4000
v  96.5000 -17.9000 -0.0002
v  94.0979 -19.5050 -0.0002
v  93.9886 -19.8271 -0.0002
v  94.0979 19.5050 -0.0002
v  93.9886 19.8271 -0.0002
v  96.5000 17.9000 -0.0002
v  90.0000 -13.4520 21.4000
v  98.0000 -13.4520 19.4000
v  90.0000 -17.4520 19.4000
v  98.0000 -17.4520 21.4000
v  103.7000 -18.6520 21.4000
v  93.8633 6.2211 21.4000
v  93.8633 7.0686 21.4000
v  95.9998 5.8971 20.7997
v  95.0672 6.2211 20.7997
v  93.8633 5.8971 20.7997
v  100.6072 15.0896 21.4000
v  100.6145 14.2300 20.8001
v  100.6547 14.2156 20.8001
v  100.6547 14.2156 21.4000
v  95.6948 9.3388 21.4000
v  94.8326 10.0265 21.4000
v  94.8326 10.0265 20.7997
v  94.5201 9.8425 21.4000
v  94.5369 9.8389 21.4000
v  94.5369 9.8389 20.7997
v  95.0159 -8.8307 21.4000
v  95.9998 -9.2150 21.4000
v  96.0041 -7.2660 21.4000
v  15.6700 -27.3376 20.4000
v  16.6700 -25.5000 23.7584
v  19.6700 -22.5000 23.7584
v  95.9871 -11.9214 21.4000
v  95.9636 -11.9897 21.4000
v  95.9871 -11.9214 20.7997
v  73.1502 -4.1017 21.1120
v  73.1444 -6.7151 21.1120
v  73.1066 -7.6735 21.1120
v  73.0894 -7.6886 21.1120
v  73.1444 -6.7151 21.3880
v  72.4241 -5.8351 21.3880
v  70.1436 -4.8749 21.3880
v  72.4067 -6.4567 21.3880
v  65.6674 -2.9255 21.1000
v  63.5783 -2.9255 21.1000
v  63.5755 -3.6203 21.1000
v  101.8395 17.1498 20.8001
v  101.9162 17.1252 20.8001
v  101.9162 17.1252 21.4000
v  100.1365 13.5428 20.8001
v  101.5500 13.5428 20.8001
v  101.5500 13.5428 21.4000
v  100.1365 13.2187 21.4000
v  101.5133 13.2187 21.4000
v  101.5133 13.2187 20.8001
v  70.4492 0.5708 21.3880
v  69.9091 2.6618 21.3880
v  69.9091 0.5417 21.3880
v  71.0202 0.4379 21.3880
v  70.7338 -0.2830 21.3880
v  71.0534 -0.2830 21.3880
v  70.7358 7.0188 21.1120
v  71.7888 6.3751 21.1120
v  71.2160 3.5300 21.1120
v  71.2160 6.2599 21.1120
v  70.2969 6.9830 21.1120
v  72.0276 2.1499 21.3880
v  72.5752 2.8245 21.3880
v  71.9944 2.8245 21.3880
v  71.1695 1.9996 21.3880
v  38.2529 -22.9021 0.9998
v  38.5749 -23.0114 0.9998
v  39.2478 -23.1000 -0.0002
v  36.7364 19.8271 0.9998
v  36.6701 20.1606 0.9998
v  39.2478 23.1000 -0.0002
v  98.0000 3.1560 19.4000
v  90.0000 -0.8440 21.4000
v  98.0000 -0.8440 21.4000
v  95.2000 -18.2483 -0.0002
v  94.9172 -18.4373 -0.0002
v  95.5050 -18.0979 0.9998
v  95.2000 -18.2483 0.9998
v  95.5050 18.0979 0.9998
v  95.2000 18.2483 0.9998
v  95.2000 18.2483 -0.0002
v  94.9172 18.4373 -0.0002
v  86.1222 29.5002 2.4000
v  83.7201 29.5002 4.0050
v  83.8705 29.5002 3.7000
v  62.6850 29.5002 2.4000
v  60.2829 29.5002 4.0050
v  60.4334 29.5002 3.7000
v  86.1222 -29.5002 2.4000
v  83.7201 -29.5002 4.0050
v  83.8705 -29.5002 3.7000
v  70.0531 -0.8678 21.1120
v  72.6172 -0.1217 21.1120
v  71.5461 -0.2047 21.1120
v  72.6158 -0.0972 21.1120
v  72.6158 2.0170 21.1120
v  71.8781 0.5417 21.1120
v  87.1171 29.5002 2.5979
v  87.4222 29.5002 2.7483
v  88.7222 29.5002 5.0000
v  63.6800 29.5002 2.5979
v  63.9850 29.5002 2.7483
v  65.2850 29.5002 5.0000
v  87.1171 -29.5002 2.5979
v  87.4222 -29.5002 2.7483
v  88.7222 -29.5002 5.0000
v  40.2428 -28.5002 2.5979
v  39.9208 -28.5002 2.4886
v  41.3106 -28.5002 6.5828
v  41.7593 28.5002 4.3271
v  41.6499 28.5002 4.0050
v  41.3106 28.5002 6.5828
v  88.6336 28.5002 4.3271
v  88.5243 28.5002 4.0050
v  88.1849 28.5002 6.5828
v  64.7477 -28.5002 6.5828
v  65.1964 -28.5002 4.3271
v  65.0871 -28.5002 4.0050
v  65.1964 28.5002 4.3271
v  65.0871 28.5002 4.0050
v  64.7477 28.5002 6.5828
v  88.1849 -28.5002 6.5828
v  88.6336 -28.5002 4.3271
v  88.5243 -28.5002 4.0050
v  87.1171 29.5002 11.3958
v  87.4222 29.5002 11.5462
v  89.2764 29.5002 10.6437
v  88.7222 29.5002 13.7979
v  63.6800 29.5002 11.3958
v  63.9850 29.5002 11.5462
v  65.2850 29.5002 13.7979
v  87.1171 -29.5002 11.3958
v  89.2764 -29.5002 10.6437
v  87.4222 -29.5002 11.5462
v  88.7222 -29.5002 13.7979
v  88.6336 28.5002 13.1249
v  88.5243 28.5002 12.8029
v  88.1849 28.5002 15.3806
v  63.6800 28.5002 11.3958
v  63.3579 28.5002 11.2864
v  64.7477 28.5002 15.3806
v  87.1171 -28.5002 11.3958
v  86.7951 -28.5002 11.2864
v  88.1849 -28.5002 15.3806
v  40.2428 28.5002 11.3958
v  39.9208 28.5002 11.2864
v  41.0863 29.5002 15.6363
v  41.3106 29.5002 15.3806
v  41.3106 28.5002 15.3806
v  40.2428 -28.5002 11.3958
v  39.9208 -28.5002 11.2864
v  41.3106 -28.5002 15.3806
v  41.3106 -29.5002 15.3806
v  41.0863 -29.5002 15.6363
v  64.7477 -28.5002 15.3806
v  64.7477 -29.5002 15.3806
v  64.5235 -29.5002 15.6363
v  65.1964 -28.5002 13.1249
v  65.0871 -28.5002 12.8029
v  102.5264 -17.3403 -0.0000
v  102.5264 -17.3403 2.0000
v  102.7001 -17.5000 2.0000
v  100.4587 -19.8391 2.0000
v  96.0140 4.8364 21.4000
v  96.0039 4.7591 21.4000
v  96.0140 4.8364 20.7997
v  65.3123 5.4583 21.1000
v  65.4139 4.8015 21.1000
v  65.4830 4.8066 21.1000
v  65.2413 5.4552 21.1000
v  64.5009 4.8459 21.1000
v  65.1285 4.5977 21.1000
v  60.1736 -19.8271 -0.0002
v  60.1736 -19.8271 0.9998
v  60.1073 -20.1606 0.9998
v  61.6900 -18.0979 -0.0002
v  61.3850 -18.2483 -0.0002
v  60.1073 20.1606 0.9998
v  60.1736 19.8271 0.9998
v  60.1736 19.8271 -0.0002
v  61.6900 18.0979 -0.0002
v  61.3850 18.2483 -0.0002
v  100.7421 13.8799 21.4000
v  100.8179 13.8840 21.4000
v  100.8179 13.8840 20.8001
v  100.7421 13.8799 20.8001
v  100.6538 13.8850 20.8001
v  100.6538 13.8850 21.4000
v  19.6700 0.0000 23.7584
v  39.9208 -17.9886 0.9998
v  39.9208 -17.9886 -0.0002
v  40.2428 -18.0979 -0.0002
v  36.7364 -19.8271 -0.0002
v  36.7364 -19.8271 0.9998
v  36.6701 -20.1606 0.9998
v  36.7364 19.8271 -0.0002
v  40.2428 18.0979 -0.0002
v  39.9208 17.9886 -0.0002
v  63.6552 3.5699 21.4000
v  63.6375 3.6002 21.4000
v  63.6375 3.6002 21.1000
v  64.2732 3.9029 21.1000
v  64.2632 3.8520 21.1000
v  64.9041 3.7279 21.1000
v  96.5000 23.1000 -0.0002
v  99.0114 21.1729 -0.0002
v  99.0778 20.8394 -0.0002
v  96.5000 -23.1000 -0.0002
v  99.0114 -21.1729 -0.0002
v  99.0778 -20.8394 -0.0002
v  19.6700 22.5000 23.7584
v  62.6850 -29.5002 2.4000
v  60.2829 -29.5002 4.0050
v  60.4333 -29.5002 3.7000
v  39.2479 29.5002 2.4000
v  36.8458 29.5002 4.0050
v  36.9962 29.5002 3.7000
v  39.2479 -29.5002 2.4000
v  36.8458 -29.5002 4.0050
v  36.9962 -29.5002 3.7000
v  62.6850 29.5002 11.1979
v  60.2829 29.5002 12.8029
v  60.4333 29.5002 12.4978
v  86.1222 -29.5002 11.1979
v  83.7201 -29.5002 12.8029
v  83.8705 -29.5002 12.4978
v  86.1222 29.5002 11.1979
v  83.7201 29.5002 12.8029
v  83.8705 29.5002 12.4978
v  100.1369 14.3720 21.4000
v  100.1614 14.2822 21.4000
v  100.1614 14.2822 20.8001
v  100.4884 14.8374 21.4000
v  100.5043 14.8819 21.4000
v  100.5043 14.8819 20.8001
v  71.8656 3.4606 21.1120
v  71.9944 2.8245 21.1120
v  72.5752 2.8245 21.1120
v  71.8888 3.5148 21.1120
v  72.7498 2.8058 21.1120
v  63.4960 3.0984 21.4000
v  63.4117 3.2353 21.4000
v  63.5687 4.3419 21.1000
v  63.5796 4.3931 21.1000
v  63.2960 4.4076 21.1000
v  64.1661 5.2623 21.4000
v  63.8374 9.1444 21.1000
v  63.8154 8.4370 21.1000
v  63.9107 8.4460 21.1000
v  101.9614 14.4725 20.8001
v  101.9663 14.5284 20.8001
v  101.9663 14.5284 21.4000
v  102.0698 15.1915 20.8001
v  82.9680 29.4663 17.9210
v  60.2829 21.4950 -0.0002
v  60.4333 21.8000 -0.0002
v  60.4333 21.8000 0.9998
v  60.4333 -21.8000 0.9998
v  60.4333 -21.8000 -0.0002
v  60.2829 -21.4950 -0.0002
v  37.1851 29.5002 15.3806
v  36.9962 29.5002 15.0978
v  60.6223 29.5002 15.3806
v  60.4333 29.5002 15.0978
v  62.6850 29.5002 16.3979
v  60.6223 -29.5002 15.3806
v  60.4333 -29.5002 15.0978
v  37.1851 -29.5002 15.3806
v  36.9962 -29.5002 15.0978
v  84.0594 -29.5002 15.3806
v  83.8705 -29.5002 15.0978
v  86.1222 -29.5002 16.3979
v  62.6850 -29.5002 16.3979
v  39.2478 -29.5002 16.3979
v  85.4492 28.5002 16.3093
v  85.7828 28.5002 16.3756
v  86.1222 29.5002 16.3979
v  39.2479 29.5002 16.3979
v  38.5749 -28.5002 16.3093
v  38.9085 -28.5002 16.3756
v  38.5749 -29.5002 16.3093
v  38.2529 -29.5002 16.1999
v  38.5749 28.5002 16.3093
v  38.9085 28.5002 16.3756
v  38.5749 29.5002 16.3093
v  38.2529 29.5002 16.1999
v  85.4492 -28.5002 16.3093
v  85.7828 -28.5002 16.3756
v  85.4492 -29.5002 16.3093
v  85.1272 -29.5002 16.1999
v  62.0121 -29.5002 16.3093
v  61.6900 -29.5002 16.1999
v  63.9850 -28.5002 16.0495
v  64.2678 -28.5002 15.8606
v  62.0121 28.5002 16.3093
v  62.3456 28.5002 16.3756
v  62.0121 29.5002 16.3093
v  61.6900 29.5002 16.1999
v  38.5749 28.5002 7.5114
v  38.9085 28.5002 7.5778
v  39.2479 29.5002 7.6000
v  85.4492 28.5002 7.5114
v  85.7828 28.5002 7.5778
v  85.4492 29.5002 7.5114
v  85.1272 29.5002 7.4021
v  62.0121 28.5002 7.5114
v  62.3456 28.5002 7.5778
v  62.0121 29.5002 7.5114
v  61.6900 29.5002 7.4021
v  85.4492 -29.5002 7.5114
v  85.1272 -29.5002 7.4021
v  87.4222 -28.5002 7.2517
v  87.7049 -28.5002 7.0627
v  38.5749 -28.5002 7.5114
v  38.9085 -28.5002 7.5778
v  39.2479 -29.5002 7.6000
v  62.6850 -29.5002 7.6000
v  60.4333 -28.5002 6.3000
v  60.6223 -28.5002 6.5828
v  101.4910 16.8079 20.8001
v  101.4559 16.7868 20.8001
v  101.4559 16.7868 21.4000
v  101.3242 15.9979 20.8001
v  101.9679 15.9979 20.8001
v  101.9679 15.9979 21.4000
v  95.9998 7.3927 21.4000
v  95.3223 8.6818 21.4000
v  95.3223 7.7771 21.4000
v  101.9647 12.8431 20.8001
v  101.9549 12.8998 20.8001
v  101.9549 12.8998 21.4000
v  100.1365 12.3477 20.8001
v  101.5133 12.3477 20.8001
v  101.5133 12.3477 21.4000
v  98.0000 -13.4520 21.4000
v  98.0000 -12.2500 21.4000
v  94.4777 -11.2805 21.4000
v  95.0358 -12.1273 21.4000
v  95.5589 -12.0024 21.4000
v  95.5379 -12.0195 21.4000
v  95.5379 -12.0195 20.7997
v  63.8409 -0.0911 21.1000
v  63.7522 -0.0218 21.1000
v  63.4897 -0.3523 21.1000
v  63.2744 0.6476 21.4000
v  63.3072 0.8344 21.4000
v  101.9679 14.5852 21.4000
v  101.2361 14.1365 21.4000
v  101.2734 14.2032 21.4000
v  101.2734 14.2032 20.8001
v  56.2398 -5.8467 21.5787
v  56.5981 -5.6934 21.5440
v  56.1450 -5.9415 21.4000
v  55.7569 -6.0904 21.4000
v  57.1220 5.3337 20.7626
v  56.8397 5.5102 20.7697
v  103.7000 -28.0554 20.4761
v  103.7000 -26.7777 18.9381
v  103.7000 -26.6807 19.0138
v  81.6969 -26.6807 19.0138
v  81.6969 -26.7777 18.9381
v  34.8225 -26.7777 18.9381
v  94.0848 -7.5710 21.4000
v  96.0041 -6.9581 21.4000
v  65.6456 -8.1867 21.1000
v  64.0905 -8.8814 21.1000
v  65.6452 -8.8814 21.1000
v  66.2754 -9.2133 21.4000
v  19.6700 27.0511 24.4420
v  19.6700 27.1093 24.3736
v  15.6700 27.1093 24.3736
v  21.6700 25.7628 21.3915
v  81.6969 -26.5000 5.5000
v  81.6969 -26.5000 4.2035
v  34.8225 -26.5000 4.2035
v  99.7000 -27.5000 5.5000
v  81.6969 26.5000 4.2035
v  81.6969 26.5000 5.5000
v  34.8225 26.5000 5.5000
v  99.7000 27.5000 4.2035
v  64.3692 9.1386 21.1000
v  63.9467 9.1365 21.1000
v  64.1018 8.4439 21.1000
v  66.2754 9.4652 21.1000
v  66.2754 8.1215 21.1000
v  21.6700 27.5000 2.0000
v  21.6700 27.5000 4.2035
v  93.9223 20.1606 -0.0002
v  95.8271 23.0114 0.9998
v  95.8271 -23.0114 0.9998
v  93.9222 -20.1606 -0.0002
v  73.4512 -7.9945 21.1120
v  73.4512 8.4507 21.1120
v  73.1609 7.4495 21.1120
v  73.0753 7.3524 21.3880
v  73.1376 8.1323 21.3880
v  70.0311 8.1734 21.3880
v  37.9478 -22.7517 -0.0002
v  38.2529 -22.9021 -0.0002
v  36.6701 -20.8394 -0.0002
v  36.7364 -21.1729 -0.0002
v  36.6701 20.8394 -0.0002
v  36.7364 21.1729 -0.0002
v  37.9478 22.7517 -0.0002
v  38.2529 22.9021 -0.0002
v  95.9998 -10.7107 21.4000
v  93.8633 -10.7107 21.4000
v  94.4777 -10.9388 21.4000
v  93.9274 -11.3314 21.4000
v  96.1606 -23.0778 0.9998
v  98.0828 -22.5627 -0.0002
v  98.3385 -22.3385 -0.0002
v  96.1606 23.0778 0.9998
v  98.0828 22.5627 -0.0002
v  98.3385 22.3385 -0.0002
v  65.2850 -20.5000 0.9998
v  65.2850 20.5000 0.9998
v  93.8492 9.6173 21.4000
v  93.8442 9.5308 21.4000
v  93.8442 9.5308 20.7997
v  98.0000 -0.8440 19.4000
v  103.7000 26.2493 19.2546
v  103.7000 26.3632 19.2043
v  103.7000 27.2263 21.0086
v  81.6969 26.3631 19.2043
v  81.6969 26.2493 19.2546
v  34.8225 26.2492 19.2546
v  34.8225 -26.3631 19.2043
v  34.8225 -26.2492 19.2546
v  81.6969 -26.2492 19.2546
v  20.6700 -27.3376 19.4000
v  63.3579 28.5002 2.4886
v  63.6800 28.5002 2.5979
v  60.4333 28.5002 3.7000
v  60.6223 28.5002 3.4172
v  60.6223 29.5002 3.4172
v  37.1851 -29.5002 3.4172
v  60.6223 -29.5002 3.4172
v  36.9962 28.5002 3.7000
v  37.1851 28.5002 3.4172
v  37.1851 29.5002 3.4172
v  39.9208 28.5002 2.4886
v  40.2428 28.5002 2.5979
v  83.8705 28.5002 3.7000
v  84.0595 28.5002 3.4172
v  84.0595 29.5002 3.4172
v  86.7951 28.5002 2.4886
v  87.1171 28.5002 2.5979
v  84.0595 -29.5002 3.4172
v  37.1851 -29.5002 12.2151
v  40.2428 -29.5002 11.3958
v  83.8705 28.5002 12.4978
v  84.0595 28.5002 12.2151
v  84.0595 29.5002 12.2151
v  60.6223 -29.5002 12.2151
v  63.6800 -29.5002 11.3958
v  84.0595 -29.5002 12.2151
v  37.1851 29.5002 12.2151
v  40.2428 29.5002 11.3958
v  60.6223 29.5002 12.2151
v  69.9046 -1.0162 21.1120
v  71.0534 -0.2830 21.1120
v  70.7338 -0.2830 21.1120
v  65.9528 3.6625 21.1000
v  65.9344 3.6106 21.1000
v  66.2283 3.5036 21.1000
v  65.3769 1.7672 21.4000
v  65.3093 2.8231 21.4000
v  89.2764 -29.4915 17.6628
v  94.5400 -12.4429 20.7997
v  94.4800 -12.4378 20.7997
v  94.4800 -12.4378 21.4000
v  95.8135 -12.2158 20.7997
v  95.7704 -12.2594 20.7997
v  95.7704 -12.2594 21.4000
v  100.6901 16.8092 20.8001
v  100.6517 16.8022 20.8001
v  100.6517 16.8022 21.4000
v  100.7098 17.1357 20.8001
v  100.7535 17.1339 20.8001
v  100.7535 17.1339 21.4000
v  100.1365 16.5022 20.8001
v  100.4238 16.4671 20.8001
v  100.4238 15.9979 20.8001
v  100.4238 15.9979 21.4000
v  101.3441 19.4392 -0.0000
v  102.8598 17.6736 2.0000
v  102.8598 17.6736 -0.0000
v  103.0056 17.8611 -0.0000
v  98.0000 3.1560 21.4000
v  94.4777 5.3273 21.4000
v  95.0358 4.4804 21.4000
v  95.5589 4.6054 21.4000
v  94.1801 5.0157 21.4000
v  94.1929 5.0606 21.4000
v  94.1929 5.0606 20.7997
v  61.3850 18.2483 0.9998
v  61.3850 -18.2483 0.9998
v  15.6700 26.5822 24.7935
v  15.6700 26.4863 24.8400
v  19.6700 26.4863 24.8400
v  15.6700 25.5000 23.7584
v  37.6651 -18.4373 0.9998
v  37.6651 -18.4373 -0.0002
v  37.9478 -18.2483 -0.0002
v  37.9478 18.2483 -0.0002
v  37.6651 18.4373 -0.0002
v  37.6651 18.4373 0.9998
v  66.2754 7.7180 21.4000
v  65.6614 6.6988 21.1000
v  65.6283 7.3935 21.1000
v  65.2627 7.3935 21.1000
v  93.8442 4.9182 20.7997
v  93.8494 5.0165 20.7997
v  93.8494 5.0165 21.4000
v  94.3252 4.5883 20.7997
v  94.3530 4.5684 20.7997
v  94.3530 4.5684 21.4000
v  40.5479 -29.5002 11.5462
v  41.8479 -29.5002 13.7979
v  40.5479 29.5002 11.5462
v  41.8479 29.5002 13.7979
v  63.9850 -29.5002 11.5462
v  65.2850 -29.5002 13.7979
v  88.6336 -29.5002 13.1249
v  88.6336 -28.5002 13.1249
v  88.5243 -28.5002 12.8029
v  41.7593 -29.5002 13.1249
v  41.7593 -28.5002 13.1249
v  41.6499 -28.5002 12.8029
v  88.6336 29.5002 13.1249
v  65.0871 28.5002 12.8029
v  65.1964 28.5002 13.1249
v  65.1964 29.5002 13.1249
v  41.6499 28.5002 12.8029
v  41.7593 28.5002 13.1249
v  41.7593 29.5002 13.1249
v  65.1964 -29.5002 13.1249
v  65.1964 29.5002 4.3271
v  65.1964 -29.5002 4.3271
v  41.7593 29.5002 4.3271
v  41.7593 -29.5002 4.3271
v  41.7593 -28.5002 4.3271
v  41.6499 -28.5002 4.0050
v  88.6336 -29.5002 4.3271
v  88.6336 29.5002 4.3271
v  84.0594 29.5002 15.3806
v  83.8705 29.5002 15.0978
v  85.4492 29.5002 16.3093
v  85.1272 29.5002 16.1999
v  62.0121 -29.5002 7.5114
v  61.6900 -29.5002 7.4021
v  60.6223 -29.5002 6.5828
v  60.4333 -29.5002 6.3000
v  37.1851 29.5002 6.5828
v  36.9962 29.5002 6.3000
v  38.5749 29.5002 7.5114
v  38.2529 29.5002 7.4021
v  37.1851 -29.5002 6.5828
v  36.9962 -29.5002 6.3000
v  38.5749 -29.5002 7.5114
v  38.2529 -29.5002 7.4021
v  21.6700 -28.9944 19.3464
v  21.6700 -28.8673 19.5583
v  21.6700 -27.1836 18.4791
v  42.4020 -28.8673 19.5583
v  42.4020 -28.9944 19.3464
v  59.5308 -28.9944 19.3464
v  103.7000 29.2959 18.6635
v  103.7000 29.2093 18.8985
v  103.7000 27.3546 18.1493
v  82.9680 29.2093 18.8985
v  82.9680 29.2959 18.6635
v  65.8392 29.2959 18.6635
v  65.6614 -6.6107 21.1000
v  65.2085 -5.9180 21.1000
v  64.7889 -5.9159 21.1000
v  64.7889 11.4073 21.1000
v  63.9107 10.7125 21.1000
v  65.6614 10.7125 21.1000
v  63.2968 10.3894 21.4000
v  63.2968 11.7317 21.4000
v  63.9107 -6.6107 21.1000
v  100.1365 12.3477 21.4000
v  63.2968 6.3743 21.1000
v  63.2968 7.7180 21.1000
v  63.9107 6.6988 21.1000
v  65.0923 7.3956 21.1000
v  99.0778 -20.8394 0.9998
v  98.0828 -18.4373 0.9998
v  99.0778 20.8394 0.9998
v  98.0828 18.4373 0.9998
v  101.2287 -19.7642 -0.0000
v  103.3598 -18.5069 2.0000
v  103.3598 -18.5069 -0.0000
v  103.2556 -18.2778 -0.0000
v  101.2890 17.4383 21.4000
v  101.4584 17.1310 21.4000
v  101.4088 17.1093 21.4000
v  101.4088 17.1093 20.8001
v  100.6283 17.1312 21.4000
v  103.3598 18.5069 -0.0000
v  103.3598 18.5069 2.0000
v  103.2556 18.2778 2.0000
v  100.2402 19.8359 2.0000
v  95.0672 -10.3866 21.4000
v  95.0672 -9.5391 20.7997
v  95.9998 -9.2150 20.7997
v  93.8633 -9.2150 20.7997
v  94.4601 8.9355 21.4000
v  94.4601 9.2420 21.4000
v  94.4601 9.2420 20.7997
v  94.6669 9.7714 21.4000
v  98.0000 -17.4520 19.4000
v  94.3252 -12.0195 20.7997
v  93.8442 -11.6895 20.7997
v  93.8494 -11.5913 20.7997
v  34.8225 -26.5000 5.5000
v  34.8225 26.5000 4.2035
v  65.6839 -3.6203 21.1000
v  94.1614 9.6389 20.7997
v  94.1534 9.5982 20.7997
v  94.1534 9.5982 21.4000
v  93.8640 9.3769 20.7997
v  93.8492 9.4520 20.7997
v  93.8492 9.4520 21.4000
v  69.9376 -7.0750 21.1120
v  69.9042 -5.3454 21.1120
v  69.9046 -7.5731 21.3880
v  73.1560 -7.5486 21.3880
v  69.9527 -7.0578 21.3880
v  66.0099 1.3148 21.1000
v  65.6195 1.0334 21.1000
v  65.6808 1.0009 21.1000
v  65.1916 1.8245 21.1000
v  64.9963 1.8589 21.1000
v  64.9853 1.1858 21.1000
v  40.8306 22.5627 0.9998
v  41.8478 20.5000 0.9998
v  41.8478 -20.5000 0.9998
v  40.8306 -22.5627 0.9998
v  64.1504 1.7666 21.1000
v  64.0886 1.0893 21.1000
v  64.1619 1.1133 21.1000
v  63.9695 1.6859 21.1000
v  63.6565 1.4553 21.1000
v  63.8354 0.9640 21.1000
v  21.6700 -25.5000 19.4000
v  15.6700 -25.5833 25.0498
v  19.6700 -25.5833 25.0498
v  15.6700 -25.4986 25.0527
v  15.6700 -25.5000 23.7584
v  63.2608 4.0757 21.4000
v  63.2631 4.1265 21.4000
v  63.5534 4.2343 21.1000
v  63.2756 4.2721 21.1000
v  63.2705 4.2247 21.1000
v  95.6158 4.6684 21.4000
v  95.5651 5.2199 21.4000
v  95.6218 5.1554 21.4000
v  95.6218 5.1554 20.7997
v  65.2086 11.4052 21.1000
v  66.2754 11.7317 21.4000
v  72.5810 2.1245 21.1120
v  71.8868 2.0846 21.1120
v  72.0641 2.1506 21.3880
v  72.4300 2.1506 21.3880
v  103.7000 -27.3546 18.1493
v  103.7000 -29.2093 18.8985
v  103.7000 -29.2959 18.6635
v  82.9680 -29.2959 18.6635
v  82.9680 -29.2093 18.8985
v  65.8392 -29.2093 18.8985
v  57.3948 5.1435 20.7570
v  60.0019 0.9990 20.8611
v  95.0672 7.0686 20.7997
v  95.9998 7.3927 20.7997
v  93.8633 7.3927 20.7997
v  94.7783 7.0686 21.4000
v  36.0937 25.5000 21.4000
v  36.0937 0.0000 21.4000
v  43.2273 0.0889 21.4000
v  20.6700 25.9594 19.4000
v  20.6700 27.3376 19.4000
v  101.7538 13.9796 21.4000
v  101.9972 13.7656 21.4000
v  101.9972 13.7656 20.8001
v  38.2529 22.9021 0.9998
v  36.7364 21.1729 0.9998
v  36.7364 -21.1729 0.9998
v  65.0871 21.4950 -0.0002
v  63.6800 22.9021 0.9998
v  63.6800 -22.9021 0.9998
v  65.0871 -21.4950 -0.0002
v  95.6346 4.2496 20.7997
v  96.0039 4.7591 20.7997
v  95.9871 4.6864 20.7997
v  95.9871 4.6864 21.4000
v  71.6864 -1.5925 21.3880
v  72.9759 -1.5925 21.3880
v  70.9837 0.4371 21.3880
v  70.6352 0.4371 21.3880
v  70.9837 0.4371 21.1120
v  71.1695 1.9996 21.1120
v  40.2428 -18.0979 0.9998
v  41.7593 -19.8271 -0.0002
v  41.7593 19.8271 -0.0002
v  62.6850 23.1000 -0.0002
v  62.6850 -23.1000 -0.0002
v  61.1022 22.5627 0.9998
v  60.8465 22.3385 0.9998
v  60.8465 22.3385 -0.0002
v  63.0244 23.0778 0.9998
v  62.6850 23.1000 0.9998
v  60.8465 -22.3385 -0.0002
v  60.8465 -22.3385 0.9998
v  61.1022 -22.5627 0.9998
v  62.6850 -23.1000 0.9998
v  63.0244 -23.0778 0.9998
v  64.3213 4.2364 21.1000
v  64.9707 4.1402 21.1000
v  64.9869 4.2134 21.1000
v  64.6467 3.0527 21.1000
v  21.6700 27.3546 18.1492
v  21.6700 29.2093 18.8985
v  21.6700 29.2959 18.6635
v  65.8392 29.2093 18.8985
v  64.6950 5.1644 21.4000
v  64.6458 5.1021 21.4000
v  64.6458 5.1021 21.1000
v  64.2732 3.9029 21.4000
v  73.0847 -6.4340 21.3880
v  73.0377 -6.3294 21.3880
v  72.5878 -6.6357 21.3880
v  72.6565 -7.0084 21.3880
v  70.0776 -7.0084 21.3880
v  60.2829 -28.5002 12.8029
v  60.4333 -28.5002 15.0978
v  60.6223 -28.5002 15.3806
v  60.2829 28.5002 12.8029
v  36.8458 28.5002 12.8029
v  84.0594 28.5002 15.3806
v  83.8705 28.5002 15.0978
v  83.7201 28.5002 12.8029
v  83.7201 -28.5002 12.8029
v  36.8458 -28.5002 12.8029
v  83.7201 -28.5002 4.0050
v  83.8705 -28.5002 6.3000
v  84.0594 -28.5002 6.5828
v  36.8458 -28.5002 4.0050
v  60.2829 -28.5002 4.0050
v  36.8458 28.5002 4.0050
v  60.2829 28.5002 4.0050
v  83.7201 28.5002 4.0050
v  66.2091 0.9982 21.1000
v  66.1219 1.1615 21.1000
v  65.8623 0.8579 21.1000
v  65.9525 0.1426 21.4000
v  63.7631 3.4652 21.1000
v  63.4117 3.2353 21.1000
v  63.4960 3.0984 21.1000
v  64.0400 3.4615 21.1000
v  64.4072 2.8535 21.1000
v  64.5721 2.9716 21.1000
v  65.6401 -11.4772 21.1000
v  65.6342 -11.1569 21.1000
v  64.1541 -11.1569 21.1000
v  66.2754 -11.8036 21.4000
v  64.3488 -0.9307 21.1000
v  64.5624 -0.9672 21.1000
v  64.4937 -0.2964 21.1000
v  64.6748 -0.9763 21.1000
v  64.7868 -0.3095 21.1000
v  64.6848 -0.3081 21.1000
v  71.7736 3.4138 21.1120
v  71.3322 3.4138 21.1120
v  71.6023 2.7809 21.1120
v  71.8655 3.4606 21.3880
v  71.8033 6.3722 21.3880
v  71.2160 3.5300 21.3880
v  49.2191 -4.1881 21.9416
v  49.4994 -4.4683 21.9416
v  47.8194 -2.8323 21.4000
v  47.6607 -2.4613 21.4000
v  70.0137 -5.4925 21.3880
v  66.2754 -9.9127 21.4000
v  65.9883 -9.2133 21.4000
v  64.0905 -8.8814 21.4000
v  71.3321 6.3761 21.1120
v  71.7736 6.3761 21.1120
v  71.2628 6.3519 21.3880
v  73.0004 -4.2746 21.3880
v  72.9759 -3.5499 21.3880
v  71.6864 -3.5499 21.3880
v  73.1488 -1.4426 21.1120
v  73.1378 -3.6552 21.1120
v  73.1447 -3.6767 21.1120
v  63.5687 4.3419 21.4000
v  63.2968 5.2623 21.1000
v  64.1661 5.2623 21.1000
v  101.0368 15.9979 20.8001
v  101.0368 16.4671 20.8001
v  101.0368 16.4671 21.4000
v  101.1717 16.8204 20.8001
v  82.9680 -25.5000 21.4000
v  93.0173 -5.3282 21.4000
v  21.6700 -16.5000 2.0000
v  21.6700 16.5000 2.0000
v  93.8477 4.8364 21.4000
v  90.0000 0.0000 21.4000
v  90.0000 0.0000 19.4000
v  52.4680 0.5672 21.4000
v  52.3685 6.3076 21.0183
v  51.9337 5.0917 21.1300
v  50.5055 5.6707 21.4000
v  51.4986 6.1742 21.4000
v  95.3223 -7.9259 21.4000
v  95.0159 -7.9259 21.4000
v  94.1874 -7.2660 21.4000
v  95.9998 10.1541 21.4000
v  98.9021 21.4950 0.9998
v  98.7517 21.8000 0.9998
v  98.7517 21.8000 -0.0002
v  98.3385 22.3385 0.9998
v  98.7517 -21.8000 -0.0002
v  98.7517 -21.8000 0.9998
v  98.9021 -21.4950 0.9998
v  98.3385 -22.3385 0.9998
v  101.2714 15.1901 20.8001
v  101.3326 15.2337 20.8001
v  101.3326 15.2337 21.4000
v  102.0045 15.2424 20.8001
v  70.0776 -3.5557 21.1120
v  71.1288 -1.5925 21.1120
v  70.0776 -1.5925 21.1120
v  70.0531 -0.8678 21.3880
v  70.0776 -1.5925 21.3880
v  71.1288 -3.5557 21.1120
v  70.0776 -3.5557 21.3880
v  95.5050 -18.0979 -0.0002
v  97.4950 -18.0979 -0.0002
v  97.4950 18.0979 -0.0002
v  95.5050 18.0979 -0.0002
v  102.2849 12.6798 20.8001
v  102.2679 12.5819 20.8001
v  102.2679 12.5819 21.4000
v  100.1365 12.0237 21.4000
v  101.5500 12.0237 21.4000
v  101.5500 12.0237 20.8001
v  63.9850 -29.5002 16.0495
v  62.0121 -28.5002 16.3093
v  62.3456 -28.5002 16.3756
v  64.2678 28.5002 15.8606
v  63.9850 28.5002 16.0495
v  63.9850 29.5002 16.0495
v  40.5479 -29.5002 16.0495
v  40.5479 -28.5002 16.0495
v  40.8306 -28.5002 15.8606
v  87.4222 29.5002 16.0495
v  87.4222 -29.5002 16.0495
v  87.4222 -28.5002 16.0495
v  87.7049 -28.5002 15.8606
v  40.8306 28.5002 15.8606
v  40.5479 28.5002 16.0495
v  40.5479 29.5002 16.0495
v  63.9850 29.5002 7.2517
v  87.4222 29.5002 7.2517
v  62.0121 -28.5002 7.5114
v  62.3456 -28.5002 7.5778
v  63.9850 -29.5002 7.2517
v  63.9850 -28.5002 7.2517
v  64.2678 -28.5002 7.0627
v  40.5479 -29.5002 7.2517
v  40.5479 -28.5002 7.2517
v  40.8306 -28.5002 7.0627
v  85.4492 -28.5002 7.5114
v  85.7828 -28.5002 7.5778
v  87.4222 -29.5002 7.2517
v  40.5479 29.5002 7.2517
v  40.5478 22.7517 0.9998
v  40.2428 22.9021 0.9998
v  40.2428 22.9021 -0.0002
v  38.5749 23.0114 0.9998
v  40.2428 -22.9021 -0.0002
v  100.1369 14.3720 20.8001
v  100.1223 14.4701 20.8001
v  100.3403 15.2700 20.8001
v  100.6072 15.0896 20.8001
v  64.0571 -0.8311 21.4000
v  63.9682 -0.7872 21.4000
v  63.4437 -0.2757 21.1000
v  63.4024 -0.1955 21.1000
v  63.4024 -0.1955 21.4000
v  54.6242 6.6420 21.4000
v  54.3485 6.3663 20.8804
v  54.4839 -1.4484 21.4000
v  53.4357 -0.4004 21.4000
v  38.2529 -18.0979 -0.0002
v  38.2529 -18.0979 0.9998
v  37.9478 -18.2483 0.9998
v  38.2529 18.0979 0.9998
v  37.9478 18.2483 0.9998
v  38.2529 18.0979 -0.0002
v  64.9367 19.2000 0.9998
v  65.0871 19.5050 0.9998
v  65.0871 19.5050 -0.0002
v  65.0871 -19.5050 0.9998
v  64.9367 -19.2000 0.9998
v  65.0871 -19.5050 -0.0002
v  65.9528 3.6625 21.4000
v  65.7429 3.3252 21.4000
v  65.5201 4.8039 21.4000
v  72.6158 -0.0972 21.3880
v  72.7901 -0.2714 21.1120
v  102.2172 14.1369 21.4000
v  102.0868 13.8811 21.4000
v  102.1601 14.0049 21.4000
v  102.1601 14.0049 20.8001
v  65.8392 26.2743 21.3249
v  65.8392 26.0211 21.3663
v  82.9680 26.0211 21.3663
v  21.6700 26.2743 21.3249
v  21.6700 26.0211 21.3663
v  85.1272 -28.5002 2.5979
v  85.1272 -29.5002 2.5979
v  85.4492 -29.5002 2.4886
v  38.5749 29.5002 11.2864
v  38.2529 29.5002 11.3958
v  38.2529 28.5002 11.3958
v  85.4492 29.5002 2.4886
v  85.1272 29.5002 2.5979
v  85.1272 28.5002 2.5979
v  61.6900 -29.5002 2.5979
v  62.0121 -29.5002 2.4886
v  61.6900 -28.5002 2.5979
v  38.2529 29.5002 2.5979
v  38.5749 29.5002 2.4886
v  38.2529 28.5002 2.5979
v  85.1272 -28.5002 11.3958
v  85.1272 -29.5002 11.3958
v  85.4492 -29.5002 11.2864
v  85.4492 29.5002 11.2864
v  85.1272 29.5002 11.3958
v  85.1272 28.5002 11.3958
v  38.2529 -29.5002 2.5979
v  38.5749 -29.5002 2.4886
v  38.2529 -28.5002 2.5979
v  61.6900 -29.5002 11.3958
v  62.0121 -29.5002 11.2864
v  61.6900 -28.5002 11.3958
v  62.0121 29.5002 2.4886
v  61.6900 29.5002 2.5979
v  61.6900 28.5002 2.5979
v  61.6900 29.5002 11.3958
v  62.0121 29.5002 11.2864
v  61.6900 28.5002 11.3958
v  38.2529 -28.5002 11.3958
v  38.2529 -29.5002 11.3958
v  38.5749 -29.5002 11.2864
v  21.6700 26.5000 4.2035
v  21.6700 26.5000 5.5000
v  21.6700 -26.5000 5.5000
v  21.6700 -26.5000 4.2035
v  70.4492 2.6618 21.3880
v  70.2750 2.8361 21.1120
v  71.2247 3.4864 21.1120
v  21.6700 -25.4993 23.7584
v  21.6700 -25.5000 21.4000
v  19.6700 -27.1093 24.3736
v  19.6700 -27.0511 24.4420
v  15.6700 -27.0511 24.4420
v  65.2628 29.5002 14.1372
v  65.2850 28.5002 13.7978
v  65.2628 -29.5002 14.1372
v  65.2850 -28.5002 13.7978
v  88.6999 29.5002 14.1372
v  88.7222 28.5002 13.7978
v  41.8256 29.5002 14.1372
v  41.8479 28.5002 13.7978
v  41.8479 -28.5002 13.7978
v  41.8256 -29.5002 14.1372
v  88.7222 -28.5002 13.7978
v  88.6999 -29.5002 14.1372
v  41.8256 -29.5002 5.3394
v  41.8479 -28.5002 5.0000
v  65.2628 -29.5002 5.3394
v  65.2850 -28.5002 5.0000
v  41.8256 29.5002 5.3394
v  41.8479 28.5002 5.0000
v  88.6999 29.5002 5.3394
v  88.7222 28.5002 5.0000
v  88.7222 -28.5002 5.0000
v  88.6999 -29.5002 5.3394
v  65.2628 29.5002 5.3394
v  65.2850 28.5002 5.0000
v  94.1639 5.5363 21.4000
v  94.0956 5.4825 21.4000
v  94.0956 5.4825 20.7997
v  93.8633 5.8971 21.4000
v  65.9883 8.1243 21.4000
v  65.6282 9.1365 21.1000
v  65.2820 8.4460 21.1000
v  65.6615 8.4460 21.1000
v  95.5589 -12.0024 20.7997
v  95.4030 -11.2805 20.7997
v  95.4030 -10.9388 20.7997
v  95.4030 -10.9388 21.4000
v  93.9886 -19.8271 0.9998
v  94.9172 -18.4373 0.9998
v  94.9172 18.4373 0.9998
v  93.9886 19.8271 0.9998
v  65.9279 4.4962 21.4000
v  65.9614 4.4076 21.4000
v  65.9614 4.4076 21.1000
v  64.8896 -0.3081 21.4000
v  64.7868 -0.3095 21.4000
v  65.9525 0.1426 21.1000
v  65.9164 0.0889 21.4000
v  65.8955 0.0577 21.1000
v  95.2494 4.1608 21.4000
v  95.3246 4.1648 21.4000
v  95.3246 4.1648 20.7997
v  63.8353 -8.1867 21.1000
v  103.7000 -26.8697 18.8566
v  103.7000 -28.2395 20.3132
v  103.7000 -28.4132 20.1395
v  82.9680 -28.4132 20.1395
v  82.9680 -28.2395 20.3132
v  65.8392 -28.2395 20.3132
v  70.2634 7.0232 21.3880
v  69.9149 7.7435 21.3880
v  73.0456 7.3485 21.1120
v  70.7513 7.3485 21.1120
v  70.7513 7.0756 21.1120
v  101.9223 16.9444 -0.0000
v  101.9223 16.9444 2.0000
v  101.6931 16.8403 2.0000
v  101.3959 15.2695 21.4000
v  100.2519 15.1164 21.4000
v  65.5201 4.8039 21.1000
v  65.6870 5.3802 21.1000
v  65.6300 5.4022 21.1000
v  65.1723 5.4463 21.1000
v  64.1662 -4.6660 21.4000
v  63.5755 -3.6203 21.4000
v  95.3246 -12.4429 21.4000
v  95.2494 -12.4469 21.4000
v  95.3246 -12.4429 20.7997
v  63.2635 0.4483 21.1000
v  63.2744 0.6476 21.1000
v  63.5585 0.5452 21.1000
v  100.6992 14.2069 20.8001
v  73.0902 2.5140 21.1120
v  73.1190 2.4207 21.1120
v  73.1376 7.3953 21.1120
v  63.5783 -2.9255 21.4000
v  65.6674 -2.9255 21.4000
v  64.1662 -1.8939 21.4000
v  64.3488 -0.9307 21.4000
v  81.6969 27.3979 18.0318
v  81.6969 27.3546 18.1492
v  34.8225 27.3546 18.1492
v  103.7000 27.3979 18.0318
v  69.9033 -5.3298 21.3880
v  93.8642 9.6989 20.7997
v  94.2963 10.1343 20.7997
v  94.3747 10.1491 20.7997
v  94.3747 10.1491 21.4000
v  52.6426 -6.1262 21.8410
v  50.4332 -5.2041 21.9282
v  50.7726 -5.4115 21.9192
v  93.8633 -10.3866 21.4000
v  93.8633 -9.5391 21.4000
v  94.7783 -9.5391 21.4000
v  81.0000 -16.5000 4.0001
v  81.0000 16.5000 4.0001
v  101.9647 12.7233 21.4000
v  101.9549 12.6666 21.4000
v  101.9549 12.6666 20.8001
v  94.1801 -11.5920 21.4000
v  94.1929 -11.5471 21.4000
v  94.1929 -11.5471 20.7997
v  94.6614 -12.1223 21.4000
v  99.0114 19.8271 0.9998
v  98.9021 19.5050 0.9998
v  99.0114 19.8271 -0.0002
v  99.0114 -19.8271 0.9998
v  98.9021 -19.5050 0.9998
v  99.0114 -19.8271 -0.0002
v  94.3759 8.9408 21.4000
v  63.8784 4.8425 21.4000
v  63.9209 4.8670 21.4000
v  63.9209 4.8670 21.1000
v  64.4244 4.6629 21.4000
v  99.7000 -26.5000 4.2035
v  99.7000 -26.5000 5.5000
v  99.7000 26.5000 5.5000
v  99.7000 26.5000 4.2035
v  59.6229 2.2970 20.7989
v  59.4880 2.6038 20.7872
v  59.9418 2.6159 21.4000
v  63.9467 7.3935 21.4000
v  63.8366 7.4012 21.4000
v  63.8366 7.4012 21.1000
v  64.6447 7.3977 21.1000
v  64.3095 7.3977 21.1000
v  94.4103 -7.5710 21.4000
v  95.3223 -8.8307 21.4000
v  94.2483 -21.8000 -0.0002
v  94.4373 -22.0828 -0.0002
v  94.4373 -22.0828 0.9998
v  94.2483 21.8000 -0.0002
v  94.4373 22.0828 -0.0002
v  94.4373 22.0828 0.9998
v  61.1022 -18.4373 0.9998
v  61.1022 18.4373 0.9998
v  60.2829 -19.5050 -0.0002
v  60.2829 19.5050 -0.0002
v  102.2729 16.5756 21.4000
v  102.2729 16.5756 20.8001
v  101.9679 16.4964 20.8001
v  101.9679 16.4964 21.4000
v  70.1621 -8.5426 21.1120
v  62.0121 -23.0114 0.9998
v  62.0121 -23.0114 -0.0002
v  61.6900 -22.9021 -0.0002
v  61.6900 22.9021 -0.0002
v  62.0121 23.0114 -0.0002
v  62.0121 23.0114 0.9998
v  41.4995 -21.8000 -0.0002
v  41.4995 -21.8000 0.9998
v  41.6499 -21.4950 0.9998
v  41.6499 21.4950 0.9998
v  41.4995 21.8000 0.9998
v  41.4995 21.8000 -0.0002
v  36.9962 21.8000 0.9998
v  37.1851 22.0828 0.9998
v  36.9962 21.8000 -0.0002
v  36.9962 -21.8000 0.9998
v  37.1851 -22.0828 0.9998
v  36.9962 -21.8000 -0.0002
v  101.9223 -16.9444 2.0000
v  101.9223 -16.9444 -0.0000
v  101.6931 -16.8403 -0.0000
v  34.8225 -27.3979 18.0318
v  34.8225 -27.3546 18.1492
v  81.6969 -27.3546 18.1492
v  21.6700 -27.3546 18.1492
v  21.6700 -27.3979 18.0318
v  21.6700 -29.2959 18.6635
v  95.0672 -9.5391 21.4000
v  94.7783 -10.3866 21.4000
v  94.7783 6.2211 21.4000
v  95.0672 7.0686 21.4000
v  95.4030 5.3273 20.7997
v  95.4030 5.6690 20.7997
v  95.4030 5.6690 21.4000
v  95.8597 5.3992 20.7997
v  95.9079 5.3284 20.7997
v  95.9079 5.3284 21.4000
v  65.3212 -9.8181 21.1000
v  63.2968 -10.7638 21.1000
v  63.2968 -11.8008 21.1000
v  63.2968 -4.6660 21.1000
v  63.7897 -4.2159 21.1000
v  63.7301 -4.1542 21.1000
v  63.8436 -11.4772 21.4000
v  65.6401 -11.4772 21.4000
v  66.2754 -10.8332 21.1000
v  66.2754 -11.8036 21.1000
v  94.2363 -11.0259 21.4000
v  94.3128 -10.9886 21.4000
v  94.2363 -11.0259 20.7997
v  96.0041 -7.2660 20.7997
v  94.1874 -7.2660 20.7997
v  93.8633 -6.9581 20.7997
v  94.6614 4.4855 20.7997
v  94.7389 4.4823 20.7997
v  94.7389 4.4823 21.4000
v  94.2299 4.2496 20.7997
v  94.1839 4.2772 20.7997
v  94.1839 4.2772 21.4000
v  64.9707 4.1402 21.4000
v  71.3467 2.6415 21.1120
v  71.3804 2.6720 21.1120
v  63.8729 3.4311 21.1000
v  63.8435 3.4358 21.1000
v  63.7052 2.8992 21.1000
v  63.8729 3.4311 21.4000
v  81.0000 23.5000 4.0001
v  81.0000 -23.5000 4.0001
v  94.4777 5.6690 21.4000
v  95.4030 5.3273 21.4000
v  66.0429 -0.4257 21.1000
v  65.9866 -0.4953 21.1000
v  65.2331 -0.9307 21.1000
v  63.2756 4.2721 21.4000
v  63.2968 -1.8939 21.1000
v  63.5900 -2.7184 21.1000
v  63.6362 -2.5464 21.1000
v  65.6195 1.0334 21.4000
v  64.6855 1.1906 21.4000
v  64.7868 1.1922 21.4000
v  64.7868 1.1922 21.1000
v  55.6058 6.4741 21.4000
v  55.3028 6.1712 20.8290
v  57.1741 5.8446 21.4000
v  48.0889 -2.5628 21.9081
v  48.9318 -4.4754 21.4000
v  101.9866 17.0909 21.4000
v  96.0174 4.9182 21.4000
v  95.9998 5.8971 21.4000
v  63.2968 8.1215 21.1000
v  63.7365 8.4102 21.4000
v  63.8154 8.4370 21.4000
v  94.0312 5.4204 20.7997
v  94.2109 5.1030 20.7997
v  94.2109 -11.5048 20.7997
v  94.0312 -11.1873 20.7997
v  94.0956 -11.1252 20.7997
v  94.0956 -11.1252 21.4000
v  95.7124 8.9355 20.7997
v  94.6669 9.7714 20.7997
v  95.9998 8.9355 20.7997
v  100.5710 13.9002 20.8001
v  100.4514 14.4671 20.8001
v  63.7522 -0.0218 21.4000
v  63.6796 0.0552 21.4000
v  63.6796 0.0552 21.1000
v  63.5506 0.4400 21.1000
v  73.1619 7.4647 21.1120
v  73.1619 8.0630 21.1120
v  73.1619 8.0630 21.3880
v  73.0456 8.1791 21.3880
v  66.3105 4.0127 21.1000
v  66.2754 2.8231 21.1000
v  100.7479 14.2040 21.4000
v  100.6992 14.2069 21.4000
v  100.5218 14.9254 21.4000
v  101.0706 14.8433 21.4000
v  66.0091 4.0818 21.1000
v  66.3128 4.1261 21.1000
v  65.7393 4.7319 21.1000
v  66.1128 5.0094 21.1000
v  66.0248 5.1325 21.1000
v  54.4832 -1.4495 21.4000
v  55.4506 -2.4169 21.4000
v  53.9066 4.9824 21.0039
v  50.4510 2.5834 21.4000
v  49.8398 5.2059 21.4000
v  50.0554 5.3693 21.4000
v  101.3242 15.9979 21.4000
v  101.3242 16.4964 21.4000
v  101.3242 16.4964 20.8001
v  101.8022 16.8079 21.4000
v  101.8371 16.7868 21.4000
v  101.8371 16.7868 20.8001
v  66.1822 -0.1965 21.1000
v  15.6700 -26.7598 24.6891
v  15.6700 -26.8410 24.6318
v  19.6700 -26.8410 24.6318
v  21.6700 25.5000 19.4000
v  34.8225 26.3631 19.2043
v  100.6901 16.8092 21.4000
v  100.7303 16.8116 21.4000
v  100.7303 16.8116 20.8001
v  101.0368 15.9979 21.4000
v  70.1530 -4.8768 21.3880
v  69.9697 -4.8916 21.1120
v  69.9878 -4.8800 21.1120
v  69.9105 -4.1262 21.1120
v  65.8392 -27.2263 21.0086
v  21.6700 -27.2263 21.0086
v  21.6700 -26.9985 21.1092
v  95.4030 -11.2805 21.4000
v  65.1916 1.8245 21.4000
v  65.8729 1.4581 21.4000
v  102.2905 14.5823 20.8001
v  102.2823 14.4256 20.8001
v  102.2823 14.4256 21.4000
v  100.9635 17.0712 21.4000
v  100.9226 17.0909 21.4000
v  100.9226 17.0909 20.8001
v  100.7966 17.1285 21.4000
v  101.3148 17.0516 21.4000
v  64.1194 3.5254 21.4000
v  64.0809 3.4892 21.4000
v  64.0809 3.4892 21.1000
v  63.5651 3.8232 21.4000
v  63.7160 3.4978 21.4000
v  64.2983 4.0641 21.4000
v  101.5260 14.9780 21.4000
v  101.5921 15.0013 21.4000
v  101.5921 15.0013 20.8001
v  101.3638 14.5940 21.4000
v  15.6700 -25.5000 20.4000
v  101.6931 16.8403 -0.0000
v  66.2754 11.7317 21.1000
v  65.2086 11.4052 21.4000
v  64.4923 2.9052 21.1000
v  64.4072 2.8535 21.4000
v  94.0979 21.4950 0.9998
v  94.2483 21.8000 0.9998
v  94.0979 21.4950 -0.0002
v  94.0979 -21.4950 -0.0002
v  94.0979 -21.4950 0.9998
v  94.2483 -21.8000 0.9998
v  102.1277 15.1292 20.8001
v  101.8570 14.9306 20.8001
v  101.3959 15.2695 20.8001
v  72.9818 -7.7228 21.3880
v  70.0776 -7.7228 21.3880
v  69.9033 -7.5486 21.3880
v  69.9033 -7.1827 21.3880
v  69.9033 -7.1827 21.1120
v  65.6219 3.2436 21.4000
v  65.5763 3.2208 21.4000
v  65.5763 3.2208 21.1000
v  65.3093 2.8231 21.1000
v  66.2754 -5.5915 21.1000
v  69.9091 -4.1017 21.3880
v  69.9091 -3.7242 21.3880
v  69.9091 -3.7242 21.1120
v  94.4601 8.9355 20.7997
v  94.0841 9.0591 20.7997
v  94.0224 9.1129 20.7997
v  94.0224 9.1129 21.4000
v  65.6283 7.3935 21.4000
v  66.2754 7.7180 21.1000
v  60.3346 -0.2141 21.4000
v  63.7897 -4.2159 21.4000
v  81.6969 -27.3043 18.2631
v  103.7000 -27.3043 18.2632
v  65.9838 -11.7383 21.4000
v  63.6053 -11.6210 21.4000
v  95.9079 -11.2794 20.7997
v  95.8597 -11.2086 20.7997
v  95.6218 -11.4524 20.7997
v  95.9079 -11.2794 21.4000
v  70.6352 6.9594 21.3880
v  70.3679 6.9594 21.3880
v  70.3679 6.9594 21.1120
v  70.2801 6.9971 21.3880
v  70.7165 6.9943 21.3880
v  97.4950 22.9021 0.9998
v  97.1729 23.0114 0.9998
v  97.1729 23.0114 -0.0002
v  97.1729 -23.0114 -0.0002
v  97.1729 -23.0114 0.9998
v  97.4950 -22.9021 0.9998
v  88.3738 -29.5002 6.3000
v  88.3738 -28.5002 6.3000
v  88.5243 -28.5002 5.9950
v  65.0871 28.5002 5.9950
v  64.9367 28.5002 6.3000
v  64.9367 29.5002 6.3000
v  41.6499 28.5002 5.9950
v  41.4995 28.5002 6.3000
v  41.4995 29.5002 6.3000
v  88.5243 28.5002 5.9950
v  88.3738 28.5002 6.3000
v  88.3738 29.5002 6.3000
v  41.4995 -29.5002 6.3000
v  41.4995 -28.5002 6.3000
v  41.6499 -28.5002 5.9950
v  64.9367 -29.5002 6.3000
v  64.9367 -28.5002 6.3000
v  65.0871 -28.5002 5.9950
v  41.6499 28.5002 14.7928
v  41.4995 28.5002 15.0978
v  41.4995 29.5002 15.0978
v  65.0871 28.5002 14.7928
v  64.9367 28.5002 15.0978
v  64.9367 29.5002 15.0978
v  88.3738 -29.5002 15.0978
v  88.3738 -28.5002 15.0978
v  88.5243 -28.5002 14.7928
v  64.9367 -29.5002 15.0978
v  64.9367 -28.5002 15.0978
v  65.0871 -28.5002 14.7928
v  41.4995 -29.5002 15.0978
v  41.4995 -28.5002 15.0978
v  41.6499 -28.5002 14.7928
v  88.5243 28.5002 14.7928
v  88.3738 28.5002 15.0978
v  88.3738 29.5002 15.0978
v  41.4995 19.2000 -0.0002
v  41.3106 18.9172 -0.0002
v  41.3106 18.9172 0.9998
v  41.4995 -19.2000 -0.0002
v  41.3106 -18.9172 -0.0002
v  41.3106 -18.9172 0.9998
v  64.9367 -19.2000 -0.0002
v  64.7477 -18.9172 -0.0002
v  64.7477 -18.9172 0.9998
v  64.9367 19.2000 -0.0002
v  64.7477 18.9172 -0.0002
v  64.7477 18.9172 0.9998
v  62.3456 -29.5002 2.4222
v  62.3456 -28.5002 2.4222
v  62.0121 -28.5002 2.4886
v  38.9085 -29.5002 11.2201
v  38.9085 -28.5002 11.2201
v  38.5749 -28.5002 11.2864
v  85.7828 28.5002 11.2201
v  85.4492 28.5002 11.2864
v  85.7828 29.5002 11.2201
v  38.5749 28.5002 11.2864
v  38.9085 28.5002 11.2201
v  38.9085 29.5002 11.2201
v  62.0121 28.5002 2.4886
v  62.3456 28.5002 2.4222
v  62.3457 29.5002 2.4222
v  62.0121 28.5002 11.2864
v  62.3456 28.5002 11.2201
v  62.3456 29.5002 11.2201
v  85.7828 -29.5002 2.4222
v  85.7828 -28.5002 2.4222
v  85.4492 -28.5002 2.4886
v  38.5749 28.5002 2.4886
v  38.9085 28.5002 2.4222
v  38.9085 29.5002 2.4222
v  85.4492 28.5002 2.4886
v  85.7828 28.5002 2.4222
v  85.7828 29.5002 2.4222
v  38.9085 -29.5002 2.4222
v  38.9085 -28.5002 2.4222
v  38.5749 -28.5002 2.4886
v  85.7828 -28.5002 11.2201
v  85.4492 -28.5002 11.2864
v  85.7828 -29.5002 11.2201
v  62.3456 -29.5002 11.2201
v  62.3456 -28.5002 11.2201
v  62.0121 -28.5002 11.2864
v  64.0571 -0.8311 21.1000
v  64.4537 -0.9520 21.1000
v  59.5086 3.5275 21.4000
v  59.3338 3.8122 21.4000
v  58.9952 3.4735 20.7617
v  64.7889 9.1407 21.4000
v  64.7889 9.1407 21.1000
v  95.6832 4.8115 20.7997
v  63.5585 0.5452 21.4000
v  63.5822 0.6434 21.4000
v  63.5822 0.6434 21.1000
v  64.0886 1.0893 21.4000
v  73.0631 -6.3811 21.3880
v  73.0847 -6.4340 21.1120
v  72.4067 -6.4567 21.1120
v  47.4417 -0.2321 21.7942
v  47.7793 -1.8240 21.8790
v  47.6584 -1.4390 21.8612
v  47.4137 -1.6837 21.4000
v  51.6630 6.1298 21.0781
v  51.5021 6.0765 21.0925
v  51.8338 6.3006 21.4000
v  52.0043 6.3573 21.4000
v  63.2968 10.3894 21.1000
v  63.2968 11.7317 21.1000
v  64.7889 11.4073 21.4000
v  64.3692 11.4052 21.4000
v  64.3692 11.4052 21.1000
v  63.2968 -6.9338 21.1000
v  63.2968 -5.5915 21.1000
v  64.7889 -5.9159 21.4000
v  64.3692 -5.9180 21.4000
v  64.3692 -5.9180 21.1000
v  66.2754 -2.5963 21.1000
v  63.9107 -6.6107 21.4000
v  19.6700 -26.1732 24.9546
v  19.6700 -26.0613 24.9838
v  15.6700 -26.0613 24.9838
v  21.6700 -26.0617 24.9837
v  21.6700 -26.1737 24.9545
v  66.2754 -7.8519 21.1000
v  101.3601 17.0829 20.8001
v  101.3148 17.0516 20.8001
v  101.5276 16.8243 20.8001
v  58.1853 -4.6188 21.3641
v  58.4560 -4.3481 21.3275
v  58.2043 -4.5998 21.4000
v  95.7263 -12.2977 20.7997
v  95.5109 -12.0394 20.7997
v  71.7736 3.4138 21.3880
v  71.3322 3.4138 21.3880
v  71.3467 2.6415 21.3880
v  94.3817 9.8403 20.7997
v  95.6948 9.3388 20.7997
v  73.1502 -3.7242 21.3880
v  73.1502 -4.1017 21.3880
v  72.9818 -0.2714 21.3880
v  72.7901 -0.2714 21.3880
v  69.9033 -1.0407 21.1120
v  69.9033 -1.4182 21.3880
v  63.9107 6.6988 21.4000
v  66.2754 6.3743 21.1000
v  65.6614 -6.6107 21.4000
v  66.2754 -6.9351 21.1000
v  93.8650 -11.4988 21.4000
v  73.1619 7.4647 21.3880
v  82.9680 26.9985 21.1092
v  82.9680 27.2263 21.0086
v  65.8392 27.2263 21.0086
v  103.7000 26.9985 21.1093
v  65.8961 0.8185 21.4000
v  65.9262 0.7774 21.4000
v  65.9262 0.7774 21.1000
v  65.9932 0.2347 21.4000
v  73.1502 -1.0407 21.3880
v  73.1502 -1.4182 21.3880
v  63.2968 9.4652 21.1000
v  64.3692 9.1386 21.4000
v  93.8650 5.1089 21.4000
v  63.9107 10.7125 21.4000
v  66.2754 10.3881 21.1000
v  64.9041 3.7279 21.4000
v  64.9869 4.2134 21.4000
v  65.0039 4.2824 21.4000
v  65.0039 4.2824 21.1000
v  50.4971 -5.6869 21.4000
v  49.7957 -4.7316 21.9393
v  101.7657 16.8243 20.8001
v  47.9628 2.9242 21.4000
v  48.0914 3.1637 21.4000
v  47.4590 0.9999 21.7096
v  47.4943 1.2647 21.6893
v  47.3408 1.1112 21.4000
v  102.2849 12.8861 20.8001
v  98.0000 -2.0440 21.4000
v  100.6283 17.1312 20.8001
v  65.6452 -8.8814 21.4000
v  66.2754 -9.2133 21.1000
v  71.8897 6.2599 21.3880
v  71.8897 3.5300 21.3880
v  63.8048 1.5821 21.1000
v  63.8048 1.5821 21.4000
v  64.5611 1.8588 21.1000
v  100.1365 12.0237 20.8001
v  71.1695 0.5708 21.1120
v  72.0641 2.1506 21.1120
v  72.4300 2.1506 21.1120
v  63.2608 4.0757 21.1000
v  66.2754 -3.9440 21.1000
v  71.8781 2.0170 21.1120
v  94.1875 9.4041 21.4000
v  94.1714 9.4386 21.4000
v  94.1714 9.4386 20.7997
v  94.6466 9.7865 21.4000
v  94.5034 9.8454 21.4000
v  94.3316 9.2719 21.4000
v  63.8353 -8.1867 21.4000
v  63.2968 -8.8834 21.1000
v  63.2968 -7.8630 21.1000
v  69.9252 -0.9516 21.1120
v  69.9376 -0.9330 21.1120
v  69.9136 0.3952 21.1120
v  63.7054 4.6904 21.4000
v  64.3737 4.4913 21.4000
v  64.3858 4.5368 21.4000
v  64.3737 4.4913 21.1000
v  66.2754 -9.9127 21.1000
v  66.2754 -10.1588 21.1000
v  71.2160 6.2599 21.3880
v  71.3321 6.3761 21.3880
v  71.7736 6.3761 21.3880
v  73.1505 -0.1447 21.3880
v  101.7538 13.9796 20.8001
v  101.1088 16.9311 20.8001
v  101.1398 16.8791 20.8001
v  101.1398 16.8791 21.4000
v  71.2315 6.3167 21.1120
v  70.6352 6.9594 21.1120
v  65.9861 4.3090 21.1000
v  66.3048 4.3385 21.1000
v  65.6870 5.3802 21.4000
v  66.2756 0.0622 21.1000
v  65.6763 -0.1272 21.1000
v  73.0902 2.5140 21.3880
v  70.2750 2.8361 21.3880
v  57.9097 4.7244 20.7505
v  58.1509 4.4965 20.7496
v  58.4959 4.8415 21.4000
v  70.1621 8.9989 21.1120
v  72.9030 8.9989 21.1120
v  100.9582 13.9162 21.4000
v  70.0833 2.8361 21.3880
v  65.6615 8.4460 21.4000
v  73.1378 -3.6552 21.3880
v  73.1066 -7.6735 21.3880
v  94.3817 4.5507 21.4000
v  94.6614 4.4855 21.4000
v  64.1662 -1.8939 21.1000
v  63.6362 -2.5464 21.4000
v  63.7170 -2.4095 21.4000
v  63.7170 -2.4095 21.1000
v  55.8697 -5.9776 21.6126
v  69.9672 -3.6342 21.3880
v  64.6447 8.4418 21.1000
v  19.6700 26.3860 24.8825
v  63.8436 -11.4772 21.1000
v  63.6425 -11.5581 21.4000
v  63.6425 -11.5581 21.1000
v  100.3403 15.2700 21.4000
v  34.8225 -26.8697 18.8566
v  21.6700 -26.9566 18.7697
v  21.6700 -28.4132 20.1395
v  69.9252 -7.0936 21.3880
v  96.1606 17.9222 -0.0002
v  95.8271 17.9886 -0.0002
v  95.8271 17.9886 0.9998
v  95.8271 -17.9886 0.9998
v  95.8271 -17.9886 -0.0002
v  96.1606 -17.9222 -0.0002
v  95.9473 -11.3539 21.4000
v  89.0000 -24.5000 -0.0000
v  89.0000 24.5000 -0.0000
v  19.6700 25.7068 25.0413
v  15.6700 25.7068 25.0412
v  16.6700 25.4986 25.0527
v  15.6700 25.4986 25.0527
v  94.1698 -11.6895 20.7997
v  93.8910 -11.4122 20.7997
v  94.1698 4.9182 20.7997
v  93.8910 5.1955 20.7997
v  95.7124 8.9355 21.4000
v  101.3269 16.5538 21.4000
v  50.4511 2.5838 21.4000
v  49.9753 5.2893 21.2491
v  49.7725 5.1385 21.2730
v  101.0221 14.5075 20.8001
v  101.0375 14.6101 20.8001
v  101.0375 14.6101 21.4000
v  101.3433 14.4474 20.8001
v  100.4238 16.4671 21.4000
v  101.0343 16.5227 21.4000
v  95.3212 -12.1122 21.4000
v  95.2043 -12.1223 21.4000
v  95.1265 -12.1254 21.4000
v  95.1265 -12.1254 20.7997
v  34.8225 0.0000 19.4000
v  34.8225 25.5000 19.4000
v  81.6969 25.5000 19.4000
v  95.3212 4.4956 21.4000
v  95.5379 4.5883 21.4000
v  95.5379 4.5883 20.7997
v  64.9367 21.8000 -0.0002
v  64.9367 -21.8000 -0.0002
v  63.6800 -28.5002 16.1999
v  63.6800 -29.5002 16.1999
v  63.3579 -29.5002 16.3093
v  40.2428 29.5002 16.1999
v  39.9208 29.5002 16.3093
v  40.2428 28.5002 16.1999
v  87.1171 -28.5002 16.1999
v  87.1171 -29.5002 16.1999
v  86.7951 -29.5002 16.3093
v  87.1171 29.5002 16.1999
v  86.7951 29.5002 16.3093
v  87.1171 28.5002 16.1999
v  63.6800 29.5002 16.1999
v  63.3579 29.5002 16.3093
v  63.6800 28.5002 16.1999
v  40.2428 -28.5002 16.1999
v  40.2428 -29.5002 16.1999
v  39.9208 -29.5002 16.3093
v  63.6800 29.5002 7.4021
v  63.3579 29.5002 7.5114
v  63.6800 28.5002 7.4021
v  87.1171 29.5002 7.4021
v  86.7951 29.5002 7.5114
v  87.1171 28.5002 7.4021
v  87.1171 -28.5002 7.4021
v  87.1171 -29.5002 7.4021
v  86.7951 -29.5002 7.5114
v  40.2428 29.5002 7.4021
v  39.9208 29.5002 7.5114
v  40.2428 28.5002 7.4021
v  63.6800 -28.5002 7.4021
v  63.6800 -29.5002 7.4021
v  63.3579 -29.5002 7.5114
v  40.2428 -28.5002 7.4021
v  40.2428 -29.5002 7.4021
v  39.9208 -29.5002 7.5114
v  63.9850 -22.7517 0.9998
v  63.9850 22.7517 0.9998
v  36.7365 -28.5002 13.1249
v  36.6701 -28.5002 13.4585
v  36.7365 -29.5002 13.1249
v  83.6108 -29.5002 13.1249
v  83.6108 -28.5002 13.1249
v  83.5444 -28.5002 13.4585
v  36.7365 -28.5002 4.3271
v  36.6701 -28.5002 4.6606
v  36.7365 -29.5002 4.3271
v  36.7365 28.5002 4.3271
v  36.6701 28.5002 4.6606
v  36.7365 29.5002 4.3271
v  60.1736 28.5002 13.1249
v  60.1073 28.5002 13.4585
v  60.1736 29.5002 13.1249
v  83.6108 28.5002 4.3271
v  83.5444 28.5002 4.6606
v  83.6108 29.5002 4.3271
v  60.1736 -28.5002 13.1249
v  60.1073 -28.5002 13.4585
v  60.1736 -29.5002 13.1249
v  60.1736 -28.5002 4.3271
v  60.1073 -28.5002 4.6606
v  60.1736 -29.5002 4.3271
v  36.7365 28.5002 13.1249
v  36.6701 28.5002 13.4585
v  36.7365 29.5002 13.1249
v  83.6108 -28.5002 4.3271
v  83.5444 -28.5002 4.6606
v  83.6108 -29.5002 4.3271
v  83.5444 28.5002 13.4585
v  83.6108 28.5002 13.1249
v  83.6108 29.5002 13.1249
v  60.1073 28.5002 4.6606
v  60.1736 28.5002 4.3271
v  60.1736 29.5002 4.3271
v  36.8458 -19.5050 -0.0002
v  36.8458 19.5050 -0.0002
v  88.1849 -29.5002 12.2151
v  88.3738 -29.5002 12.4978
v  88.1849 -28.5002 12.2151
v  64.9367 29.5002 3.7000
v  64.7477 29.5002 3.4172
v  64.7477 28.5002 3.4172
v  88.3738 29.5002 3.7000
v  88.1849 29.5002 3.4172
v  88.1849 28.5002 3.4172
v  88.1849 -29.5002 3.4172
v  88.3738 -29.5002 3.7000
v  88.1849 -28.5002 3.4172
v  41.3106 -29.5002 12.2151
v  41.4995 -29.5002 12.4978
v  41.3106 -28.5002 12.2151
v  41.4995 29.5002 3.7000
v  41.3106 29.5002 3.4172
v  41.3106 28.5002 3.4172
v  41.4995 29.5002 12.4978
v  41.3106 29.5002 12.2151
v  41.3106 28.5002 12.2151
v  88.1849 29.5002 12.2151
v  88.3738 29.5002 12.4978
v  88.1849 28.5002 12.2151
v  41.3106 -28.5002 3.4172
v  41.3106 -29.5002 3.4172
v  41.4995 -29.5002 3.7000
v  64.9367 29.5002 12.4978
v  64.7477 29.5002 12.2151
v  64.7477 28.5002 12.2151
v  64.7477 -28.5002 12.2151
v  64.7477 -29.5002 12.2151
v  64.9367 -29.5002 12.4978
v  64.7477 -28.5002 3.4172
v  64.7477 -29.5002 3.4172
v  64.9367 -29.5002 3.7000
v  93.8888 9.3054 20.7997
v  94.1599 9.4752 20.7997
v  94.2629 9.3136 20.7997
v  51.8259 6.1789 21.0637
v  94.7783 -9.5391 20.7997
v  93.8633 -9.5391 20.7997
v  94.7783 7.0686 20.7997
v  93.8633 7.0686 20.7997
v  93.8633 6.2211 20.7997
v  93.8633 -10.3866 20.7997
v  103.2556 -18.2778 2.0000
v  69.9033 -5.0335 21.3880
v  69.9697 -4.8916 21.3880
v  94.1388 -12.2977 20.7997
v  94.5447 -12.1122 20.7997
v  81.6969 26.8697 18.8566
v  81.6969 26.7777 18.9381
v  34.8225 26.7777 18.9381
v  103.7000 26.7777 18.9381
v  103.7000 26.8697 18.8566
v  103.7000 28.2395 20.3132
v  42.4020 28.8673 19.5583
v  42.4020 28.7277 19.7615
v  59.5308 28.7277 19.7615
v  21.6700 27.1138 18.5807
v  21.6700 28.7277 19.7615
v  21.6700 28.8673 19.5583
v  95.0358 4.4804 20.7997
v  94.7057 4.1580 20.7997
v  101.5985 15.3290 21.4000
v  101.6702 15.3330 21.4000
v  101.5985 15.3290 20.8001
v  94.5953 10.1399 21.4000
v  94.5279 10.1505 21.4000
v  94.5279 10.1505 20.7997
v  64.0000 -4.3349 21.4000
v  63.9247 -4.3063 21.4000
v  63.9247 -4.3063 21.1000
v  64.1662 -4.6660 21.1000
v  54.1278 6.3903 20.8937
v  54.0167 6.3995 20.9006
v  54.2816 6.6645 21.4000
v  69.9252 -1.5073 21.3880
v  74.0000 23.5000 -0.0000
v  74.0000 16.5000 -0.0000
v  74.0000 -16.5000 -0.0000
v  74.0000 -23.5000 -0.0000
v  63.5600 4.2890 21.4000
v  63.5489 4.1779 21.4000
v  64.3129 4.1795 21.4000
v  63.5534 4.2343 21.4000
v  63.5600 4.2890 21.1000
v  21.6700 27.2263 21.0086
v  21.6700 26.9985 21.1092
v  65.8392 26.9985 21.1092
v  95.9998 -9.5391 20.7997
v  95.9998 7.0686 20.7997
v  95.9998 -10.3866 20.7997
v  95.9998 6.2211 20.7997
v  100.1365 13.2187 20.8001
v  63.7663 4.7568 21.1000
v  64.0616 4.9260 21.1000
v  64.0125 4.9088 21.1000
v  64.0125 4.9088 21.4000
v  96.0041 -6.9581 20.7997
v  95.3223 -8.8307 20.7997
v  95.0159 -8.8307 20.7997
v  95.0159 7.7771 20.7997
v  95.3223 7.7771 20.7997
v  95.3223 -7.9259 20.7997
v  95.0159 -7.9259 20.7997
v  95.0159 8.6818 20.7997
v  95.3223 8.6818 20.7997
v  95.6948 10.1541 20.7997
v  95.9998 10.1541 20.7997
v  94.2938 -11.3938 20.7997
v  94.4777 -10.9388 20.7997
v  94.4777 -11.2805 20.7997
v  94.2938 5.2140 20.7997
v  94.4777 5.6690 20.7997
v  94.4777 5.3273 20.7997
v  60.2859 -0.6387 21.4000
v  94.7783 -10.3866 20.7997
v  94.7783 6.2211 20.7997
v  95.4921 5.2772 21.4000
v  65.2627 7.3935 21.4000
v  64.9192 8.4418 21.1000
v  64.9192 7.3977 21.1000
v  64.9192 7.3977 21.4000
v  64.3476 1.8242 21.4000
v  64.2213 2.7945 21.4000
v  64.1206 2.7871 21.4000
v  64.2213 2.7945 21.1000
v  63.3659 -0.1120 21.1000
v  63.5828 0.2322 21.1000
v  100.4442 14.6085 20.8001
v  100.4480 14.6550 20.8001
v  100.1191 14.6418 20.8001
v  100.4442 14.6085 21.4000
v  98.9021 -19.5050 -0.0002
v  98.9021 19.5050 -0.0002
v  94.4373 -18.9172 -0.0002
v  94.4373 -18.9172 0.9998
v  94.2483 -19.2000 0.9998
v  94.4373 18.9172 0.9998
v  94.2483 19.2000 0.9998
v  94.4373 18.9172 -0.0002
v  39.5872 23.0778 -0.0002
v  39.5872 23.0778 0.9998
v  39.5872 -23.0777 0.9998
v  39.5872 -23.0777 -0.0002
v  60.1736 -21.1729 0.9998
v  60.2829 -21.4950 0.9998
v  60.1736 -21.1729 -0.0002
v  60.1736 21.1729 0.9998
v  60.2829 21.4950 0.9998
v  60.1736 21.1729 -0.0002
v  41.0863 18.6615 0.9998
v  41.0863 -18.6615 0.9998
v  41.0863 28.5002 11.9594
v  87.9606 28.5002 11.9594
v  41.0863 -28.5002 3.1615
v  87.9606 28.5002 3.1615
v  41.0863 28.5002 3.1615
v  87.9606 -28.5002 11.9594
v  41.0863 -28.5002 11.9594
v  64.5235 28.5002 3.1615
v  64.5235 28.5002 11.9594
v  87.9606 -28.5002 3.1615
v  64.5235 -28.5002 3.1615
v  64.5235 -28.5002 11.9594
v  98.5627 -18.9172 -0.0002
v  98.5627 -18.9172 0.9998
v  98.3385 -18.6615 0.9998
v  98.5627 18.9172 0.9998
v  98.3385 18.6615 0.9998
v  98.5627 18.9172 -0.0002
v  38.9085 17.9223 -0.0002
v  38.5749 17.9886 -0.0002
v  38.5749 17.9886 0.9998
v  38.5749 -17.9886 0.9998
v  38.5749 -17.9886 -0.0002
v  38.9085 -17.9222 -0.0002
v  41.6499 21.4950 -0.0002
v  41.6499 -21.4950 -0.0002
v  64.7910 1.8703 21.1000
v  64.8880 1.1906 21.1000
v  69.9105 -4.1262 21.3880
v  69.9376 -4.9222 21.1120
v  64.8569 5.3151 21.4000
v  94.4103 -7.5710 20.7997
v  94.0848 -7.5710 20.7997
v  93.8633 -7.2660 20.7997
v  65.9471 7.5390 21.4000
v  65.8969 7.4739 21.4000
v  65.8969 7.4739 21.1000
v  69.9033 -1.0407 21.3880
v  69.9252 -0.9516 21.3880
v  94.3125 9.8139 21.4000
v  94.3467 9.8293 21.4000
v  94.3467 9.8293 20.7997
v  94.1530 9.5138 21.4000
v  73.1560 -7.0898 21.3880
v  73.1560 -7.5486 21.1120
v  63.3090 0.0640 21.4000
v  63.3346 -0.0253 21.4000
v  63.3346 -0.0253 21.1000
v  93.9680 9.1734 21.4000
v  69.9046 -7.1583 21.1120
v  95.9998 5.0935 21.4000
v  96.0130 5.0077 21.4000
v  95.9998 5.0935 20.7997
v  95.6948 4.9182 20.7997
v  95.6867 5.0045 20.7997
v  95.6867 5.0045 21.4000
v  101.9374 13.4444 20.8001
v  102.0160 13.3890 20.8001
v  102.0160 13.3890 21.4000
v  101.8096 13.1316 20.8001
v  102.1494 12.3206 21.4000
v  102.0874 12.2443 21.4000
v  102.1494 12.3206 20.8001
v  82.9680 28.7277 19.7615
v  82.9680 28.8673 19.5583
v  65.8392 28.8673 19.5583
v  103.7000 28.8673 19.5583
v  103.7000 28.7277 19.7615
v  103.7000 27.1138 18.5807
v  100.4514 14.4671 21.4000
v  100.4451 14.5132 21.4000
v  100.4451 14.5132 20.8001
v  100.4745 14.7923 21.4000
v  100.4620 14.4236 21.4000
v  100.9429 14.3004 21.4000
v  82.9680 -26.2743 21.3249
v  82.9680 -26.0211 21.3663
v  65.8392 -26.0211 21.3663
v  103.7000 -25.7605 19.3831
v  103.7000 -26.0211 21.3663
v  103.7000 -26.2743 21.3249
v  95.9998 -11.5142 20.7997
v  95.6867 -11.6032 20.7997
v  95.6948 -11.6895 20.7997
v  95.6867 -11.6032 21.4000
v  101.0123 14.4558 20.8001
v  101.3270 14.3587 20.8001
v  101.3270 14.3587 21.4000
v  71.5899 -0.1829 21.1120
v  71.5899 -0.1829 21.3880
v  65.7175 1.5840 21.1000
v  94.1388 4.3101 20.7997
v  100.9223 -16.6111 2.0000
v  100.6376 -16.5625 2.0000
v  100.6376 -16.5625 -0.0001
v  65.6137 -0.7872 21.1000
v  65.5248 -0.8311 21.1000
v  65.5248 -0.8311 21.4000
v  65.3358 -0.2570 21.1000
v  95.8135 4.3920 21.4000
v  95.8555 4.4409 21.4000
v  95.8555 4.4409 20.7997
v  102.0874 13.3213 21.4000
v  101.9374 13.4444 21.4000
v  101.8515 13.4874 21.4000
v  101.8515 13.4874 20.8001
v  63.5983 3.6916 21.1000
v  63.5796 3.7548 21.1000
v  63.2954 3.5977 21.1000
v  63.5983 3.6916 21.4000
v  63.6760 7.4739 21.1000
v  63.6254 7.5390 21.1000
v  63.6760 7.4739 21.4000
v  65.9459 9.2839 21.4000
v  65.9883 9.4735 21.4000
v  65.9754 10.4891 21.4000
v  65.9768 9.3690 21.4000
v  65.9459 9.2839 21.1000
v  63.6773 11.4839 21.1000
v  63.6266 11.5491 21.1000
v  63.6773 11.4839 21.4000
v  63.6266 -5.7741 21.1000
v  63.6773 -5.8393 21.1000
v  63.6773 -5.8393 21.4000
v  63.8155 -6.6195 21.1000
v  94.2299 -12.3582 20.7997
v  94.1839 -12.3306 20.7997
v  94.1839 -12.3306 21.4000
v  65.9768 11.6336 21.4000
v  65.9459 11.5491 21.4000
v  65.9459 11.5491 21.1000
v  65.9768 -5.6896 21.4000
v  65.9459 -5.7741 21.4000
v  65.9459 -5.7741 21.1000
v  65.9883 -5.5859 21.4000
v  65.9729 -3.8474 21.4000
v  65.9344 3.6106 21.4000
v  65.9140 3.5611 21.4000
v  65.9140 3.5611 21.1000
v  66.0020 4.2004 21.4000
v  103.4501 18.7500 -0.0000
v  65.4239 3.1662 21.1000
v  65.4773 3.1821 21.1000
v  65.4773 3.1821 21.4000
v  65.7780 3.3567 21.1000
v  63.6100 -3.9260 21.4000
v  63.5980 -3.8810 21.4000
v  63.5980 -3.8810 21.1000
v  64.0805 -4.3524 21.4000
v  64.9192 8.4418 21.4000
v  102.1775 15.0574 21.4000
v  102.2579 14.2771 21.4000
v  63.7559 -8.1777 21.1000
v  64.3090 -9.3508 21.1000
v  94.3125 9.8139 20.7997
v  94.2792 9.7941 20.7997
v  94.2792 9.7941 21.4000
v  94.1518 10.0749 20.7997
v  95.6810 4.2772 20.7997
v  95.6346 4.2496 21.4000
v  71.5461 -0.2047 21.3880
v  71.4989 -0.2236 21.3880
v  71.4989 -0.2236 21.1120
v  71.1208 0.4553 21.3880
v  71.4483 -0.2395 21.3880
v  71.6303 -0.1582 21.3880
v  71.5029 2.7460 21.3880
v  71.5508 2.7649 21.3880
v  71.5508 2.7649 21.1120
v  71.9269 2.1325 21.3880
v  71.6023 2.7809 21.3880
v  71.4585 2.7242 21.3880
v  70.2904 -0.2236 21.1120
v  70.2425 -0.2047 21.1120
v  70.2904 -0.2236 21.3880
v  34.8225 27.3979 18.0318
v  34.8225 27.4340 17.9110
v  81.6969 27.4340 17.9110
v  21.6700 29.3680 18.4220
v  21.6700 27.4340 17.9110
v  21.6700 27.3979 18.0318
v  63.5364 1.3190 21.1000
v  70.4648 0.4869 21.3880
v  69.9374 0.2069 21.3880
v  69.9830 0.0548 21.3880
v  69.9649 0.1020 21.3880
v  69.9649 0.1020 21.1120
v  60.1736 29.5002 14.4708
v  60.1073 29.5002 14.1372
v  60.1736 28.5002 14.4708
v  60.1736 -28.5002 5.6729
v  60.1736 -29.5002 5.6729
v  60.1073 -29.5002 5.3394
v  36.7365 -28.5002 14.4708
v  36.7365 -29.5002 14.4708
v  36.6701 -29.5002 14.1372
v  36.7365 -28.5002 5.6729
v  36.7365 -29.5002 5.6729
v  36.6701 -29.5002 5.3394
v  83.6108 -28.5002 14.4708
v  83.6108 -29.5002 14.4708
v  83.5444 -29.5002 14.1372
v  36.7365 29.5002 5.6729
v  36.6701 29.5002 5.3394
v  36.7365 28.5002 5.6729
v  60.1736 -28.5002 14.4708
v  60.1736 -29.5002 14.4708
v  60.1073 -29.5002 14.1372
v  83.6108 -28.5002 5.6729
v  83.6108 -29.5002 5.6729
v  83.5444 -29.5002 5.3394
v  60.1736 29.5002 5.6729
v  60.1073 29.5002 5.3394
v  60.1736 28.5002 5.6729
v  36.7365 29.5002 14.4708
v  36.6701 29.5002 14.1372
v  36.7365 28.5002 14.4708
v  83.6108 29.5002 14.4708
v  83.5444 29.5002 14.1372
v  83.6108 28.5002 14.4708
v  83.6108 29.5002 5.6729
v  83.5444 29.5002 5.3394
v  83.6108 28.5002 5.6729
v  97.4950 -22.9021 -0.0002
v  97.4950 22.9021 -0.0002
v  51.4197 1.6154 21.4000
v  53.4352 -0.4013 21.4000
v  21.6700 26.3631 19.2043
v  21.6700 26.2492 19.2546
v  21.6700 26.8697 18.8566
v  21.6700 -26.2492 19.2546
v  21.6700 -26.3631 19.2043
v  21.6700 -26.7777 18.9381
v  21.6700 -26.8697 18.8566
v  48.0347 2.9962 21.5356
v  48.1510 3.2233 21.5124
v  65.8392 -26.2743 21.3249
v  21.6700 -26.2743 21.3249
v  21.6700 -26.0211 21.3663
v  63.5839 8.1243 21.4000
v  63.5839 8.1243 21.1000
v  63.9107 8.4460 21.4000
v  73.0377 -6.3294 21.1120
v  73.0631 -6.3811 21.1120
v  95.5651 -11.3878 21.4000
v  95.6218 -11.4524 21.4000
v  53.6524 6.4161 20.9241
v  53.3175 6.4132 20.9469
v  103.7000 -26.3631 19.2043
v  81.6969 -26.3631 19.2043
v  101.0343 16.5227 20.8001
v  101.3269 16.5538 20.8001
v  100.8835 16.7738 20.8001
v  101.0030 17.0463 20.8001
v  73.4367 8.5763 21.1120
v  65.9318 -11.5837 21.4000
v  65.9640 -11.6547 21.4000
v  65.9704 -11.6750 21.4000
v  65.9704 -11.6750 21.1000
v  63.5900 -2.7184 21.4000
v  65.9810 -10.9552 21.1000
v  65.9865 -10.8983 21.1000
v  65.9865 -10.8983 21.4000
v  65.8183 -11.5000 21.1000
v  65.9588 -11.0447 21.1000
v  63.8322 -2.3079 21.1000
v  63.9820 -2.2414 21.1000
v  64.1662 -2.2100 21.1000
v  65.9768 9.3690 21.1000
v  65.9883 9.4735 21.1000
v  65.8955 9.2180 21.1000
v  63.6266 9.2838 21.4000
v  63.5955 9.3690 21.4000
v  63.5955 9.3690 21.1000
v  65.8182 -11.1431 21.4000
v  65.7658 -11.1507 21.4000
v  65.7658 -11.1507 21.1000
v  65.9883 -10.8332 21.4000
v  63.6773 9.2180 21.1000
v  63.6266 9.2838 21.1000
v  63.6773 9.2180 21.4000
v  65.9810 -10.9552 21.4000
v  65.9717 -11.0040 21.4000
v  65.9717 -11.0040 21.1000
v  65.7045 -11.1554 21.4000
v  65.8963 -11.1185 21.4000
v  63.6266 11.5491 21.4000
v  63.5955 11.6336 21.4000
v  63.5955 11.6336 21.1000
v  63.6266 -5.7741 21.4000
v  63.5955 -5.6896 21.4000
v  63.5955 -5.6896 21.1000
v  65.8955 11.4839 21.1000
v  65.9768 11.6336 21.1000
v  65.9883 11.7373 21.1000
v  65.9768 -5.6896 21.1000
v  65.9883 -5.5859 21.1000
v  65.8369 -6.6464 21.1000
v  65.8955 -5.8393 21.1000
v  65.9883 -7.8519 21.4000
v  65.9502 -8.0379 21.4000
v  65.9026 -8.1030 21.4000
v  65.9026 -8.1030 21.1000
v  65.7504 -8.1774 21.1000
v  65.9095 -8.9644 21.1000
v  65.9564 -9.0289 21.1000
v  65.9095 -8.9644 21.4000
v  65.8369 6.6639 21.1000
v  65.9883 7.7263 21.1000
v  101.4224 16.7610 21.4000
v  101.9246 16.6942 21.4000
v  101.6468 16.8453 21.4000
v  102.0508 17.0467 20.8001
v  101.8704 16.7610 20.8001
v  63.6276 6.5570 21.4000
v  63.6739 6.6204 21.4000
v  63.6739 6.6204 21.1000
v  65.9459 6.5558 21.1000
v  65.8997 6.6190 21.1000
v  65.8997 6.6190 21.4000
v  15.6700 25.5000 20.4000
v  65.9883 -7.8519 21.1000
v  65.9527 -2.7780 21.4000
v  65.9074 -2.8418 21.4000
v  65.9074 -2.8418 21.1000
v  66.3211 0.4483 21.1000
v  66.3183 0.3474 21.1000
v  66.3183 0.3474 21.4000
v  66.0258 0.4400 21.1000
v  63.7464 7.4280 21.1000
v  63.5839 6.3743 21.1000
v  64.2678 -18.4373 -0.0002
v  64.2678 -18.4373 0.9998
v  63.9850 -18.2483 0.9998
v  64.2678 18.4373 0.9998
v  63.9850 18.2483 0.9998
v  64.2678 18.4373 -0.0002
v  37.1851 -22.0828 -0.0002
v  37.1851 22.0828 -0.0002
v  36.9962 19.2000 0.9998
v  37.1851 18.9172 0.9998
v  37.1851 18.9172 -0.0002
v  37.1851 -18.9172 -0.0002
v  37.1851 -18.9172 0.9998
v  36.9962 -19.2000 0.9998
v  94.9172 -22.5627 -0.0002
v  94.9172 -22.5627 0.9998
v  95.2000 -22.7517 0.9998
v  95.2000 22.7517 0.9998
v  94.9172 22.5627 0.9998
v  94.9172 22.5627 -0.0002
v  97.1729 17.9886 -0.0002
v  97.1729 -17.9886 -0.0002
v  93.9222 -20.8394 -0.0002
v  93.9222 -20.8394 0.9998
v  93.9222 20.8394 -0.0002
v  93.9222 20.8394 0.9998
v  100.1804 14.9489 20.8001
v  100.2024 15.0063 20.8001
v  100.2024 15.0063 21.4000
v  65.9459 10.5695 21.1000
v  65.8997 10.6321 21.1000
v  65.8997 10.6321 21.4000
v  65.8258 11.4377 21.1000
v  65.9458 -6.7537 21.1000
v  65.8997 -6.6911 21.1000
v  65.8258 9.1715 21.1000
v  65.9011 8.3656 21.1000
v  65.9471 8.3030 21.1000
v  65.9011 8.3656 21.4000
v  65.3123 5.4583 21.4000
v  69.9033 -7.5486 21.1120
v  63.6276 -6.7530 21.4000
v  63.6739 -6.6907 21.4000
v  63.6739 -6.6907 21.1000
v  63.6276 10.5702 21.4000
v  63.6739 10.6325 21.4000
v  63.6739 10.6325 21.1000
v  63.5838 -6.9310 21.1000
v  63.5839 10.3922 21.1000
v  63.7476 11.4378 21.1000
v  65.9883 -6.9324 21.4000
v  65.9883 10.3908 21.4000
v  65.9911 -2.5963 21.1000
v  65.9883 -3.9440 21.4000
v  65.7647 -2.9156 21.1000
v  65.8998 -3.7053 21.1000
v  65.9434 -3.7678 21.1000
v  65.8998 -3.7053 21.4000
v  63.6276 8.3030 21.1000
v  63.5976 8.2226 21.1000
v  63.5976 8.2226 21.4000
v  63.7476 9.1715 21.1000
v  63.6739 8.3656 21.1000
v  94.2220 10.1095 21.4000
v  93.8642 9.6989 21.4000
v  94.0239 9.9759 21.4000
v  94.0858 10.0303 21.4000
v  94.0239 9.9759 20.7997
v  21.6700 -29.2093 18.8985
v  42.4020 -29.2093 18.8985
v  42.4020 -29.2959 18.6635
v  59.5308 -29.2959 18.6635
v  15.6700 27.0511 24.4420
v  60.8465 18.6615 -0.0002
v  60.6223 18.9172 -0.0002
v  60.6223 18.9172 0.9998
v  60.8465 -18.6615 -0.0002
v  60.6223 -18.9172 -0.0002
v  60.6223 -18.9172 0.9998
v  61.1022 -29.5002 7.0627
v  61.1022 -28.5002 7.0627
v  61.3850 -28.5002 7.2517
v  84.8222 28.5002 7.2517
v  84.5394 28.5002 7.0627
v  84.5394 29.5002 7.0627
v  37.6651 -29.5002 7.0627
v  37.6651 -28.5002 7.0627
v  37.9479 -28.5002 7.2517
v  84.5394 -29.5002 7.0627
v  84.5394 -28.5002 7.0627
v  84.8222 -28.5002 7.2517
v  61.3850 28.5002 7.2517
v  61.1022 28.5002 7.0627
v  61.1022 29.5002 7.0627
v  37.9479 28.5002 7.2517
v  37.6651 28.5002 7.0627
v  37.6651 29.5002 7.0627
v  84.8222 28.5002 16.0495
v  84.5394 28.5002 15.8606
v  84.5394 29.5002 15.8606
v  84.5394 -29.5002 15.8606
v  84.5394 -28.5002 15.8606
v  84.8222 -28.5002 16.0495
v  37.6651 -29.5002 15.8606
v  37.6651 -28.5002 15.8606
v  37.9479 -28.5002 16.0495
v  61.1022 -29.5002 15.8606
v  61.1022 -28.5002 15.8606
v  61.3850 -28.5002 16.0495
v  37.9479 28.5002 16.0495
v  37.6651 28.5002 15.8606
v  37.6651 29.5002 15.8606
v  61.3850 28.5002 16.0495
v  61.1022 28.5002 15.8606
v  61.1022 29.5002 15.8606
v  60.4333 -19.2000 0.9998
v  60.4333 19.2000 0.9998
v  62.3456 17.9222 -0.0002
v  62.3456 17.9222 0.9998
v  62.3456 -17.9222 0.9998
v  62.3456 -17.9222 -0.0002
v  62.0121 -17.9886 0.9998
v  62.0121 17.9886 0.9998
v  65.2628 20.1606 0.9998
v  65.2628 -20.1606 0.9998
v  73.1389 -6.6566 21.3880
v  72.6222 -6.7446 21.3880
v  72.6346 -6.7993 21.3880
v  72.6222 -6.7446 21.1120
v  63.6044 -8.0428 21.1000
v  63.6405 -8.1057 21.1000
v  63.6910 -8.1507 21.1000
v  63.5755 -11.8008 21.1000
v  63.6947 -11.5132 21.1000
v  54.2885 -6.2602 21.7387
v  54.1088 -6.4399 21.4000
v  54.5334 -6.3912 21.4000
v  63.5755 -7.8630 21.4000
v  103.7000 -27.1836 18.4792
v  103.7000 -28.8673 19.5583
v  103.7000 -28.9944 19.3464
v  59.5308 -28.8673 19.5583
v  102.1775 15.0574 20.8001
v  101.8858 14.8961 20.8001
v  101.9109 14.8561 20.8001
v  101.8858 14.8961 21.4000
v  56.2485 5.8204 20.7887
v  56.5728 6.1447 21.4000
v  56.2586 6.2711 21.4000
v  66.0237 0.4935 21.1000
v  66.0237 0.4935 21.4000
v  70.7513 7.0756 21.3880
v  59.8362 -2.2503 21.4000
v  59.9851 -1.8622 21.4000
v  59.8147 -2.0325 21.0789
v  96.0039 -11.8486 20.7997
v  95.6832 -11.7962 20.7997
v  42.4020 -28.2395 20.3132
v  42.4020 -28.4132 20.1395
v  59.5308 -28.4132 20.1395
v  21.6700 -28.2395 20.3132
v  51.3433 6.0189 21.1072
v  51.6652 6.2396 21.4000
v  59.9224 -1.6515 21.0458
v  100.2970 16.9751 20.8001
v  100.3531 17.0242 20.8001
v  100.3531 17.0242 21.4000
v  100.5469 16.7525 20.8001
v  100.9180 14.2744 20.8001
v  100.9429 14.3004 20.8001
v  101.1916 14.0771 20.8001
v  95.4987 5.6440 21.4000
v  95.5867 5.6110 21.4000
v  95.4987 5.6440 20.7997
v  63.8354 0.9640 21.4000
v  63.6772 0.8185 21.4000
v  63.7484 0.8955 21.4000
v  72.5809 2.1245 21.3880
v  72.9548 2.7075 21.3880
v  72.8257 2.7824 21.3880
v  72.8940 2.7496 21.3880
v  72.8940 2.7496 21.1120
v  65.9640 -11.6547 21.1000
v  65.8958 -11.5406 21.1000
v  63.2968 4.9143 21.1000
v  63.7054 4.6904 21.1000
v  63.3438 4.8965 21.1000
v  65.7423 5.3548 21.4000
v  66.2754 3.1495 21.1000
v  65.8404 3.4262 21.1000
v  66.2231 3.1658 21.1000
v  15.6700 -27.2067 24.2304
v  15.6700 -27.2457 24.1560
v  19.6700 -27.2457 24.1560
v  63.9577 -0.1599 21.1000
v  63.5405 -0.4255 21.1000
v  63.8036 -0.6844 21.1000
v  63.7278 -0.6254 21.1000
v  63.7278 -0.6254 21.4000
v  63.8322 -2.3079 21.4000
v  63.9820 -2.2414 21.4000
v  65.8541 -0.6254 21.4000
v  65.7783 -0.6844 21.4000
v  65.8541 -0.6254 21.1000
v  101.8869 12.5165 20.8001
v  101.8513 12.4731 20.8001
v  101.8869 12.5165 21.4000
v  101.7620 12.4034 21.4000
v  101.9679 12.7832 21.4000
v  101.8513 13.0933 21.4000
v  101.8869 13.0499 21.4000
v  101.8869 13.0499 20.8001
v  63.9514 3.4313 21.1000
v  63.9686 2.7996 21.1000
v  64.1206 2.7871 21.1000
v  63.9686 2.7996 21.4000
v  15.6700 -25.9461 25.0081
v  72.6071 -6.6890 21.1120
v  102.8598 -17.6736 2.0000
v  102.8598 -17.6736 -0.0000
v  102.7001 -17.5000 -0.0000
v  102.7001 17.5000 2.0000
v  65.6808 1.0009 21.4000
v  65.4117 1.1133 21.4000
v  65.4849 1.0896 21.4000
v  65.4849 1.0896 21.1000
v  95.6346 -12.3582 21.4000
v  95.6810 -12.3306 21.4000
v  95.6810 -12.3306 20.7997
v  51.1247 -5.5985 21.9080
v  50.8551 -5.8680 21.4000
v  51.2262 -6.0268 21.4000
v  101.9374 12.1217 20.8001
v  101.8515 12.0788 20.8001
v  101.8515 12.0788 21.4000
v  101.7620 12.4034 20.8001
v  64.7934 3.3101 21.1000
v  64.7679 3.2507 21.1000
v  64.7679 3.2507 21.4000
v  64.1760 3.6003 21.1000
v  64.8170 3.3736 21.1000
v  65.6982 -0.7383 21.1000
v  65.4837 -0.2152 21.1000
v  65.4117 -0.2378 21.1000
v  65.4837 -0.2152 21.4000
v  51.8634 -5.9082 21.8790
v  52.2484 -6.0291 21.8611
v  52.0038 -6.2737 21.4000
v  21.6700 27.4464 20.8944
v  21.6700 27.6583 20.7672
v  59.5308 27.4464 20.8944
v  59.5308 27.6583 20.7673
v  42.4020 27.6583 20.7673
v  100.2795 15.1691 21.4000
v  100.2519 15.1164 20.8001
v  100.6376 16.5625 2.0000
v  100.9223 16.6111 2.0000
v  100.9223 16.6111 -0.0001
v  47.2947 0.8357 21.4000
v  63.7886 3.4529 21.4000
v  63.7631 3.4652 21.4000
v  63.9514 3.4313 21.4000
v  64.2117 3.6710 21.4000
v  100.9165 16.7525 21.4000
v  100.9473 16.7266 21.4000
v  100.9473 16.7266 20.8001
v  100.4646 16.6599 21.4000
v  66.2754 3.1495 21.4000
v  57.5946 -5.1070 21.4369
v  57.5751 -5.1266 21.4000
v  57.2376 -5.3615 21.4000
v  65.1709 -0.2862 21.4000
v  65.5518 -0.1892 21.4000
v  48.6697 -4.1779 21.4000
v  48.4265 -3.8640 21.4000
v  48.9558 -3.8918 21.9393
v  64.1662 -4.3589 21.1000
v  63.8546 -4.2667 21.1000
v  48.4834 -3.2543 21.9282
v  48.2760 -2.9149 21.9192
v  48.0005 -3.1903 21.4000
v  101.8253 14.9588 21.4000
v  101.6702 15.0090 21.4000
v  101.4297 14.8852 21.4000
v  101.7908 14.9808 21.4000
v  101.8253 14.9588 20.8001
v  94.0858 10.0303 20.7997
v  94.2468 9.7699 20.7997
v  94.2336 9.3410 20.7997
v  94.2629 9.3136 21.4000
v  65.3212 -9.8181 21.4000
v  47.4210 0.1847 21.7674
v  101.1717 16.8204 21.4000
v  101.6931 -16.8403 2.0000
v  63.6254 7.5390 21.4000
v  63.5947 7.6231 21.4000
v  63.5947 7.6231 21.1000
v  64.4045 -0.2862 21.4000
v  64.1629 -0.2378 21.4000
v  64.0905 -0.2152 21.4000
v  64.0905 -0.2152 21.1000
v  81.6969 -27.4625 17.7871
v  81.6969 -27.4831 17.6605
v  34.8225 -27.4831 17.6605
v  103.7000 -29.4663 17.9211
v  103.7000 -27.4831 17.6605
v  103.7000 -27.4625 17.7871
v  103.7000 25.7605 19.3831
v  103.7000 25.8872 19.3625
v  103.7000 26.2743 21.3249
v  81.6969 25.8871 19.3625
v  81.6969 25.7605 19.3831
v  34.8225 25.7605 19.3831
v  73.0837 -4.2417 21.1120
v  73.1008 -4.2266 21.1120
v  73.1008 -4.2266 21.3880
v  73.1389 -6.6566 21.1120
v  100.2933 14.0625 20.8001
v  100.2396 14.1274 20.8001
v  100.2396 14.1274 21.4000
v  100.5192 14.3081 20.8001
v  100.3547 14.0067 20.8001
v  95.5867 -10.9968 21.4000
v  95.4987 -10.9638 21.4000
v  95.4987 -10.9638 20.7997
v  63.2968 4.9143 21.4000
v  21.6700 -25.7628 21.3915
v  19.6700 -27.3219 23.9235
v  19.6700 -27.3034 24.0025
v  15.6700 -27.3034 24.0025
v  101.6702 15.3330 20.8001
v  101.7648 15.3274 20.8001
v  101.7133 15.0059 20.8001
v  63.7484 0.8955 21.1000
v  63.6772 0.8185 21.1000
v  63.4382 1.1701 21.1000
v  70.4980 0.4553 21.3880
v  70.2425 -0.2047 21.3880
v  103.7000 26.0211 21.3663
v  82.9680 26.2743 21.3249
v  50.4002 5.5654 21.2017
v  15.6700 25.5833 25.0498
v  72.9548 2.7075 21.1120
v  73.0079 2.6560 21.1120
v  81.6969 27.1836 18.4792
v  81.6969 27.1138 18.5807
v  34.8225 27.1138 18.5807
v  103.7000 27.1836 18.4792
v  63.6587 4.6165 21.4000
v  63.6398 4.5762 21.4000
v  64.3507 4.3953 21.4000
v  63.6587 4.6165 21.1000
v  100.4935 13.9256 21.4000
v  100.4214 13.9610 21.4000
v  100.4935 13.9256 20.8001
v  69.9830 0.0548 21.1120
v  71.8936 2.1010 21.3880
v  71.2434 2.4866 21.3880
v  71.2253 2.4394 21.3880
v  71.2434 2.4866 21.1120
v  71.1453 0.4736 21.3880
v  71.7587 -0.0295 21.3880
v  71.8375 0.1525 21.3880
v  71.8224 0.1020 21.3880
v  71.8042 0.0548 21.3880
v  71.8042 0.0548 21.1120
v  103.6376 -19.5625 2.0000
v  103.6376 -19.5625 -0.0000
v  103.5889 -19.2778 -0.0000
v  103.7000 -28.7277 19.7615
v  103.7000 -27.1138 18.5807
v  103.7000 -27.0381 18.6777
v  81.6969 -27.0381 18.6777
v  81.6969 -27.1138 18.5807
v  34.8225 -27.1138 18.5807
v  103.5889 19.2778 2.0000
v  103.6376 19.5625 2.0000
v  103.6376 19.5625 -0.0000
v  100.6376 16.5625 -0.0001
v  100.5518 17.1178 21.4000
v  100.4805 17.0955 21.4000
v  100.4805 17.0955 20.8001
v  101.8659 14.1562 21.4000
v  101.8410 14.1090 21.4000
v  101.8410 14.1090 20.8001
v  101.8886 14.2055 21.4000
v  101.3037 14.2773 21.4000
v  64.3476 1.8242 21.1000
v  64.3205 1.1519 21.1000
v  64.5350 4.9157 21.1000
v  64.5707 4.9824 21.1000
v  64.5890 5.0141 21.1000
v  64.5890 5.0141 21.4000
v  64.1661 4.9530 21.4000
v  64.4845 4.8104 21.4000
v  64.6748 -0.9763 21.4000
v  65.9525 0.7345 21.1000
v  66.2713 0.8249 21.1000
v  66.0091 4.0818 21.4000
v  66.0095 4.0163 21.4000
v  66.0095 4.0163 21.1000
v  101.0226 13.9444 20.8001
v  100.9582 13.9162 20.8001
v  100.8359 14.2216 20.8001
v  102.0868 13.8811 20.8001
v  101.8659 14.1562 20.8001
v  21.6700 -26.4870 24.8397
v  21.6700 -26.5830 24.7931
v  19.6700 -26.5822 24.7935
v  19.6700 -26.4863 24.8400
v  15.6700 -26.4863 24.8400
v  100.9165 16.7525 20.8001
v  65.7651 4.7133 21.1000
v  65.7393 4.7319 21.4000
v  63.2754 3.7372 21.1000
v  63.2844 3.6672 21.1000
v  63.2844 3.6672 21.4000
v  101.8886 14.2055 20.8001
v  65.7651 4.7133 21.4000
v  65.6837 4.7624 21.4000
v  65.7122 4.7483 21.4000
v  65.7122 4.7483 21.1000
v  59.9322 1.3331 20.8432
v  60.6223 22.0828 -0.0002
v  60.6223 -22.0828 -0.0002
v  98.5627 -22.0828 0.9998
v  98.5627 22.0828 0.9998
v  39.9208 -23.0114 0.9998
v  62.3456 23.0778 0.9998
v  62.3456 -23.0778 0.9998
v  39.9208 23.0114 0.9998
v  96.1606 -17.9222 0.9998
v  96.1606 17.9222 0.9998
v  39.9208 -28.5002 16.3093
v  63.3579 28.5002 16.3093
v  39.9208 28.5002 16.3093
v  63.3579 -28.5002 16.3093
v  86.7951 28.5002 16.3093
v  86.7951 -28.5002 16.3093
v  39.9208 -28.5002 7.5114
v  63.3579 28.5002 7.5114
v  86.7951 -28.5002 7.5114
v  63.3579 -28.5002 7.5114
v  86.7951 28.5002 7.5114
v  39.9208 28.5002 7.5114
v  84.5394 -29.5002 2.9373
v  84.8222 -29.5002 2.7483
v  84.5394 -28.5002 2.9373
v  61.1022 -29.5002 11.7351
v  61.3850 -29.5002 11.5462
v  61.1022 -28.5002 11.7351
v  61.1022 -28.5002 2.9373
v  61.1022 -29.5002 2.9373
v  61.3850 -29.5002 2.7483
v  84.5394 29.5002 2.9373
v  84.8222 29.5002 2.7483
v  84.5394 28.5002 2.9373
v  37.9479 29.5002 2.7483
v  37.6651 29.5002 2.9373
v  37.6651 28.5002 2.9373
v  84.5394 -29.5002 11.7351
v  84.8222 -29.5002 11.5462
v  84.5394 -28.5002 11.7351
v  37.6651 -28.5002 2.9373
v  37.6651 -29.5002 2.9373
v  37.9479 -29.5002 2.7483
v  61.3850 29.5002 11.5462
v  61.1022 29.5002 11.7351
v  61.1022 28.5002 11.7351
v  84.5394 29.5002 11.7351
v  84.8222 29.5002 11.5462
v  84.5394 28.5002 11.7351
v  37.6651 29.5002 11.7351
v  37.9479 29.5002 11.5462
v  37.6651 28.5002 11.7351
v  61.3850 29.5002 2.7483
v  61.1022 29.5002 2.9373
v  61.1022 28.5002 2.9373
v  37.6651 -29.5002 11.7351
v  37.9479 -29.5002 11.5462
v  37.6651 -28.5002 11.7351
v  63.0244 29.5002 11.2201
v  63.3579 29.5002 11.2864
v  63.0244 28.5002 11.2201
v  39.5872 29.5002 2.4222
v  39.9208 29.5002 2.4886
v  39.5872 28.5002 2.4222
v  63.0244 29.5002 2.4222
v  63.3579 29.5002 2.4886
v  63.0244 28.5002 2.4222
v  86.4615 29.5002 2.4222
v  86.7951 29.5002 2.4886
v  86.4615 28.5002 2.4222
v  39.5872 -29.5002 2.4222
v  39.9208 -29.5002 2.4886
v  39.5872 -28.5002 2.4222
v  86.4615 29.5002 11.2201
v  86.7951 29.5002 11.2864
v  86.4615 28.5002 11.2201
v  63.0244 -29.5002 2.4222
v  63.3579 -29.5002 2.4886
v  63.0244 -28.5002 2.4222
v  86.4615 -29.5002 11.2201
v  86.7951 -29.5002 11.2864
v  86.4615 -28.5002 11.2201
v  86.4615 -29.5002 2.4222
v  86.7951 -29.5002 2.4886
v  86.4615 -28.5002 2.4222
v  63.0244 -29.5002 11.2201
v  63.3579 -29.5002 11.2864
v  63.0244 -28.5002 11.2201
v  39.5872 -29.5002 11.2201
v  39.9208 -29.5002 11.2864
v  39.5872 -28.5002 11.2201
v  39.5872 29.5002 11.2201
v  39.9208 29.5002 11.2864
v  39.5872 28.5002 11.2201
v  60.8465 -28.5002 11.9594
v  37.4094 28.5002 3.1615
v  37.4094 -28.5002 3.1615
v  84.2837 -28.5002 3.1615
v  60.8465 28.5002 11.9594
v  84.2837 -28.5002 11.9594
v  84.2837 28.5002 3.1615
v  37.4094 28.5002 11.9594
v  84.2837 28.5002 11.9594
v  60.8465 28.5002 3.1615
v  37.4094 -28.5002 11.9594
v  60.8465 -28.5002 3.1615
v  38.9085 17.9223 0.9998
v  38.9085 -17.9222 0.9998
v  99.1000 -20.5000 0.9998
v  99.0778 -20.1606 0.9998
v  99.1000 20.5000 0.9998
v  99.0778 20.1606 0.9998
v  83.7201 -28.5002 5.9950
v  83.7201 28.5002 14.7928
v  36.8458 28.5002 14.7928
v  60.2829 28.5002 5.9950
v  60.2829 -28.5002 5.9950
v  83.7201 28.5002 5.9950
v  60.2829 28.5002 14.7928
v  60.2829 -28.5002 14.7928
v  36.8458 -28.5002 5.9950
v  36.8458 28.5002 5.9950
v  36.8458 -28.5002 14.7928
v  83.7201 -28.5002 14.7928
v  36.8458 21.4950 0.9998
v  36.8458 -21.4950 0.9998
v  64.2678 -22.5627 0.9998
v  64.2678 -22.5627 -0.0002
v  63.9850 -22.7517 -0.0002
v  63.9850 22.7517 -0.0002
v  64.2678 22.5627 -0.0002
v  64.2678 22.5627 0.9998
v  64.7477 -22.0828 0.9998
v  64.9367 -21.8000 0.9998
v  64.7477 -22.0828 -0.0002
v  64.9367 21.8000 0.9998
v  64.7477 22.0828 0.9998
v  64.7477 22.0828 -0.0002
v  60.1073 -20.1606 -0.0002
v  60.0850 -20.5000 0.9998
v  60.1073 20.1606 -0.0002
v  60.0850 20.5000 0.9998
v  41.8256 -20.1606 0.9998
v  41.8256 20.1606 0.9998
v  65.2628 28.5002 13.4585
v  65.2628 -28.5002 13.4585
v  88.6999 -28.5002 4.6606
v  41.8256 28.5002 13.4585
v  65.2628 28.5002 4.6606
v  65.2628 -28.5002 4.6606
v  88.6999 28.5002 13.4585
v  41.8256 28.5002 4.6606
v  41.8256 -28.5002 13.4585
v  88.6999 28.5002 4.6606
v  88.6999 -28.5002 13.4585
v  41.8256 -28.5002 4.6606
v  60.0541 2.2946 21.4000
v  65.9883 -10.8332 21.1000
v  95.4921 5.2772 20.7997
v  95.5651 5.2199 20.7997
v  95.5651 -11.3878 20.7997
v  95.4921 -11.3305 20.7997
v  95.4921 -11.3305 21.4000
v  65.9776 7.6231 21.1000
v  65.9471 7.5390 21.1000
v  65.9776 7.6231 21.4000
v  93.8750 4.6864 21.4000
v  93.8579 4.7591 21.4000
v  93.8750 4.6864 20.7997
v  93.8750 -11.9214 21.4000
v  93.8579 -11.8486 21.4000
v  93.8750 -11.9214 20.7997
v  65.5522 1.6871 21.1000
v  65.4117 1.1133 21.1000
v  101.0221 14.5075 21.4000
v  101.0123 14.4558 21.4000
v  100.9223 -16.6111 -0.0001
v  103.5889 -19.2778 2.0000
v  69.9105 2.6862 21.1120
v  70.2634 7.0232 21.1120
v  65.9564 -9.0289 21.4000
v  65.9826 -9.1119 21.4000
v  65.9826 -9.1119 21.1000
v  82.9680 -27.6583 20.7673
v  82.9680 -27.5000 20.8622
v  65.8392 -27.5000 20.8622
v  103.7000 -26.4732 19.1472
v  103.7000 -27.5000 20.8622
v  103.7000 -27.6583 20.7673
v  64.0193 1.0622 21.4000
v  65.9806 -2.6961 21.1000
v  65.9527 -2.7780 21.1000
v  65.9806 -2.6961 21.4000
v  54.6973 -6.2273 21.7088
v  55.0976 -6.1688 21.6778
v  54.9502 -6.3161 21.4000
v  63.5976 6.4750 21.1000
v  63.6276 6.5570 21.1000
v  63.5976 6.4750 21.4000
v  65.9754 6.4742 21.4000
v  65.9459 6.5558 21.4000
v  65.9754 6.4742 21.1000
v  71.8224 0.1020 21.1120
v  21.6700 -25.7605 19.3831
v  21.6700 -25.8871 19.3625
v  34.8225 -25.8871 19.3625
v  34.8225 -25.7605 19.3831
v  81.6969 -25.7605 19.3831
v  55.9361 6.3811 21.4000
v  55.6253 6.0702 20.8140
v  55.9407 5.9531 20.8006
v  66.3098 0.2494 21.4000
v  65.9471 8.3030 21.4000
v  65.9762 8.2226 21.4000
v  65.9762 8.2226 21.1000
v  65.9754 -6.8341 21.4000
v  65.9458 -6.7537 21.4000
v  65.9754 -6.8341 21.1000
v  65.6282 9.1365 21.4000
v  65.7575 10.7036 21.4000
v  65.9459 10.5695 21.4000
v  65.9754 10.4891 21.1000
v  63.6053 -11.6210 21.1000
v  63.5830 -11.7020 21.1000
v  63.5830 -11.7020 21.4000
v  63.6044 -8.0428 21.4000
v  63.5827 -7.9619 21.4000
v  63.5827 -7.9619 21.1000
v  63.6276 -6.7530 21.1000
v  63.5975 -6.8331 21.1000
v  63.5975 -6.8331 21.4000
v  63.6276 10.5702 21.1000
v  63.5976 10.4901 21.1000
v  63.5976 10.4901 21.4000
v  95.9473 5.2538 21.4000
v  65.6282 -5.9201 21.4000
v  65.7700 -3.6316 21.4000
v  65.9434 -3.7678 21.4000
v  65.9729 -3.8474 21.1000
v  58.8031 3.7449 20.7563
v  102.1999 16.8678 20.8001
v  102.2318 16.8001 20.8001
v  102.2318 16.8001 21.4000
v  102.1588 16.9321 20.8001
v  101.9246 16.6942 20.8001
v  66.2808 4.5330 21.4000
v  66.2408 4.7096 21.1000
v  58.7252 4.6015 21.4000
v  62.3456 -23.0778 -0.0002
v  62.3456 23.0778 -0.0002
v  96.1606 -23.0778 -0.0002
v  96.5000 -23.1000 0.9998
v  96.1606 23.0778 -0.0002
v  96.5000 23.1000 0.9998
v  94.6615 -18.6615 -0.0002
v  94.6615 18.6615 -0.0002
v  94.6615 -22.3385 -0.0002
v  94.6615 22.3385 -0.0002
v  41.0863 -22.3385 0.9998
v  41.3106 -22.0828 0.9998
v  41.0863 -22.3385 -0.0002
v  41.0863 22.3385 0.9998
v  41.3106 22.0828 0.9998
v  41.0863 22.3385 -0.0002
v  98.5627 22.0828 -0.0002
v  98.5627 -22.0828 -0.0002
v  85.7828 -29.5002 16.3756
v  86.1222 -28.5002 16.3979
v  38.9085 -29.5002 16.3756
v  39.2479 -28.5002 16.3979
v  38.9085 29.5002 16.3756
v  39.2479 28.5002 16.3979
v  62.3456 -29.5002 16.3756
v  62.6850 -28.5002 16.3979
v  85.7828 29.5002 16.3756
v  86.1222 28.5002 16.3979
v  62.3456 29.5002 16.3756
v  62.6850 28.5002 16.3979
v  37.6651 -22.5627 -0.0002
v  37.6651 -22.5627 0.9998
v  37.9478 -22.7517 0.9998
v  37.9478 22.7517 0.9998
v  37.6651 22.5627 0.9998
v  37.6651 22.5627 -0.0002
v  60.8465 29.5002 15.6363
v  37.4094 29.5002 15.6363
v  84.2837 29.5002 15.6363
v  84.2837 -29.5002 15.6363
v  37.4094 -29.5002 15.6363
v  60.8465 -29.5002 15.6363
v  84.2837 29.5002 6.8385
v  37.4094 29.5002 6.8385
v  37.4094 -29.5002 6.8385
v  84.2837 -29.5002 6.8385
v  60.8465 -29.5002 6.8385
v  60.8465 29.5002 6.8385
v  38.9085 -29.5002 7.5778
v  39.2479 -28.5002 7.6000
v  38.9085 29.5002 7.5778
v  39.2479 28.5002 7.6000
v  85.7828 29.5002 7.5778
v  86.1222 28.5002 7.6000
v  62.3456 29.5002 7.5778
v  62.6850 28.5002 7.6000
v  62.3456 -29.5002 7.5778
v  62.6850 -28.5002 7.6000
v  85.7828 -29.5002 7.5778
v  86.1222 -28.5002 7.6000
v  37.4094 18.6615 -0.0002
v  37.4094 -18.6615 -0.0002
v  41.0863 18.6615 -0.0002
v  40.8306 18.4373 -0.0002
v  40.8306 18.4373 0.9998
v  41.0863 -18.6615 -0.0002
v  40.8306 -18.4373 -0.0002
v  40.8306 -18.4373 0.9998
v  41.6499 -29.5002 14.7928
v  41.6499 29.5002 14.7928
v  65.0871 29.5002 14.7928
v  88.5243 29.5002 14.7928
v  88.5243 -29.5002 14.7928
v  65.0871 -29.5002 14.7928
v  41.6499 29.5002 5.9950
v  41.6499 -29.5002 5.9950
v  88.5243 -29.5002 5.9950
v  88.5243 29.5002 5.9950
v  65.0871 29.5002 5.9950
v  65.0871 -29.5002 5.9950
v  65.1964 -19.8271 0.9998
v  65.1964 -19.8271 -0.0002
v  65.2628 -20.1606 -0.0002
v  83.5444 29.5002 13.4585
v  83.5444 29.5002 4.6606
v  36.6701 29.5002 13.4585
v  60.1073 29.5002 4.6606
v  83.5444 -29.5002 4.6606
v  60.1073 -29.5002 13.4585
v  36.6701 29.5002 4.6606
v  60.1073 29.5002 13.4585
v  83.5444 -29.5002 13.4585
v  36.6701 -29.5002 4.6606
v  60.1073 -29.5002 4.6606
v  65.2628 20.1606 -0.0002
v  65.1964 19.8271 -0.0002
v  65.1964 19.8271 0.9998
v  36.6701 -29.5002 13.4585
v  65.2628 -29.5002 4.6606
v  65.2628 -29.5002 13.4585
v  88.6999 29.5002 4.6606
v  65.2628 29.5002 13.4585
v  88.6999 -29.5002 13.4585
v  65.2628 29.5002 4.6606
v  41.8256 -29.5002 4.6606
v  88.6999 29.5002 13.4585
v  41.8256 29.5002 4.6606
v  41.8256 29.5002 13.4585
v  41.8256 -29.5002 13.4585
v  88.6999 -29.5002 4.6606
v  64.5235 -18.6615 -0.0002
v  64.5235 18.6615 -0.0002
v  41.8256 -20.1606 -0.0002
v  41.8256 20.1606 -0.0002
v  21.6700 -27.1138 18.5807
v  34.8225 -27.1836 18.4792
v  21.6700 28.9944 19.3464
v  21.6700 27.2472 18.3732
v  21.6700 27.1836 18.4791
v  34.8225 27.1836 18.4792
v  34.8225 27.2472 18.3732
v  81.6969 27.2472 18.3732
v  95.5867 -10.9968 20.7997
v  95.6667 -11.0378 20.7997
v  95.6667 -11.0378 21.4000
v  95.7389 -11.0867 20.7997
v  95.5867 5.6110 20.7997
v  95.6667 5.5700 20.7997
v  95.6667 5.5700 21.4000
v  95.7389 5.5210 20.7997
v  95.6948 4.9182 21.4000
v  95.6742 4.7794 21.4000
v  95.6627 4.7490 21.4000
v  95.6627 4.7490 20.7997
v  95.6742 -11.8284 21.4000
v  95.6627 -11.8588 21.4000
v  95.6627 -11.8588 20.7997
v  95.6158 -11.9393 21.4000
v  95.6948 -11.6895 21.4000
v  94.2962 8.9559 21.4000
v  94.3759 8.9408 20.7997
v  102.2397 13.0761 20.8001
v  101.9388 12.9531 20.8001
v  63.5769 -3.7317 21.1000
v  63.5814 -3.7838 21.1000
v  63.5814 -3.7838 21.4000
v  65.2307 4.7144 21.1000
v  65.1776 4.6614 21.1000
v  65.1776 4.6614 21.4000
v  94.2024 4.7490 20.7997
v  94.1907 4.7794 20.7997
v  93.8990 4.6181 20.7997
v  94.2024 4.7490 21.4000
v  94.1907 -11.8284 20.7997
v  94.2024 -11.8588 20.7997
v  94.2024 -11.8588 21.4000
v  93.8990 -11.9897 20.7997
v  57.2764 -5.3227 21.4731
v  56.5217 -5.7698 21.4000
v  94.3272 -11.3636 21.4000
v  94.3622 -11.3371 21.4000
v  94.3622 -11.3371 20.7997
v  94.4375 -11.2956 21.4000
v  94.4375 5.3122 21.4000
v  94.3272 5.2442 21.4000
v  94.3622 5.2706 21.4000
v  94.3622 5.2706 20.7997
v  65.8392 -29.4249 18.1743
v  21.6700 -29.4663 17.9210
v  21.6700 -29.4249 18.1743
v  21.6700 -27.4625 17.7871
v  63.6565 -0.5615 21.4000
v  101.7085 12.3790 21.4000
v  101.7085 12.3790 20.8001
v  101.7620 13.1630 20.8001
v  101.7085 13.1873 20.8001
v  101.7085 13.1873 21.4000
v  63.7345 4.7245 21.1000
v  65.3093 3.1413 21.1000
v  95.5701 -12.3898 20.7997
v  95.5364 -12.4029 20.7997
v  95.5364 -12.4029 21.4000
v  95.6028 -12.3749 20.7997
v  95.4238 -12.0856 20.7997
v  102.2181 14.9778 20.8001
v  102.2498 14.8906 20.8001
v  102.2498 14.8906 21.4000
v  101.9314 14.8114 20.8001
v  19.6700 27.2457 24.1560
v  19.6700 27.2780 24.0800
v  15.6700 27.2780 24.0800
v  21.6700 27.2469 24.1541
v  21.6700 27.2790 24.0778
v  101.2135 16.9278 20.8001
v  101.2415 16.9740 20.8001
v  101.2415 16.9740 21.4000
v  101.2753 17.0153 20.8001
v  65.9883 -9.2133 21.1000
v  63.5839 7.7263 21.1000
v  63.5839 9.4734 21.1000
v  101.3433 14.4474 21.4000
v  101.3638 14.5940 20.8001
v  63.5839 11.7373 21.1000
v  63.5838 -5.5859 21.1000
v  101.9374 12.1217 21.4000
v  94.2209 8.9806 20.7997
v  94.2962 8.9559 20.7997
v  94.3316 9.2719 20.7997
v  103.6723 19.8611 -0.0000
v  65.9788 -7.9542 21.1000
v  65.9502 -8.0379 21.1000
v  65.9788 -7.9542 21.4000
v  102.2683 16.6540 21.4000
v  102.1588 16.9321 21.4000
v  102.1999 16.8678 21.4000
v  64.1661 4.9530 21.1000
v  100.5408 14.9679 20.8001
v  100.5614 15.0094 20.8001
v  100.5408 14.9679 21.4000
v  65.9883 8.1243 21.1000
v  65.9883 6.3743 21.1000
v  65.9883 -6.9324 21.1000
v  65.9883 10.3908 21.1000
v  103.7000 28.4132 20.1395
v  82.9680 28.2395 20.3132
v  82.9680 28.4132 20.1395
v  65.8392 28.4132 20.1395
v  65.1285 4.5977 21.4000
v  64.9555 4.0628 21.4000
v  64.0805 -4.3524 21.1000
v  64.0000 -4.3349 21.1000
v  65.8448 -2.8877 21.1000
v  65.9883 -3.9440 21.1000
v  65.8105 3.3904 21.1000
v  65.8105 3.3904 21.4000
v  15.6700 27.3219 23.9235
v  15.6700 27.3034 24.0025
v  19.6700 27.3034 24.0025
v  70.0071 -4.8709 21.3880
v  70.0275 -4.8645 21.3880
v  70.0275 -4.8645 21.1120
v  70.0751 -4.8595 21.3880
v  69.9376 -4.9222 21.3880
v  69.9381 -5.4286 21.3880
v  73.8788 -9.4335 21.3880
v  73.7939 -9.5185 21.3880
v  64.9072 -0.9763 21.1000
v  64.7910 -0.9793 21.1000
v  64.7910 -0.9793 21.4000
v  101.1671 15.0774 20.8001
v  101.0948 14.9300 20.8001
v  101.4297 14.8852 20.8001
v  63.5755 -7.8630 21.1000
v  72.8925 -6.1339 21.3880
v  72.7925 -6.0429 21.3880
v  72.4961 -6.5109 21.3880
v  72.8453 -6.0878 21.3880
v  72.8925 -6.1339 21.1120
v  66.1826 3.2912 21.1000
v  66.1813 3.2629 21.1000
v  66.1813 3.2629 21.4000
v  64.2929 8.4418 21.4000
v  65.9883 -11.8036 21.1000
v  66.2283 3.5036 21.4000
v  66.1918 3.2036 21.4000
v  66.1839 3.2306 21.4000
v  66.1839 3.2306 21.1000
v  94.2944 -12.3898 21.4000
v  94.3281 -12.4029 21.4000
v  94.3281 -12.4029 20.7997
v  94.3281 4.2048 21.4000
v  94.2944 4.2180 21.4000
v  94.3281 4.2048 20.7997
v  65.7367 9.1444 21.1000
v  65.8258 9.1715 21.4000
v  65.8382 8.4102 21.1000
v  95.9636 4.6181 20.7997
v  95.6486 4.7203 20.7997
v  47.5453 1.9150 21.4000
v  47.6347 2.1745 21.4000
v  47.6650 2.0348 21.6257
v  94.3711 9.2575 21.4000
v  94.4139 9.2476 21.4000
v  49.0465 4.4729 21.4000
v  49.2340 4.6675 21.4000
v  49.0303 4.4567 21.3694
v  48.8633 4.2677 21.3935
v  101.5288 15.3171 20.8001
v  101.6702 15.0090 20.8001
v  47.7427 2.2826 21.6036
v  66.2188 -0.1134 21.1000
v  66.1407 -0.2763 21.1000
v  65.8222 -0.0202 21.1000
v  100.8359 14.2216 21.4000
v  100.9180 14.2744 21.4000
v  100.8913 14.2529 21.4000
v  100.8913 14.2529 20.8001
v  63.3813 4.8094 21.4000
v  63.3800 4.7782 21.4000
v  63.3800 4.7782 21.1000
v  63.2884 4.3635 21.4000
v  71.2253 2.4394 21.1120
v  71.2102 2.3888 21.1120
v  71.2102 2.3888 21.3880
v  93.8892 9.7755 20.7997
v  93.8892 9.7755 21.4000
v  94.2496 -11.9393 21.4000
v  94.2328 -11.9144 21.4000
v  94.2328 -11.9144 20.7997
v  94.2496 4.6684 21.4000
v  94.2328 4.6934 21.4000
v  94.2328 4.6934 20.7997
v  72.6003 2.1010 21.3880
v  73.1190 2.4207 21.3880
v  73.0532 2.5924 21.3880
v  66.0176 0.5452 21.4000
v  19.6700 26.7598 24.6891
v  19.6700 26.8410 24.6318
v  15.6700 26.8410 24.6318
v  21.6700 27.0523 24.4408
v  21.6700 27.1105 24.3722
v  94.3272 -11.3636 20.7997
v  94.2938 -11.3938 21.4000
v  94.3272 5.2442 20.7997
v  94.2938 5.2140 21.4000
v  100.5801 16.7738 21.4000
v  100.5155 16.7266 21.4000
v  100.5469 16.7525 21.4000
v  94.1934 9.7107 21.4000
v  94.2174 9.7419 21.4000
v  94.2174 9.7419 20.7997
v  63.5938 2.9863 21.1000
v  102.2724 14.7955 21.4000
v  89.2764 -29.4663 17.9210
v  103.7000 -29.4915 17.6628
v  94.0312 -11.1873 21.4000
v  93.9741 -11.2565 21.4000
v  93.9741 -11.2565 20.7997
v  34.8225 25.8871 19.3625
v  21.6700 25.8871 19.3625
v  21.6700 25.7605 19.3831
v  69.9391 8.1265 21.3880
v  69.9497 8.1385 21.1120
v  69.9188 8.0868 21.3880
v  100.1191 14.6418 21.4000
v  100.1244 14.7058 21.4000
v  64.7934 3.3101 21.4000
v  64.8170 3.3736 21.4000
v  63.8374 9.1444 21.4000
v  63.7476 9.1715 21.4000
v  96.0174 -11.6895 20.7997
v  96.0130 -11.6000 20.7997
v  96.0174 4.9182 20.7997
v  96.0130 5.0077 20.7997
v  42.4020 29.4249 18.1743
v  42.4020 29.3680 18.4220
v  59.5308 29.3680 18.4220
v  21.6700 29.4249 18.1743
v  73.1488 -3.6997 21.3880
v  21.6700 25.9464 25.0080
v  21.6700 26.0617 24.9837
v  19.6700 25.9461 25.0081
v  19.6700 26.0613 24.9838
v  15.6700 26.0613 24.9838
v  94.2963 10.1343 21.4000
v  94.2220 10.1095 20.7997
v  100.4468 16.6192 20.8001
v  100.4646 16.6599 20.8001
v  100.1766 16.7766 20.8001
v  100.4468 16.6192 21.4000
v  95.6623 5.0836 21.4000
v  95.6623 -11.5242 21.4000
v  64.3858 4.5368 21.1000
v  64.3619 4.4442 21.1000
v  65.0220 4.3469 21.1000
v  64.1504 1.7666 21.4000
v  69.9212 8.9431 21.1120
v  70.0159 8.1724 21.1120
v  69.2712 9.9747 21.3880
v  73.1440 -8.4869 21.1120
v  73.0292 -7.7174 21.1120
v  65.8222 -0.0202 21.4000
v  65.7326 -0.0911 21.1000
v  65.8955 0.0577 21.4000
v  63.7052 2.8992 21.4000
v  65.8612 -11.5178 21.1000
v  65.8612 -11.5178 21.4000
v  63.2954 3.5977 21.4000
v  63.3086 3.5300 21.4000
v  63.3086 3.5300 21.1000
v  94.3128 5.6192 20.7997
v  94.3932 5.6482 20.7997
v  94.3932 5.6482 21.4000
v  94.4375 5.3122 20.7997
v  94.4375 -11.2956 20.7997
v  94.3128 -10.9886 20.7997
v  94.3932 -10.9595 20.7997
v  94.3932 -10.9595 21.4000
v  100.8111 16.8022 20.8001
v  100.8392 17.1196 20.8001
v  100.8812 17.1070 20.8001
v  101.2361 14.1365 20.8001
v  101.1916 14.0771 21.4000
v  100.2078 16.8512 20.8001
v  100.2078 16.8512 21.4000
v  101.0226 13.9444 21.4000
v  101.0833 13.9807 21.4000
v  101.0833 13.9807 20.8001
v  103.7000 29.4915 17.6628
v  103.7000 29.4663 17.9211
v  103.7000 27.4831 17.6605
v  89.2764 29.4958 17.6628
v  65.5522 1.6871 21.4000
v  65.3769 1.7672 21.1000
v  100.5192 14.3081 21.4000
v  100.4959 14.3441 21.4000
v  100.4959 14.3441 20.8001
v  63.3618 1.0085 21.1000
v  63.3072 0.8344 21.1000
v  63.6218 0.7345 21.1000
v  63.3618 1.0085 21.4000
v  47.3273 -1.2788 21.4000
v  47.5613 -1.0448 21.8411
v  100.5467 14.2763 20.8001
v  100.5467 14.2763 21.4000
v  101.2135 16.9278 21.4000
v  101.1912 16.8766 21.4000
v  101.1912 16.8766 20.8001
v  64.1947 3.6340 21.4000
v  64.1947 3.6340 21.1000
v  81.6969 -25.8871 19.3625
v  103.7000 -25.8871 19.3625
v  65.7367 11.4108 21.1000
v  65.8258 11.4377 21.4000
v  65.8369 10.6768 21.1000
v  65.7575 -6.6196 21.1000
v  65.8258 -5.8854 21.1000
v  65.7367 -5.9124 21.1000
v  65.8258 -5.8854 21.4000
v  69.9046 -5.0074 21.3880
v  69.9071 -5.3614 21.3880
v  69.9156 -4.9610 21.3880
v  69.9252 -4.9406 21.3880
v  69.9252 -4.9406 21.1120
v  101.4910 16.8079 21.4000
v  101.6055 16.8430 21.4000
v  101.6468 16.8453 20.8001
v  101.6880 16.8430 20.8001
v  101.6673 17.1694 20.8001
v  69.1863 9.8898 21.3880
v  69.8194 -8.4221 21.1120
v  69.9212 -8.4869 21.1120
v  70.0301 -7.7174 21.1120
v  69.2712 -9.5185 21.3880
v  73.1440 8.9431 21.1120
v  73.2458 8.8784 21.1120
v  73.7939 9.9747 21.3880
v  65.8955 9.2180 21.4000
v  65.8955 -5.8393 21.4000
v  65.8955 11.4839 21.4000
v  63.6791 4.6545 21.1000
v  63.3761 4.7439 21.1000
v  94.5447 4.4956 20.7997
v  94.4800 4.1700 20.7997
v  94.5400 4.1648 20.7997
v  94.4800 4.1700 21.4000
v  96.0174 -11.6895 21.4000
v  63.8973 -0.1272 21.1000
v  63.9577 -0.1599 21.4000
v  65.8392 26.7635 21.1959
v  65.8392 26.5220 21.2680
v  82.9680 26.5220 21.2680
v  21.6700 26.7635 21.1959
v  21.6700 26.5220 21.2679
v  71.5029 2.7460 21.1120
v  64.5235 -18.6615 0.9998
v  64.5235 18.6615 0.9998
v  96.8394 -23.0778 0.9998
v  96.8394 23.0778 0.9998
v  96.8394 17.9222 -0.0002
v  96.5000 17.9000 0.9998
v  96.8394 -17.9222 -0.0002
v  96.5000 -17.9000 0.9998
v  64.2678 -28.5002 2.9373
v  63.9850 -28.5002 2.7483
v  64.2678 -29.5002 2.9373
v  64.2678 -29.5002 11.7351
v  64.2678 -28.5002 11.7351
v  63.9850 -28.5002 11.5462
v  87.7050 -29.5002 2.9373
v  87.7049 -28.5002 2.9373
v  87.4222 -28.5002 2.7483
v  64.2678 28.5002 2.9373
v  63.9850 28.5002 2.7483
v  64.2678 29.5002 2.9373
v  64.2678 28.5002 11.7351
v  63.9850 28.5002 11.5462
v  64.2678 29.5002 11.7351
v  87.7049 -29.5002 11.7351
v  87.7049 -28.5002 11.7351
v  87.4222 -28.5002 11.5462
v  40.8306 -29.5002 11.7351
v  40.8306 -28.5002 11.7351
v  40.5479 -28.5002 11.5462
v  87.4222 28.5002 2.7483
v  87.7049 28.5002 2.9373
v  87.7050 29.5002 2.9373
v  40.8306 28.5002 2.9373
v  40.5479 28.5002 2.7483
v  40.8306 29.5002 2.9373
v  40.8306 -29.5002 2.9373
v  40.8306 -28.5002 2.9373
v  40.5479 -28.5002 2.7483
v  87.4222 28.5002 11.5462
v  87.7049 28.5002 11.7351
v  87.7050 29.5002 11.7351
v  40.5479 28.5002 11.5462
v  40.8306 28.5002 11.7351
v  40.8306 29.5002 11.7351
v  94.6615 22.3385 0.9998
v  94.6615 -22.3385 0.9998
v  40.5478 18.2483 0.9998
v  40.5478 -18.2483 0.9998
v  39.5872 -17.9222 -0.0002
v  39.2478 -17.9000 0.9998
v  39.5872 17.9223 -0.0002
v  39.2478 17.9000 0.9998
v  97.8000 18.2483 0.9998
v  97.8000 -18.2483 0.9998
v  39.5872 28.5002 7.5778
v  63.0244 -28.5002 16.3756
v  86.4615 28.5002 16.3756
v  39.5872 28.5002 16.3756
v  86.4615 -28.5002 16.3756
v  63.0244 28.5002 16.3756
v  63.0244 28.5002 7.5778
v  86.4615 -28.5002 7.5778
v  63.0244 -28.5002 7.5778
v  39.5872 -28.5002 16.3756
v  86.4615 28.5002 7.5778
v  39.5872 -28.5002 7.5778
v  36.6701 -20.1606 -0.0002
v  36.6478 -20.5000 0.9998
v  36.6701 20.1606 -0.0002
v  36.6479 20.5000 0.9998
v  41.3106 -22.0828 -0.0002
v  41.3106 22.0828 -0.0002
v  40.8306 -29.5002 7.0627
v  87.7049 -29.5002 7.0627
v  64.2678 29.5002 7.0627
v  64.2678 -29.5002 7.0627
v  87.7049 29.5002 7.0627
v  40.8306 29.5002 7.0627
v  40.8306 -29.5002 15.8606
v  64.2678 -29.5002 15.8606
v  40.8306 29.5002 15.8606
v  87.7049 29.5002 15.8606
v  64.2678 29.5002 15.8606
v  87.7049 -29.5002 15.8606
v  99.0778 20.1606 -0.0002
v  99.0778 -20.1606 -0.0002
v  98.7517 -19.2000 -0.0002
v  98.7517 19.2000 -0.0002
v  84.8222 28.5002 11.5462
v  61.3850 28.5002 2.7483
v  37.9479 -28.5002 11.5462
v  37.9479 28.5002 11.5462
v  61.3850 -28.5002 2.7483
v  61.3850 28.5002 11.5462
v  84.8222 -28.5002 2.7483
v  84.8222 -28.5002 11.5462
v  37.9479 -28.5002 2.7483
v  61.3850 -28.5002 11.5462
v  37.9479 28.5002 2.7483
v  84.8222 28.5002 2.7483
v  94.0979 19.5050 0.9998
v  94.0979 -19.5050 0.9998
v  96.8394 -17.9222 0.9998
v  96.8394 17.9222 0.9998
v  61.3850 -22.7517 -0.0002
v  61.3850 -22.7517 0.9998
v  61.6900 -22.9021 0.9998
v  61.6900 22.9021 0.9998
v  61.3850 22.7517 0.9998
v  61.3850 22.7517 -0.0002
v  38.5749 23.0114 -0.0002
v  38.9085 23.0778 -0.0002
v  38.9085 23.0778 0.9998
v  38.5749 -23.0114 -0.0002
v  38.9085 -23.0777 -0.0002
v  38.9085 -23.0777 0.9998
v  39.9208 23.0114 -0.0002
v  39.9208 -23.0114 -0.0002
v  97.8000 22.7517 0.9998
v  98.0828 22.5627 0.9998
v  97.8000 22.7517 -0.0002
v  97.8000 -22.7517 -0.0002
v  97.8000 -22.7517 0.9998
v  98.0828 -22.5627 0.9998
v  94.6615 18.6615 0.9998
v  94.6615 -18.6615 0.9998
v  60.8465 29.5002 3.1615
v  37.4094 29.5002 11.9594
v  84.2837 29.5002 11.9594
v  37.4094 -29.5002 3.1615
v  60.8465 29.5002 11.9594
v  84.2837 -29.5002 11.9594
v  84.2837 29.5002 3.1615
v  37.4094 29.5002 3.1615
v  37.4094 -29.5002 11.9594
v  60.8465 -29.5002 3.1615
v  60.8465 -29.5002 11.9594
v  84.2837 -29.5002 3.1615
v  37.4094 18.6615 0.9998
v  37.4094 -18.6615 0.9998
v  41.8256 20.8394 0.9998
v  41.7593 21.1729 0.9998
v  41.7593 21.1729 -0.0002
v  41.7593 -21.1729 -0.0002
v  41.7593 -21.1729 0.9998
v  41.8256 -20.8394 0.9998
v  88.6999 28.5002 5.3394
v  88.6336 28.5002 5.6729
v  88.6336 29.5002 5.6729
v  41.7593 -29.5002 14.4708
v  41.7593 -28.5002 14.4708
v  41.8256 -28.5002 14.1372
v  88.6336 -29.5002 14.4708
v  88.6336 -28.5002 14.4708
v  88.6999 -28.5002 14.1372
v  41.8256 28.5002 5.3394
v  41.7593 28.5002 5.6729
v  41.7593 29.5002 5.6729
v  41.7593 -29.5002 5.6729
v  41.7593 -28.5002 5.6729
v  41.8256 -28.5002 5.3394
v  65.1964 28.5002 5.6729
v  65.2628 28.5002 5.3394
v  65.1964 29.5002 5.6729
v  65.1964 -29.5002 5.6729
v  65.1964 -28.5002 5.6729
v  65.2628 -28.5002 5.3394
v  88.6999 28.5002 14.1372
v  88.6336 28.5002 14.4708
v  88.6336 29.5002 14.4708
v  88.6336 -29.5002 5.6729
v  88.6336 -28.5002 5.6729
v  88.6999 -28.5002 5.3394
v  65.1964 -29.5002 14.4708
v  65.1964 -28.5002 14.4708
v  65.2628 -28.5002 14.1372
v  41.8256 28.5002 14.1372
v  41.7593 28.5002 14.4708
v  41.7593 29.5002 14.4708
v  65.2628 28.5002 14.1372
v  65.1964 28.5002 14.4708
v  65.1964 29.5002 14.4708
v  61.1022 22.5627 -0.0002
v  61.1022 -22.5627 -0.0002
v  64.5235 -28.5002 6.8385
v  41.0863 -28.5002 6.8385
v  64.5235 28.5002 6.8385
v  87.9606 -28.5002 6.8385
v  87.9606 28.5002 6.8385
v  41.0863 28.5002 6.8385
v  93.9886 21.1729 -0.0002
v  93.9886 -21.1729 -0.0002
v  87.9606 -28.5002 15.6363
v  41.0863 28.5002 15.6363
v  87.9606 28.5002 15.6363
v  64.5235 -28.5002 15.6363
v  41.0863 -28.5002 15.6363
v  64.5235 28.5002 15.6363
v  39.2478 -23.1000 0.9998
v  39.2478 23.1000 0.9998
v  99.0114 -21.1729 0.9998
v  99.0114 21.1729 0.9998
v  62.6850 28.5002 11.1979
v  86.1222 28.5002 2.4000
v  39.5872 17.9223 0.9998
v  86.1222 -28.5002 2.4000
v  39.5872 -17.9222 0.9998
v  62.6850 28.5002 2.4000
v  39.2479 28.5002 11.1979
v  39.2479 -28.5002 11.1979
v  62.6850 -28.5002 11.1979
v  39.2479 -28.5002 2.4000
v  39.2479 28.5002 2.4000
v  86.1222 -28.5002 11.1979
v  62.6850 -28.5002 2.4000
v  86.1222 28.5002 11.1979
v  64.5235 -22.3385 0.9998
v  64.5235 22.3385 0.9998
v  93.9886 -21.1729 0.9998
v  93.9886 21.1729 0.9998
v  87.9607 29.5002 3.1615
v  41.0863 -29.5002 3.1615
v  87.9607 29.5002 11.9594
v  64.5235 29.5002 11.9594
v  87.9606 -29.5002 3.1615
v  41.0863 29.5002 11.9594
v  41.0863 29.5002 3.1615
v  87.9606 -29.5002 11.9594
v  64.5235 29.5002 3.1615
v  64.5235 -29.5002 3.1615
v  64.5235 -29.5002 11.9594
v  41.0863 -29.5002 11.9594
v  60.6223 -22.0828 0.9998
v  60.6223 22.0828 0.9998
v  37.4094 22.3385 -0.0002
v  37.4094 -22.3385 -0.0002
v  60.1073 -20.8394 -0.0002
v  60.1073 20.8394 -0.0002
v  83.5222 -28.5002 13.7978
v  83.5444 -28.5002 14.1372
v  36.6479 -28.5002 5.0000
v  36.6701 -28.5002 5.3394
v  36.6701 28.5002 5.3394
v  36.6479 28.5002 5.0000
v  36.6479 -28.5002 13.7978
v  36.6701 -28.5002 14.1372
v  60.1073 28.5002 14.1372
v  60.0850 28.5002 13.7978
v  60.0850 -28.5002 13.7978
v  60.1073 -28.5002 14.1372
v  83.5222 28.5002 5.0000
v  83.5444 28.5002 5.3394
v  36.6479 28.5002 13.7978
v  36.6701 28.5002 14.1372
v  60.1073 28.5002 5.3394
v  60.0850 28.5002 5.0000
v  83.5222 -28.5002 5.0000
v  83.5444 -28.5002 5.3394
v  83.5222 28.5002 13.7978
v  83.5444 28.5002 14.1372
v  60.0850 -28.5002 5.0000
v  60.1073 -28.5002 5.3394
v  36.6701 -20.8394 0.9998
v  36.6701 20.8394 0.9998
v  60.1073 -20.8394 0.9998
v  60.1073 20.8394 0.9998
v  64.5235 22.3385 -0.0002
v  64.5235 -22.3385 -0.0002
v  49.2050 4.6385 21.3453
v  21.6700 -26.7635 21.1959
v  21.6700 -26.5220 21.2679
v  65.8392 -26.5220 21.2679
v  65.8392 -26.7635 21.1959
v  82.9680 -26.7635 21.1959
v  63.8374 11.4108 21.4000
v  63.7476 11.4378 21.4000
v  63.7476 -5.8854 21.4000
v  63.8374 -5.9124 21.4000
v  63.7476 -5.8854 21.1000
v  70.0531 -7.0098 21.1120
v  69.9381 -5.4286 21.1120
v  69.9275 -5.4113 21.1120
v  73.0892 8.1704 21.3880
v  73.1150 8.1549 21.3880
v  73.1270 8.1443 21.3880
v  73.1270 8.1443 21.1120
v  69.9617 8.1491 21.1120
v  71.2508 6.3413 21.1120
v  71.2628 6.3519 21.1120
v  70.7045 6.9836 21.1120
v  71.2508 6.3413 21.3880
v  71.8859 6.2896 21.3880
v  71.8430 6.3519 21.3880
v  71.8549 6.3413 21.3880
v  71.8549 6.3413 21.1120
v  73.1150 7.3727 21.1120
v  73.1270 7.3834 21.1120
v  73.1270 7.3834 21.3880
v  71.8549 3.4487 21.3880
v  71.8549 3.4487 21.1120
v  71.8172 3.4225 21.3880
v  70.7165 6.9943 21.1120
v  71.8430 3.4380 21.1120
v  70.7475 7.0459 21.3880
v  70.7271 7.0062 21.3880
v  71.2628 3.4380 21.3880
v  71.2508 3.4487 21.3880
v  71.2509 3.4487 21.1120
v  71.2754 3.4293 21.3880
v  73.1376 7.3953 21.3880
v  73.1580 7.4350 21.3880
v  102.2002 12.4023 20.8001
v  82.9680 -29.4249 18.1743
v  82.9680 -29.3680 18.4220
v  65.8392 -29.3680 18.4220
v  103.7000 -27.4340 17.9110
v  103.7000 -29.3680 18.4220
v  103.7000 -29.4249 18.1743
v  72.7327 -5.9991 21.1120
v  72.6660 -5.9564 21.1120
v  72.6660 -5.9564 21.3880
v  102.2002 13.1631 21.4000
v  102.1494 13.2449 21.4000
v  102.1494 13.2449 20.8001
v  102.2397 12.4894 21.4000
v  21.6700 29.1086 19.1263
v  65.8392 29.1086 19.1263
v  65.8392 28.9944 19.3464
v  82.9680 28.9944 19.3464
v  65.8347 4.6434 21.1000
v  66.1848 4.8684 21.1000
v  101.6673 17.1694 21.4000
v  101.6135 17.1670 21.4000
v  101.6135 17.1670 20.8001
v  94.4572 10.1541 20.7997
v  94.4175 9.8469 20.7997
v  94.4542 9.8491 20.7997
v  94.4175 9.8469 21.4000
v  103.7000 -28.5761 19.9554
v  59.5308 -28.7277 19.7615
v  59.5308 -28.5761 19.9554
v  42.4020 -28.5761 19.9554
v  95.0532 -12.4515 20.7997
v  94.9323 -12.4520 20.7997
v  95.0358 -12.1273 20.7997
v  94.5953 10.1399 20.7997
v  94.6595 10.1222 20.7997
v  94.6595 10.1222 21.4000
v  81.6969 26.5792 19.0836
v  81.6969 26.4732 19.1472
v  34.8225 26.4732 19.1472
v  103.7000 26.4732 19.1472
v  103.7000 26.5792 19.0836
v  103.7000 27.6583 20.7673
v  72.6346 -6.7993 21.1120
v  72.5629 -6.5883 21.1120
v  72.5323 -6.5467 21.1120
v  72.5629 -6.5883 21.3880
v  21.6700 28.5761 19.9554
v  65.8392 28.5761 19.9554
v  71.8655 6.3293 21.1120
v  71.2247 6.3035 21.3880
v  71.2402 6.3293 21.3880
v  73.1376 8.1323 21.1120
v  70.4273 2.7509 21.3880
v  69.9105 2.6862 21.3880
v  70.4150 2.7695 21.3880
v  70.4273 2.7509 21.1120
v  69.9311 2.7509 21.1120
v  69.9434 2.7695 21.1120
v  69.9311 2.7509 21.3880
v  73.1378 -0.9717 21.3880
v  73.0836 -0.9007 21.3880
v  73.1159 -0.9330 21.3880
v  73.1282 -0.9516 21.3880
v  73.1282 -0.9516 21.1120
v  66.0071 3.9527 21.1000
v  66.3034 3.9032 21.1000
v  69.9698 -7.0427 21.3880
v  69.9885 -7.0304 21.3880
v  69.9885 -7.0304 21.1120
v  70.0301 -7.0139 21.3880
v  69.9698 -0.9007 21.3880
v  69.9376 -1.5259 21.3880
v  70.0086 -7.7105 21.3880
v  69.9376 -7.6563 21.3880
v  69.9252 -7.6377 21.3880
v  69.9252 -7.6377 21.1120
v  73.0836 -1.5582 21.3880
v  73.0650 -1.5705 21.3880
v  73.0650 -1.5705 21.1120
v  73.0004 -0.8678 21.3880
v  73.1159 -3.6165 21.3880
v  73.1282 -3.6351 21.3880
v  73.1282 -3.6351 21.1120
v  73.0837 -4.2417 21.3880
v  73.1378 -1.4872 21.1120
v  73.1447 -1.4656 21.1120
v  73.1447 -1.4656 21.3880
v  72.7010 -0.2495 21.1120
v  72.6824 -0.2372 21.1120
v  72.7010 -0.2495 21.3880
v  69.6697 -8.2354 21.1120
v  69.9885 -7.7009 21.1120
v  69.9698 -7.6886 21.1120
v  69.9885 -7.7009 21.3880
v  69.9215 -4.1707 21.3880
v  69.9756 -4.2417 21.3880
v  69.9434 -4.2094 21.3880
v  69.9311 -4.1908 21.3880
v  69.9311 -4.1908 21.1120
v  73.0650 -4.2540 21.3880
v  73.0650 -4.2540 21.1120
v  73.0894 -0.2372 21.3880
v  73.0708 -0.2495 21.3880
v  73.0708 -0.2495 21.1120
v  73.0507 -0.2591 21.3880
v  73.1217 -0.2049 21.3880
v  73.0708 -7.7009 21.3880
v  73.0894 -7.6886 21.3880
v  73.0708 -7.7009 21.1120
v  102.7001 17.5000 -0.0000
v  102.5264 17.3403 -0.0000
v  102.5264 17.3403 2.0000
v  101.7620 13.1630 21.4000
v  64.9156 5.3532 21.4000
v  64.8569 5.3151 21.1000
v  19.6700 -26.9168 24.5714
v  21.6700 -26.8420 24.6311
v  21.6700 -26.9178 24.5705
v  95.9636 -11.9897 20.7997
v  95.6486 -11.8875 20.7997
v  101.9435 16.6527 21.4000
v  101.9435 16.6527 20.8001
v  63.6232 0.1399 21.4000
v  63.5828 0.2322 21.4000
v  103.7000 27.4464 20.8944
v  65.8392 27.6583 20.7673
v  65.8392 27.4464 20.8944
v  82.9680 27.4464 20.8944
v  72.6377 -0.1863 21.3880
v  73.1546 -0.1217 21.3880
v  72.6824 -0.2372 21.3880
v  72.6652 -0.2221 21.3880
v  72.6652 -0.2221 21.1120
v  65.9220 -11.1016 21.1000
v  65.9422 -11.0772 21.1000
v  65.9422 -11.0772 21.4000
v  69.9885 -0.8884 21.3880
v  69.9885 -0.8884 21.1120
v  69.9756 2.8018 21.3880
v  69.9943 2.8141 21.3880
v  69.9943 2.8141 21.1120
v  70.0143 2.8237 21.3880
v  69.9434 2.7695 21.3880
v  64.5177 4.8810 21.4000
v  64.5350 4.9157 21.4000
v  64.5177 4.8810 21.1000
v  71.2402 3.4606 21.1120
v  70.3999 2.7867 21.1120
v  70.4150 2.7695 21.1120
v  70.3999 2.7867 21.3880
v  73.0292 -0.2660 21.1120
v  73.1008 -0.9158 21.1120
v  73.1159 -0.9330 21.1120
v  73.1008 -0.9158 21.3880
v  65.9220 -11.1016 21.4000
v  65.8963 -11.1185 21.1000
v  95.6810 4.2772 21.4000
v  94.2363 5.5819 21.4000
v  94.3128 5.6192 21.4000
v  94.2363 5.5819 20.7997
v  103.7000 27.4957 17.5314
v  81.6969 27.4957 17.5314
v  81.6969 27.4831 17.6605
v  34.8225 27.4831 17.6605
v  69.9149 8.0571 21.3880
v  63.2960 4.4076 21.4000
v  63.2884 4.3635 21.1000
v  95.8135 4.3920 20.7997
v  95.7704 4.3484 20.7997
v  95.7704 4.3484 21.4000
v  95.5589 4.6054 20.7997
v  63.5464 4.0597 21.1000
v  63.5485 3.9756 21.1000
v  63.5485 3.9756 21.4000
v  63.2604 3.9512 21.1000
v  66.2541 3.5978 21.4000
v  66.2541 3.5978 21.1000
v  64.9767 5.3852 21.1000
v  65.0400 5.4113 21.1000
v  65.0400 5.4113 21.4000
v  101.3487 16.6527 20.8001
v  101.3678 16.6942 20.8001
v  101.3487 16.6527 21.4000
v  63.6812 -4.0858 21.4000
v  63.6601 -4.0487 21.4000
v  63.6601 -4.0487 21.1000
v  103.7000 -26.0110 19.3340
v  103.7000 -26.5220 21.2680
v  103.7000 -26.7636 21.1959
v  82.9680 -26.5220 21.2680
v  63.5464 4.0597 21.4000
v  63.5466 4.1197 21.4000
v  72.9738 -6.2294 21.3880
v  72.5323 -6.5467 21.3880
v  65.2531 1.1519 21.1000
v  65.1678 1.1664 21.1000
v  65.1678 1.1664 21.4000
v  65.8183 -11.5000 21.4000
v  59.5308 29.4249 18.1743
v  103.7000 29.4249 18.1743
v  103.7000 29.3680 18.4220
v  103.7000 27.4340 17.9110
v  82.9680 26.7635 21.1959
v  103.7000 26.7636 21.1959
v  103.7000 26.5220 21.2680
v  103.7000 26.0110 19.3340
v  102.3390 17.1944 -0.0000
v  102.3389 17.1944 2.0000
v  102.1376 17.0625 2.0000
v  102.3389 -17.1944 2.0000
v  102.3389 -17.1944 -0.0000
v  102.1376 -17.0625 -0.0000
v  103.0056 -17.8611 -0.0000
v  103.0056 -17.8611 2.0000
v  103.1376 -18.0625 2.0000
v  63.4897 -0.3523 21.4000
v  63.4437 -0.2757 21.4000
v  21.6700 26.5792 19.0836
v  21.6700 26.4732 19.1472
v  34.8225 26.5792 19.0836
v  101.3814 14.7304 21.4000
v  101.3996 14.8155 21.4000
v  82.9680 29.1086 19.1263
v  103.7000 29.1086 19.1263
v  103.7000 28.9944 19.3464
v  103.7000 27.2472 18.3732
v  34.8225 -26.5792 19.0836
v  34.8225 -26.4732 19.1472
v  81.6969 -26.4732 19.1472
v  21.6700 -26.4732 19.1472
v  21.6700 -26.5792 19.0836
v  65.9405 5.2198 21.4000
v  65.8946 5.2585 21.4000
v  65.8946 5.2585 21.1000
v  94.1711 -11.7268 21.4000
v  94.1750 -11.7624 21.4000
v  94.1711 -11.7268 20.7997
v  94.1750 4.8454 21.4000
v  94.1711 4.8809 21.4000
v  94.1711 4.8809 20.7997
v  101.9314 14.8114 21.4000
v  101.9474 14.7619 21.4000
v  101.9474 14.7619 20.8001
v  36.0937 29.4663 17.9210
v  36.0936 29.4958 17.6628
v  21.6700 29.4915 17.6628
v  21.6700 27.4831 17.6605
v  21.6700 29.4663 17.9210
v  15.6700 26.1732 24.9546
v  42.4020 -28.7277 19.7615
v  21.6700 -28.7277 19.7615
v  21.6700 -28.5761 19.9554
v  21.6700 -27.0381 18.6777
v  63.7389 3.4801 21.1000
v  64.2477 -0.9034 21.1000
v  64.4045 -0.2862 21.1000
v  64.3197 -0.2730 21.1000
v  65.8360 -8.1495 21.1000
v  65.8360 -8.1495 21.4000
v  65.8420 -8.9183 21.4000
v  65.7539 -8.8906 21.4000
v  65.8420 -8.9183 21.1000
v  65.7575 6.6905 21.1000
v  65.8271 7.4280 21.1000
v  65.7375 7.4012 21.1000
v  65.8271 7.4280 21.4000
v  66.2022 3.4044 21.1000
v  66.2140 3.4516 21.1000
v  66.2022 3.4044 21.4000
v  63.5586 0.3323 21.1000
v  63.2749 0.2508 21.1000
v  65.7780 3.3567 21.4000
v  65.7429 3.3252 21.1000
v  65.8670 3.4688 21.4000
v  63.6412 -4.0097 21.1000
v  71.2712 -0.2722 21.1120
v  71.3348 -0.2637 21.1120
v  71.3348 -0.2637 21.3880
v  101.3924 16.7303 21.4000
v  101.3678 16.6942 21.4000
v  65.8448 -2.8877 21.4000
v  94.3711 9.2575 20.7997
v  94.4139 9.2476 20.7997
v  64.2907 4.0090 21.4000
v  64.2907 4.0090 21.1000
v  102.2579 14.2771 20.8001
v  102.2172 14.1369 20.8001
v  101.9272 14.3095 20.8001
v  103.7000 -27.8615 20.6277
v  65.8392 -27.8615 20.6277
v  65.8392 -28.0554 20.4761
v  82.9680 -28.0554 20.4761
v  65.7575 6.6905 21.4000
v  65.8369 6.6639 21.4000
v  63.7365 6.6652 21.1000
v  63.8155 6.6913 21.1000
v  63.7365 6.6652 21.4000
v  15.6700 -26.3860 24.8825
v  69.9585 -4.2266 21.1120
v  69.9434 -4.2094 21.1120
v  69.9585 -4.2266 21.3880
v  95.3604 -12.1052 20.7997
v  95.3926 -12.0965 20.7997
v  95.3927 -12.0965 21.4000
v  95.4660 -12.4238 20.7997
v  65.7583 8.4370 21.4000
v  65.8382 8.4102 21.4000
v  63.7617 -11.4862 21.1000
v  63.6947 -11.5132 21.4000
v  65.7575 -6.6196 21.4000
v  65.8369 -6.6464 21.4000
v  65.8369 10.6768 21.4000
v  63.7559 -8.1777 21.4000
v  63.6910 -8.1507 21.4000
v  64.4686 4.7745 21.1000
v  65.0827 4.5123 21.1000
v  65.1051 4.5581 21.1000
v  65.0827 4.5123 21.4000
v  65.8420 -3.6599 21.4000
v  65.8420 -3.6599 21.1000
v  63.7365 -6.6462 21.1000
v  63.7365 -6.6462 21.4000
v  63.8155 10.7036 21.1000
v  63.7365 10.6770 21.1000
v  63.7365 10.6770 21.4000
v  63.8374 11.4108 21.1000
v  65.7381 0.9654 21.4000
v  65.7833 0.9314 21.4000
v  65.7833 0.9314 21.1000
v  65.8623 0.8579 21.4000
v  94.6152 4.1608 21.4000
v  94.6152 4.1608 20.7997
v  94.6152 -12.4469 21.4000
v  94.5400 -12.4429 21.4000
v  94.6152 -12.4469 20.7997
v  101.5608 17.1598 20.8001
v  101.6055 16.8430 20.8001
v  94.1507 9.5543 21.4000
v  94.1747 9.6764 21.4000
v  95.8555 -12.1668 21.4000
v  95.8135 -12.2158 21.4000
v  95.8555 -12.1668 20.7997
v  71.8936 2.1010 21.1120
v  72.0276 2.1499 21.1120
v  70.4580 0.5032 21.3880
v  70.4648 0.4869 21.1120
v  69.9193 0.3282 21.3880
v  71.1608 0.5032 21.1120
v  71.1541 0.4869 21.1120
v  71.1541 0.4869 21.3880
v  72.6071 2.0846 21.3880
v  72.6003 2.1010 21.1120
v  73.1519 2.1897 21.3880
v  73.0894 -0.2372 21.1120
v  73.1066 -0.2221 21.1120
v  73.1066 -0.2221 21.3880
v  73.1488 -1.0162 21.1120
v  94.2858 -11.9833 20.7997
v  94.0089 -12.1668 20.7997
v  94.0513 -12.2158 20.7997
v  94.0089 -12.1668 21.4000
v  94.0513 4.3920 20.7997
v  94.0089 4.4409 20.7997
v  94.0089 4.4409 21.4000
v  94.2858 4.6245 20.7997
v  69.9491 -3.6597 21.3880
v  70.0388 -3.5686 21.3880
v  70.0589 -4.2746 21.3880
v  70.0863 -0.1001 21.3880
v  70.0559 -0.0665 21.3880
v  70.0559 -0.0665 21.1120
v  70.4735 0.4736 21.3880
v  70.0042 0.0109 21.3880
v  100.9970 16.6599 20.8001
v  101.0144 16.6192 20.8001
v  100.9970 16.6599 21.4000
v  70.0863 -0.1001 21.1120
v  70.1200 -0.1306 21.1120
v  70.1200 -0.1306 21.3880
v  71.3804 2.6720 21.3880
v  71.9130 2.1245 21.3880
v  71.4177 2.6996 21.3880
v  71.3163 2.6078 21.3880
v  63.3226 4.9076 21.1000
v  63.3226 4.9076 21.4000
v  69.4884 -9.6245 21.3880
v  69.3730 -9.5832 21.3880
v  73.6921 10.0395 21.3880
v  73.5768 10.0808 21.3880
v  71.1347 0.4633 21.3880
v  71.6673 -0.1306 21.3880
v  71.7314 -0.0665 21.3880
v  71.7010 -0.1001 21.3880
v  71.6673 -0.1306 21.1120
v  63.8154 3.4431 21.4000
v  63.9037 3.4290 21.4000
v  65.8729 1.4581 21.1000
v  66.0099 1.3148 21.4000
v  21.6700 -27.4831 17.6605
v  21.6700 -27.4957 17.5314
v  21.6700 -29.4915 17.6628
v  34.8225 -27.4957 17.5314
v  66.3087 0.6416 21.4000
v  66.3211 0.4483 21.4000
v  66.3087 0.6416 21.1000
v  69.9275 -5.4113 21.3880
v  69.9187 -5.3944 21.3880
v  69.9187 -5.3944 21.1120
v  71.2247 3.4864 21.3880
v  65.8857 4.5748 21.1000
v  65.8347 4.6434 21.4000
v  101.9320 15.2821 21.4000
v  102.0045 15.2424 21.4000
v  101.9320 15.2821 20.8001
v  63.7464 7.4280 21.4000
v  64.6855 1.1906 21.1000
v  60.0059 -1.2605 21.0137
v  60.0645 -0.8601 20.9826
v  60.2108 -1.0555 21.4000
v  101.9161 12.5632 21.4000
v  101.9161 13.0031 20.8001
v  102.2002 13.1631 20.8001
v  34.8225 27.4625 17.7871
v  21.6700 27.4625 17.7871
v  55.4887 -6.0852 21.6456
v  21.6700 -27.3043 24.0001
v  21.6700 -27.3225 23.9209
v  19.6700 -27.2780 24.0800
v  66.1219 1.1615 21.4000
v  63.3090 0.0640 21.1000
v  101.9388 12.6133 20.8001
v  59.5305 -2.7610 21.1474
v  59.6838 -2.4026 21.1128
v  59.6645 -2.6270 21.4000
v  101.9388 12.9531 21.4000
v  101.9161 13.0031 21.4000
v  55.3583 -6.2156 21.4000
v  60.1103 -1.4636 21.4000
v  100.8072 14.2118 20.8001
v  100.8899 13.8960 20.8001
v  72.9353 -6.1810 21.1120
v  66.2466 3.1550 21.1000
v  66.2466 3.1550 21.4000
v  58.7092 -4.0607 21.2909
v  58.9441 -3.7575 21.2545
v  58.7671 -4.0029 21.4000
v  63.8301 2.8369 21.4000
v  56.8862 -5.5762 21.4000
v  59.4709 -2.9915 21.4000
v  58.4945 -4.3096 21.4000
v  53.2462 -6.4548 21.4000
v  53.0452 -6.1987 21.8187
v  47.4887 -0.6422 21.8187
v  63.4382 1.1701 21.4000
v  71.7314 -0.0665 21.1120
v  71.7010 -0.1001 21.1120
v  100.4543 14.7011 20.8001
v  100.1331 14.7685 20.8001
v  100.1244 14.7058 20.8001
v  100.1331 14.7685 21.4000
v  65.2556 -0.2730 21.4000
v  65.1709 -0.2862 21.1000
v  102.2724 14.7955 20.8001
v  101.9588 14.7077 20.8001
v  70.4841 0.4633 21.1120
v  70.4980 0.4553 21.1120
v  70.4841 0.4633 21.3880
v  71.1347 0.4633 21.1120
v  71.9130 2.1245 21.1120
v  72.5671 2.1325 21.1120
v  72.4984 2.1477 21.1120
v  64.4057 1.1664 21.4000
v  64.4057 1.1664 21.1000
v  100.1956 14.2007 21.4000
v  65.3342 -0.9034 21.1000
v  64.2477 -0.9034 21.4000
v  65.8392 -27.3376 20.9539
v  21.6700 -27.5000 20.8622
v  81.6969 -26.5792 19.0836
v  103.7000 -26.5792 19.0836
v  15.6700 -27.2780 24.0800
v  100.9747 16.6957 21.4000
v  101.0144 16.6192 21.4000
v  94.4733 4.5112 21.4000
v  94.5056 4.5025 21.4000
v  94.4733 4.5112 20.7997
v  94.5056 -12.1052 21.4000
v  94.4733 -12.0966 21.4000
v  94.4733 -12.0965 20.7997
v  102.0874 13.3213 20.8001
v  101.8513 13.0933 20.8001
v  65.8246 0.8955 21.1000
v  65.4315 -0.8700 21.4000
v  64.1504 -0.8700 21.1000
v  64.2392 -0.2570 21.1000
v  64.2117 3.6710 21.1000
v  64.2270 3.7114 21.1000
v  64.2270 3.7114 21.4000
v  64.8581 3.5088 21.1000
v  63.6276 8.3030 21.4000
v  63.6739 8.3656 21.4000
v  63.7663 4.7568 21.4000
v  64.3983 4.5805 21.4000
v  63.7345 4.7245 21.4000
v  64.8908 3.6527 21.4000
v  64.8755 3.5797 21.4000
v  64.8908 3.6527 21.1000
v  72.5916 2.1143 21.3880
v  73.0079 2.6560 21.3880
v  64.2929 8.4418 21.1000
v  101.9866 17.0909 20.8001
v  102.0508 17.0467 21.4000
v  100.1766 16.7766 21.4000
v  72.8257 2.7824 21.1120
v  65.4489 5.4474 21.4000
v  65.5110 5.4358 21.4000
v  65.4489 5.4474 21.1000
v  63.7365 8.4102 21.1000
v  65.8857 4.5748 21.4000
v  100.4620 14.4236 20.8001
v  47.9231 -2.1989 21.8947
v  51.4886 -5.7644 21.8946
v  51.6093 -6.1623 21.4000
v  47.5251 -2.0781 21.4000
v  93.8650 5.1089 20.7997
v  93.8910 5.1955 21.4000
v  93.8650 -11.4988 20.7997
v  93.8910 -11.4122 21.4000
v  63.3438 4.8965 21.4000
v  63.3602 4.8812 21.4000
v  63.3602 4.8812 21.1000
v  63.2634 3.8792 21.1000
v  63.2604 3.9512 21.4000
v  63.5547 3.8968 21.1000
v  63.8546 -4.2667 21.4000
v  101.2753 17.0153 21.4000
v  101.1088 16.9311 21.4000
v  100.9836 14.3679 21.4000
v  100.9648 14.3316 21.4000
v  100.9648 14.3316 20.8001
v  15.6700 26.9168 24.5714
v  50.1072 -4.9772 21.9349
v  93.9241 9.8472 21.4000
v  93.9690 9.9140 21.4000
v  93.9241 9.8472 20.7997
v  94.0312 5.4204 21.4000
v  93.9741 5.3513 21.4000
v  93.9741 5.3513 20.7997
v  70.3582 6.9599 21.3880
v  70.3070 6.9768 21.3880
v  70.2969 6.9830 21.3880
v  52.3508 6.4571 21.4000
v  52.1575 6.2637 21.0355
v  52.3260 6.2994 21.0217
v  72.4542 -6.4809 21.3880
v  72.7327 -5.9991 21.3880
v  63.8374 -5.9124 21.1000
v  71.1024 0.4488 21.3880
v  71.2712 -0.2722 21.3880
v  71.3938 -0.2528 21.3880
v  65.9749 0.6898 21.1000
v  95.4539 4.5353 21.4000
v  95.4238 4.5221 21.4000
v  95.3927 4.5112 21.4000
v  95.3926 4.5112 20.7997
v  95.4238 -12.0856 21.4000
v  95.4539 -12.0724 21.4000
v  48.7103 -3.5802 21.9349
v  50.1530 -5.4843 21.4000
v  48.2032 -3.5345 21.4000
v  95.8033 -11.1437 21.4000
v  95.8597 -11.2086 21.4000
v  95.8033 -11.1437 20.7997
v  95.8033 5.4641 21.4000
v  95.8597 5.3992 21.4000
v  95.8033 5.4641 20.7997
v  19.6700 27.3219 23.9235
v  21.6700 27.3043 24.0001
v  21.6700 27.3225 23.9209
v  15.6700 -26.9869 24.5080
v  71.9453 2.1390 21.3880
v  71.7802 2.8136 21.3880
v  71.6575 2.7942 21.3880
v  71.7168 2.8051 21.3880
v  71.7802 2.8136 21.1120
v  70.5197 -0.2722 21.1120
v  70.4564 -0.2637 21.1120
v  70.5197 -0.2722 21.3880
v  65.6539 4.7744 21.4000
v  65.5558 4.7993 21.4000
v  65.5900 4.7928 21.4000
v  65.5900 4.7928 21.1000
v  95.4293 4.1762 20.7997
v  95.3212 4.4956 20.7997
v  95.3846 4.1700 20.7997
v  95.3846 4.1700 21.4000
v  65.9405 5.2198 21.1000
v  65.9839 5.1778 21.1000
v  65.9839 5.1778 21.4000
v  65.6837 4.7624 21.1000
v  63.6225 4.5338 21.1000
v  63.6398 4.5762 21.1000
v  63.3486 4.6215 21.1000
v  63.6225 4.5338 21.4000
v  93.8640 9.3769 21.4000
v  101.6578 13.5366 20.8001
v  101.7583 13.5182 20.8001
v  101.7583 13.5182 21.4000
v  101.6493 13.2048 20.8001
v  21.6700 -25.8281 25.0273
v  21.6700 -25.9464 25.0080
v  19.6700 -25.9461 25.0081
v  19.6700 -25.8279 25.0273
v  15.6700 -25.8279 25.0273
v  71.8680 0.3282 21.1120
v  71.8601 0.2655 21.1120
v  71.8680 0.3282 21.3880
v  69.9272 0.2655 21.3880
v  69.9193 0.3282 21.1120
v  103.1376 18.0625 2.0000
v  103.1376 18.0625 -0.0000
v  103.2556 18.2778 -0.0000
v  100.5801 16.7738 20.8001
v  100.4143 17.0643 20.8001
v  73.0004 -1.5911 21.1120
v  73.0234 -3.5554 21.1120
v  73.0449 -3.5622 21.1120
v  73.0234 -3.5554 21.3880
v  73.1183 -6.5431 21.3880
v  73.1302 -6.5993 21.3880
v  94.7205 10.0974 20.7997
v  94.5893 9.8209 20.7997
v  94.6078 9.8113 20.7997
v  94.5893 9.8209 21.4000
v  66.3048 4.3385 21.4000
v  66.3128 4.1261 21.4000
v  73.0449 -1.5802 21.1120
v  56.9440 -5.5184 21.5088
v  102.1376 17.0625 -0.0000
v  102.1376 -17.0625 2.0000
v  64.4950 1.1777 21.1000
v  103.1376 -18.0625 -0.0000
v  103.0056 17.8611 2.0000
v  101.9418 14.3630 21.4000
v  101.9272 14.3095 21.4000
v  49.4289 4.8547 21.4000
v  49.3870 4.8129 21.3212
v  49.5763 4.9796 21.2971
v  103.4501 -18.7500 -0.0000
v  103.4501 -18.7500 2.0000
v  103.5264 -19.0069 2.0000
v  101.1931 -16.6736 -0.0001
v  101.4501 -16.7500 -0.0001
v  101.4501 -16.7500 2.0000
v  101.4501 16.7500 -0.0001
v  101.4501 16.7500 2.0000
v  101.1931 16.6736 2.0000
v  60.0881 0.3144 20.9015
v  60.0540 0.6592 20.8805
v  60.3525 0.5788 21.4000
v  63.2664 0.3482 21.4000
v  63.2635 0.4483 21.4000
v  63.2664 0.3482 21.1000
v  73.1378 -4.1707 21.1120
v  73.1447 -4.1492 21.1120
v  73.1447 -4.1492 21.3880
v  63.5796 3.7548 21.4000
v  65.8182 -11.1431 21.1000
v  65.8617 -11.1323 21.1000
v  65.8617 -11.1323 21.4000
v  101.7535 14.9964 20.8001
v  101.7133 15.0059 21.4000
v  94.0841 9.0591 21.4000
v  94.1502 9.0150 21.4000
v  94.1502 9.0150 20.7997
v  103.5889 19.2778 -0.0000
v  103.5264 19.0069 -0.0000
v  103.5264 19.0069 2.0000
v  95.4293 4.1762 21.4000
v  95.4660 4.1840 21.4000
v  95.4660 4.1840 20.7997
v  95.4293 -12.4315 21.4000
v  95.4660 -12.4238 21.4000
v  60.3561 0.2174 21.4000
v  100.8484 16.7903 20.8001
v  100.8111 16.8022 21.4000
v  66.0258 0.4400 21.4000
v  66.0176 0.3338 21.4000
v  66.0176 0.3338 21.1000
v  64.1127 4.9407 21.4000
v  63.9657 4.8891 21.4000
v  64.4531 4.7382 21.4000
v  64.0616 4.9260 21.4000
v  64.1127 4.9407 21.1000
v  65.4239 3.1662 21.4000
v  65.3679 3.1526 21.1000
v  69.9156 -4.9610 21.1120
v  73.1437 -7.6176 21.1120
v  73.1505 -7.5961 21.1120
v  73.1505 -7.5961 21.3880
v  64.8755 3.5797 21.1000
v  64.8581 3.5088 21.4000
v  93.9234 9.2376 20.7997
v  93.9680 9.1734 20.7997
v  94.2083 9.3715 20.7997
v  93.9234 9.2376 21.4000
v  69.1216 -9.3317 21.3880
v  69.0803 -9.2164 21.3880
v  73.9849 9.6727 21.3880
v  73.9436 9.7880 21.3880
v  73.3954 8.6917 21.1120
v  54.2384 6.3792 20.8869
v  54.5106 6.6514 21.4000
v  54.3964 6.6589 21.4000
v  65.0817 -0.2964 21.1000
v  63.8784 4.8425 21.1000
v  63.8383 4.8158 21.1000
v  63.8383 4.8158 21.4000
v  64.4937 -0.2964 21.4000
v  65.6219 3.2436 21.1000
v  65.6648 3.2687 21.1000
v  65.6648 3.2687 21.4000
v  69.9698 -1.5582 21.1120
v  69.9885 -1.5705 21.1120
v  69.9885 -1.5705 21.3880
v  102.2546 16.7288 21.4000
v  102.2546 16.7288 20.8001
v  70.0143 2.8237 21.1120
v  70.3641 2.8141 21.3880
v  70.3440 2.8237 21.3880
v  70.3641 2.8141 21.1120
v  73.0449 -0.8788 21.3880
v  73.0650 -0.8884 21.3880
v  73.0650 -0.8884 21.1120
v  70.0301 -0.8719 21.1120
v  70.0301 -0.8719 21.3880
v  69.9272 0.2655 21.1120
v  63.5586 0.3323 21.4000
v  65.8958 -11.5406 21.4000
v  65.9220 -11.5685 21.4000
v  65.9220 -11.5685 21.1000
v  81.6969 27.4625 17.7871
v  103.7000 27.4625 17.7871
v  81.6969 26.1318 19.2979
v  81.6969 26.0110 19.3340
v  34.8225 26.0110 19.3340
v  103.7000 26.1318 19.2979
v  81.6969 -27.3979 18.0318
v  81.6969 -27.4340 17.9110
v  34.8225 -27.4340 17.9110
v  103.7000 -27.3979 18.0318
v  70.0491 -4.8606 21.1120
v  70.0589 -4.2746 21.1120
v  72.6281 -0.1662 21.3880
v  72.6213 -0.1447 21.3880
v  72.6213 -0.1447 21.1120
v  65.8392 -25.7628 21.3915
v  70.0144 -4.2636 21.1120
v  70.0359 -4.2705 21.1120
v  70.0359 -4.2705 21.3880
v  81.6969 -26.0110 19.3340
v  81.6969 -26.1318 19.2979
v  34.8225 -26.1318 19.2979
v  103.7000 -26.1318 19.2979
v  63.3861 3.2884 21.4000
v  63.3631 3.3444 21.4000
v  63.3861 3.2884 21.1000
v  61.1022 18.4373 -0.0002
v  60.8465 18.6615 0.9998
v  61.1022 -18.4373 -0.0002
v  60.8465 -18.6615 0.9998
v  63.0244 23.0778 -0.0002
v  63.3579 23.0114 0.9998
v  63.0244 -23.0778 -0.0002
v  63.3579 -23.0114 0.9998
v  95.2000 22.7517 -0.0002
v  95.5050 22.9021 0.9998
v  95.5050 -22.9021 0.9998
v  95.2000 -22.7517 -0.0002
v  41.4995 -19.2000 0.9998
v  41.6499 -19.5050 -0.0002
v  41.4995 19.2000 0.9998
v  41.6499 19.5050 -0.0002
v  65.1964 -21.1729 -0.0002
v  65.2628 -20.8394 0.9998
v  65.2628 20.8394 0.9998
v  65.1964 21.1729 -0.0002
v  64.9367 28.5002 12.4978
v  65.0871 29.5002 12.8029
v  41.4995 28.5002 12.4978
v  41.6499 29.5002 12.8029
v  88.3738 28.5002 12.4978
v  88.5243 29.5002 12.8029
v  41.4995 -28.5002 12.4978
v  41.6499 -29.5002 12.8029
v  41.4995 -28.5002 3.7000
v  41.6499 -29.5002 4.0050
v  41.4995 28.5002 3.7000
v  41.6500 29.5002 4.0050
v  88.3738 28.5002 3.7000
v  88.5243 29.5002 4.0050
v  64.9367 -28.5002 12.4978
v  65.0871 -29.5002 12.8029
v  64.9367 -28.5002 3.7000
v  65.0871 -29.5002 4.0050
v  88.3738 -28.5002 3.7000
v  88.5243 -29.5002 4.0050
v  88.3738 -28.5002 12.4978
v  88.5243 -29.5002 12.8029
v  64.9367 28.5002 3.7000
v  65.0871 29.5002 4.0050
v  36.9962 -19.2000 -0.0002
v  36.8458 -19.5050 0.9998
v  36.9962 19.2000 -0.0002
v  36.8458 19.5050 0.9998
v  63.9850 -18.2483 -0.0002
v  63.6800 -18.0979 0.9998
v  63.6800 18.0979 0.9998
v  63.9850 18.2483 -0.0002
v  61.6900 -28.5002 16.1999
v  61.3850 -29.5002 16.0495
v  84.8222 -29.5002 16.0495
v  85.1272 -28.5002 16.1999
v  84.8222 29.5002 16.0495
v  85.1272 28.5002 16.1999
v  61.3850 29.5002 16.0495
v  61.6900 28.5002 16.1999
v  37.9479 29.5002 16.0495
v  38.2529 28.5002 16.1999
v  38.2529 -28.5002 16.1999
v  37.9479 -29.5002 16.0495
v  40.5478 -18.2483 -0.0002
v  40.5478 18.2483 -0.0002
v  60.4333 -19.2000 -0.0002
v  60.2829 -19.5050 0.9998
v  60.2829 19.5050 0.9998
v  60.4333 19.2000 -0.0002
v  85.1272 -28.5002 7.4021
v  84.8222 -29.5002 7.2517
v  61.6900 -28.5002 7.4021
v  61.3850 -29.5002 7.2517
v  38.2529 -28.5002 7.4021
v  37.9479 -29.5002 7.2517
v  61.3850 29.5002 7.2517
v  61.6900 28.5002 7.4021
v  84.8222 29.5002 7.2517
v  85.1272 28.5002 7.4021
v  37.9479 29.5002 7.2517
v  38.2529 28.5002 7.4021
v  63.0244 -29.5002 16.3756
v  39.5872 29.5002 16.3756
v  39.5872 -29.5002 16.3756
v  63.0244 29.5002 16.3756
v  86.4615 -29.5002 16.3756
v  86.4615 29.5002 16.3756
v  97.8000 -18.2483 -0.0002
v  97.8000 18.2483 -0.0002
v  61.6900 18.0979 0.9998
v  62.0121 17.9886 -0.0002
v  61.6900 -18.0979 0.9998
v  62.0121 -17.9886 -0.0002
v  62.6850 -17.9000 0.9998
v  63.0244 -17.9222 -0.0002
v  62.6850 17.9000 0.9998
v  63.0244 17.9222 -0.0002
v  96.8394 -23.0778 -0.0002
v  96.8394 23.0778 -0.0002
v  86.4615 29.5002 7.5778
v  86.4615 -29.5002 7.5778
v  63.0244 29.5002 7.5778
v  63.0244 -29.5002 7.5778
v  39.5872 29.5002 7.5778
v  39.5872 -29.5002 7.5778
v  98.7517 -19.2000 0.9998
v  98.7517 19.2000 0.9998
v  94.2483 -19.2000 -0.0002
v  94.2483 19.2000 -0.0002
v  98.9021 21.4950 -0.0002
v  98.9021 -21.4950 -0.0002
v  84.2837 28.5002 15.6363
v  60.8465 28.5002 6.8385
v  60.8465 -28.5002 6.8385
v  60.8465 -28.5002 15.6363
v  37.4094 28.5002 15.6363
v  37.4094 -28.5002 15.6363
v  37.4094 -28.5002 6.8385
v  84.2837 -28.5002 6.8385
v  84.2837 -28.5002 15.6363
v  37.4094 28.5002 6.8385
v  60.8465 28.5002 15.6363
v  84.2837 28.5002 6.8385
v  36.8458 21.4950 -0.0002
v  36.8458 -21.4950 -0.0002
v  60.2829 29.5002 5.9950
v  60.2829 -29.5002 14.7928
v  60.2829 29.5002 14.7928
v  83.7201 29.5002 14.7928
v  83.7201 29.5002 5.9950
v  36.8458 29.5002 5.9950
v  60.2829 -29.5002 5.9950
v  36.8458 -29.5002 14.7928
v  83.7201 -29.5002 14.7928
v  36.8458 -29.5002 5.9950
v  36.8458 29.5002 14.7928
v  83.7201 -29.5002 5.9950
v  37.4094 -22.3385 0.9998
v  37.4094 22.3385 0.9998
v  100.4480 14.6550 21.4000
v  100.4543 14.7011 21.4000
v  63.5749 -3.6772 21.4000
v  63.5769 -3.7317 21.4000
v  63.5749 -3.6772 21.1000
v  103.5264 -19.0069 -0.0000
v  101.1931 -16.6736 2.0000
v  103.4501 18.7500 2.0000
v  101.1931 16.6736 -0.0001
v  63.6218 0.7345 21.4000
v  66.0018 3.8909 21.4000
v  65.9937 3.8310 21.4000
v  65.9828 3.7729 21.4000
v  65.9828 3.7729 21.1000
v  64.3095 7.3977 21.4000
v  100.3389 16.5278 -0.0001
v  100.3389 16.5278 2.0000
v  100.0264 16.5069 2.0000
v  95.6623 5.0836 20.7997
v  95.6623 -11.5242 20.7997
v  103.7000 -27.2472 18.3732
v  81.6969 -27.1836 18.4792
v  81.6969 -27.2472 18.3732
v  34.8225 -27.2472 18.3732
v  59.8454 1.6612 20.8268
v  59.7422 1.9827 20.8121
v  60.1495 1.9653 21.4000
v  21.6700 -29.3680 18.4220
v  21.6700 -27.4340 17.9110
v  81.6969 27.3043 18.2631
v  103.7000 27.3043 18.2632
v  100.0264 -16.5069 -0.0001
v  100.3389 -16.5278 -0.0001
v  100.3389 -16.5278 2.0000
v  103.6931 -20.1736 2.0000
v  103.6723 -19.8611 2.0000
v  103.6723 -19.8611 -0.0000
v  101.4613 15.2973 20.8001
v  101.4613 15.2973 21.4000
v  60.2276 1.6285 21.4000
v  103.7000 26.9566 18.7697
v  103.7000 27.0381 18.6777
v  103.7000 28.5761 19.9554
v  81.6969 27.0381 18.6777
v  103.7000 -26.9566 18.7697
v  81.6969 -26.8697 18.8566
v  81.6969 -26.9566 18.7697
v  34.8225 -26.9566 18.7697
v  49.2121 -4.7556 21.4000
v  94.8292 4.4804 21.4000
v  94.8292 -12.1273 21.4000
v  59.5308 -29.2093 18.8985
v  59.5308 -29.1086 19.1263
v  42.4020 -29.1086 19.1263
v  21.6700 -29.1086 19.1263
v  21.6700 -27.3043 18.2631
v  64.3169 2.8167 21.1000
v  63.9969 3.4422 21.1000
v  63.6552 3.5699 21.1000
v  63.6742 3.5427 21.1000
v  63.6742 3.5427 21.4000
v  63.3425 3.4034 21.1000
v  103.7000 -29.1086 19.1263
v  100.1612 14.8901 21.4000
v  100.1804 14.9489 21.4000
v  100.1612 14.8901 20.8001
v  69.9088 -7.1353 21.3880
v  69.9156 -7.1137 21.3880
v  69.9156 -7.6176 21.1120
v  73.1341 -7.6377 21.3880
v  73.1437 -7.6176 21.3880
v  73.1341 -7.6377 21.1120
v  73.1437 -0.1662 21.3880
v  73.1341 -0.1863 21.3880
v  73.1341 -0.1863 21.1120
v  73.0449 -3.5622 21.3880
v  73.0650 -3.5718 21.3880
v  73.0650 -3.5718 21.1120
v  72.6377 -0.1863 21.1120
v  72.6281 -0.1662 21.1120
v  70.0086 -7.0208 21.1120
v  70.0086 -1.5801 21.3880
v  69.9156 -0.9717 21.3880
v  101.3996 14.8155 20.8001
v  73.1378 -4.1707 21.3880
v  73.1282 -4.1908 21.3880
v  73.1282 -4.1908 21.1120
v  70.0144 -4.2636 21.3880
v  69.9943 -4.2540 21.3880
v  69.9943 -4.2540 21.1120
v  73.1282 -1.5073 21.3880
v  73.1378 -1.4872 21.3880
v  73.1282 -1.5073 21.1120
v  69.9215 2.7308 21.3880
v  56.5484 5.6726 20.7785
v  101.7535 14.9964 21.4000
v  71.2315 3.4732 21.1120
v  70.3225 2.8306 21.1120
v  70.3440 2.8237 21.1120
v  70.3225 2.8306 21.3880
v  73.0062 -0.2701 21.1120
v  73.0234 -0.8719 21.1120
v  73.0449 -0.8788 21.1120
v  73.0234 -0.8719 21.3880
v  59.1737 3.1926 20.7687
v  59.3381 2.9025 20.7772
v  59.6685 3.2329 21.4000
v  65.8392 27.8615 20.6277
v  21.6700 27.8615 20.6276
v  65.8392 28.7277 19.7615
v  82.9680 28.5761 19.9554
v  21.6700 -28.0554 20.4761
v  103.6931 -20.1736 -0.0000
v  66.3098 0.2494 21.1000
v  65.9932 0.2347 21.1000
v  65.6160 -0.1599 21.1000
v  65.9254 -0.5615 21.1000
v  65.7539 -8.8906 21.1000
v  65.7504 -8.1774 21.4000
v  57.6575 4.9403 20.7530
v  65.7700 -3.6316 21.1000
v  59.8131 2.9289 21.4000
v  65.7647 -2.9156 21.4000
v  56.8781 6.0024 21.4000
v  66.2808 4.5330 21.1000
v  63.8927 0.9989 21.1000
v  63.9540 1.0321 21.1000
v  63.8927 0.9989 21.4000
v  70.0267 -3.5759 21.1120
v  70.0388 -3.5686 21.1120
v  70.0267 -3.5759 21.3880
v  103.6931 20.1736 2.0000
v  103.6931 20.1736 -0.0000
v  103.7001 20.5000 -0.0000
v  93.9298 4.5544 21.4000
v  93.8990 4.6181 21.4000
v  93.9298 4.5544 20.7997
v  93.9298 -12.0534 21.4000
v  93.8990 -11.9897 21.4000
v  93.9298 -12.0534 20.7997
v  102.0874 12.2443 20.8001
v  102.0160 12.1769 20.8001
v  102.0160 12.1769 21.4000
v  101.8096 12.4347 20.8001
v  58.5981 4.0062 20.7525
v  58.3805 4.2569 20.7503
v  58.9416 4.3497 21.4000
v  65.7375 7.4012 21.4000
v  63.6565 -0.5615 21.1000
v  63.5961 -0.4953 21.1000
v  63.5961 -0.4953 21.4000
v  59.1446 4.0864 21.4000
v  95.9333 -12.0534 20.7997
v  95.9333 -12.0534 21.4000
v  95.9333 4.5544 20.7997
v  95.9333 4.5544 21.4000
v  64.0400 3.4615 21.4000
v  63.9969 3.4422 21.4000
v  65.7583 8.4370 21.1000
v  101.7583 12.0482 21.4000
v  101.6578 12.0298 21.4000
v  101.7583 12.0482 20.8001
v  65.7575 10.7036 21.1000
v  63.7617 -11.4862 21.4000
v  63.8155 -6.6195 21.4000
v  63.8155 10.7036 21.4000
v  73.3954 -8.2354 21.1120
v  73.9436 -9.3317 21.3880
v  73.9849 -9.2164 21.3880
v  65.5558 4.7993 21.1000
v  65.9254 -0.5615 21.4000
v  70.0500 -3.5630 21.3880
v  70.0500 -3.5630 21.1120
v  94.4419 4.5221 20.7997
v  94.3985 4.1840 20.7997
v  94.3985 -12.4238 20.7997
v  94.4419 -12.0856 20.7997
v  63.3343 4.5743 21.1000
v  63.3486 4.6215 21.4000
v  71.1741 2.1461 21.1120
v  71.1741 2.1461 21.3880
v  71.7168 2.8051 21.1120
v  70.4564 -0.2637 21.3880
v  70.5668 0.4401 21.3880
v  15.6700 27.2457 24.1560
v  63.8155 6.6913 21.4000
v  72.6510 -6.9058 21.1120
v  72.6551 -6.9576 21.1120
v  72.6551 -6.9576 21.3880
v  94.3817 9.8403 21.4000
v  101.8520 15.3104 20.8001
v  101.7908 14.9808 20.8001
v  63.3631 3.3444 21.1000
v  63.3425 3.4034 21.4000
v  71.3025 3.4177 21.1120
v  71.3025 3.4177 21.3880
v  70.2734 7.0052 21.1120
v  70.2801 6.9971 21.1120
v  34.8225 -27.4625 17.7871
v  34.8225 -26.0110 19.3340
v  21.6700 -26.0110 19.3340
v  21.6700 -26.1318 19.2979
v  64.4381 4.7015 21.1000
v  64.4531 4.7382 21.1000
v  64.4686 4.7745 21.4000
v  63.8409 -0.0911 21.4000
v  95.8964 4.4952 21.4000
v  34.8225 26.1318 19.2979
v  21.6700 26.1318 19.2979
v  21.6700 26.0110 19.3340
v  95.5978 4.6455 20.7997
v  95.5788 4.6245 20.7997
v  95.5978 4.6455 21.4000
v  71.1797 2.2131 21.3880
v  71.1876 2.2758 21.3880
v  71.1876 2.2758 21.1120
v  71.8868 2.0846 21.3880
v  71.8601 0.2655 21.3880
v  71.8499 0.2069 21.3880
v  100.5218 14.9254 20.8001
v  100.3090 15.2203 20.8001
v  100.2795 15.1691 20.8001
v  100.3090 15.2203 21.4000
v  34.8225 27.3043 18.2631
v  21.6700 27.3043 18.2631
v  65.0412 4.4067 21.4000
v  65.0614 4.4618 21.4000
v  63.6232 0.1399 21.1000
v  65.2878 4.7554 21.4000
v  65.2307 4.7144 21.4000
v  65.2878 4.7554 21.1000
v  100.6145 14.2300 21.4000
v  34.8225 -27.3043 18.2631
v  21.6700 -27.2472 18.3732
v  100.0264 -16.5069 2.0000
v  34.8225 27.0381 18.6777
v  21.6700 27.0381 18.6777
v  95.6346 -12.3582 20.7997
v  95.4830 -12.0570 20.7997
v  47.2601 0.5568 21.4000
v  47.2371 0.2747 21.4000
v  47.4221 0.4597 21.7487
v  21.6700 26.7777 18.9381
v  21.6700 26.6807 19.0138
v  34.8225 26.6807 19.0138
v  63.2634 3.8792 21.4000
v  63.2684 3.8079 21.4000
v  63.2684 3.8079 21.1000
v  34.8225 -27.0381 18.6777
v  102.2181 14.9778 21.4000
v  71.8820 2.0651 21.3880
v  71.8820 2.0651 21.1120
v  70.4580 0.5032 21.1120
v  70.4531 0.5227 21.1120
v  70.4531 0.5227 21.3880
v  66.2500 -0.0271 21.4000
v  66.2188 -0.1134 21.4000
v  66.2500 -0.0271 21.1000
v  72.6119 2.0651 21.1120
v  72.6071 2.0846 21.1120
v  72.6119 2.0651 21.3880
v  71.1657 0.5227 21.3880
v  71.1608 0.5032 21.3880
v  71.8736 0.3952 21.3880
v  71.1657 0.5227 21.1120
v  95.6935 4.8809 20.7997
v  95.6896 4.8454 20.7997
v  95.6935 4.8809 21.4000
v  95.6896 -11.7624 20.7997
v  95.6935 -11.7268 20.7997
v  95.6935 -11.7268 21.4000
v  96.0140 -11.7713 20.7997
v  94.2299 -12.3582 21.4000
v  94.2299 4.2496 21.4000
v  36.0937 -29.4915 17.6628
v  73.1159 -1.5259 21.1120
v  73.1519 2.1897 21.1120
v  73.1396 2.3126 21.1120
v  73.1396 2.3126 21.3880
v  66.2955 0.1543 21.1000
v  66.2955 0.1543 21.4000
v  94.3629 -12.4142 20.7997
v  94.3629 4.1935 20.7997
v  102.2905 12.7832 21.4000
v  102.2849 12.6798 21.4000
v  102.2905 12.7832 20.8001
v  101.8570 14.9306 21.4000
v  73.1302 -6.5993 21.1120
v  73.1183 -6.5431 21.1120
v  94.7205 10.0974 21.4000
v  65.3851 5.4556 21.1000
v  100.2933 14.0625 21.4000
v  100.3547 14.0067 21.4000
v  95.5788 4.6245 21.4000
v  95.5978 -11.9623 21.4000
v  95.5978 -11.9623 20.7997
v  95.5788 -11.9833 21.4000
v  102.1087 16.9927 21.4000
v  82.9680 -25.7628 21.3915
v  103.7000 -25.6314 19.3957
v  103.7000 -25.7628 21.3915
v  65.3488 4.7845 21.1000
v  72.6663 2.8198 21.3880
v  72.7498 2.8058 21.3880
v  72.5487 2.1390 21.3880
v  100.4214 13.9610 20.8001
v  100.5785 14.2503 20.8001
v  93.9273 5.2763 21.4000
v  100.1174 14.5764 21.4000
v  95.3604 4.5025 20.7997
v  101.2714 15.1901 21.4000
v  101.2153 15.1381 21.4000
v  101.2153 15.1381 20.8001
v  100.4340 16.5734 20.8001
v  100.1543 16.6936 20.8001
v  100.1409 16.6021 20.8001
v  100.1543 16.6936 21.4000
v  101.8520 15.3104 21.4000
v  100.1956 14.2007 20.8001
v  100.4768 14.3825 20.8001
v  66.1826 3.2912 21.4000
v  66.1865 3.3241 21.4000
v  66.1865 3.3241 21.1000
v  101.0706 14.8433 20.8001
v  101.0948 14.9300 21.4000
v  101.0544 14.7480 20.8001
v  47.4348 0.7315 21.7294
v  94.2496 4.6684 20.7997
v  94.2673 4.6455 20.7997
v  94.2673 4.6455 21.4000
v  94.2673 -11.9623 20.7997
v  94.2496 -11.9393 20.7997
v  94.2673 -11.9623 21.4000
v  100.4884 14.8374 20.8001
v  100.4745 14.7923 20.8001
v  101.7565 17.1645 20.8001
v  101.7565 17.1645 21.4000
v  101.7850 14.0207 20.8001
v  101.7850 14.0207 21.4000
v  93.8492 9.6173 20.7997
v  94.1507 9.5543 20.7997
v  102.2860 14.6928 21.4000
v  102.2905 14.5823 21.4000
v  102.2860 14.6928 20.8001
v  103.7000 25.7628 21.3915
v  103.7000 25.6314 19.3957
v  58.0007 5.2835 21.4000
v  58.2542 5.0690 21.4000
v  69.9744 -5.4707 21.3880
v  69.9620 -5.4589 21.3880
v  69.9620 -5.4589 21.1120
v  70.1182 -4.8690 21.3880
v  70.5393 0.4437 21.3880
v  70.5668 0.4401 21.1120
v  71.1024 0.4488 21.1120
v  71.0795 0.4437 21.1120
v  71.0521 0.4401 21.1120
v  71.0521 0.4401 21.3880
v  71.9269 2.1325 21.1120
v  71.9682 2.1441 21.1120
v  71.9957 2.1477 21.1120
v  71.9957 2.1477 21.3880
v  72.5258 2.1441 21.3880
v  72.4984 2.1477 21.3880
v  47.5976 1.7823 21.6473
v  47.5406 1.5256 21.6685
v  47.4664 1.6511 21.4000
v  21.6700 27.1624 24.3015
v  21.6700 27.2079 24.2287
v  19.6700 27.1612 24.3030
v  19.6700 27.2067 24.2304
v  15.6700 27.2067 24.2304
v  93.9273 5.2763 20.7997
v  94.2339 5.1427 20.7997
v  93.9274 -11.3314 20.7997
v  94.2339 -11.4650 20.7997
v  47.9278 2.7635 21.5586
v  47.8304 2.5256 21.5813
v  47.8437 2.6794 21.4000
v  47.3981 1.3831 21.4000
v  94.2109 5.1030 21.4000
v  94.2339 5.1427 21.4000
v  94.2109 -11.5048 21.4000
v  94.2339 -11.4650 21.4000
v  66.0020 4.2004 21.1000
v  100.9635 17.0712 20.8001
v  101.0030 17.0463 21.4000
v  63.9037 3.4290 21.1000
v  63.8301 2.8369 21.1000
v  65.1052 5.4317 21.4000
v  94.4572 10.1541 21.4000
v  47.7342 2.4294 21.4000
v  48.4104 3.6600 21.4652
v  48.2763 3.4446 21.4889
v  48.3758 3.6254 21.4000
v  64.1557 3.5700 21.1000
v  64.1194 3.5254 21.1000
v  64.7405 3.1952 21.1000
v  64.1557 3.5700 21.4000
v  48.2291 3.3975 21.4000
v  49.6309 5.0342 21.4000
v  100.0264 16.5069 -0.0001
v  103.6723 19.8611 2.0000
v  94.2956 9.2905 21.4000
v  94.2083 9.3715 21.4000
v  100.4143 17.0643 21.4000
v  69.7345 8.7935 21.1120
v  69.1216 9.7880 21.3880
v  73.1159 -3.6165 21.1120
v  73.1008 -3.5993 21.1120
v  73.1008 -3.5993 21.3880
v  93.9690 9.9140 20.7997
v  94.1934 9.7107 20.7997
v  95.7389 -11.0867 21.4000
v  95.7389 5.5210 21.4000
v  69.7345 -8.3372 21.1120
v  73.3307 -8.3372 21.1120
v  73.1464 7.4079 21.1120
v  73.3307 8.7935 21.1120
v  50.2773 5.5243 21.4000
v  50.1847 5.4316 21.2253
v  69.9875 8.1647 21.3880
v  70.0014 8.1695 21.3880
v  70.0014 8.1695 21.1120
v  69.9743 8.1579 21.3880
v  71.8810 6.3035 21.3880
v  71.8859 6.2896 21.1120
v  71.2247 6.3035 21.1120
v  71.2199 6.2896 21.1120
v  71.2199 6.2896 21.3880
v  70.3070 6.9768 21.1120
v  73.4367 -8.1201 21.1120
v  73.1580 7.4350 21.1120
v  73.1532 7.4211 21.1120
v  73.1532 8.1065 21.3880
v  73.1580 8.0927 21.3880
v  73.1580 8.0927 21.1120
v  73.1609 8.0781 21.3880
v  71.2199 3.5003 21.3880
v  71.2315 3.4732 21.3880
v  70.7475 7.0459 21.1120
v  70.7426 7.0320 21.1120
v  71.8810 3.4864 21.1120
v  71.8859 3.5003 21.1120
v  71.8859 3.5003 21.3880
v  72.6663 2.8198 21.1120
v  71.7888 3.4148 21.3880
v  71.8033 3.4177 21.3880
v  71.8033 3.4177 21.1120
v  71.2886 6.3674 21.3880
v  71.3025 6.3722 21.3880
v  71.3025 6.3722 21.1120
v  71.3170 6.3751 21.3880
v  70.6649 6.9633 21.3880
v  70.6787 6.9681 21.3880
v  70.6649 6.9633 21.1120
v  71.8033 6.3722 21.1120
v  71.8172 6.3674 21.1120
v  69.9188 8.0868 21.1120
v  69.9236 8.1007 21.1120
v  73.0892 7.3573 21.3880
v  73.0753 7.3524 21.1120
v  19.6700 -27.2067 24.2304
v  19.6700 -27.1612 24.3030
v  15.6700 -27.1612 24.3030
v  21.6700 -27.2468 24.1541
v  21.6700 -27.2790 24.0778
v  73.0753 8.1753 21.1120
v  73.0892 8.1704 21.1120
v  73.0753 8.1753 21.3880
v  100.9836 14.3679 20.8001
v  69.9527 -4.9058 21.3880
v  100.5710 13.9002 21.4000
v  101.3037 14.2773 20.8001
v  21.6700 26.9178 24.5705
v  21.6700 26.9880 24.5070
v  19.6700 26.9168 24.5714
v  19.6700 26.9869 24.5080
v  15.6700 26.9869 24.5080
v  93.8888 9.3054 21.4000
v  100.5614 15.0094 21.4000
v  100.5835 15.0500 21.4000
v  100.5835 15.0500 20.8001
v  63.3343 4.5743 21.4000
v  63.3235 4.5341 21.4000
v  63.3235 4.5341 21.1000
v  101.0756 16.9762 21.4000
v  101.0756 16.9762 20.8001
v  102.1087 16.9927 20.8001
v  101.9002 16.7303 20.8001
v  100.7098 17.1357 21.4000
v  101.1402 14.0251 21.4000
v  65.9878 -11.7816 21.1000
v  65.9863 -11.7599 21.1000
v  65.9863 -11.7599 21.4000
v  59.5308 -25.7628 21.3915
v  42.4020 -25.5000 21.4000
v  100.8835 16.7738 21.4000
v  100.7718 16.8092 21.4000
v  65.7672 -11.4874 21.1000
v  65.7672 -11.4874 21.4000
v  19.6700 25.8279 25.0273
v  15.6700 25.8279 25.0273
v  21.6700 25.7070 25.0412
v  21.6700 25.8281 25.0273
v  52.1767 6.4094 21.4000
v  95.9780 -11.4322 21.4000
v  95.9998 -11.5142 21.4000
v  95.9780 -11.4322 20.7997
v  94.1639 -11.0714 21.4000
v  101.8395 17.1498 21.4000
v  101.6578 13.5366 21.4000
v  95.9473 -11.3539 20.7997
v  95.9473 5.2538 20.7997
v  95.9780 5.1756 20.7997
v  95.9780 5.1756 21.4000
v  101.5842 12.3512 20.8001
v  101.6578 12.0298 20.8001
v  21.6700 26.3866 24.8823
v  21.6700 26.4870 24.8397
v  19.6700 26.5822 24.7935
v  19.6700 26.6735 24.7431
v  15.6700 26.6735 24.7431
v  82.9680 -27.8615 20.6277
v  65.8392 -27.6583 20.7673
v  42.4020 27.8615 20.6277
v  94.1639 -11.0714 20.7997
v  94.1639 5.5363 20.7997
v  66.1918 3.2036 21.1000
v  82.9680 27.6583 20.7673
v  59.5308 29.2959 18.6635
v  65.8392 -29.2959 18.6635
v  63.6067 4.4891 21.4000
v  64.3402 4.3443 21.4000
v  64.3402 4.3443 21.1000
v  64.0221 -0.1892 21.1000
v  65.8670 3.4688 21.1000
v  59.5308 -29.3680 18.4220
v  65.8392 29.3680 18.4220
v  19.6700 26.1732 24.9546
v  19.6700 26.2815 24.9208
v  15.6700 26.2815 24.9208
v  21.6700 26.1737 24.9545
v  21.6700 26.2821 24.9206
v  101.1402 14.0251 20.8001
v  19.6700 -26.7598 24.6891
v  19.6700 -26.6735 24.7431
v  15.6700 -26.6735 24.7431
v  21.6700 -26.6743 24.7426
v  21.6700 -26.7607 24.6885
v  66.0018 3.8909 21.1000
v  66.2917 3.7976 21.1000
v  66.2917 3.7976 21.4000
v  100.7479 14.2040 20.8001
v  100.8899 13.8960 21.4000
v  65.8392 -29.1086 19.1263
v  70.3382 6.9638 21.1120
v  70.3280 6.9672 21.1120
v  70.3382 6.9638 21.3880
v  65.9588 -11.0447 21.4000
v  21.6700 -26.2821 24.9206
v  21.6700 -26.3866 24.8823
v  19.6700 -26.3860 24.8825
v  19.6700 -26.2815 24.9208
v  15.6700 -26.2815 24.9208
v  71.3163 2.6078 21.1120
v  71.2889 2.5708 21.1120
v  71.2889 2.5708 21.3880
v  101.8513 12.4731 21.4000
v  101.8096 12.4347 21.4000
v  101.8096 13.1316 21.4000
v  69.9872 -5.4802 21.1120
v  69.9744 -5.4707 21.1120
v  69.9872 -5.4802 21.3880
v  65.6539 4.7744 21.1000
v  65.8463 5.2939 21.1000
v  65.9878 -11.7816 21.4000
v  101.5842 13.2152 21.4000
v  101.6493 13.2048 21.4000
v  101.6493 12.3616 20.8001
v  101.6493 12.3616 21.4000
v  59.5308 28.5761 19.9554
v  59.5308 -28.0554 20.4761
v  100.6150 16.7903 21.4000
v  100.6150 16.7903 20.8001
v  95.4293 -12.4315 20.7997
v  95.3212 -12.1122 20.7997
v  95.3846 -12.4378 20.7997
v  65.5542 1.0629 21.1000
v  65.9525 0.7345 21.4000
v  66.0176 0.5452 21.1000
v  66.0074 0.5952 21.1000
v  66.0074 0.5952 21.4000
v  63.3719 4.8615 21.1000
v  100.5518 17.1178 20.8001
v  101.8022 16.8079 20.8001
v  101.7657 16.8243 21.4000
v  101.5276 16.8243 21.4000
v  101.5658 16.8360 21.4000
v  64.3129 4.1795 21.1000
v  64.3213 4.2364 21.4000
v  101.6880 16.8430 21.4000
v  101.7277 16.8360 21.4000
v  101.7277 16.8360 20.8001
v  101.4584 17.1310 20.8001
v  101.5658 16.8360 20.8001
v  100.7779 14.2059 20.8001
v  64.9278 3.8953 21.1000
v  64.9153 3.8052 21.1000
v  64.9153 3.8052 21.4000
v  64.2823 3.9552 21.1000
v  64.7112 3.1437 21.4000
v  64.6799 3.0962 21.4000
v  64.7112 3.1437 21.1000
v  65.5518 -0.1892 21.1000
v  65.6160 -0.1599 21.4000
v  101.5288 15.3171 21.4000
v  72.9353 -6.1810 21.3880
v  72.9738 -6.2294 21.1120
v  94.6078 9.8113 21.4000
v  94.5714 9.8286 21.4000
v  64.0221 -0.1892 21.4000
v  72.4961 -6.5109 21.1120
v  72.4542 -6.4809 21.1120
v  65.7956 5.3260 21.1000
v  65.7423 5.3548 21.1000
v  65.7956 5.3260 21.4000
v  93.8442 -11.6895 21.4000
v  93.8477 -11.7714 21.4000
v  93.8477 -11.7714 20.7997
v  93.8442 4.9182 21.4000
v  93.8477 4.8364 20.7997
v  93.9674 4.4952 20.7997
v  93.9674 -12.1126 20.7997
v  94.4704 9.8487 20.7997
v  65.9861 4.3090 21.4000
v  72.6071 -6.6890 21.3880
v  72.5878 -6.6357 21.1120
v  95.8964 -12.1126 21.4000
v  63.5405 -0.4255 21.4000
v  63.5924 4.4422 21.4000
v  63.5796 4.3931 21.4000
v  64.3304 4.2914 21.4000
v  63.5924 4.4422 21.1000
v  96.0140 -11.7713 21.4000
v  65.7078 -11.4797 21.4000
v  94.1750 -11.7624 20.7997
v  93.8579 -11.8486 20.7997
v  93.8579 4.7591 20.7997
v  94.1750 4.8454 20.7997
v  95.9636 4.6181 21.4000
v  70.0042 0.0109 21.1120
v  70.0285 -0.0295 21.1120
v  70.0285 -0.0295 21.3880
v  71.9024 2.1143 21.3880
v  71.2646 2.5304 21.3880
v  71.7830 0.0109 21.3880
v  71.7587 -0.0295 21.1120
v  65.5542 1.0629 21.4000
v  70.1981 -0.1829 21.3880
v  70.1573 -0.1582 21.3880
v  70.1573 -0.1582 21.1120
v  100.8639 14.2353 21.4000
v  65.7367 11.4108 21.4000
v  65.7367 -5.9124 21.4000
v  101.8704 16.7610 21.4000
v  101.9002 16.7303 21.4000
v  96.0039 -11.8486 21.4000
v  94.3990 5.2933 21.4000
v  94.3990 -11.3144 21.4000
v  95.5364 4.2048 20.7997
v  95.6028 4.2329 20.7997
v  95.4238 4.5221 20.7997
v  95.5701 4.2180 20.7997
v  95.5364 4.2048 21.4000
v  101.3351 16.6059 21.4000
v  101.3351 16.6059 20.8001
v  65.7367 9.1444 21.4000
v  95.5788 -11.9833 20.7997
v  101.9571 16.6059 20.8001
v  101.9652 16.5538 20.8001
v  101.9571 16.6059 21.4000
v  19.6700 -25.7068 25.0413
v  21.6700 -25.5834 25.0498
v  21.6700 -25.7070 25.0412
v  101.9679 12.7832 20.8001
v  101.9647 12.7233 20.8001
v  101.9647 12.8431 21.4000
v  100.1409 16.6021 21.4000
v  64.9072 -0.9763 21.4000
v  65.0196 -0.9672 21.4000
v  65.0196 -0.9672 21.1000
v  64.5624 -0.9672 21.4000
v  100.4875 16.6957 20.8001
v  100.5155 16.7266 20.8001
v  100.4875 16.6957 21.4000
v  65.6982 -0.7383 21.4000
v  65.6137 -0.7872 21.4000
v  63.8837 -0.7383 21.1000
v  63.9682 -0.7872 21.1000
v  64.1629 -0.2378 21.1000
v  63.8837 -0.7383 21.4000
v  66.2048 3.1820 21.4000
v  66.2231 3.1658 21.4000
v  66.2048 3.1820 21.1000
v  15.6700 -27.1093 24.3736
v  65.8392 -25.5000 21.4000
v  69.0803 9.6727 21.3880
v  100.4264 16.5227 21.4000
v  100.4340 16.5734 21.4000
v  63.2891 0.1561 21.4000
v  63.2749 0.2508 21.4000
v  63.2891 0.1561 21.1000
v  63.8036 -0.6844 21.4000
v  65.7783 -0.6844 21.1000
v  64.2632 3.8520 21.4000
v  64.2525 3.8024 21.4000
v  64.2525 3.8024 21.1000
v  64.9156 5.3532 21.1000
v  101.0268 16.5734 20.8001
v  101.0268 16.5734 21.4000
v  100.5785 14.2503 21.4000
v  66.0248 5.1325 21.4000
v  15.6700 27.1612 24.3030
v  81.6969 26.6807 19.0138
v  64.4537 -0.9520 21.4000
v  64.9879 -0.3037 21.1000
v  65.1282 -0.9520 21.1000
v  101.9092 14.2568 20.8001
v  94.1614 9.6389 21.4000
v  94.1747 9.6764 20.7997
v  64.6799 3.0962 21.1000
v  71.9024 2.1143 21.1120
v  71.1453 0.4736 21.1120
v  64.6950 5.1644 21.1000
v  64.6076 5.0446 21.1000
v  65.9318 -11.5837 21.1000
v  65.9409 -11.6000 21.1000
v  63.7389 3.4801 21.4000
v  63.7160 3.4978 21.1000
v  64.9278 3.8953 21.4000
v  64.9412 3.9811 21.4000
v  64.9412 3.9811 21.1000
v  70.0086 -0.8788 21.1120
v  101.0404 17.0146 21.4000
v  63.3813 4.8094 21.1000
v  63.3790 4.8376 21.1000
v  63.3790 4.8376 21.4000
v  63.8154 3.4431 21.1000
v  66.0942 -0.3527 21.1000
v  66.0942 -0.3527 21.4000
v  66.0429 -0.4257 21.4000
v  48.8234 4.2176 21.4001
v  65.9690 3.7167 21.1000
v  66.2753 3.6957 21.1000
v  65.8916 3.5138 21.4000
v  63.3659 -0.1120 21.4000
v  65.3851 5.4556 21.4000
v  94.7057 4.1580 21.4000
v  94.8113 4.1563 21.4000
v  94.8113 4.1563 20.7997
v  94.8113 -12.4515 21.4000
v  94.7057 -12.4498 21.4000
v  94.8113 -12.4515 20.7997
v  15.6700 -26.5822 24.7935
v  64.7466 5.2207 21.4000
v  94.2622 5.1799 20.7997
v  94.2622 -11.4278 20.7997
v  15.6700 -25.7068 25.0412
v  64.3169 2.8167 21.4000
v  102.2683 16.6540 20.8001
v  71.4483 -0.2395 21.1120
v  71.3938 -0.2528 21.1120
v  63.5884 -3.8336 21.1000
v  65.8392 27.3376 20.9539
v  59.5308 27.3376 20.9539
v  15.6700 25.9461 25.0081
v  15.6700 -26.1732 24.9546
v  103.7000 -27.4957 17.5314
v  81.6969 -27.4957 17.5314
v  81.6969 25.6314 19.3957
v  34.8225 25.6314 19.3957
v  94.1698 -11.6895 21.4000
v  94.1724 -11.6395 21.4000
v  94.1724 -11.6395 20.7997
v  94.1724 4.9683 21.4000
v  94.1698 4.9182 21.4000
v  94.1724 4.9683 20.7997
v  15.6700 26.7598 24.6891
v  94.5540 9.8344 20.7997
v  94.7781 10.0655 20.7997
v  15.6700 -27.3332 23.8431
v  15.6700 -27.3219 23.9235
v  19.6700 -27.3332 23.8431
v  101.0404 17.0146 20.8001
v  15.6700 26.3860 24.8825
v  64.4112 4.6225 21.1000
v  65.0412 4.4067 21.1000
v  65.0614 4.4618 21.1000
v  63.5651 3.8232 21.1000
v  101.5842 13.2152 20.8001
v  101.5842 12.3512 21.4000
v  101.9656 14.6488 20.8001
v  101.9679 14.5852 20.8001
v  101.9656 14.6488 21.4000
v  65.7381 0.9654 21.1000
v  63.3044 4.4508 21.1000
v  63.3044 4.4508 21.4000
v  70.4479 2.6862 21.1120
v  70.4438 2.7092 21.1120
v  70.4438 2.7092 21.3880
v  73.0234 -4.2705 21.1120
v  73.0234 -4.2705 21.3880
v  72.7657 -0.2701 21.3880
v  72.7427 -0.2660 21.3880
v  72.7427 -0.2660 21.1120
v  73.1447 -0.9933 21.1120
v  73.1447 -0.9933 21.3880
v  73.0292 -0.2660 21.3880
v  73.0062 -7.7215 21.1120
v  73.0292 -7.7174 21.3880
v  69.9146 -4.1492 21.1120
v  69.9215 -4.1707 21.1120
v  70.1347 -4.8729 21.3880
v  70.1436 -4.8749 21.1120
v  94.2956 9.2905 20.7997
v  94.2167 -11.8875 21.4000
v  94.2167 4.7203 21.4000
v  94.2336 9.3410 21.4000
v  69.9156 -7.1137 21.1120
v  69.9088 -7.1353 21.1120
v  69.6285 8.5763 21.1120
v  73.0449 -1.5802 21.3880
v  73.0234 -1.5870 21.3880
v  73.0234 -1.5870 21.1120
v  70.0086 -1.5801 21.1120
v  70.0301 -1.5870 21.1120
v  70.0301 -1.5870 21.3880
v  69.9156 -7.6176 21.3880
v  69.9088 -7.5961 21.3880
v  69.9088 -7.5961 21.1120
v  70.0086 -7.0208 21.3880
v  70.0301 -7.0139 21.1120
v  69.9156 -1.4872 21.3880
v  69.9088 -1.4656 21.3880
v  69.9088 -0.9933 21.1120
v  69.9156 -0.9717 21.1120
v  69.9102 0.4663 21.1120
v  69.9088 -0.9933 21.3880
v  73.1447 -3.6767 21.3880
v  69.9146 2.7092 21.1120
v  69.9215 2.7308 21.1120
v  69.9146 2.7092 21.3880
v  70.0086 -7.7105 21.1120
v  70.0301 -7.7174 21.3880
v  70.4369 2.7308 21.3880
v  73.1488 -1.0162 21.3880
v  72.7211 -0.2591 21.1120
v  73.0062 -0.2701 21.3880
v  73.0507 -7.7105 21.3880
v  69.9146 -4.1492 21.3880
v  73.0449 -4.2636 21.3880
v  94.1530 9.5138 20.7997
v  73.0532 2.5924 21.1120
v  100.8484 16.7903 21.4000
v  65.7896 4.6923 21.1000
v  66.2753 3.6957 21.4000
v  64.1760 3.6003 21.4000
v  100.7718 16.8092 20.8001
v  101.8141 14.0639 21.4000
v  94.1875 9.4041 20.7997
v  101.5091 17.1478 20.8001
v  101.5091 17.1478 21.4000
v  100.9995 14.4093 21.4000
v  100.9995 14.4093 20.8001
v  65.7078 -11.4797 21.1000
v  65.7045 -11.1554 21.1000
v  34.8225 -26.6807 19.0138
v  21.6700 -26.6807 19.0138
v  101.5608 17.1598 21.4000
v  63.9467 7.3935 21.1000
v  95.8964 -12.1126 20.7997
v  95.6158 -11.9393 20.7997
v  94.1801 -11.5920 20.7997
v  94.1801 5.0157 20.7997
v  95.8964 4.4952 20.7997
v  95.6158 4.6684 20.7997
v  72.7925 -6.0429 21.1120
v  72.8453 -6.0878 21.1120
v  65.6763 -0.1272 21.4000
v  94.1599 9.4752 21.4000
v  21.6700 25.6314 19.3957
v  100.4429 14.5618 20.8001
v  100.1174 14.5764 20.8001
v  93.9674 4.4952 21.4000
v  93.9674 -12.1126 21.4000
v  101.4224 16.7610 20.8001
v  101.3924 16.7303 20.8001
v  51.9907 6.2235 21.0495
v  100.4768 14.3825 21.4000
v  73.8788 9.8898 21.3880
v  69.1863 -9.4335 21.3880
v  72.5117 -5.8744 21.3880
v  72.5923 -5.9148 21.3880
v  72.5923 -5.9148 21.1120
v  65.9279 4.4962 21.1000
v  101.3814 14.7304 20.8001
v  64.4381 4.7015 21.4000
v  64.4244 4.6629 21.1000
v  102.2397 12.4894 20.8001
v  101.9161 12.5632 20.8001
v  102.2002 12.4023 21.4000
v  102.2397 13.0761 21.4000
v  54.0504 6.6696 21.4000
v  54.1663 6.6680 21.4000
v  53.9051 6.4068 20.9076
v  65.1052 5.4317 21.1000
v  73.6921 -9.5832 21.3880
v  73.5768 -9.6245 21.3880
v  69.3730 10.0395 21.3880
v  71.4177 2.6996 21.1120
v  71.4585 2.7242 21.1120
v  71.6303 -0.1582 21.1120
v  94.2468 9.7699 21.4000
v  21.6700 -25.6314 19.3957
v  65.2086 9.1386 21.1000
v  95.7263 -12.2977 21.4000
v  95.7263 4.3101 21.4000
v  63.5547 3.8968 21.4000
v  63.9467 9.1365 21.4000
v  101.9588 14.7077 21.4000
v  63.9467 -5.9201 21.1000
v  63.9467 11.4031 21.1000
v  65.6282 11.4031 21.4000
v  65.9932 0.6434 21.1000
v  95.4539 -12.0724 20.7997
v  70.0086 -0.8788 21.3880
v  70.0359 2.8306 21.3880
v  70.0359 2.8306 21.1120
v  70.0589 2.8347 21.3880
v  65.2556 -0.2730 21.1000
v  65.3358 -0.2570 21.4000
v  64.2392 -0.2570 21.4000
v  64.3197 -0.2730 21.4000
v  65.9932 0.6434 21.4000
v  63.3719 4.8615 21.4000
v  101.9652 16.5538 21.4000
v  73.0079 -6.2788 21.3880
v  64.2392 1.1341 21.1000
v  64.2392 1.1341 21.4000
v  95.3604 4.5025 21.4000
v  63.3761 4.7439 21.4000
v  63.3695 4.7063 21.4000
v  63.3695 4.7063 21.1000
v  95.3604 -12.1052 21.4000
v  94.5056 4.5025 20.7997
v  94.5447 4.4956 21.4000
v  94.5056 -12.1052 20.7997
v  94.5447 -12.1122 21.4000
v  103.7000 27.3376 20.9539
v  82.9680 27.3376 20.9539
v  94.2622 5.1799 21.4000
v  103.7000 -27.3376 20.9539
v  82.9680 -27.3376 20.9539
v  94.2622 -11.4278 21.4000
v  71.7830 0.0109 21.1120
v  21.6700 27.4957 17.5314
v  34.8225 27.4957 17.5314
v  71.0795 0.4437 21.3880
v  71.2031 -0.2782 21.3880
v  70.5164 0.4488 21.1120
v  70.5393 0.4437 21.1120
v  70.5164 0.4488 21.3880
v  72.5258 2.1441 21.1120
v  72.5487 2.1390 21.1120
v  71.9682 2.1441 21.3880
v  71.9453 2.1390 21.1120
v  94.3252 4.5883 21.4000
v  94.3051 4.6054 21.4000
v  94.3051 4.6054 20.7997
v  94.3252 -12.0195 21.4000
v  94.3051 -12.0024 21.4000
v  94.3051 -12.0024 20.7997
v  70.1981 -0.1829 21.1120
v  65.8246 0.8955 21.4000
v  65.2531 1.1519 21.4000
v  65.3344 1.1342 21.4000
v  65.3344 1.1342 21.1000
v  73.0079 -6.2788 21.1120
v  64.6076 5.0446 21.4000
v  94.3985 -12.4238 21.4000
v  94.3629 -12.4142 21.4000
v  94.3985 4.1840 21.4000
v  94.3629 4.1935 21.4000
v  95.6896 4.8454 21.4000
v  95.6832 4.8115 21.4000
v  95.6896 -11.7624 21.4000
v  95.6832 -11.7962 21.4000
v  65.8463 5.2939 21.4000
v  94.3990 -11.3144 20.7997
v  94.3990 5.2933 20.7997
v  73.0608 8.1782 21.3880
v  71.2646 2.5304 21.1120
v  71.3170 6.3751 21.1120
v  71.7888 6.3751 21.3880
v  21.6700 -27.3336 23.8404
v  100.8639 14.2353 20.8001
v  99.7001 -16.5000 2.0000
v  99.7001 16.5000 2.0000
v  63.6812 -4.0858 21.1000
v  63.7045 -4.1209 21.1000
v  63.7045 -4.1209 21.4000
v  95.5017 -12.4142 21.4000
v  95.5017 4.1935 21.4000
v  100.4264 16.5227 20.8001
v  71.8375 0.1525 21.1120
v  71.1978 2.3344 21.3880
v  69.9498 0.1525 21.1120
v  69.9374 0.2069 21.1120
v  69.9498 0.1525 21.3880
v  95.5109 -12.0394 21.4000
v  95.4830 -12.0570 21.4000
v  95.5109 4.5684 21.4000
v  70.3971 -0.2528 21.3880
v  70.3418 -0.2395 21.3880
v  70.3418 -0.2395 21.1120
v  71.6575 2.7942 21.1120
v  64.1619 1.1133 21.4000
v  65.8961 0.8185 21.1000
v  19.6700 -26.9869 24.5080
v  15.6700 -26.9168 24.5714
v  21.6700 -26.9880 24.5070
v  65.5110 5.4358 21.1000
v  65.5714 5.4207 21.1000
v  65.5714 5.4207 21.4000
v  94.1518 10.0749 21.4000
v  100.7779 14.2059 21.4000
v  100.8072 14.2118 21.4000
v  63.7301 -4.1542 21.4000
v  94.4868 9.8474 20.7997
v  94.4704 9.8487 21.4000
v  65.4117 -0.2378 21.4000
v  65.6300 5.4022 21.4000
v  73.1031 -6.4879 21.1120
v  64.5883 1.1858 21.1000
v  64.5883 1.1858 21.4000
v  64.8880 1.1906 21.4000
v  64.9853 1.1858 21.4000
v  21.6700 25.5834 25.0498
v  100.8392 17.1196 21.4000
v  100.8812 17.1070 21.4000
v  59.5308 25.5000 21.4000
v  100.1454 14.8299 21.4000
v  21.6700 27.3336 23.8404
v  19.6700 27.3332 23.8431
v  15.6700 27.3332 23.8431
v  72.6442 -6.8531 21.3880
v  95.5017 -12.4142 20.7997
v  101.9532 14.4173 20.8001
v  100.7966 17.1285 20.8001
v  63.9467 -5.9201 21.4000
v  63.9467 11.4031 21.4000
v  65.6282 11.4031 21.1000
v  65.6282 -5.9201 21.1000
v  95.5109 4.5684 20.7997
v  95.7263 4.3101 20.7997
v  73.1609 7.4495 21.3880
v  73.1609 8.0781 21.1120
v  71.8888 3.5148 21.3880
v  71.8888 6.2751 21.1120
v  71.2170 6.2751 21.3880
v  70.6503 6.9604 21.1120
v  71.7888 3.4148 21.1120
v  71.8475 2.8196 21.1120
v  70.7504 7.0604 21.3880
v  71.3170 3.4148 21.3880
v  69.9158 8.0723 21.3880
v  64.8896 -0.3081 21.1000
v  64.9879 -0.3037 21.4000
v  73.1031 -6.4879 21.3880
v  65.4830 4.8066 21.4000
v  65.7052 3.2959 21.1000
v  63.3243 3.4652 21.4000
v  101.9614 14.4725 21.4000
v  101.9532 14.4173 21.4000
v  64.5871 -0.3037 21.4000
v  64.6848 -0.3081 21.4000
v  64.5871 -0.3037 21.1000
v  100.1454 14.8299 20.8001
v  65.0786 1.1777 21.1000
v  64.4950 1.1777 21.4000
v  65.8404 3.4262 21.4000
v  101.9418 14.3630 20.8001
v  65.9409 -11.6000 21.4000
v  53.7931 6.4122 20.9148
v  69.9527 -4.9058 21.1120
v  63.8009 4.7872 21.1000
v  69.9071 -5.3614 21.1120
v  65.5281 3.2003 21.1000
v  64.7405 3.1952 21.4000
v  63.6791 4.6545 21.4000
v  69.9088 -4.9832 21.3880
v  69.9088 -4.9832 21.1120
v  63.6944 3.5187 21.1000
v  63.9657 4.8891 21.1000
v  64.8386 3.4401 21.1000
v  65.7052 3.2959 21.4000
v  103.7001 -20.5000 -0.0000
v  66.0071 3.9527 21.4000
v  69.9839 -3.6132 21.3880
v  69.9994 -3.5967 21.3880
v  69.9994 -3.5967 21.1120
v  95.2043 4.4855 20.7997
v  95.2692 4.4899 20.7997
v  95.2692 4.4899 21.4000
v  95.2494 4.1608 20.7997
v  95.2494 -12.4469 20.7997
v  95.2692 -12.1179 20.7997
v  95.2043 -12.1223 20.7997
v  95.2692 -12.1179 21.4000
v  94.5966 4.4899 21.4000
v  94.5966 4.4899 20.7997
v  94.5966 -12.1179 21.4000
v  94.5966 -12.1179 20.7997
v  63.8009 4.7872 21.4000
v  73.0836 -0.9007 21.1120
v  73.1217 -7.6563 21.1120
v  70.3827 2.8018 21.1120
v  73.1217 -0.2049 21.1120
v  73.0837 -3.5842 21.1120
v  72.6501 -0.2049 21.3880
v  69.9756 -4.2417 21.1120
v  70.0589 2.8347 21.1120
v  70.2995 2.8347 21.3880
v  73.1159 -4.2094 21.1120
v  63.2594 4.0237 21.1000
v  73.1546 -7.5731 21.3880
v  73.0004 -3.5513 21.3880
v  69.9046 -7.5731 21.1120
v  69.9046 -7.1583 21.3880
v  70.0531 -1.5911 21.3880
v  73.1488 -4.1262 21.3880
v  69.9046 -1.0162 21.3880
v  70.0531 -7.7215 21.3880
v  73.1488 -1.4426 21.3880
v  65.0817 -0.2964 21.4000
v  73.0449 -4.2636 21.1120
v  72.7211 -0.2591 21.3880
v  69.9698 -7.6886 21.3880
v  69.9527 -7.6735 21.3880
v  69.9527 -7.6735 21.1120
v  70.4369 2.7308 21.1120
v  73.0837 -3.5842 21.3880
v  73.1008 -1.5431 21.3880
v  73.1159 -1.5259 21.3880
v  73.1008 -1.5431 21.1120
v  69.9698 -1.5582 21.3880
v  69.9527 -1.5431 21.3880
v  69.9527 -1.5431 21.1120
v  69.9376 -1.5259 21.1120
v  69.9376 -7.0750 21.3880
v  69.9527 -7.0578 21.1120
v  69.9585 2.7867 21.1120
v  69.9756 2.8018 21.1120
v  69.9585 2.7867 21.3880
v  69.9376 -7.6563 21.1120
v  94.1815 4.8115 20.7997
v  94.1815 4.8115 21.4000
v  73.1378 -0.9717 21.1120
v  73.0836 -1.5582 21.1120
v  73.0507 -0.2591 21.1120
v  69.9376 -0.9330 21.3880
v  69.9527 -0.9158 21.3880
v  69.9527 -0.9158 21.1120
v  69.9698 -7.0427 21.1120
v  94.1815 -11.7962 20.7997
v  94.1815 -11.7962 21.4000
v  73.0507 -7.7105 21.1120
v  72.6501 -0.2049 21.1120
v  70.3827 2.8018 21.3880
v  73.1159 -4.2094 21.3880
v  69.9698 -0.9007 21.1120
v  63.6212 3.6336 21.1000
v  70.3483 6.9613 21.3880
v  70.3176 6.9715 21.3880
v  73.1217 -7.6563 21.3880
v  70.3971 -0.2528 21.1120
v  72.5117 -5.8744 21.1120
v  94.4542 9.8491 21.4000
v  69.9491 -3.6597 21.1120
v  69.9298 -3.6897 21.1120
v  69.9298 -3.6897 21.3880
v  65.9937 3.8310 21.1000
v  71.2031 -0.2782 21.1120
v  71.1305 -0.2818 21.1120
v  65.5281 3.2003 21.4000
v  64.2406 3.7552 21.4000
v  71.8499 0.2069 21.1120
v  71.8791 2.0426 21.1120
v  70.4502 0.5452 21.3880
v  69.9102 0.4663 21.3880
v  71.9189 2.8233 21.1120
v  71.8475 2.8196 21.3880
v  72.6148 2.0426 21.3880
v  71.1686 0.5452 21.1120
v  70.5871 -0.2782 21.3880
v  70.6584 -0.2818 21.3880
v  70.5871 -0.2782 21.1120
v  63.8435 3.4358 21.4000
v  101.9092 14.2568 21.4000
v  21.6700 -27.2079 24.2287
v  63.6245 -3.9688 21.1000
v  63.6100 -3.9260 21.1000
v  63.6245 -3.9688 21.4000
v  69.9120 -5.3778 21.3880
v  69.0658 9.5471 21.3880
v  94.1907 -11.8284 21.4000
v  94.1907 4.7794 21.4000
v  65.9690 3.7167 21.4000
v  101.8141 14.0639 20.8001
v  63.6412 -4.0097 21.4000
v  95.6742 -11.8284 20.7997
v  95.6742 4.7794 20.7997
v  63.6944 3.5187 21.4000
v  65.0220 4.3469 21.4000
v  65.8916 3.5138 21.1000
v  63.7886 3.4529 21.1000
v  70.4735 0.4736 21.1120
v  72.5916 2.1143 21.1120
v  21.6700 -27.0523 24.4408
v  21.6700 -27.1105 24.3722
v  63.3243 3.4652 21.1000
v  71.8770 0.4663 21.3880
v  71.8736 0.3952 21.1120
v  71.1707 2.0750 21.3880
v  69.9136 0.3952 21.3880
v  100.2262 15.0621 21.4000
v  71.1978 2.3344 21.1120
v  100.4429 14.5618 21.4000
v  63.5884 -3.8336 21.4000
v  72.6442 -6.8531 21.1120
v  101.9388 12.6133 21.4000
v  65.8128 4.6690 21.1000
v  65.7896 4.6923 21.4000
v  70.0491 -4.8606 21.3880
v  70.1347 -4.8729 21.1120
v  70.1262 -4.8710 21.1120
v  70.1262 -4.8710 21.3880
v  100.4631 14.7468 20.8001
v  64.8386 3.4401 21.4000
v  101.3601 17.0829 21.4000
v  72.6510 -6.9058 21.3880
v  65.4315 -0.8700 21.1000
v  64.1504 -0.8700 21.4000
v  69.6285 -8.1201 21.1120
v  21.6700 26.8420 24.6311
v  94.3817 4.5507 20.7997
v  94.4113 4.5353 20.7997
v  94.4113 4.5353 21.4000
v  94.2617 4.2329 20.7997
v  94.4113 -12.0724 20.7997
v  94.3817 -12.0570 20.7997
v  94.2617 -12.3749 20.7997
v  94.4113 -12.0724 21.4000
v  100.2262 15.0621 20.8001
v  94.4419 -12.0856 21.4000
v  94.4419 4.5221 21.4000
v  65.8128 4.6690 21.4000
v  65.6227 4.7845 21.4000
v  21.6700 26.7607 24.6885
v  95.1589 4.1580 20.7997
v  95.1589 4.1580 21.4000
v  70.2879 6.9897 21.1120
v  21.6700 26.5830 24.7931
v  63.2754 3.7372 21.4000
v  64.9767 5.3852 21.4000
v  63.5489 4.1779 21.1000
v  64.3052 4.1206 21.4000
v  66.1931 3.3619 21.1000
v  100.4631 14.7468 21.4000
v  70.5987 0.4379 21.1120
v  72.4664 2.1499 21.1120
v  95.5017 4.1935 20.7997
v  100.9747 16.6957 20.8001
v  101.9109 14.8561 21.4000
v  72.5671 2.1325 21.3880
v  71.1208 0.4553 21.1120
v  63.3604 4.6655 21.1000
v  95.6327 -11.9144 20.7997
v  95.6327 -11.9144 21.4000
v  95.6327 4.6934 20.7997
v  95.6327 4.6934 21.4000
v  63.6067 4.4891 21.1000
v  63.3136 4.4930 21.1000
v  70.2879 6.9897 21.3880
v  73.0286 -8.5281 21.1120
v  95.1589 -12.4498 21.4000
v  95.1589 -12.4498 20.7997
v  103.7000 26.4188 19.1769
v  81.6969 26.4188 19.1769
v  103.7000 -26.4188 19.1769
v  81.6969 -26.4188 19.1769
v  95.6486 -11.8875 21.4000
v  95.6486 4.7203 21.4000
v  65.6227 4.7845 21.1000
v  94.2944 4.2180 20.7997
v  94.2617 4.2329 21.4000
v  94.2944 -12.3898 20.7997
v  94.2617 -12.3749 21.4000
v  69.9617 8.1491 21.3880
v  69.9743 8.1579 21.1120
v  73.1464 7.4079 21.3880
v  73.1464 8.1198 21.3880
v  73.1464 8.1198 21.1120
v  71.2402 6.3293 21.1120
v  71.2315 6.3167 21.3880
v  71.2402 3.4606 21.3880
v  71.8655 6.3293 21.3880
v  71.8743 6.3167 21.3880
v  71.8743 6.3167 21.1120
v  70.7271 7.0062 21.1120
v  70.7358 7.0188 21.3880
v  71.8304 6.3606 21.1120
v  71.8430 6.3519 21.1120
v  71.8304 6.3606 21.3880
v  71.2754 3.4293 21.1120
v  71.2628 3.4380 21.1120
v  71.8430 3.4380 21.3880
v  71.8304 3.4293 21.3880
v  71.8304 3.4293 21.1120
v  71.2754 6.3606 21.3880
v  71.2754 6.3606 21.1120
v  69.9304 8.1139 21.1120
v  69.9391 8.1265 21.1120
v  69.9304 8.1139 21.3880
v  70.7045 6.9836 21.3880
v  70.6920 6.9749 21.3880
v  70.6920 6.9749 21.1120
v  73.1024 7.3640 21.3880
v  73.1150 7.3727 21.3880
v  73.1024 7.3640 21.1120
v  71.8743 3.4732 21.1120
v  71.8743 3.4732 21.3880
v  73.1024 8.1636 21.1120
v  73.1150 8.1549 21.1120
v  73.1024 8.1636 21.3880
v  94.4352 -12.4315 20.7997
v  94.4352 4.1762 20.7997
v  94.4352 -12.4315 21.4000
v  94.4352 4.1762 21.4000
v  63.2594 4.0237 21.4000
v  70.0602 -3.5590 21.1120
v  63.2816 4.3183 21.4000
v  69.9499 -5.4449 21.1120
v  95.6028 4.2329 21.4000
v  95.5701 4.2180 21.4000
v  95.6028 -12.3749 21.4000
v  95.5701 -12.3898 21.4000
v  70.0365 -8.5281 21.1120
v  70.0531 -7.7215 21.1120
v  73.0286 8.9844 21.1120
v  50.3456 2.6894 21.4000
v  94.2167 -11.8875 20.7997
v  94.2167 4.7203 20.7997
v  69.9875 8.1647 21.1120
v  71.8810 6.3035 21.1120
v  71.8810 3.4864 21.3880
v  73.1532 7.4211 21.3880
v  73.1532 8.1065 21.1120
v  71.8172 3.4225 21.1120
v  71.2886 6.3674 21.1120
v  70.7426 7.0320 21.3880
v  70.6787 6.9681 21.1120
v  71.2886 3.4225 21.3880
v  73.0892 7.3573 21.1120
v  71.8172 6.3674 21.3880
v  69.9236 8.1007 21.3880
v  63.5466 4.1197 21.1000
v  63.2631 4.1265 21.1000
v  66.1931 3.3619 21.4000
v  66.2140 3.4516 21.4000
v  70.0003 -5.4875 21.3880
v  71.1305 -0.2818 21.3880
v  71.9189 2.8233 21.3880
v  70.6584 -0.2818 21.1120
v  65.1051 4.5581 21.4000
v  94.2858 4.6245 21.4000
v  94.2858 -11.9833 21.4000
v  94.1388 -12.2977 21.4000
v  94.1388 4.3101 21.4000
v  65.9803 -11.7170 21.1000
v  65.9838 -11.7383 21.1000
v  65.9803 -11.7170 21.4000
v  101.0544 14.7480 21.4000
v  63.6212 3.6336 21.4000
v  64.3304 4.2914 21.1000
v  71.8770 0.4663 21.1120
v  64.0193 1.0622 21.1000
v  63.9540 1.0321 21.4000
v  94.5714 9.8286 20.7997
v  21.6700 -26.4188 19.1769
v  34.8225 -26.4188 19.1769
v  21.6700 26.4188 19.1769
v  34.8225 26.4188 19.1769
v  94.5034 9.8454 20.7997
v  69.9499 -5.4449 21.3880
v  70.0928 -4.8625 21.3880
v  64.3052 4.1206 21.1000
v  64.9555 4.0628 21.1000
v  69.9120 -5.3778 21.1120
v  64.6265 5.0739 21.1000
v  64.6265 5.0739 21.4000
v  94.9323 -12.1280 21.4000
v  94.9323 -12.1280 20.7997
v  94.9323 4.4798 21.4000
v  94.9323 4.4798 20.7997
v  94.8292 4.4804 20.7997
v  94.8292 -12.1273 20.7997
v  64.2406 3.7552 21.1000
v  52.5267 6.5001 21.4000
v  94.5540 9.8344 21.4000
v  94.6466 9.7865 20.7997
v  94.6269 9.7998 20.7997
v  94.6269 9.7998 21.4000
v  66.2756 0.0622 21.4000
v  89.0000 -25.6314 19.3957
v  64.1018 8.4439 21.4000
v  65.1006 8.4439 21.4000
v  65.1006 8.4439 21.1000
v  64.1281 7.3956 21.1000
v  64.1281 7.3956 21.4000
v  70.0137 -3.5848 21.1120
v  65.9570 -11.6355 21.1000
v  65.9493 -11.6172 21.1000
v  65.9493 -11.6172 21.4000
v  70.0137 -3.5848 21.3880
v  64.2823 3.9552 21.4000
v  63.2663 4.1762 21.1000
v  63.2663 4.1762 21.4000
v  95.3846 -12.4378 21.4000
v  69.9878 -4.8800 21.3880
v  70.0071 -4.8709 21.1120
v  65.9758 -11.6959 21.4000
v  63.2705 4.2247 21.4000
v  70.0886 -4.8615 21.1120
v  65.9570 -11.6355 21.4000
v  63.2816 4.3183 21.1000
v  94.9323 -12.4520 21.4000
v  63.3136 4.4930 21.4000
v  94.9323 4.1557 21.4000
v  36.0937 29.4249 18.1743
v  63.3604 4.6655 21.4000
v  64.3983 4.5805 21.1000
v  70.3176 6.9715 21.1120
v  70.3280 6.9672 21.3880
v  64.5527 4.9496 21.1000
v  64.5527 4.9496 21.4000
v  64.4112 4.6225 21.4000
v  64.2983 4.0641 21.1000
v  70.0602 -3.5590 21.3880
v  70.0694 -3.5566 21.3880
v  94.5201 9.8425 20.7997
v  73.1546 -7.5731 21.1120
v  73.0004 -1.5911 21.3880
v  73.0004 -3.5513 21.1120
v  70.0531 -1.5911 21.1120
v  70.0531 -7.0098 21.3880
v  69.9046 -1.4426 21.3880
v  70.4479 2.6862 21.3880
v  72.6172 -0.1217 21.3880
v  72.7657 -0.2701 21.1120
v  73.1488 -4.1262 21.1120
v  73.0062 -7.7215 21.3880
v  94.4868 9.8474 21.4000
v  64.5707 4.9824 21.4000
v  70.2995 2.8347 21.1120
v  73.0004 -0.8678 21.1120
v  70.3582 6.9599 21.1120
v  70.3483 6.9613 21.1120
v  71.1707 2.0750 21.1120
v  71.2170 3.5148 21.1120
v  70.2679 7.0139 21.3880
v  70.2734 7.0052 21.3880
v  71.8791 2.0426 21.3880
v  70.4502 0.5452 21.1120
v  72.6148 2.0426 21.1120
v  71.1686 0.5452 21.3880
v  70.5987 0.4379 21.3880
v  71.8888 6.2751 21.3880
v  71.2170 6.2751 21.1120
v  71.2170 3.5148 21.3880
v  70.7504 7.0604 21.1120
v  73.0608 7.3495 21.3880
v  69.9158 8.0723 21.1120
v  70.6503 6.9604 21.3880
v  64.3619 4.4442 21.4000
v  70.1107 -4.8671 21.3880
v  70.1107 -4.8671 21.1120
v  71.0202 0.4379 21.1120
v  72.4664 2.1499 21.3880
v  73.0608 8.1782 21.1120
v  70.0159 8.1724 21.3880
v  69.9042 -5.3454 21.3880
v  70.0003 -5.4875 21.1120
v  64.3507 4.3953 21.1000
v  65.9758 -11.6959 21.1000
v  70.1037 -4.8651 21.1120
v  64.5009 4.8459 21.4000
v  64.4845 4.8104 21.1000
v  21.6700 -27.1624 24.3015
v  70.1182 -4.8690 21.1120
v  65.8392 -29.5002 -0.0000
v  82.9680 -29.5002 -0.0000
v  21.6700 26.6743 24.7426
v  89.2764 29.3680 18.4220
v  89.2764 29.4663 17.9210
v  89.2764 29.4249 18.1743
v  89.2764 -28.2395 20.3132
v  89.2764 -28.4132 20.1395
v  89.2764 -29.2093 18.8985
v  89.2764 -29.2959 18.6635
v  89.2764 -28.7277 19.7615
v  89.2764 -28.8673 19.5583
v  89.2764 -28.5761 19.9554
v  89.2764 -29.1086 19.1263
v  89.2764 -28.9944 19.3464
v  89.2763 28.7277 19.7615
v  89.2764 27.6583 20.7673
v  89.2764 29.2959 18.6635
v  89.2764 29.2093 18.8985
v  89.2763 28.4132 20.1395
v  89.2763 28.2395 20.3132
v  89.2764 29.1086 19.1263
v  89.2764 -27.6583 20.7673
v  89.2764 -27.8615 20.6277
v  89.2763 28.8673 19.5583
v  89.2763 28.9944 19.3464
v  89.2764 28.0554 20.4761
v  89.2763 28.5761 19.9554
v  89.2764 27.8615 20.6277
v  89.0000 26.9566 18.7697
v  89.0000 27.0381 18.6777
v  89.0000 27.1138 18.5807
v  89.2764 27.3376 20.9539
v  89.2764 27.2263 21.0086
v  89.0000 27.2472 18.3732
v  89.0000 27.3043 18.2631
v  89.0000 27.4340 17.9110
v  89.0000 27.3546 18.1492
v  36.0937 28.7277 19.7615
v  36.0937 28.8673 19.5583
v  36.0937 28.2395 20.3132
v  36.0937 28.4132 20.1395
v  89.0000 26.8697 18.8566
v  89.0000 -27.0381 18.6777
v  89.0000 -27.1138 18.5807
v  36.0937 -29.4663 17.9210
v  36.0937 28.9944 19.3464
v  36.0937 29.1086 19.1263
v  89.0000 27.1836 18.4792
v  89.0000 27.4831 17.6605
v  89.0000 27.4957 17.5314
v  36.0937 -29.4249 18.1743
v  89.0000 27.4625 17.7871
v  89.0000 27.3979 18.0318
v  36.0937 -29.2093 18.8985
v  36.0937 -29.2959 18.6635
v  89.0000 27.5000 4.2035
v  36.0937 -25.5000 21.4000
v  89.0000 -27.2472 18.3732
v  89.0000 -27.3043 18.2631
v  36.0937 -29.3680 18.4220
v  36.0937 -28.0554 20.4761
v  36.0937 -28.2395 20.3132
v  36.0937 -28.4132 20.1395
v  89.0000 -27.3546 18.1492
v  89.0000 -27.5000 4.2035
v  36.0937 28.0554 20.4761
v  36.0937 28.5761 19.9554
v  89.0000 26.5792 19.0836
v  89.0000 26.4732 19.1472
v  36.0937 -27.8615 20.6277
v  36.0937 -27.6583 20.7673
v  89.0000 -27.3979 18.0318
v  89.2764 27.4464 20.8944
v  36.0937 29.2093 18.8985
v  89.2764 26.5220 21.2680
v  89.2764 26.7635 21.1959
v  89.2764 26.2743 21.3249
v  89.0000 26.6807 19.0138
v  89.0000 26.7777 18.9381
v  89.0000 -27.1836 18.4792
v  36.0937 26.0211 21.3663
v  36.0937 26.2743 21.3249
v  36.0937 27.3376 20.9539
v  36.0937 27.4464 20.8944
v  36.0937 27.8615 20.6277
v  36.0937 27.6583 20.7673
v  36.0937 29.2959 18.6635
v  89.2764 26.9985 21.1092
v  36.0937 26.7635 21.1959
v  36.0937 26.9985 21.1092
v  89.0000 -26.6807 19.0138
v  89.0000 -26.5792 19.0836
v  89.0000 -26.9566 18.7697
v  36.0937 -27.5000 20.8622
v  89.0000 -27.4340 17.9110
v  89.0000 -27.4625 17.7871
v  36.0937 26.5220 21.2679
v  36.0937 25.7628 21.3915
v  36.0937 -26.2743 21.3249
v  36.0937 -26.0211 21.3663
v  36.0937 -26.5220 21.2679
v  36.0937 27.2263 21.0086
v  89.0000 -27.4831 17.6605
v  89.0000 -26.3631 19.2043
v  89.0000 -26.2492 19.2546
v  89.0000 26.2492 19.2546
v  89.0000 26.1318 19.2979
v  36.0937 -27.3376 20.9539
v  82.9680 29.3680 18.4220
v  65.8392 29.4249 18.1743
v  89.2764 -29.3680 18.4220
v  89.2764 -29.4249 18.1743
v  36.0937 -27.2263 21.0086
v  89.2764 26.0211 21.3663
v  89.0000 -26.8697 18.8566
v  89.0000 -26.7777 18.9381
v  36.0937 -26.9985 21.1092
v  89.0000 -25.8871 19.3625
v  89.0000 -26.0110 19.3340
v  65.8392 29.4663 17.9210
v  82.9680 29.4249 18.1743
v  89.0000 25.8871 19.3625
v  89.0000 -26.4732 19.1472
v  89.0000 -26.4188 19.1769
v  89.0000 26.5000 5.5000
v  89.0000 26.5000 4.2035
v  89.0000 -26.1318 19.2979
v  89.2764 -28.0554 20.4761
v  89.0000 26.0110 19.3340
v  89.0000 26.3631 19.2043
v  89.0000 26.4188 19.1769
v  36.0937 -26.7635 21.1959
v  89.0000 -25.7605 19.3831
v  89.0000 27.5000 5.5000
v  89.2764 -27.5000 20.8622
v  89.0000 -27.5000 5.5000
v  89.2764 -26.9985 21.1092
v  89.2764 -27.2263 21.0086
v  89.2764 -27.3376 20.9539
v  89.0000 -26.5000 5.5000
v  89.0000 -27.4957 17.5314
v  89.0000 25.6314 19.3957
v  89.0000 25.7605 19.3831
v  89.2764 25.7628 21.3915
v  89.2764 -26.0211 21.3663
v  89.2764 -26.2743 21.3249
v  89.2764 -25.7628 21.3915
v  36.0937 -25.7628 21.3915
v  89.2764 -26.5220 21.2680
v  89.2764 -26.7635 21.1959
v  59.5308 28.2395 20.3132
v  59.5308 28.4132 20.1395
v  42.4020 28.4132 20.1395
v  42.4020 28.5761 19.9554
v  59.5308 28.8673 19.5583
v  42.4020 28.9944 19.3464
v  89.0000 27.5000 17.4000
v  89.0000 -26.5000 4.2035
v  59.5308 28.9944 19.3464
v  59.5308 29.1086 19.1263
v  42.4020 29.1086 19.1263
v  42.4020 29.2093 18.8985
v  59.5308 28.0554 20.4761
v  42.4020 28.2395 20.3132
v  59.5308 29.2093 18.8985
v  42.4020 29.2959 18.6635
v  36.0937 -29.1086 19.1263
v  36.0937 29.3680 18.4220
v  89.0000 -27.5000 17.4000
v  42.4020 -28.0554 20.4761
v  36.0937 -28.9944 19.3464
v  36.0937 -28.8673 19.5583
v  59.5308 27.8615 20.6277
v  42.4020 28.0554 20.4761
v  36.0937 -28.7277 19.7615
v  34.8225 -16.5000 2.0000
v  34.8225 16.5000 2.0000
v  65.8392 -28.4132 20.1395
v  65.8392 -28.5761 19.9554
v  82.9680 -28.5761 19.9554
v  82.9680 -28.7277 19.7615
v  36.0937 -28.5761 19.9554
v  59.5308 26.7635 21.1959
v  59.5308 26.9985 21.1092
v  42.4020 26.9985 21.1092
v  42.4020 27.2263 21.0086
v  21.6700 0.0000 19.4000
v  42.4020 27.4464 20.8944
v  82.9680 -28.8673 19.5583
v  65.8392 -28.7277 19.7615
v  42.4020 -27.2263 21.0086
v  42.4020 -27.3376 20.9539
v  59.5308 -27.3376 20.9539
v  59.5308 -27.5000 20.8622
v  59.5308 26.5220 21.2680
v  42.4020 26.7635 21.1959
v  42.4020 27.3376 20.9539
v  59.5308 27.2263 21.0086
v  42.4020 26.5220 21.2679
v  59.5308 26.2743 21.3249
v  42.4020 -29.3680 18.4220
v  42.4020 -29.4249 18.1743
v  59.5308 26.0211 21.3663
v  42.4020 26.2743 21.3249
v  59.5308 -29.4663 17.9210
v  59.5308 25.7628 21.3915
v  42.4020 25.7628 21.3915
v  42.4020 26.0211 21.3663
v  42.4020 -25.7628 21.3915
v  42.4020 -26.0211 21.3663
v  59.5308 -26.0211 21.3663
v  59.5308 -26.2743 21.3249
v  42.4020 25.5000 21.4000
v  65.8392 -28.8673 19.5583
v  82.9680 -28.9944 19.3464
v  59.5308 -28.2395 20.3132
v  82.9680 -29.1086 19.1263
v  65.8392 -28.9944 19.3464
v  59.5308 -27.6583 20.7673
v  42.4020 -27.5000 20.8622
v  59.5308 -26.5220 21.2679
v  42.4020 -26.2743 21.3249
v  59.5308 -27.2263 21.0086
v  42.4020 -26.9985 21.1092
v  42.4020 -26.5220 21.2679
v  42.4020 -26.7635 21.1959
v  59.5308 -26.7635 21.1959
v  59.5308 -26.9985 21.1092
v  59.5308 -29.4249 18.1743
# 7124 vertices

vn -0.0000 0.0000 1.0000
vn -0.0000 -0.0000 1.0000
vn 0.0000 -0.0000 -1.0000
vn 0.0000 0.0162 -0.9999
vn -0.0000 -0.0000 -1.0000
vn 0.0000 0.0000 -1.0000
vn 0.0000 -0.0000 1.0000
vn 0.0011 0.0005 1.0000
vn -0.0002 -0.0003 1.0000
vn -0.0041 -0.0001 1.0000
vn -0.0042 -0.0000 1.0000
vn -0.0021 -0.0000 1.0000
vn 0.0000 0.0000 1.0000
vn -0.0002 0.0003 1.0000
vn 0.0013 -0.0003 1.0000
vn 0.0000 -0.9999 -0.0162
vn 0.0000 -1.0000 0.0000
vn -0.0000 -1.0000 0.0000
vn -0.0000 0.9979 0.0651
vn -0.0000 0.9905 0.1375
vn 0.0000 0.9905 0.1375
vn -0.0000 1.0000 0.0000
vn -0.0000 0.9999 -0.0162
vn 0.0000 0.9999 -0.0162
vn 0.0000 -0.9916 0.1292
vn 0.0000 -0.9979 0.0651
vn -0.0000 -0.9979 0.0651
vn 0.0000 0.9999 0.0164
vn 0.0000 1.0000 0.0000
vn -0.0000 -0.9916 0.1292
vn -0.0000 0.0000 -1.0000
vn -0.0000 -1.0000 -0.0000
vn 0.9999 0.0149 0.0000
vn 0.9996 -0.0280 0.0000
vn 0.0000 0.9979 0.0651
vn -0.0000 -0.9979 0.0650
vn -0.0000 0.0162 0.9999
vn -0.0000 0.0648 0.9979
vn 0.0000 -0.0162 -0.9999
vn -0.0000 -0.0162 0.9999
vn 0.0000 0.0648 -0.9979
vn 0.0041 -0.0001 1.0000
vn 0.0042 0.0000 1.0000
vn 0.0042 -0.0004 1.0000
vn 0.0000 0.0162 0.9999
vn 0.0002 -0.0018 1.0000
vn -0.0001 -0.0016 1.0000
vn -0.0000 0.0016 1.0000
vn 0.0001 0.0018 1.0000
vn 0.0029 -0.0000 1.0000
vn -0.0000 1.0000 -0.0000
vn 0.0674 0.0674 0.9955
vn 0.0673 0.0673 0.9955
vn 0.0000 1.0000 -0.0000
vn 0.0001 0.0000 1.0000
vn -0.0001 -0.0000 1.0000
vn 0.0012 -0.0006 1.0000
vn 0.0042 0.0005 1.0000
vn -0.7071 -0.0000 -0.7071
vn -0.7071 0.0000 -0.7071
vn 1.0000 0.0000 0.0000
vn 1.0000 -0.0000 0.0000
vn 0.4497 -0.0000 0.8932
vn 0.4364 0.0083 0.8997
vn 0.4364 -0.0083 0.8997
vn -0.0001 -0.0000 -1.0000
vn -0.0000 -0.0001 -1.0000
vn -0.0041 0.0001 1.0000
vn 1.0000 -0.0000 -0.0000
vn 0.0000 -0.0001 -1.0000
vn -0.0000 0.0001 -1.0000
vn 0.0674 0.0674 0.9954
vn 0.0674 0.0673 0.9955
vn -0.0002 -0.0002 1.0000
vn -0.0003 0.0004 1.0000
vn -0.0000 -0.9997 0.0259
vn 0.0000 -0.9997 0.0259
vn 0.0000 0.9997 0.0259
vn 0.0001 -0.0000 1.0000
vn 1.0000 0.0000 -0.0000
vn 0.0003 -0.0017 1.0000
vn 0.0001 -0.0000 -1.0000
vn 0.0029 0.0000 1.0000
vn -0.0001 0.0000 1.0000
vn -0.0000 -0.0001 1.0000
vn -0.0001 0.0000 -1.0000
vn -0.0001 0.9997 0.0245
vn 0.0000 -0.6852 -0.7283
vn 0.0000 -0.7284 -0.6852
vn -0.0000 -0.7284 -0.6852
vn -0.0000 -0.5406 0.8412
vn -0.0000 -0.5913 0.8064
vn 0.0000 -0.5913 0.8064
vn -1.0000 0.0000 -0.0000
vn 0.0032 0.0000 1.0000
vn 0.0000 0.0001 -1.0000
vn -0.9936 -0.1130 -0.0000
vn -0.9727 -0.2320 -0.0000
vn 0.0043 0.0000 1.0000
vn 0.0001 0.0000 -1.0000
vn -0.0001 -0.9997 0.0245
vn 0.0542 -0.9985 0.0000
vn 0.0307 -0.9995 0.0000
vn 0.7331 0.6801 -0.0000
vn 0.6826 0.7308 -0.0000
vn -0.0000 -0.0002 1.0000
vn -0.0000 0.6852 0.7283
vn -0.0000 0.6395 0.7688
vn 0.0000 0.6395 0.7688
vn 0.7097 -0.7045 0.0000
vn 0.6495 -0.7603 0.0000
vn -1.0000 -0.0000 -0.0000
vn 0.8265 -0.5629 -0.0000
vn 0.8969 -0.4422 -0.0000
vn 0.0037 0.0017 1.0000
vn 0.0039 0.0011 1.0000
vn 0.0673 0.0674 0.9955
vn -0.0005 0.0169 0.9999
vn -0.0000 0.0003 1.0000
vn -0.0001 0.0353 0.9994
vn 0.0106 -0.9999 -0.0000
vn 0.9999 -0.0106 0.0000
vn 0.0106 0.9999 -0.0000
vn 0.9999 0.0106 0.0000
vn -0.0000 -0.0273 0.9996
vn -0.0000 -0.0171 0.9999
vn -0.0104 0.9999 -0.0000
vn 0.4352 -0.9003 0.0000
vn 0.5016 -0.8651 -0.0000
vn 0.5016 -0.8651 0.0000
vn -0.0544 -0.9985 -0.0000
vn -0.0308 -0.9995 0.0000
vn -0.0308 -0.9995 -0.0000
vn -0.5145 0.0000 0.8575
vn -0.5145 -0.0000 0.8575
vn -1.0000 0.0000 0.0000
vn -1.0000 -0.0000 0.0000
vn 0.0000 -1.0000 -0.0000
vn 0.7122 -0.7019 0.0000
vn 0.7621 -0.6475 0.0000
vn -0.5816 0.8135 -0.0000
vn -0.0000 -0.4227 0.9063
vn -0.0000 -0.3753 0.9269
vn 0.0000 -0.3753 0.9269
vn -0.7071 -0.7071 -0.0004
vn -0.7071 -0.7071 -0.0000
vn 0.7331 0.6801 0.0000
vn 0.6826 0.7308 0.0000
vn -0.4932 -0.8699 -0.0000
vn -0.5532 -0.8330 -0.0000
vn 0.0039 0.0002 1.0000
vn 0.0020 0.0004 1.0000
vn 0.0030 -0.0006 1.0000
vn 0.0017 -0.0008 1.0000
vn 0.0016 -0.0008 1.0000
vn 0.0000 0.5913 0.8064
vn 0.0042 -0.0001 1.0000
vn 0.0041 -0.0003 1.0000
vn -0.3381 -0.9411 -0.0000
vn -0.2655 -0.9641 -0.0000
vn -0.2655 -0.9641 0.0000
vn -0.6236 -0.7818 -0.0000
vn -0.6032 -0.7976 -0.0000
vn 0.1907 0.9817 0.0000
vn 0.2338 0.9723 0.0000
vn -0.7071 0.7071 -0.0000
vn -0.7071 0.7071 -0.0004
vn -0.9258 0.3780 0.0000
vn -0.9612 0.2758 0.0000
vn -0.9612 0.2759 0.0000
vn 0.0002 -0.0000 1.0000
vn 0.9999 0.0155 0.0000
vn 0.9981 0.0622 0.0000
vn -0.2403 -0.9707 -0.0000
vn -0.3726 -0.9280 -0.0000
vn -0.0285 -0.9996 -0.0000
vn 0.0245 0.9997 0.0000
vn -0.7934 0.0000 -0.6088
vn -0.7934 -0.0000 -0.6088
vn 0.6461 0.7633 0.0000
vn 0.7071 0.7071 0.0000
vn -0.9841 0.1774 0.0000
vn -0.9964 0.0853 0.0000
vn 0.9659 -0.2588 0.0000
vn 0.9914 -0.1305 0.0000
vn 0.9914 0.1305 0.0000
vn 0.9659 0.2588 0.0000
vn 0.0021 1.0000 0.0000
vn -0.1095 0.9940 -0.0000
vn 0.1192 0.9929 -0.0000
vn 0.1192 0.9929 0.0000
vn -0.2588 -0.9659 -0.0000
vn -0.3827 -0.9239 -0.0000
vn -0.3827 0.9239 -0.0000
vn -0.2588 0.9659 -0.0000
vn -0.8426 -0.5385 -0.0000
vn -0.8818 -0.4717 -0.0000
vn 0.9786 0.2056 -0.0000
vn 0.9455 0.3255 -0.0000
vn -0.9489 0.3157 0.0000
vn -0.9349 0.3550 0.0000
vn 0.9932 -0.1166 0.0000
vn 0.9983 -0.0579 -0.0000
vn 0.9983 -0.0579 0.0000
vn -0.7792 -0.6268 0.0000
vn -0.7322 -0.6810 -0.0000
vn -0.7322 -0.6810 0.0000
vn 0.9239 -0.3827 0.0000
vn 0.8660 -0.5000 0.0000
vn 0.8660 0.5000 0.0000
vn 0.9239 0.3827 0.0000
vn -0.0000 -0.9995 0.0329
vn -0.0000 -0.9995 0.0330
vn -0.4626 0.8866 -0.0000
vn -0.5631 0.8264 -0.0000
vn -0.0000 0.9999 0.0164
vn 0.9937 0.1117 -0.0000
vn 0.9731 0.2302 -0.0000
vn 0.0245 -0.9997 0.0000
vn 0.6615 -0.7500 -0.0000
vn 0.6131 -0.7900 -0.0000
vn 1.0000 0.0036 -0.0000
vn -0.8384 0.5450 -0.0000
vn -0.9006 0.4346 -0.0000
vn 0.0000 0.5913 -0.8065
vn 0.0000 0.6395 -0.7688
vn -0.0000 0.7399 0.6727
vn -0.0000 0.7840 0.6207
vn 0.0000 0.7840 0.6207
vn 0.9914 0.1305 -0.0000
vn 0.3827 -0.9239 -0.0000
vn 0.2588 -0.9659 -0.0000
vn 0.2588 0.9659 -0.0000
vn 0.3827 0.9239 -0.0000
vn 0.9914 -0.1305 -0.0000
vn 0.1305 0.9914 0.0000
vn 0.1305 -0.9914 0.0000
vn -0.9914 0.1305 -0.0000
vn -0.9914 -0.1305 -0.0000
vn 0.9929 -0.1193 -0.0000
vn 1.0000 0.0025 0.0000
vn 0.0000 -0.4227 -0.9063
vn 0.0000 -0.3753 -0.9269
vn 0.0000 0.4227 -0.9063
vn 0.0000 0.3753 -0.9269
vn -0.2588 0.0000 0.9659
vn -0.3827 0.0000 0.9239
vn 0.8660 -0.0000 0.5000
vn 0.7934 -0.0000 0.6088
vn 0.7934 0.0000 0.6088
vn 0.8660 0.0000 0.5000
vn -0.3827 -0.0000 0.9239
vn -0.2588 -0.0000 0.9659
vn 0.0691 0.9976 0.0000
vn 0.1121 0.9937 -0.0000
vn 0.1121 0.9937 0.0000
vn -0.7357 0.6774 0.0000
vn -0.6836 0.7298 0.0000
vn -0.6836 0.7299 0.0000
vn -0.1203 0.9927 -0.0000
vn -0.2445 0.9697 -0.0000
vn 0.0068 -1.0000 0.0000
vn -0.0824 -0.9966 0.0000
vn 0.9998 -0.0223 0.0001
vn 0.9995 -0.0314 0.0014
vn -0.9997 0.0229 0.0000
vn 0.7633 -0.6460 0.0000
vn 0.8136 -0.5815 0.0000
vn -0.9760 0.2178 0.0000
vn -0.9428 0.3333 0.0000
vn -0.1305 0.9914 -0.0000
vn 0.3827 0.9239 0.0000
vn 0.5000 0.8660 0.0000
vn 0.5000 -0.8660 0.0000
vn 0.3827 -0.9239 0.0000
vn -0.1305 -0.9914 -0.0000
vn -0.0000 0.4601 0.8879
vn -0.0000 0.4136 0.9105
vn 0.0000 0.4136 0.9105
vn 0.6088 -0.7934 0.0000
vn 0.6088 0.7934 0.0000
vn 1.0000 -0.0055 -0.0000
vn 0.9940 -0.1097 -0.0000
vn -0.6154 -0.7882 0.0000
vn -0.5532 -0.8330 0.0000
vn -0.9659 -0.0000 0.2588
vn -0.9239 -0.0000 0.3827
vn -0.5000 -0.0000 0.8660
vn -0.5000 0.0000 0.8660
vn -0.9239 0.0000 0.3827
vn -0.9659 0.0000 0.2588
vn -0.0000 -0.8412 0.5407
vn -0.0000 -0.8730 0.4877
vn 0.0000 -0.8730 0.4877
vn 0.0000 0.9269 0.3753
vn 0.0000 0.9487 0.3161
vn -0.9914 0.1305 0.0000
vn -0.9659 0.2588 -0.0000
vn -0.6088 -0.7934 -0.0000
vn -0.9659 -0.2588 -0.0000
vn -0.9914 -0.1305 0.0000
vn -0.6088 0.7934 -0.0000
vn 0.9245 0.3812 0.0000
vn 0.8942 0.4476 0.0000
vn 0.3575 -0.9339 0.0000
vn 0.4388 -0.8986 0.0000
vn 0.9245 -0.3812 0.0000
vn 0.8942 -0.4476 0.0000
vn -0.6154 -0.7882 -0.0000
vn -0.9643 0.2647 0.0000
vn -0.9919 0.1271 -0.0000
vn -0.9919 0.1271 0.0000
vn 0.9653 0.2611 0.0000
vn 0.9917 0.1285 0.0000
vn -0.5000 -0.8660 -0.0000
vn -0.5000 0.8660 -0.0000
vn 0.0000 0.0081 -1.0000
vn -0.0000 -0.0514 0.9987
vn -1.0000 0.0001 0.0000
vn 0.7511 0.6602 -0.0000
vn 0.0042 0.0028 1.0000
vn -0.0000 -0.9487 0.3161
vn -0.0000 -0.9269 0.3753
vn 0.0000 -0.9269 0.3753
vn -0.4680 -0.6534 0.5950
vn -0.4699 -0.6519 0.5951
vn -0.4365 -0.6781 0.5913
vn -0.8608 -0.0849 0.5017
vn -0.8457 -0.1299 0.5176
vn -0.8491 -0.1203 0.5143
vn 0.6604 0.7510 0.0000
vn 0.9659 -0.2588 -0.0000
vn 0.9659 0.2588 -0.0000
vn -0.9239 -0.3827 -0.0000
vn -0.9239 0.3827 -0.0000
vn 0.7071 -0.7071 0.0000
vn -0.6893 0.7245 -0.0000
vn -0.7664 0.6424 -0.0000
vn -0.0000 0.9269 0.3753
vn 0.7615 -0.6482 0.0000
vn 0.8061 -0.5918 0.0000
vn 0.9796 -0.2011 0.0000
vn 0.9833 -0.1818 0.0000
vn 0.9239 0.0000 0.3827
vn 0.8660 -0.0000 -0.5000
vn 0.7934 -0.0000 -0.6088
vn 0.9239 -0.0000 0.3827
vn 0.7934 0.0000 -0.6088
vn 0.8660 0.0000 -0.5000
vn 0.0035 -0.0026 1.0000
vn -0.4141 -0.9102 0.0000
vn -0.3616 -0.9323 0.0000
vn -0.9732 0.2299 -0.0000
vn -0.9825 0.1860 -0.0000
vn 0.9998 0.0223 -0.0000
vn -0.8660 -0.5000 -0.0000
vn -0.8660 0.5000 -0.0000
vn 0.6316 -0.7753 -0.0000
vn 0.5371 -0.8435 0.0000
vn 0.5371 -0.8435 -0.0000
vn -0.6155 -0.7882 -0.0000
vn -0.6155 -0.7882 0.0000
vn 0.5000 -0.8660 -0.0000
vn 0.5000 0.8660 -0.0000
vn -0.9936 0.1126 -0.0000
vn -0.9729 0.2314 -0.0000
vn -0.0284 0.9996 -0.0000
vn -0.5000 0.0000 -0.8660
vn -0.6088 0.0000 -0.7934
vn 0.2588 -0.0000 -0.9659
vn 0.2588 0.0000 -0.9659
vn 0.1305 -0.0000 -0.9914
vn 0.1305 0.0000 -0.9914
vn -0.6088 -0.0000 -0.7934
vn 0.2588 -0.9659 0.0000
vn 0.2588 0.9659 0.0000
vn 0.9953 0.0970 -0.0000
vn -0.5599 -0.8285 0.0000
vn 0.8736 0.4867 0.0000
vn 0.9031 0.4293 0.0000
vn -0.8866 0.0154 0.4622
vn 0.9342 -0.3568 0.0000
vn 0.9507 -0.3101 0.0000
vn -0.8269 0.5624 -0.0000
vn -0.8910 0.4540 -0.0000
vn -0.0000 0.1928 0.9812
vn -0.0000 0.1292 0.9916
vn 0.3827 0.0000 0.9239
vn 0.2588 0.0000 0.9659
vn 0.2588 -0.0000 0.9659
vn 0.3827 -0.0000 0.9239
vn -0.0000 -0.7840 0.6207
vn -0.0000 -0.7399 0.6727
vn 0.0001 1.0000 -0.0000
vn -0.9914 0.0000 -0.1305
vn 0.0001 -1.0000 -0.0000
vn 0.5764 -0.8172 -0.0000
vn 0.6573 -0.7536 -0.0000
vn 0.6088 -0.7934 -0.0000
vn 0.6088 0.7934 -0.0000
vn 0.0005 1.0000 0.0000
vn -0.0734 0.9973 -0.0000
vn 0.9102 0.4142 0.0000
vn 0.9544 0.2986 0.0000
vn 0.0294 -0.9996 0.0000
vn -0.0001 -1.0000 -0.0000
vn 0.8305 -0.5571 -0.0000
vn 0.8305 -0.5571 0.0000
vn -0.0423 0.9991 -0.0000
vn -0.0691 0.9976 -0.0000
vn -0.0000 -0.7283 0.6852
vn -0.0000 -0.6852 0.7283
vn 0.0000 -0.6852 0.7283
vn 0.3827 -0.0000 -0.9239
vn 0.3827 0.0000 -0.9239
vn -0.9017 -0.4324 0.0000
vn -0.9002 -0.4356 -0.0000
vn -0.9002 -0.4356 0.0000
vn 0.4476 -0.8942 0.0000
vn 0.3812 -0.9245 0.0000
vn 0.0854 -0.9963 0.0000
vn 0.1701 -0.9854 0.0000
vn 0.0000 -0.0001 1.0000
vn -0.0423 0.9991 0.0000
vn -0.0691 0.9976 0.0000
vn -0.0692 0.9976 0.0000
vn 0.9999 -0.0131 0.0000
vn 0.9935 -0.1139 0.0000
vn -0.0000 -0.9487 -0.3161
vn -0.0000 -0.9269 -0.3753
vn 0.0000 -0.9269 -0.3753
vn -0.9997 0.0262 -0.0000
vn -0.9995 -0.0308 -0.0000
vn 0.2517 -0.9678 -0.0000
vn 0.1232 -0.9924 -0.0000
vn -0.1457 -0.8399 0.5229
vn -0.1564 -0.8358 0.5264
vn -0.1036 -0.8548 0.5085
vn 0.9937 -0.1117 -0.0000
vn 0.9732 -0.2302 -0.0000
vn 0.0001 0.0001 1.0000
vn -0.5274 0.8496 -0.0000
vn -0.4717 0.8817 -0.0000
vn -0.7504 -0.3296 0.5729
vn -0.7729 -0.2906 0.5641
vn -0.7697 -0.2962 0.5655
vn -0.0292 -0.9996 -0.0000
vn -0.0699 -0.9976 -0.0000
vn 0.7934 0.6088 -0.0000
vn 0.8660 0.5000 -0.0000
vn 0.8660 -0.5000 -0.0000
vn 0.7934 -0.6088 -0.0000
vn -0.9996 -0.0291 0.0000
vn 0.9997 0.0236 -0.0000
vn -0.0101 0.2394 0.9709
vn 0.0101 0.2394 0.9709
vn 0.0168 0.2362 0.9716
vn 0.3905 0.0363 0.9199
vn -0.8660 0.5000 0.0000
vn -0.9239 0.3827 0.0000
vn -0.9239 -0.3827 0.0000
vn -0.8660 -0.5000 0.0000
vn 0.4476 0.8942 0.0000
vn 0.3812 0.9245 0.0000
vn 0.0000 0.9487 -0.3161
vn 0.0000 0.9269 -0.3753
vn -0.7920 -0.6105 0.0000
vn -0.8567 -0.5158 0.0000
vn -0.0546 0.9985 -0.0000
vn 0.0187 0.9998 0.0000
vn 0.3895 -0.9210 -0.0000
vn 0.4863 -0.8738 -0.0000
vn -0.0544 -0.9985 0.0000
vn 0.4901 0.8716 -0.0000
vn 0.5529 0.8333 -0.0000
vn -0.2537 0.9673 -0.0000
vn -0.9737 0.2280 -0.0000
vn -0.9789 0.2043 -0.0000
vn 0.0257 0.9997 0.0000
vn -0.0080 1.0000 -0.0000
vn -0.9996 0.0280 -0.0000
vn -1.0000 -0.0075 -0.0000
vn 0.0078 -1.0000 0.0000
vn -0.0080 -1.0000 0.0000
vn -0.2043 -0.9789 -0.0000
vn -0.1146 -0.9934 -0.0000
vn 0.0003 0.0008 1.0000
vn -0.7983 0.6023 -0.0000
vn -0.7565 0.6540 -0.0000
vn -0.1685 0.9857 -0.0000
vn -0.2298 0.9732 -0.0000
vn 0.9998 -0.0189 0.0000
vn 1.0000 -0.0075 0.0000
vn 0.9954 -0.0961 0.0000
vn 0.9930 -0.1178 0.0000
vn 0.4973 0.8676 0.0000
vn 0.4407 0.8977 0.0000
vn -0.0328 0.9995 -0.0000
vn 0.8866 -0.0153 -0.4623
vn -0.4019 -0.7033 0.5863
vn -0.3987 -0.7056 0.5858
vn -0.4339 -0.6800 0.5910
vn -0.7658 -0.3032 0.5671
vn -0.7389 -0.3483 0.5768
vn -0.7423 -0.3429 0.5757
vn -0.5474 -0.5835 0.5999
vn -0.5835 -0.5474 0.5999
vn -0.5831 -0.5478 0.5999
vn -0.5042 -0.8636 -0.0000
vn -0.3216 0.9469 -0.0000
vn 0.7338 -0.6793 -0.0000
vn -0.8944 0.4472 0.0000
vn 0.6244 0.7811 0.0000
vn 0.6123 0.7906 0.0000
vn -0.6735 -0.7392 -0.0000
vn -0.7276 -0.6860 -0.0000
vn -0.9972 0.0750 -0.0000
vn -1.0000 0.0001 -0.0000
vn 0.9995 -0.0319 0.0000
vn 0.9995 0.0319 0.0000
vn 0.0309 0.9995 0.0000
vn 0.0309 0.9995 -0.0000
vn -0.9962 0.0873 -0.0000
vn -0.9991 0.0425 -0.0000
vn 0.0029 -1.0000 -0.0000
vn -0.1256 -0.9921 -0.0000
vn -0.1256 -0.9921 0.0000
vn -0.9997 0.0237 0.0000
vn 0.4643 0.8857 -0.0000
vn 0.5654 0.8248 0.0000
vn 0.5654 0.8248 -0.0000
vn -0.8713 0.4908 -0.0000
vn -0.9017 0.4324 -0.0000
vn -0.9630 -0.2696 -0.0000
vn -0.9141 -0.4056 -0.0000
vn -0.0000 -0.5536 0.8328
vn -0.0000 -0.6005 0.7997
vn 0.0000 -0.6005 0.7997
vn 0.0000 -0.0081 -1.0000
vn -0.0009 1.0000 -0.0000
vn 0.3991 0.9169 0.0000
vn 0.3888 0.9213 0.0000
vn 0.0000 -0.4227 0.9063
vn -0.1147 -0.9934 -0.0000
vn -0.2347 -0.9721 -0.0000
vn 0.0033 0.0038 1.0000
vn -1.0000 0.0055 0.0000
vn -0.9942 0.1073 0.0000
vn -0.9942 0.1074 0.0000
vn -0.4845 -0.8748 0.0000
vn -0.3990 -0.9170 0.0000
vn 0.7321 -0.6812 0.0000
vn 0.6845 -0.7290 0.0000
vn 0.0109 -0.9999 0.0000
vn -0.3314 0.9435 -0.0000
vn -0.0050 -1.0000 -0.0000
vn -0.5807 0.8141 -0.0000
vn -0.5189 0.8549 -0.0000
vn 0.8776 0.4794 0.0000
vn 0.8515 0.5243 0.0000
vn 0.0280 -0.9996 0.0000
vn -0.0280 -0.9996 0.0000
vn -0.0280 -0.9996 -0.0000
vn -0.9996 -0.0280 -0.0000
vn 0.4760 -0.8794 0.0000
vn 0.4200 -0.9075 0.0000
vn -0.0050 -1.0000 0.0000
vn 0.6074 0.7944 0.0000
vn 0.7017 0.7125 0.0000
vn -0.0061 -1.0000 -0.0000
vn 0.0352 -0.9994 0.0000
vn -0.8884 0.0241 0.4585
vn -0.8977 0.0812 0.4331
vn -0.8954 0.0648 0.4406
vn -0.8483 0.4953 0.1873
vn -0.8230 0.5492 0.1452
vn -0.8328 0.5296 0.1609
vn 0.0652 0.9979 0.0000
vn -0.7572 -0.6532 -0.0000
vn -0.6693 -0.7430 -0.0000
vn 0.0000 0.9016 -0.4325
vn 0.0318 -0.9995 0.0000
vn -0.0248 -0.9997 -0.0000
vn -0.0248 -0.9997 0.0000
vn -0.3827 -0.9239 0.0000
vn -0.2588 -0.9659 0.0000
vn -0.2588 0.9659 0.0000
vn -0.3827 0.9239 0.0000
vn -0.8660 0.0000 -0.5000
vn -0.9239 0.0000 -0.3827
vn -0.9239 -0.0000 -0.3827
vn -0.8660 -0.0000 -0.5000
vn -0.7934 0.6088 -0.0000
vn -0.7934 -0.6088 -0.0000
vn -0.7933 -0.6088 -0.0000
vn -0.7933 0.6088 -0.0000
vn 0.1305 0.0000 0.9914
vn 0.1305 -0.0000 0.9914
vn 0.4722 0.8815 0.0000
vn 0.4142 0.9102 0.0000
vn 0.1685 0.9857 0.0000
vn 0.2298 0.9732 0.0000
vn -0.6998 -0.4069 0.5871
vn -0.6745 -0.4413 0.5919
vn -0.6763 -0.4388 0.5916
vn -0.9720 0.2350 -0.0000
vn -0.2861 0.9582 -0.0000
vn -0.3374 0.9414 -0.0000
vn 0.9121 0.4100 0.0000
vn 0.9365 0.3507 0.0000
vn -0.0280 0.9996 -0.0000
vn -0.8842 0.0038 0.4671
vn -0.8713 -0.0490 0.4882
vn -0.8750 -0.0353 0.4829
vn -0.7950 -0.2483 0.5535
vn -0.8185 -0.1980 0.5393
vn -0.8144 -0.2073 0.5420
vn -0.5779 -0.8161 -0.0000
vn -0.0295 -0.9996 -0.0000
vn 0.0049 -1.0000 0.0000
vn 0.0507 -0.9987 0.0000
vn 0.0464 0.9989 0.0000
vn -0.0466 0.9989 -0.0000
vn 0.0000 -0.2752 0.9614
vn 0.0000 -0.2292 0.9734
vn -0.0000 -0.2292 0.9734
vn -0.0564 -0.9984 -0.0000
vn 0.0443 -0.9990 0.0000
vn 0.5240 -0.8517 0.0000
vn 0.0672 0.0671 0.9955
vn 0.5644 -0.8255 -0.0000
vn -0.9995 0.0318 -0.0000
vn -0.9995 -0.0320 -0.0000
vn 0.0318 -0.9995 -0.0000
vn -0.0319 -0.9995 -0.0000
vn -0.9998 0.0189 -0.0000
vn -1.0000 0.0075 -0.0000
vn -0.6336 0.7736 -0.0000
vn 0.9996 0.0279 0.0000
vn 0.9996 -0.0279 0.0000
vn -0.9998 -0.0189 -0.0000
vn -0.0392 0.9992 -0.0000
vn 0.0429 0.9991 0.0000
vn 0.9739 -0.2271 -0.0000
vn -0.0002 -0.0000 1.0000
vn -0.0000 0.3753 0.9269
vn 0.0000 0.4227 0.9063
vn -0.0000 0.4227 0.9063
vn 0.7834 0.6215 0.0000
vn 0.8306 0.5569 0.0000
vn 0.9145 -0.4046 0.0000
vn 0.9996 0.0280 0.0000
vn -0.0332 -0.9994 -0.0000
vn -0.0100 1.0000 -0.0000
vn 0.0100 1.0000 -0.0000
vn 0.0100 1.0000 0.0000
vn 0.9998 0.0189 0.0000
vn -0.9669 0.2551 -0.0000
vn 0.0290 -0.9996 0.0000
vn -0.3915 -0.7105 0.5847
vn -0.3873 -0.7134 0.5840
vn -0.4299 -0.6831 0.5904
vn -0.5098 -0.6181 0.5984
vn -0.5111 -0.6170 0.5984
vn -0.4728 -0.6495 0.5954
vn -0.9033 0.1369 0.4066
vn -0.9052 0.1765 0.3866
vn -0.9048 0.1645 0.3927
vn 0.0423 0.9991 0.0000
vn 0.9995 0.0318 0.0000
vn 0.9995 -0.0318 0.0000
vn 0.0280 0.9996 0.0000
vn -0.0280 0.9996 0.0000
vn 0.7019 -0.7123 0.0000
vn 0.5930 -0.8052 0.0000
vn -0.0028 -1.0000 -0.0000
vn 0.1051 -0.9945 0.0000
vn 0.0099 -1.0000 0.0000
vn -0.0099 -1.0000 -0.0000
vn 0.8776 0.4795 0.0000
vn 0.9985 -0.0553 0.0000
vn 0.9993 -0.0361 0.0000
vn 0.9998 -0.0190 0.0000
vn -0.8769 -0.4806 -0.0000
vn -0.9321 -0.3622 0.0000
vn -0.9321 -0.3622 -0.0000
vn 0.9639 -0.2663 0.0000
vn 0.9683 -0.2497 0.0000
vn -0.0319 0.9995 -0.0000
vn 0.0319 0.9995 -0.0000
vn 0.9297 -0.3683 0.0000
vn 0.9707 -0.2403 0.0000
vn -0.8333 -0.5529 0.0000
vn -0.8689 -0.4949 0.0000
vn 0.9809 0.1943 0.0000
vn -0.7790 -0.6270 -0.0000
vn -0.8544 -0.5197 -0.0000
vn -0.3306 -0.9438 -0.0000
vn -0.3890 -0.9212 -0.0000
vn 0.9704 0.2413 0.0000
vn 0.9322 0.3619 0.0000
vn -0.5328 -0.5973 0.5995
vn -0.5635 -0.5677 0.6001
vn 0.0101 -0.2394 0.9709
vn -0.0101 -0.2394 0.9709
vn -0.0168 -0.2362 0.9716
vn -0.3905 -0.0363 0.9199
vn -0.4364 -0.0083 0.8997
vn -0.4497 0.0000 0.8932
vn -0.0057 1.0000 -0.0000
vn 0.0460 0.9989 0.0000
vn 0.0097 1.0000 0.0000
vn 0.9708 0.2400 0.0000
vn 0.9299 0.3678 0.0000
vn 0.6071 -0.7946 0.0000
vn 0.7068 -0.7074 0.0000
vn -0.4932 -0.8699 0.0000
vn -0.8613 0.5081 -0.0000
vn 0.0073 -0.8850 0.4656
vn 0.0223 -0.8880 0.4593
vn -0.0353 -0.8750 0.4829
vn 0.3220 -0.8964 0.3047
vn 0.3021 -0.8991 0.3167
vn 0.3610 -0.8894 0.2804
vn -0.0488 0.9988 -0.0000
vn -0.7551 0.6556 0.0000
vn -0.7988 0.6016 0.0000
vn -0.0413 0.9991 -0.0000
vn -0.0934 0.9956 -0.0000
vn 0.0000 0.3673 0.9301
vn -0.8607 0.5091 -0.0000
vn 0.0000 0.6852 -0.7283
vn -0.7944 0.6074 -0.0000
vn -0.8701 0.4929 -0.0000
vn 0.1305 0.9914 -0.0000
vn 0.1305 -0.9914 -0.0000
vn -0.9091 -0.4167 0.0000
vn 0.0000 0.0917 0.9958
vn -0.0000 0.0917 0.9958
vn -0.0000 -1.0000 -0.0011
vn -0.0000 -1.0000 -0.0005
vn -0.0010 -0.0010 1.0000
vn 0.9859 -0.1675 -0.0000
vn 0.9909 -0.1349 0.0000
vn 0.9909 -0.1349 -0.0000
vn -0.0000 0.0001 1.0000
vn 0.0542 -0.9985 -0.0000
vn 0.0307 -0.9995 -0.0000
vn -0.3827 -0.0000 -0.9239
vn -0.3827 0.0000 -0.9239
vn -0.2588 -0.0000 -0.9659
vn -0.2588 0.0000 -0.9659
vn 0.9659 0.0000 0.2588
vn 0.9914 0.0000 0.1305
vn 0.9914 -0.0000 0.1305
vn 0.9659 -0.0000 0.2588
vn -0.7934 -0.0000 0.6088
vn -0.8660 -0.0000 0.5000
vn -0.8660 0.0000 0.5000
vn -0.7934 0.0000 0.6088
vn 0.2898 -0.9006 0.3240
vn 0.2813 -0.9015 0.3290
vn 0.3070 -0.8985 0.3138
vn 0.4497 0.0000 0.8932
vn 0.0168 -0.2362 0.9716
vn -0.4827 0.8758 -0.0000
vn -0.5908 0.8068 -0.0000
vn -0.0000 -0.6852 -0.7283
vn 0.0000 -0.6395 -0.7688
vn 0.0000 0.8412 0.5407
vn 0.0000 0.8065 0.5913
vn -0.0000 0.8065 0.5913
vn -0.4364 0.0083 0.8997
vn -0.0168 0.2362 0.9716
vn -0.0023 -1.0000 -0.0000
vn 0.1121 -0.9937 0.0000
vn -0.2112 -0.9774 -0.0000
vn -0.1030 -0.9947 -0.0000
vn 0.0000 0.0001 1.0000
vn -0.2846 -0.9586 -0.0000
vn -0.4250 -0.9052 -0.0000
vn -0.0008 -0.0008 1.0000
vn -0.0366 -0.8746 0.4834
vn -0.0329 -0.8756 0.4819
vn -0.0481 -0.8716 0.4879
vn -0.9298 -0.3681 -0.0000
vn -0.8701 -0.4929 -0.0000
vn -0.9950 0.0994 -0.0000
vn -0.9899 0.1417 -0.0000
vn -0.3040 0.9527 -0.0000
vn -0.3590 0.9334 -0.0000
vn -0.9023 0.1236 0.4131
vn 0.0043 1.0000 -0.0000
vn -0.1498 0.9887 -0.0000
vn -0.9941 0.1085 0.0000
vn -0.9985 0.0542 0.0000
vn 0.7934 -0.6088 0.0000
vn 0.7934 0.6088 0.0000
vn -0.7071 0.0000 0.7071
vn -0.7071 -0.0000 0.7071
vn 0.0328 0.9995 0.0000
vn -0.9188 -0.3946 -0.0000
vn -1.0000 -0.0085 -0.0000
vn -0.9932 -0.1161 -0.0000
vn -0.8074 -0.5900 0.0000
vn -0.8074 -0.5900 -0.0000
vn 0.8092 0.5875 -0.0000
vn 0.7918 -0.6108 0.0000
vn -0.7943 0.6075 -0.0000
vn -0.8700 0.4931 0.0000
vn -0.8700 0.4931 -0.0000
vn -0.4618 0.8870 0.0000
vn -0.3560 0.9345 0.0000
vn 0.9699 0.2436 0.0000
vn 0.9515 0.3076 0.0000
vn -0.0002 0.0000 1.0000
vn 0.7839 0.6209 -0.0000
vn -0.9950 -0.1002 0.0000
vn -0.9788 -0.2049 0.0000
vn 0.9996 0.0296 -0.0000
vn 0.9956 0.0935 -0.0000
vn -0.5132 -0.8583 -0.0000
vn -0.6335 -0.7737 -0.0000
vn -0.7328 0.6804 -0.0000
vn -0.8141 0.5807 -0.0000
vn -0.0000 1.0000 -0.0005
vn 0.0000 1.0000 -0.0005
vn 0.0000 1.0000 -0.0011
vn -0.0000 -0.0341 0.9994
vn -0.9824 -0.1867 0.0000
vn -0.9959 -0.0902 0.0000
vn -0.0000 -0.1928 0.9812
vn -0.0000 -0.1292 0.9916
vn 0.9956 0.0935 0.0000
vn -0.9872 0.1593 0.0000
vn -0.9737 0.2277 -0.0000
vn -0.9737 0.2277 0.0000
vn 0.4086 -0.9127 0.0000
vn 0.4837 -0.8753 0.0000
vn -0.6777 -0.7353 -0.0000
vn -0.5805 -0.8142 0.0000
vn -0.5805 -0.8142 -0.0000
vn -0.8469 -0.5318 -0.0000
vn 0.1420 0.9899 -0.0000
vn 0.1967 0.9805 -0.0000
vn -0.4722 0.8815 -0.0000
vn -0.4142 0.9102 -0.0000
vn -0.7357 0.6774 -0.0000
vn -0.7793 0.6267 -0.0000
vn -0.5132 -0.8583 0.0000
vn -0.3817 -0.9243 0.0000
vn -0.9693 -0.2459 -0.0000
vn -0.9455 -0.3255 -0.0000
vn -0.7895 -0.6138 -0.0000
vn 0.9399 -0.3414 0.0000
vn -0.7898 -0.6134 -0.0000
vn 0.4901 0.8716 0.0000
vn 0.5528 0.8333 0.0000
vn 0.5529 0.8333 0.0000
vn 0.9390 -0.3438 0.0000
vn 0.9143 -0.4051 0.0000
vn 0.9485 -0.3168 0.0000
vn 0.2608 -0.9654 0.0000
vn 0.3116 -0.9502 0.0000
vn -0.9571 -0.2897 -0.0000
vn -0.9735 -0.2286 -0.0000
vn -0.9753 0.2211 0.0000
vn 0.0057 -1.0000 0.0000
vn -0.4618 0.8870 -0.0000
vn -0.5552 0.8317 -0.0000
vn -0.5505 0.8348 0.0000
vn -0.4885 0.8726 -0.0000
vn -0.4885 0.8726 0.0000
vn 0.3364 -0.9417 0.0000
vn -0.4040 0.9148 -0.0000
vn -0.3318 0.9434 -0.0000
vn -0.4038 -0.9148 -0.0000
vn -0.3315 -0.9434 -0.0000
vn 0.0000 -0.9487 -0.3161
vn 0.0000 -0.9669 -0.2551
vn -0.0000 -0.9669 -0.2551
vn 0.7946 -0.6072 0.0000
vn 0.9717 -0.2364 0.0000
vn -0.9175 -0.3977 -0.0000
vn -0.9465 -0.3226 -0.0000
vn 0.9914 -0.0000 -0.1305
vn 0.9659 0.0000 -0.2588
vn 0.9659 -0.0000 -0.2588
vn 0.9914 0.0000 -0.1305
vn -0.0102 -0.0101 0.9999
vn -0.0003 -0.0003 1.0000
vn -0.0011 -0.0011 1.0000
vn 0.0008 0.0008 1.0000
vn -0.0009 -0.0009 1.0000
vn 0.0005 0.0005 1.0000
vn -0.0005 -0.0005 1.0000
vn -0.8570 0.4735 0.2034
vn -0.8698 0.4365 0.2299
vn -0.8654 0.4499 0.2205
vn 0.0000 -0.1928 0.9812
vn -0.0097 1.0000 -0.0000
vn 0.8803 0.4744 0.0000
vn 0.7511 0.6602 0.0000
vn 0.0261 -0.8887 0.4577
vn 0.0174 -0.8870 0.4613
vn 0.0387 -0.8911 0.4522
vn 0.8866 -0.0154 -0.4622
vn 0.9473 0.3205 0.0000
vn 0.9610 0.2765 0.0000
vn -0.9657 0.2595 -0.0000
vn 0.9900 -0.1412 0.0000
vn 0.9980 -0.0625 0.0000
vn 0.9940 -0.1097 0.0000
vn -0.9391 -0.3437 -0.0000
vn 0.1927 -0.9813 0.0000
vn 0.1100 -0.9939 0.0000
vn -0.7921 -0.6103 -0.0000
vn 0.9696 -0.2445 0.0000
vn -0.9382 -0.3461 -0.0000
vn 0.9939 -0.1106 0.0000
vn 0.9939 -0.1106 -0.0000
vn 0.8072 -0.5903 0.0000
vn 0.8091 0.5877 0.0000
vn -0.0290 -0.9996 -0.0000
vn -0.6642 0.7475 -0.0000
vn 0.6669 0.7452 0.0000
vn -0.4269 -0.9043 -0.0000
vn -0.4258 0.9048 0.0000
vn -0.4258 0.9048 -0.0000
vn -0.8074 0.5900 -0.0000
vn 0.8077 0.5896 0.0000
vn 0.8158 -0.5783 0.0000
vn -0.9998 -0.0181 -0.0000
vn -0.9983 0.0575 -0.0000
vn 0.9424 -0.3344 0.0000
vn 0.9270 -0.3750 -0.0000
vn 0.9270 -0.3750 0.0000
vn 0.8046 0.5938 0.0000
vn 0.8056 0.5925 0.0000
vn -0.8024 0.5968 -0.0000
vn 0.0095 1.0000 0.0000
vn 0.8197 0.5728 0.0000
vn -0.9369 0.3496 -0.0000
vn 0.6109 -0.7917 -0.0000
vn 0.7055 -0.7087 -0.0000
vn 0.0000 -0.9487 0.3161
vn 0.0000 0.7399 0.6727
vn 0.6088 0.0000 -0.7934
vn 0.5000 -0.0000 -0.8660
vn 0.6088 -0.0000 -0.7934
vn -0.9802 -0.1981 -0.0000
vn -0.9705 -0.2410 -0.0000
vn -0.8676 -0.4973 -0.0000
vn 0.0812 -0.8977 0.4331
vn 0.0648 -0.8954 0.4406
vn 0.1236 -0.9023 0.4131
vn 0.0000 -0.8412 0.5407
vn 0.8798 0.4753 -0.0000
vn 0.8093 0.5875 -0.0000
vn -0.3242 -0.7536 0.5718
vn -0.3291 -0.7507 0.5728
vn -0.2907 -0.7728 0.5642
vn 0.9998 -0.0193 0.0000
vn 0.9970 0.0777 0.0000
vn -0.8894 0.3610 0.2803
vn -0.8991 0.3021 0.3167
vn -0.8964 0.3220 0.3047
vn 0.0000 -0.7283 0.6852
vn 0.3325 -0.8947 0.2982
vn 0.3412 -0.8932 0.2929
vn 0.3156 -0.8973 0.3086
vn -0.9031 0.2620 0.3402
vn 0.7122 -0.7020 0.0000
vn 0.6050 -0.7962 0.0000
vn 0.6763 -0.7367 0.0000
vn 0.7728 -0.6347 0.0000
vn -0.4041 -0.9147 0.0000
vn -0.3024 -0.9532 0.0000
vn -0.6186 0.7857 -0.0000
vn -0.5702 0.8215 -0.0000
vn 0.3644 0.9312 0.0000
vn 0.4323 0.9017 0.0000
vn -0.4471 -0.8945 -0.0000
vn -0.0000 -0.8671 0.4981
vn -0.0000 -0.9039 0.4278
vn 0.5864 0.8100 0.0000
vn 0.6409 0.7676 0.0000
vn -0.4059 0.9139 -0.0000
vn -0.5865 0.8100 -0.0000
vn -0.6410 0.7676 -0.0000
vn 0.7264 -0.6872 -0.0000
vn 0.8126 -0.5828 -0.0000
vn 0.7264 0.6872 -0.0000
vn 0.8126 0.5828 -0.0000
vn 0.0043 1.0000 0.0000
vn 0.0816 0.9967 0.0000
vn -0.0000 -0.1834 0.9830
vn -0.9535 -0.3013 -0.0000
vn 0.7633 0.6460 0.0000
vn 0.2842 0.9588 0.0000
vn 0.3337 0.9427 0.0000
vn -0.5505 0.8349 0.0000
vn -0.3429 -0.7423 0.5757
vn -0.3483 -0.7389 0.5768
vn -0.3032 -0.7658 0.5671
vn -0.5119 0.8590 0.0000
vn -0.3806 0.9248 0.0000
vn -0.9286 0.3712 -0.0000
vn -0.9081 0.4187 -0.0000
vn 0.2723 -0.9622 0.0000
vn 0.3279 -0.9447 0.0000
vn -0.2073 -0.8144 0.5420
vn -0.1980 -0.8185 0.5393
vn -0.2483 -0.7950 0.5535
vn -0.0000 0.4972 0.8677
vn -0.0000 0.5407 0.8412
vn 0.0000 0.5407 0.8412
vn 0.8767 -0.4811 -0.0000
vn 0.8952 -0.4457 -0.0000
vn 0.1967 -0.9805 0.0000
vn 0.1419 -0.9899 0.0000
vn -0.9024 0.1254 0.4122
vn -0.3898 -0.9209 -0.0000
vn -0.4802 -0.8771 -0.0000
vn 0.5940 0.8045 -0.0000
vn 0.6980 0.7161 -0.0000
vn 0.5617 -0.8274 0.0000
vn 0.0032 0.0003 1.0000
vn -0.0001 -0.0001 1.0000
vn 0.3862 -0.9224 0.0000
vn -0.6495 -0.4728 0.5954
vn -0.6170 -0.5111 0.5984
vn -0.6181 -0.5098 0.5984
vn -0.6831 -0.4299 0.5904
vn -0.7134 -0.3873 0.5840
vn -0.7105 -0.3915 0.5847
vn 0.5369 0.8437 -0.0000
vn 0.5369 0.8437 0.0000
vn -0.7280 -0.6856 -0.0000
vn -0.6309 -0.7759 -0.0000
vn 0.4192 0.9079 0.0000
vn 0.4191 0.9079 0.0000
vn 0.4232 -0.9060 0.0000
vn -0.8868 0.0161 0.4619
vn -0.8790 -0.4767 0.0000
vn -0.9394 -0.3429 -0.0000
vn -0.2710 -0.9626 0.0000
vn -0.3266 -0.9452 -0.0000
vn -0.3266 -0.9452 0.0000
vn 0.0000 0.9812 -0.1928
vn 0.0000 0.9916 -0.1292
vn 0.0000 -0.1928 -0.9812
vn 0.0000 -0.1292 -0.9916
vn 0.6073 -0.7945 0.0000
vn 0.7234 0.6904 -0.0000
vn 0.8162 0.5778 -0.0000
vn -0.4041 -0.9147 -0.0000
vn -0.3024 -0.9532 -0.0000
vn 0.0000 -0.9830 0.1838
vn -0.0000 -0.9629 0.2700
vn 0.0000 -0.9629 0.2700
vn -0.1257 -0.9921 -0.0000
vn -0.7341 0.6790 -0.0000
vn 0.0000 0.1928 0.9812
vn -0.8867 0.0156 0.4621
vn 0.5902 -0.7996 0.1111
vn 0.5778 -0.8071 0.1217
vn 0.6107 -0.7864 0.0932
vn -1.0000 -0.0001 0.0000
vn -0.0000 0.0514 0.9987
vn 0.6956 0.7184 0.0000
vn -0.0000 -0.8412 -0.5407
vn -0.0000 -0.8064 -0.5913
vn 0.0000 -0.8064 -0.5913
vn -0.9157 0.4019 -0.0000
vn -0.8933 0.4494 -0.0000
vn 0.5044 0.8635 0.0000
vn 0.3773 0.9261 -0.0000
vn 0.3773 0.9261 0.0000
vn -0.9465 0.3226 -0.0000
vn -0.9175 0.3977 -0.0000
vn 0.9465 -0.3226 0.0000
vn 0.9175 -0.3977 0.0000
vn 0.9899 0.1419 0.0000
vn 0.9805 0.1967 0.0000
vn 0.0000 0.7688 -0.6395
vn 0.0000 0.8064 -0.5913
vn 0.9899 -0.1419 0.0000
vn 0.9805 -0.1967 0.0000
vn 0.2359 -0.9718 0.0000
vn 0.3632 -0.9317 0.0000
vn 0.8967 -0.4426 0.0000
vn 0.8721 -0.4893 -0.0000
vn 0.8721 -0.4894 0.0000
vn 0.3447 -0.9387 0.0000
vn 0.2206 -0.9754 0.0000
vn 0.8712 -0.4909 0.0000
vn 0.8597 -0.5108 0.0000
vn 0.0035 -1.0000 0.0000
vn 0.8740 0.4859 0.0000
vn 0.9994 0.0332 0.0000
vn 0.9999 -0.0161 0.0000
vn -0.4582 0.8889 -0.0000
vn -0.3429 0.9394 -0.0000
vn -0.7902 0.6129 -0.0000
vn 0.0000 -0.4601 0.8879
vn 0.0000 -0.4136 0.9105
vn -0.0000 -0.4136 0.9105
vn 0.6188 0.7856 0.0000
vn 0.5520 0.8339 0.0000
vn 0.9847 0.1742 0.0000
vn 0.9899 0.1420 0.0000
vn 0.9182 -0.3961 0.0000
vn 0.4087 0.9127 0.0000
vn 0.4806 0.8769 0.0000
vn -0.8324 -0.1650 0.5291
vn 0.6088 0.0000 0.7934
vn 0.5000 0.0000 0.8660
vn 0.5000 -0.0000 0.8660
vn 0.6088 -0.0000 0.7934
vn -0.1305 0.0000 0.9914
vn -0.1305 -0.0000 0.9914
vn 0.7071 0.0000 0.7071
vn 0.7071 -0.0000 0.7071
vn 0.9239 -0.0000 -0.3827
vn 0.9239 0.0000 -0.3827
vn 0.9239 -0.3827 -0.0000
vn 0.9239 0.3827 -0.0000
vn -0.9914 0.0000 0.1305
vn -0.9914 -0.0000 0.1305
vn -0.7908 -0.2567 0.5557
vn 0.0287 -0.9996 0.0000
vn 0.0192 -0.9998 0.0000
vn 0.6177 0.7864 -0.0000
vn 0.5553 0.8317 -0.0000
vn 0.5553 0.8317 0.0000
vn 0.9402 -0.3405 0.0000
vn -0.0192 -0.9998 -0.0000
vn -0.0192 -0.9998 0.0000
vn 0.9836 0.1805 0.0000
vn 0.9599 0.2804 0.0000
vn 0.9836 0.1805 -0.0000
vn 0.9599 0.2804 -0.0000
vn -0.4734 -0.8809 0.0000
vn 0.9533 0.3019 0.0000
vn -0.0000 -0.5407 0.8412
vn -0.0000 -0.5030 0.8643
vn -0.3914 0.9202 -0.0000
vn 0.9465 -0.3227 0.0000
vn 0.1829 -0.9053 0.3833
vn 0.2015 -0.9055 0.3735
vn 0.1411 -0.9036 0.4045
vn -0.9391 0.3435 -0.0000
vn 0.9402 0.3406 0.0000
vn 0.0000 0.1928 -0.9812
vn 0.0000 0.1292 -0.9916
vn -0.2510 -0.7936 0.5542
vn -0.2443 -0.7970 0.5524
vn -0.2850 -0.7759 0.5628
vn -0.9931 0.1174 -0.0000
vn 0.0045 -0.0003 1.0000
vn 0.0047 -0.0006 1.0000
vn 0.9404 0.3400 0.0000
vn 0.9387 0.3448 0.0000
vn -0.9639 0.2661 -0.0000
vn -0.9660 -0.2584 -0.0000
vn -0.9364 0.3509 -0.0000
vn 0.9375 0.3479 0.0000
vn -0.6496 -0.4727 0.5954
vn -0.8753 -0.4835 0.0000
vn -0.9305 -0.3663 0.0000
vn -0.9851 -0.1719 -0.0000
vn -0.9608 -0.2772 -0.0000
vn 0.0054 0.0011 1.0000
vn -0.5927 -0.5377 0.5997
vn 0.7071 0.7071 -0.0000
vn 0.7071 -0.7071 -0.0000
vn -0.7071 0.7071 0.0000
vn -0.7934 0.6088 0.0000
vn -0.7934 -0.6088 0.0000
vn -0.7071 -0.7071 0.0000
vn 0.7071 -0.0000 -0.7071
vn 0.7071 0.0000 -0.7071
vn 0.0000 0.8412 -0.5407
vn 0.0000 -0.8412 -0.5407
vn 0.0000 -0.8730 -0.4877
vn -0.0000 -0.8730 -0.4877
vn -0.5094 -0.8605 0.0000
vn 0.9500 -0.3123 -0.0000
vn 0.9172 -0.3984 -0.0000
vn 0.2493 0.9684 0.0000
vn 0.1245 0.9922 0.0000
vn -0.9355 -0.3534 -0.0000
vn -0.9981 -0.0608 -0.0000
vn -0.9936 -0.1127 -0.0000
vn -0.7067 0.7075 -0.0000
vn -0.7508 0.6606 -0.0000
vn -0.9485 -0.3168 0.0000
vn -0.9149 -0.4037 0.0000
vn 0.9234 0.3838 -0.0000
vn 0.9234 0.3838 0.0000
vn 0.5492 -0.8230 0.1452
vn 0.5296 -0.8328 0.1608
vn 0.5818 -0.8047 0.1183
vn 0.4189 -0.8752 0.2421
vn 0.4392 -0.8690 0.2280
vn 0.3813 -0.8850 0.2672
vn -0.6376 0.7704 0.0000
vn -0.5641 0.8257 0.0000
vn -0.5641 0.8257 -0.0000
vn 0.0000 -0.9812 0.1928
vn 0.7042 0.7100 0.0000
vn 0.4840 -0.8751 -0.0000
vn 0.3494 -0.9370 0.0000
vn 0.3495 -0.9370 -0.0000
vn 0.4840 0.8751 -0.0000
vn 0.3495 0.9370 0.0000
vn 0.3494 0.9370 -0.0000
vn -0.7370 0.6759 -0.0000
vn -0.7847 0.6199 -0.0000
vn -0.3885 0.9215 0.0000
vn -0.3365 0.9417 0.0000
vn -0.9170 -0.3989 -0.0000
vn -0.9580 -0.2866 0.0000
vn -0.9580 -0.2866 -0.0000
vn -0.0000 0.9039 0.4278
vn -0.0000 0.9362 0.3516
vn 0.0000 0.9362 0.3516
vn -0.8048 0.5817 0.1184
vn -0.7205 0.6933 0.0144
vn -0.6782 0.7343 -0.0297
vn -0.6946 0.7192 -0.0130
vn 0.8879 -0.4600 0.0000
vn 0.8164 -0.5775 0.0000
vn -0.9911 0.1333 0.0000
vn -0.5119 0.8590 -0.0000
vn 0.3759 0.9267 0.0000
vn 0.9958 -0.0910 0.0000
vn 0.9464 -0.3229 0.0000
vn -0.8080 -0.5891 0.0000
vn -0.8872 0.4613 0.0000
vn -0.9047 0.4261 0.0000
vn 0.0000 0.6852 0.7283
vn 0.0000 0.7283 0.6852
vn -0.8279 0.5608 -0.0000
vn -0.1443 -0.9895 -0.0000
vn -0.1677 0.9858 -0.0000
vn 0.6940 -0.7200 0.0000
vn 0.7440 -0.6682 0.0000
vn 0.0000 0.9830 0.1838
vn 0.0000 0.9629 0.2700
vn -0.0000 0.9629 0.2700
vn -0.3636 0.9316 0.0000
vn -0.2397 0.9709 0.0000
vn -0.2396 0.9709 0.0000
vn -0.0014 0.0010 1.0000
vn -0.0010 0.0012 1.0000
vn -0.1437 0.1734 0.9743
vn -0.1378 0.1765 0.9746
vn -0.1816 0.1537 0.9713
vn -0.0534 0.9986 -0.0000
vn 0.0534 0.9986 0.0000
vn 0.6735 0.7391 -0.0000
vn 0.7198 0.6942 -0.0000
vn -0.9966 0.0821 -0.0000
vn -0.9999 -0.0172 -0.0000
vn 0.0054 1.0000 0.0000
vn 0.0034 -0.0004 1.0000
vn -0.9603 -0.2791 -0.0000
vn 0.3885 0.9215 0.0000
vn 0.3364 0.9417 0.0000
vn -0.0001 0.0001 1.0000
vn 0.0001 -0.0003 1.0000
vn 0.3885 0.9215 -0.0000
vn 0.3364 0.9417 -0.0000
vn 0.2916 -0.9566 0.0000
vn 0.8797 -0.4755 -0.0000
vn -0.8964 0.3217 0.3049
vn -0.9013 0.2826 0.3283
vn -0.8999 0.2956 0.3206
vn -0.2844 -0.9587 -0.0000
vn -0.4013 -0.9159 -0.0000
vn 0.0703 0.0701 0.9951
vn -0.0986 0.9951 -0.0000
vn -0.8943 0.3349 0.2968
vn -0.9283 0.3719 -0.0000
vn 0.6763 -0.7366 -0.0000
vn 0.5847 -0.8113 -0.0000
vn 0.9998 0.0205 0.0000
vn 0.9970 -0.0777 0.0000
vn -0.9671 0.2544 -0.0000
vn 0.9694 -0.2456 -0.0000
vn 0.9272 -0.3746 -0.0000
vn -0.8108 -0.5854 -0.0000
vn -0.8438 -0.5367 -0.0000
vn -0.8108 -0.5854 0.0000
vn -0.8438 -0.5367 0.0000
vn 0.9874 0.1585 0.0000
vn 0.0000 0.5536 0.8328
vn 0.0000 0.6005 0.7997
vn -0.0000 0.6005 0.7997
vn -0.7026 0.7116 0.0000
vn -0.6905 0.7234 -0.0000
vn -0.5895 0.8078 -0.0000
vn -0.7921 0.6104 -0.0000
vn -0.7432 0.6690 -0.0000
vn 0.6162 0.7876 0.0000
vn -0.9834 -0.1814 0.0000
vn 0.7338 -0.6794 -0.0000
vn 0.8115 -0.5843 -0.0000
vn 0.8115 -0.5844 -0.0000
vn -0.7861 0.6181 -0.0000
vn -0.7075 0.7067 -0.0000
vn 0.9939 -0.1101 0.0000
vn 0.9985 -0.0543 0.0000
vn -0.9446 0.3283 -0.0000
vn -0.2894 -0.9572 -0.0000
vn -0.9788 -0.2049 -0.0000
vn -0.9950 -0.1002 -0.0000
vn -0.0000 0.9812 0.1928
vn 0.0000 0.9669 0.2552
vn -0.0000 0.9669 0.2552
vn 0.9932 0.1162 0.0000
vn 0.0000 0.1834 0.9830
vn 0.0000 0.2292 0.9734
vn -0.0000 0.2292 0.9734
vn 0.3803 -0.9249 -0.0000
vn -0.0001 0.0002 1.0000
vn -0.9163 0.4006 0.0000
vn -0.9421 0.3352 0.0000
vn 0.9727 -0.2322 0.0000
vn 0.1378 -0.1765 0.9746
vn 0.1437 -0.1734 0.9743
vn 0.0964 -0.1974 0.9756
vn -0.0964 0.1974 0.9756
vn 0.6761 -0.7368 0.0000
vn 0.5806 -0.8142 0.0000
vn 0.5509 0.8345 0.0000
vn 0.9769 0.2137 0.0000
vn 0.3895 -0.9210 0.0000
vn 0.2894 -0.9572 0.0000
vn 0.2894 -0.9572 -0.0000
vn -0.3248 -0.9458 0.0000
vn -0.7578 0.6525 -0.0000
vn 0.9462 -0.3235 0.0000
vn 0.8912 -0.4536 0.0000
vn -0.4582 0.8889 0.0000
vn -0.5652 0.8249 0.0000
vn 0.0001 0.9916 0.1293
vn 0.0002 0.9979 0.0649
vn 0.0001 0.9979 0.0651
vn -0.3562 -0.9344 -0.0000
vn -0.3562 -0.9344 0.0000
vn -0.7996 -0.6005 0.0000
vn -0.8692 -0.4945 0.0000
vn 0.9313 -0.3642 0.0000
vn -0.8548 -0.1036 0.5085
vn -0.8358 -0.1564 0.5264
vn -0.8399 -0.1457 0.5229
vn -0.7561 -0.6544 0.0000
vn -0.7561 -0.6545 0.0000
vn 0.9315 -0.3638 0.0000
vn 0.4421 -0.8970 0.0000
vn 0.9226 -0.3857 0.0000
vn 0.8923 -0.4514 0.0000
vn -0.9984 0.0564 -0.0000
vn 0.2891 -0.9573 0.0000
vn 0.2892 -0.9573 0.0000
vn -0.9323 0.3617 -0.0000
vn -0.8697 0.4937 -0.0000
vn -0.1156 0.9933 -0.0000
vn 0.1158 0.9933 -0.0000
vn 0.1816 -0.1537 0.9713
vn 0.0011 -0.0009 1.0000
vn 0.0009 -0.0011 1.0000
vn 0.0964 0.1974 0.9756
vn 0.1437 0.1734 0.9743
vn 0.1378 0.1765 0.9746
vn -0.0964 -0.1974 0.9756
vn -0.1437 -0.1734 0.9743
vn -0.1378 -0.1765 0.9746
vn 0.5549 -0.8319 0.0000
vn 0.5516 -0.8341 0.0000
vn 0.9898 -0.1425 0.0000
vn 0.0691 0.9976 -0.0000
vn -1.0000 -0.0039 -0.0000
vn -0.5081 -0.8613 -0.0000
vn -0.4458 -0.8951 -0.0000
vn -0.9904 0.1380 -0.0000
vn 0.0000 0.3161 0.9487
vn -0.0000 0.2552 0.9669
vn 0.0000 0.2552 0.9669
vn -0.1305 0.9914 0.0000
vn -0.1305 -0.9914 0.0000
vn -0.6088 -0.0000 0.7934
vn -0.6088 0.0000 0.7934
vn -0.1305 0.0000 -0.9914
vn -0.1305 -0.0000 -0.9914
vn -0.5000 -0.8660 0.0000
vn -0.5000 0.8660 0.0000
vn -0.9659 -0.2588 0.0000
vn -0.9659 0.2588 0.0000
vn -0.9659 -0.0000 -0.2588
vn -0.9659 0.0000 -0.2588
vn -0.7851 0.6125 0.0917
vn -0.8064 0.5790 0.1207
vn -0.7988 0.5914 0.1100
vn -0.8518 0.4868 0.1936
vn 0.6227 -0.7781 0.0824
vn 0.7114 -0.7028 -0.0046
vn 0.7010 -0.7132 0.0064
vn 0.7279 -0.6852 -0.0258
vn -0.0000 -0.2552 0.9669
vn 0.0000 -0.3161 0.9487
vn -0.0000 -0.3161 0.9487
vn -0.2871 -0.9579 -0.0000
vn -0.6616 0.7499 -0.0000
vn -0.8709 -0.4915 -0.0000
vn -0.8313 -0.5558 -0.0000
vn 0.6181 0.7861 0.0000
vn 0.7066 0.7076 0.0000
vn -0.6190 0.7854 -0.0000
vn -0.7072 0.7071 -0.0000
vn 0.6185 0.7858 0.0000
vn 0.6181 -0.7861 0.0000
vn 0.7066 -0.7076 0.0000
vn 0.7857 -0.6186 0.0000
vn 0.6186 -0.7857 0.0000
vn -0.6186 -0.7857 -0.0000
vn -0.7071 -0.7072 -0.0000
vn 0.7853 -0.6191 0.0000
vn -0.8819 0.4714 -0.0000
vn -0.0000 -0.9812 0.1928
vn -0.0000 -0.9669 0.2552
vn 0.0000 -0.9669 0.2552
vn 0.5652 0.8250 0.0000
vn 0.5151 0.8571 0.0000
vn 0.5152 0.8571 0.0000
vn -0.8819 -0.4714 -0.0000
vn -0.8146 -0.5801 -0.0000
vn -0.9356 0.3530 -0.0000
vn 0.0000 0.9016 0.4325
vn -0.0000 0.8730 0.4877
vn 0.0000 0.8730 0.4877
vn -0.0051 -1.0000 0.0000
vn 0.0902 -0.9959 0.0000
vn -0.0173 0.9998 0.0000
vn -0.1206 0.9927 0.0000
vn 0.0000 -0.8065 0.5913
vn 0.0000 -0.7688 0.6395
vn -0.0000 -0.7688 0.6395
vn -0.0105 0.9999 0.0000
vn -0.3221 -0.9467 -0.0000
vn -0.0000 -0.5407 -0.8412
vn 0.0000 -0.4972 -0.8677
vn 0.0000 -0.4972 -0.8676
vn -0.8059 -0.5920 0.0000
vn -0.8479 -0.5301 -0.0000
vn -0.8479 -0.5301 0.0000
vn -0.0000 0.7688 0.6395
vn 0.7859 0.6183 -0.0000
vn -0.7859 0.6184 -0.0000
vn 0.7853 0.6191 0.0000
vn 0.7947 0.6070 0.0000
vn 0.8703 0.4925 0.0000
vn -0.7947 0.6070 0.0000
vn -0.8703 0.4925 -0.0000
vn -0.8703 0.4925 0.0000
vn 0.7946 0.6071 0.0000
vn 0.8702 0.4927 0.0000
vn 0.9981 -0.0616 0.0000
vn -0.6074 0.7944 -0.0000
vn -0.4929 0.8701 -0.0000
vn -0.7944 -0.6074 -0.0000
vn -0.7942 -0.6077 -0.0000
vn -0.8700 -0.4931 -0.0000
vn 0.6077 -0.7942 0.0000
vn 0.4931 -0.8700 0.0000
vn 0.7948 0.6069 0.0000
vn 0.8703 0.4924 0.0000
vn 0.9299 -0.3678 0.0000
vn 0.9708 -0.2400 0.0000
vn -0.6070 -0.7947 0.0000
vn -0.4925 -0.8703 -0.0000
vn -0.4925 -0.8703 0.0000
vn -0.6069 -0.7948 -0.0000
vn -0.4924 -0.8703 -0.0000
vn -0.7945 -0.6073 -0.0000
vn -0.8702 -0.4927 -0.0000
vn 0.4927 -0.8702 0.0000
vn 0.6461 -0.7633 0.0000
vn 0.5048 -0.8632 0.0000
vn 0.5810 -0.8139 0.0000
vn 0.0000 -0.6472 0.7623
vn 0.9094 0.4160 -0.0000
vn 0.9375 0.3480 -0.0000
vn -0.9164 -0.4002 -0.0000
vn -0.7067 -0.7075 -0.0000
vn -0.7067 -0.7075 0.0000
vn 0.7687 -0.6396 0.0000
vn -0.6077 0.7942 0.0000
vn -0.4931 0.8700 0.0000
vn 0.8909 -0.4542 0.0000
vn 0.8982 -0.4395 0.0000
vn 0.7075 0.7068 0.0000
vn 0.7074 0.7068 0.0000
vn 0.5500 -0.8352 0.0000
vn 0.4863 -0.8738 0.0000
vn -0.0000 -0.9979 -0.0648
vn -0.0000 -0.9916 -0.1292
vn 0.0000 -0.9916 -0.1292
vn 0.9836 -0.1806 0.0000
vn 0.9871 -0.1601 0.0000
vn -0.6836 0.7298 -0.0000
vn -0.6836 0.7299 -0.0000
vn -0.9999 -0.0110 -0.0000
vn -0.9987 -0.0518 -0.0000
vn 0.0037 -0.0009 1.0000
vn -0.9642 0.2653 -0.0000
vn -0.9713 0.2377 -0.0000
vn 0.4235 -0.9059 0.0000
vn 0.3404 -0.9403 0.0000
vn -0.9082 0.4186 -0.0000
vn -0.9366 0.3503 -0.0000
vn -0.9366 0.3503 0.0000
vn -0.8515 -0.5244 -0.0000
vn -0.8849 -0.4658 -0.0000
vn 0.1906 0.9817 0.0000
vn 0.1467 0.9892 0.0000
vn 0.3125 0.9499 0.0000
vn 0.3826 0.9239 0.0000
vn 0.0000 0.9812 0.1928
vn -0.0000 0.3161 0.9487
vn 0.5815 -0.8136 0.0000
vn 0.5148 -0.8573 0.0000
vn 0.5815 0.8136 0.0000
vn 0.5148 0.8573 0.0000
vn 0.8136 0.5815 0.0000
vn 0.8573 0.5148 0.0000
vn 0.8398 0.5428 0.0000
vn 0.0000 -0.5407 -0.8412
vn -0.9176 0.3975 -0.0000
vn 0.0000 0.5407 -0.8412
vn 0.0000 0.4972 -0.8676
vn -0.6707 -0.7417 -0.0000
vn -0.6185 -0.7858 -0.0000
vn 0.0003 0.0000 1.0000
vn -0.9888 -0.1493 0.0000
vn -0.9974 -0.0722 0.0000
vn -0.9888 -0.1493 -0.0000
vn -0.9974 -0.0722 -0.0000
vn 0.9319 0.3628 0.0000
vn 0.9664 0.2570 0.0000
vn -0.0001 0.9905 0.1374
vn -0.0001 0.9979 0.0652
vn -0.0002 0.9979 0.0652
vn -0.0000 0.2752 0.9614
vn -0.0000 -0.8065 0.5913
vn -0.5688 -0.8224 -0.0000
vn -0.1744 -0.9847 -0.0000
vn -0.1335 -0.9910 -0.0000
vn 0.3096 -0.9509 0.0000
vn 0.2997 0.9540 0.0000
vn 0.2869 -0.9580 0.0000
vn -0.9673 0.2537 -0.0000
vn -0.9742 0.2258 -0.0000
vn -0.9720 -0.2351 -0.0000
vn 0.6413 -0.7673 0.0000
vn -0.9134 -0.4070 -0.0000
vn 0.1102 -0.9939 0.0000
vn 0.1567 -0.9877 0.0000
vn -0.9082 0.4186 0.0000
vn 0.3292 -0.9442 0.0000
vn -0.1737 -0.9848 -0.0000
vn 0.9917 -0.1286 0.0000
vn 0.9893 -0.1456 0.0000
vn 0.9094 0.4160 0.0000
vn -0.9753 0.2211 -0.0000
vn -0.9410 0.3384 -0.0000
vn 0.0000 -0.6395 0.7688
vn -0.0000 -0.6395 0.7688
vn 0.3175 0.9483 0.0000
vn -0.3141 0.9494 -0.0000
vn -0.0000 -0.3673 0.9301
vn 0.2177 -0.9760 -0.0000
vn 0.2960 -0.9552 -0.0000
vn 0.3182 0.9480 0.0000
vn -0.3733 0.9277 -0.0000
vn 0.3199 0.9475 0.0000
vn -0.3835 -0.9235 -0.0000
vn -0.8804 0.4743 -0.0000
vn -0.9102 0.4142 -0.0000
vn 0.3667 0.9303 0.0000
vn -0.3203 0.9473 -0.0000
vn 0.5647 0.8253 0.0000
vn 0.6290 0.7774 0.0000
vn 0.0423 0.9991 -0.0000
vn 0.1811 -0.9835 0.0000
vn -1.0000 0.0020 -0.0000
vn -0.7793 0.6267 0.0000
vn 0.9497 -0.3130 0.0000
vn 0.9239 -0.3826 0.0000
vn 0.9497 0.3132 0.0000
vn 0.9238 0.3828 0.0000
vn -0.9498 0.3127 -0.0000
vn -0.9240 0.3823 -0.0000
vn -0.9499 -0.3126 -0.0000
vn -0.9241 -0.3822 -0.0000
vn 0.7754 0.6315 0.0000
vn 0.7754 0.6315 -0.0000
vn -0.8284 0.5601 0.0000
vn -0.7740 -0.6331 -0.0000
vn 0.4714 -0.8819 0.0000
vn 0.9447 0.3281 0.0000
vn 0.8866 0.4625 -0.0000
vn 0.8866 0.4625 0.0000
vn -0.6336 -0.7737 0.0000
vn 0.4636 0.8860 0.0000
vn 0.0003 0.0016 1.0000
vn 0.0006 0.0013 1.0000
vn 0.0967 0.1973 0.9756
vn 0.0544 0.2181 0.9744
vn -0.0967 -0.1973 0.9756
vn -0.0544 -0.2181 0.9744
vn -0.0003 -0.0015 1.0000
vn -0.0007 -0.0014 1.0000
vn 0.7076 -0.7066 0.0000
vn 0.6353 -0.7723 0.0000
vn 0.9984 0.0559 0.0000
vn -0.0105 -0.9999 -0.0000
vn -0.7668 -0.6419 -0.0000
vn -0.9945 -0.1045 -0.0000
vn 0.0000 0.9979 -0.0648
vn -0.9939 -0.1105 -0.0000
vn 0.9946 -0.1038 0.0000
vn -0.9938 -0.1113 -0.0000
vn 0.0041 0.0005 1.0000
vn 0.0044 0.0000 1.0000
vn -0.9912 -0.1323 -0.0000
vn -0.9086 -0.4176 -0.0000
vn -0.9711 -0.2388 0.0000
vn -0.9647 -0.2633 -0.0000
vn -0.9193 -0.3936 -0.0000
vn -0.9193 -0.3935 -0.0000
vn 0.8441 0.5362 0.0000
vn 0.7817 0.6236 0.0000
vn 0.9957 -0.0927 0.0000
vn -0.4792 -0.8777 -0.0000
vn -0.4792 -0.8777 0.0000
vn -0.5463 -0.8376 -0.0000
vn -0.9036 0.1411 0.4045
vn -0.9055 0.2015 0.3735
vn -0.9054 0.1829 0.3832
vn 0.8716 -0.4903 0.0000
vn 0.8817 -0.4719 -0.0000
vn 0.8817 0.4719 -0.0000
vn 0.0000 -0.9812 -0.1928
vn 0.2620 -0.9031 0.3402
vn -0.0000 -0.9362 0.3516
vn 0.0034 0.0030 1.0000
vn 0.0035 0.0023 1.0000
vn 0.9699 0.2435 0.0000
vn 0.9359 -0.3523 -0.0000
vn -0.8850 0.3813 0.2672
vn -0.8690 0.4392 0.2280
vn -0.8752 0.4189 0.2421
vn 0.9359 0.3523 -0.0000
vn 0.2426 -0.9044 0.3511
vn -0.9044 0.2426 0.3511
vn 0.2600 -0.9656 0.0000
vn 0.3815 -0.9244 0.0000
vn 0.7618 0.6478 -0.0000
vn -0.4186 -0.9082 -0.0000
vn -0.7931 0.6005 0.1022
vn -0.7589 0.6486 0.0585
vn -0.7723 0.6308 0.0750
vn 0.2605 0.9655 0.0000
vn 0.4752 -0.8563 0.2022
vn -0.8563 0.4752 0.2022
vn -0.7355 0.6768 0.0311
vn -0.0490 -0.8713 0.4882
vn -0.0914 -0.8588 0.5041
vn -0.8588 -0.0914 0.5041
vn 0.7740 -0.6331 0.0000
vn 0.9859 -0.1671 0.0000
vn 0.1749 -0.9846 0.0000
vn 0.1336 -0.9910 0.0000
vn 0.9945 -0.1049 0.0000
vn 0.9870 0.1609 0.0000
vn 0.4988 0.8667 -0.0000
vn 0.4988 0.8667 0.0000
vn -0.4992 0.8665 -0.0000
vn 0.4981 -0.8671 0.0000
vn 0.4980 -0.8672 0.0000
vn -0.4984 -0.8669 -0.0000
vn -0.4985 -0.8669 -0.0000
vn -0.1906 0.9817 -0.0000
vn -0.1467 0.9892 -0.0000
vn 0.8920 0.4521 -0.0000
vn 0.9925 0.1226 0.0000
vn 0.9917 0.1283 0.0000
vn -0.9909 0.1349 -0.0000
vn -0.2928 0.9562 -0.0000
vn 0.2928 0.9562 0.0000
vn -0.0000 -0.4664 0.8846
vn -1.0000 0.0081 0.0000
vn -1.0000 0.0081 -0.0000
vn 0.9915 0.1304 0.0000
vn 0.9915 0.1303 0.0000
vn -0.9903 0.1386 -0.0000
vn -0.2175 -0.9761 0.0000
vn -0.2946 -0.9556 0.0000
vn -0.2175 -0.9761 -0.0000
vn -0.2946 -0.9556 -0.0000
vn -0.7338 -0.6794 -0.0000
vn 0.6814 0.7319 0.0000
vn -0.3549 0.9349 -0.0000
vn 0.3550 0.9349 0.0000
vn 0.9455 -0.3256 0.0000
vn -0.8036 0.5951 -0.0000
vn -0.6865 0.7271 -0.0000
vn -0.9750 0.2223 -0.0000
vn -0.9818 0.1899 -0.0000
vn -0.5042 -0.8636 0.0000
vn -0.6263 -0.7796 0.0000
vn -0.2132 -0.9770 -0.0000
vn -0.1555 -0.9878 -0.0000
vn -0.5808 0.8141 -0.0000
vn -0.1649 -0.9863 0.0000
vn -0.9575 -0.2885 0.0000
vn -0.7695 -0.2966 0.5656
vn -0.2966 -0.7695 0.5656
vn -0.2562 -0.7910 0.5556
vn -0.7910 -0.2562 0.5556
vn 0.9369 -0.3495 -0.0000
vn 0.9369 -0.3496 -0.0000
vn 0.9739 -0.2272 -0.0000
vn 0.2463 0.9692 -0.0000
vn 0.6827 0.7307 0.0000
vn 0.9984 0.0558 0.0000
vn 0.9996 0.0277 0.0000
vn -0.5558 -0.8313 -0.0000
vn -0.9972 0.0751 -0.0000
vn 0.6241 -0.7813 0.0000
vn 0.7268 -0.6868 0.0000
vn 0.9121 -0.4099 0.0000
vn 0.8548 -0.5190 0.0000
vn -0.0000 0.6472 0.7623
vn -0.4707 -0.6513 0.5952
vn 0.7907 -0.6122 -0.0000
vn 0.8665 -0.4991 -0.0000
vn -0.2848 -0.9586 -0.0000
vn -0.4848 -0.8746 0.0000
vn -0.5617 -0.8273 0.0000
vn 0.2298 -0.9049 0.3582
vn 0.2380 -0.9046 0.3536
vn 0.2156 -0.9053 0.3659
vn -0.9973 -0.0728 -0.0000
vn 0.9876 0.1571 0.0000
vn 0.3663 -0.9305 0.0000
vn 0.2960 -0.9552 0.0000
vn 0.3663 -0.9305 -0.0000
vn -0.6513 -0.4707 0.5952
vn -0.4330 -0.6807 0.5909
vn -0.6807 -0.4330 0.5909
vn -0.7101 -0.7041 0.0000
vn -0.0000 -0.6942 0.7198
vn -0.1567 0.9876 -0.0000
vn -0.1111 0.9938 0.0000
vn -0.1111 0.9938 -0.0000
vn -0.1566 -0.9877 0.0000
vn -0.1110 -0.9938 0.0000
vn 0.1570 0.9876 0.0000
vn 0.2158 0.9764 0.0000
vn -0.1728 0.9850 -0.0000
vn -0.1121 0.9937 -0.0000
vn -0.7192 -0.6948 -0.0000
vn -0.9344 0.3562 -0.0000
vn -0.1190 -0.9929 -0.0000
vn -0.2475 -0.9689 0.0000
vn -0.2475 -0.9689 -0.0000
vn 0.0000 -0.1834 0.9830
vn 0.0000 -0.1376 0.9905
vn -0.0000 -0.1376 0.9905
vn 0.9890 -0.1480 0.0000
vn 0.9945 -0.1045 0.0000
vn -0.9890 -0.1480 -0.0000
vn 0.8573 -0.5148 0.0000
vn 0.4887 -0.8725 0.0000
vn 0.3682 0.9297 0.0000
vn 0.2403 0.9707 0.0000
vn 0.9839 0.1790 0.0000
vn 0.9926 0.1218 0.0000
vn 0.4865 0.8737 0.0000
vn 0.4267 0.9044 0.0000
vn 0.0048 0.0005 1.0000
vn 0.0044 0.0001 1.0000
vn -0.9968 -0.0801 -0.0000
vn 0.3682 -0.9297 0.0000
vn 0.0135 -0.9999 0.0000
vn 0.4953 -0.8483 0.1872
vn -0.1059 0.9944 -0.0000
vn 0.1059 0.9944 0.0000
vn 0.9720 -0.2349 -0.0000
vn 0.9560 -0.2932 0.0000
vn 0.9561 -0.2932 -0.0000
vn 0.6724 -0.7394 0.0356
vn 0.6834 -0.7296 0.0245
vn 0.6538 -0.7548 0.0535
vn 0.9485 0.3168 0.0000
vn 0.9669 0.2550 0.0000
vn 0.3168 0.9485 0.0000
vn 0.2550 0.9669 0.0000
vn 0.3168 -0.9485 0.0000
vn 0.2550 -0.9669 0.0000
vn -0.8641 -0.0743 0.4978
vn -0.8770 -0.0271 0.4797
vn -0.8741 -0.0387 0.4842
vn 0.9983 0.0578 0.0000
vn 0.9298 -0.3680 0.0000
vn 0.9707 -0.2401 0.0000
vn 0.3064 -0.9519 0.0000
vn -0.4847 0.8747 -0.0000
vn 0.2278 0.9737 0.0000
vn 0.1507 0.9886 0.0000
vn 0.9669 -0.2550 0.0000
vn -0.2325 0.9726 0.0000
vn -0.1728 0.9850 0.0000
vn -0.2324 0.9726 0.0000
vn -0.8856 0.0102 0.4644
vn 0.3650 0.9310 -0.0000
vn 0.2403 0.9707 -0.0000
vn 0.9971 -0.0764 0.0000
vn -0.2506 0.9681 -0.0000
vn 0.2126 -0.9771 0.0000
vn 0.7945 -0.6073 0.0000
vn 0.7920 -0.6105 0.0000
vn -0.9667 0.2560 -0.0000
vn 0.8579 0.5138 -0.0000
vn 0.0016 0.0007 1.0000
vn 0.0022 0.0004 1.0000
vn 0.3011 0.0885 0.9495
vn 0.2331 0.1262 0.9642
vn 0.2598 0.1116 0.9592
vn -0.3011 -0.0885 0.9495
vn -0.2331 -0.1262 0.9642
vn -0.2598 -0.1116 0.9592
vn -0.0020 -0.0008 1.0000
vn -0.0030 -0.0005 1.0000
vn -0.0631 -0.8674 0.4936
vn -0.0666 -0.8664 0.4949
vn -0.0516 -0.8706 0.4893
vn 0.0957 -0.9954 0.0000
vn -0.5813 0.8137 -0.0000
vn -0.0959 -0.9954 -0.0000
vn 0.5317 -0.8470 0.0000
vn -0.6073 -0.7944 -0.0000
vn -0.4929 -0.8701 -0.0000
vn -0.9929 -0.1192 -0.0000
vn -0.9701 -0.2428 0.0000
vn -0.9701 -0.2428 -0.0000
vn -0.3682 0.9297 0.0000
vn 0.3683 0.9297 0.0000
vn 0.4931 0.8700 0.0000
vn -0.1163 0.9932 0.0000
vn -0.2402 0.9707 0.0000
vn -0.9972 -0.0747 -0.0000
vn 0.7279 0.6857 0.0000
vn -0.0000 -0.9812 -0.1928
vn 0.0000 -0.3161 -0.9487
vn 0.0000 -0.2552 -0.9669
vn 0.0000 0.9669 -0.2551
vn -0.0424 0.9991 0.0000
vn -0.0489 0.9988 0.0006
vn -0.1129 0.9936 0.0003
vn -0.9297 -0.3682 -0.0000
vn -0.9707 -0.2403 -0.0000
vn -0.0000 -0.0648 0.9979
vn -0.3679 -0.9299 -0.0000
vn -0.2401 -0.9708 -0.0000
vn -0.9172 0.3983 -0.0000
vn 0.0000 0.2552 -0.9669
vn 0.0000 0.3161 -0.9487
vn 0.4895 0.8720 -0.0000
vn 0.4895 0.8720 0.0000
vn 0.9346 0.3556 0.0000
vn 0.9133 0.4073 0.0000
vn 0.5000 0.0000 -0.8660
vn -0.0001 -1.0000 0.0000
vn -0.0001 1.0000 0.0000
vn -0.9941 0.1085 -0.0000
vn -0.9867 0.1626 -0.0000
vn -0.9999 -0.0129 -0.0000
vn 0.2550 0.9669 -0.0000
vn -0.8350 0.5502 -0.0000
vn 0.9872 -0.1596 0.0000
vn 0.9773 -0.2116 0.0000
vn 0.0386 -0.8911 0.4522
vn 0.0910 -0.9958 0.0000
vn 0.0439 -0.9990 0.0000
vn 0.8708 0.4916 -0.0000
vn 0.8708 0.4916 0.0000
vn 0.0000 0.8730 -0.4877
vn -0.7941 -0.2501 0.5540
vn -0.8140 -0.2083 0.5423
vn -0.8105 -0.2158 0.5445
vn -0.0000 -0.9016 -0.4325
vn 0.0910 0.9958 -0.0000
vn 0.0439 0.9990 -0.0000
vn 0.9958 0.0910 0.0000
vn 0.9990 0.0439 0.0000
vn 0.3372 -0.9414 0.0000
vn -0.3515 0.9362 0.0000
vn -0.3964 0.9181 0.0000
vn -0.3515 0.9362 -0.0000
vn -0.3964 0.9181 -0.0000
vn -0.8289 -0.1735 0.5318
vn 0.0000 -0.7688 -0.6395
vn 0.0000 0.7284 -0.6852
vn -0.5478 -0.5831 0.5999
vn 0.0135 -0.9999 -0.0000
vn -0.0135 -0.9999 0.0000
vn 0.0000 -0.9016 0.4325
vn -0.0000 -0.9016 0.4325
vn -0.2257 0.9742 -0.0000
vn -0.7928 -0.6094 -0.0000
vn 0.9424 -0.3344 -0.0000
vn 0.9592 -0.2826 -0.0000
vn -0.9298 0.3681 -0.0000
vn 0.8700 -0.4931 0.0000
vn -0.3682 0.9298 -0.0000
vn -0.3681 -0.9298 -0.0000
vn -0.9297 0.3684 0.0000
vn 0.8702 -0.4927 0.0000
vn -0.3679 -0.9298 -0.0000
vn -0.4927 -0.8702 -0.0000
vn 0.8703 -0.4925 0.0000
vn -0.3678 -0.9299 -0.0000
vn -0.9299 0.3678 -0.0000
vn -0.3621 -0.7302 0.5794
vn -0.2268 -0.8054 0.5476
vn 0.0727 0.9974 0.0000
vn -0.7021 -0.4037 0.5866
vn -0.7268 -0.3673 0.5804
vn -0.7242 -0.3713 0.5811
vn -0.0000 0.5913 0.8064
vn 0.0000 0.7688 0.6395
vn 0.9709 -0.2393 0.0000
vn -0.7016 0.7125 -0.0000
vn 0.2996 0.9540 0.0000
vn -0.5010 -0.6259 0.5978
vn -0.7475 -0.3344 0.5740
vn -0.3662 -0.7275 0.5802
vn -0.4478 0.8942 -0.0000
vn -0.4982 0.8671 -0.0000
vn -0.4834 0.8754 0.0000
vn -0.5379 0.8430 0.0000
vn 0.9930 0.1179 0.0000
vn 0.9990 -0.0439 0.0000
vn 0.8736 0.4867 -0.0000
vn -0.6322 0.7748 -0.0000
vn -0.5932 -0.5371 0.5997
vn -0.6219 -0.5055 0.5981
vn -0.6209 -0.5066 0.5982
vn 0.7611 0.6486 0.0000
vn -0.6482 -0.4745 0.5956
vn -0.8772 0.4801 0.0000
vn -0.9258 0.3780 -0.0000
vn -0.8772 0.4801 -0.0000
vn 0.4080 -0.9130 0.0000
vn -0.1186 0.9929 -0.0000
vn -0.2467 0.9691 0.0000
vn -0.2467 0.9691 -0.0000
vn -0.2598 0.1116 0.9592
vn -0.2331 0.1262 0.9642
vn -0.3011 0.0885 0.9495
vn -0.0030 0.0004 1.0000
vn -0.0020 0.0008 1.0000
vn 0.1013 0.9949 0.0000
vn -0.4108 0.9117 -0.0000
vn -0.4108 0.9117 0.0000
vn -0.3629 -0.9318 0.0000
vn -0.3630 -0.9318 -0.0000
vn 0.9616 -0.2745 0.0000
vn 0.9615 -0.2747 0.0000
vn -0.9945 0.1045 -0.0000
vn -0.9978 0.0658 -0.0000
vn 0.0000 0.9039 0.4278
vn -0.9946 -0.1041 -0.0000
vn -0.9986 -0.0531 -0.0000
vn -0.2408 0.9706 0.0000
vn -0.2632 -0.9647 -0.0000
vn -0.3339 -0.9426 -0.0000
vn 0.9521 0.3059 0.0000
vn -0.3936 -0.9193 -0.0000
vn -0.2634 -0.9647 -0.0000
vn -0.8072 -0.5903 0.0000
vn -0.7296 -0.6839 -0.0000
vn -0.7296 -0.6839 0.0000
vn -0.1867 -0.9824 -0.0000
vn 0.9227 -0.3854 0.0000
vn 0.9170 -0.3988 0.0000
vn 0.9170 -0.3989 0.0000
vn -0.5779 -0.8161 0.0000
vn -0.8243 0.5662 -0.0000
vn 0.7169 -0.6972 0.0000
vn 0.7657 -0.6431 0.0000
vn -0.9890 0.1480 -0.0000
vn 0.8564 -0.5163 -0.0000
vn 0.0000 -0.9016 -0.4325
vn -0.9303 0.3667 -0.0000
vn -0.8320 -0.5548 -0.0000
vn -0.5837 0.8120 -0.0000
vn -0.3381 -0.9411 0.0000
vn -0.4885 0.8725 0.0000
vn -0.8983 0.0865 0.4307
vn -0.8927 0.0480 0.4481
vn -0.8944 0.0585 0.4435
vn 0.0000 -0.5913 -0.8065
vn 0.9964 0.0843 0.0000
vn -0.8581 -0.5136 0.0000
vn -0.8581 -0.5136 -0.0000
vn 0.9497 -0.3131 0.0000
vn 0.9827 -0.1852 0.0000
vn 0.9827 0.1853 0.0000
vn 0.0022 -0.0006 1.0000
vn 0.0019 -0.0007 1.0000
vn -0.9512 0.3084 -0.0000
vn -0.9827 -0.1849 -0.0000
vn -0.9828 -0.1849 -0.0000
vn -0.9827 0.1850 -0.0000
vn 0.9891 -0.1470 -0.0000
vn 0.9975 -0.0710 -0.0000
vn -0.0752 -0.9972 -0.0000
vn 0.7947 -0.6070 0.0000
vn 0.9979 0.0649 0.0000
vn 0.9896 0.1435 0.0000
vn -0.9837 0.1796 -0.0000
vn 0.2842 0.9588 -0.0000
vn -1.0000 -0.0001 -0.0000
vn 0.7186 0.6954 -0.0000
vn 0.9716 0.2366 0.0000
vn -0.5341 -0.8454 -0.0000
vn -0.4313 -0.9022 -0.0000
vn -0.0818 -0.9966 -0.0000
vn 0.6201 0.7845 0.0000
vn 0.6201 0.7845 -0.0000
vn 0.8081 -0.5890 0.0000
vn 0.8081 -0.5890 -0.0000
vn 0.7658 -0.6431 -0.0000
vn -0.0002 -0.0001 1.0000
vn -0.7279 -0.6857 0.0000
vn -0.4295 0.9031 -0.0000
vn 0.1087 0.9941 0.0000
vn 0.2307 0.9730 0.0000
vn 0.8822 -0.4708 -0.0000
vn 1.0000 0.0096 -0.0000
vn 0.2177 -0.9760 0.0000
vn 0.7336 -0.6796 -0.0000
vn 0.9955 -0.0948 0.0000
vn 0.9793 -0.2024 0.0000
vn -0.9895 0.1443 -0.0000
vn 0.9759 -0.2184 -0.0000
vn 0.9455 -0.3256 -0.0000
vn -0.8997 0.0975 0.4255
vn -0.7721 -0.6355 0.0000
vn -0.9633 0.2684 0.0000
vn -0.1150 -0.9934 0.0000
vn 0.7965 -0.6047 0.0000
vn 0.8131 -0.5821 -0.0000
vn 0.8131 -0.5821 0.0000
vn -0.9963 -0.0860 0.0000
vn -0.5334 -0.5967 0.5995
vn -0.5022 -0.6248 0.5979
vn -0.6440 -0.7650 0.0000
vn -0.7235 -0.6904 -0.0000
vn -0.7235 -0.6903 0.0000
vn 0.1742 0.9847 -0.0000
vn 0.0997 0.9950 -0.0000
vn -0.1742 0.9847 -0.0000
vn -0.0998 0.9950 -0.0000
vn 0.1738 -0.9848 0.0000
vn 0.0995 -0.9950 0.0000
vn -0.1739 -0.9848 -0.0000
vn -0.0996 -0.9950 -0.0000
vn -0.9053 0.2163 0.3655
vn -0.9036 0.2560 0.3435
vn -0.9043 0.2433 0.3507
vn -0.0000 0.8269 0.5624
vn -0.0000 0.8671 0.4981
vn 0.0000 0.8671 0.4981
vn 0.6656 0.7463 -0.0000
vn 0.6656 0.7463 0.0000
vn -0.8867 0.3738 0.2721
vn -0.8771 0.4122 0.2466
vn -0.8807 0.3988 0.2557
vn -0.9055 0.2039 0.3722
vn -0.8323 0.5543 -0.0000
vn -0.8323 0.5543 0.0000
vn 0.9947 0.1028 0.0000
vn -0.5910 -0.8067 0.0000
vn 0.0498 -0.9988 0.0000
vn 0.2558 -0.9667 0.0000
vn -0.6133 -0.7899 0.0000
vn 0.0049 -1.0000 -0.0000
vn -0.8895 0.3605 0.2807
vn -0.8361 0.5228 0.1662
vn -0.8184 0.5577 0.1383
vn -0.8252 0.5449 0.1487
vn 0.8039 -0.5947 0.0000
vn 0.5021 -0.8648 -0.0000
vn -0.8421 0.5097 0.1764
vn 0.6422 -0.7638 0.0645
vn -0.5191 -0.8547 -0.0000
vn 0.2331 -0.1262 0.9642
vn 0.2598 -0.1116 0.9592
vn 0.1953 -0.1465 0.9697
vn -0.2526 -0.9676 -0.0000
vn -0.2526 -0.9676 0.0000
vn 0.0632 0.9980 0.0000
vn 0.1953 0.1465 0.9697
vn -0.1953 0.1465 0.9697
vn -0.1953 -0.1465 0.9697
vn 0.5437 -0.8259 0.1497
vn 0.5565 -0.8191 0.1393
vn 0.5332 -0.8311 0.1580
vn -0.6451 0.7641 -0.0000
vn -0.3936 0.9193 -0.0000
vn -0.2633 0.9647 -0.0000
vn 0.9194 0.3932 0.0000
vn 0.9648 0.2630 0.0000
vn -0.9195 0.3932 -0.0000
vn -0.9648 0.2630 -0.0000
vn 0.9191 -0.3941 0.0000
vn 0.9646 -0.2637 0.0000
vn 0.9191 0.3941 0.0000
vn 0.9646 0.2638 0.0000
vn -0.9648 -0.2632 -0.0000
vn 0.9193 -0.3935 0.0000
vn 0.9647 -0.2633 0.0000
vn 0.9647 -0.2633 -0.0000
vn 0.9647 -0.2635 0.0000
vn 0.3935 -0.9193 0.0000
vn 0.2634 -0.9647 0.0000
vn -0.3935 0.9193 -0.0000
vn -0.2634 0.9647 -0.0000
vn 0.3936 -0.9193 0.0000
vn 0.3936 0.9193 -0.0000
vn 0.2634 0.9647 -0.0000
vn -0.9194 0.3933 -0.0000
vn -0.9647 0.2633 -0.0000
vn 0.3933 -0.9194 0.0000
vn 0.2633 -0.9647 0.0000
vn -0.0000 -0.8269 0.5624
vn 0.3934 0.9194 0.0000
vn 0.2633 0.9647 0.0000
vn 0.4460 0.8950 0.0000
vn -0.6902 0.7236 -0.0000
vn -0.9449 0.3275 -0.0000
vn 0.0000 0.6472 0.7623
vn -0.0000 0.6941 0.7198
vn 0.0000 0.6942 0.7198
vn 0.9200 0.3920 -0.0000
vn -0.8683 0.4960 0.0000
vn 0.9692 -0.2462 0.0000
vn -0.0001 0.0003 1.0000
vn -0.7726 -0.6349 0.0000
vn -0.9996 -0.0270 -0.0000
vn 0.1137 -0.9935 0.0000
vn -0.6644 0.7474 -0.0000
vn 0.9990 0.0457 0.0000
vn 0.9958 0.0919 0.0000
vn 0.0000 -0.0648 0.9979
vn 0.1173 0.9931 -0.0000
vn 0.1840 0.9829 0.0000
vn 0.0000 0.1376 0.9905
vn -0.0000 0.1376 0.9905
vn 0.2556 -0.9036 0.3438
vn -0.9502 -0.3117 0.0000
vn -0.9502 -0.3117 -0.0000
vn -0.2403 -0.9707 0.0000
vn 0.0000 0.4601 0.8879
vn 0.0000 0.5067 0.8621
vn -0.0000 0.5067 0.8621
vn 0.0000 -0.5407 0.8412
vn 0.5764 -0.8172 0.0000
vn -0.0000 0.9487 0.3161
vn 0.9772 -0.2123 0.0000
vn 0.9814 -0.1920 0.0000
vn -0.3850 -0.9229 -0.0000
vn 0.8099 -0.5865 0.0000
vn 0.8634 -0.5045 0.0000
vn -0.5362 -0.5928 0.6009
vn 0.6008 -0.7929 0.1020
vn 0.0000 0.2752 0.9614
vn 0.0000 0.3212 0.9470
vn -0.0000 0.3211 0.9470
vn 0.2386 -0.9711 0.0000
vn 0.2386 -0.9711 -0.0000
vn -0.6644 0.7474 0.0000
vn 0.0000 -0.5536 0.8328
vn 0.0000 -0.5067 0.8621
vn -0.0000 -0.5067 0.8621
vn 0.0029 -1.0000 0.0000
vn -0.2249 0.9744 -0.0000
vn -0.3504 -0.9366 -0.0000
vn -0.2740 -0.9617 0.0000
vn -0.2740 -0.9617 -0.0000
vn 0.8907 -0.4545 0.0000
vn 0.0000 -0.3673 0.9301
vn 0.0000 -0.3212 0.9470
vn -0.0000 -0.3211 0.9470
vn -0.7741 0.6331 -0.0000
vn -0.8317 0.5552 -0.0000
vn 0.6759 -0.7370 -0.0000
vn 0.6759 -0.7370 0.0000
vn 0.6759 0.7370 -0.0000
vn 0.6759 0.7370 0.0000
vn -0.6441 -0.7650 0.0000
vn -0.5429 -0.8398 0.0000
vn 0.3411 0.9400 0.0000
vn 0.9904 0.1384 0.0000
vn 0.1040 0.9946 0.0000
vn 0.2207 0.9753 0.0000
vn 0.1039 -0.9946 0.0000
vn 0.2207 -0.9753 0.0000
vn -0.3680 0.9298 -0.0000
vn -0.1121 0.9937 0.0000
vn 0.3860 0.9225 0.0000
vn 0.9130 0.4080 0.0000
vn 0.9703 0.2418 0.0000
vn 0.8584 0.5130 0.0000
vn 0.3527 0.9358 -0.0000
vn -0.4626 0.8865 -0.0000
vn -0.3516 0.9361 -0.0000
vn 0.9904 -0.1383 0.0000
vn 0.9879 -0.1551 0.0000
vn 0.2347 0.9721 -0.0000
vn -0.2342 0.9722 -0.0000
vn -0.9894 0.1455 -0.0000
vn -0.9901 0.1402 -0.0000
vn 0.2257 -0.9742 0.0000
vn -0.8156 0.5786 -0.0000
vn -0.8525 0.5228 -0.0000
vn 0.4467 -0.8947 0.0000
vn 0.7618 0.6478 0.0000
vn 0.8032 0.5957 0.0000
vn -0.5195 -0.8545 -0.0000
vn -0.5824 -0.8129 -0.0000
vn -0.5055 -0.8628 -0.0000
vn 0.9962 0.0868 -0.0000
vn -0.0002 0.0001 1.0000
vn 1.0000 -0.0055 0.0000
vn 0.9962 0.0868 0.0000
vn 0.8199 0.5726 0.0000
vn -0.9148 -0.4038 -0.0000
vn -0.8243 0.5662 0.0000
vn 0.8022 0.5971 0.0000
vn -0.9625 0.2712 -0.0000
vn -1.0000 -0.0039 0.0000
vn 0.0823 0.9966 0.0000
vn 0.0003 -0.0001 1.0000
vn -0.8795 -0.4759 -0.0000
vn -0.8318 -0.5551 -0.0000
vn -0.8795 0.4759 -0.0000
vn 0.8795 -0.4759 0.0000
vn 0.8317 -0.5552 0.0000
vn -0.4795 -0.8776 0.0000
vn -0.5568 -0.8306 0.0000
vn -0.5568 -0.8307 0.0000
vn 0.4907 -0.8713 0.0000
vn 0.7184 0.6956 0.0000
vn 0.0002 0.0000 1.0000
vn -0.4831 0.8756 -0.0000
vn -0.4831 0.8756 0.0000
vn 0.0002 -0.0004 1.0000
vn -0.0011 -0.0000 1.0000
vn -0.3885 0.9214 -0.0000
vn -0.3365 0.9417 -0.0000
vn -0.9948 0.1015 -0.0000
vn -0.9759 0.2181 -0.0000
vn 0.7169 -0.6972 -0.0000
vn 0.9949 0.1007 -0.0000
vn 0.9763 0.2165 -0.0000
vn -0.0000 -0.0917 0.9958
vn -0.7857 -0.6186 -0.0000
vn 0.9948 -0.1022 0.0012
vn -0.1096 0.9940 -0.0000
vn 0.1096 0.9940 0.0000
vn -0.7402 0.6724 0.0000
vn -0.7402 0.6724 -0.0000
vn -0.5299 0.8480 -0.0000
vn 0.5299 0.8481 0.0000
vn -0.6635 -0.7482 -0.0000
vn 0.0035 -0.0001 1.0000
vn 0.0014 -0.0006 1.0000
vn 0.3011 -0.0885 0.9495
vn -0.9952 0.0975 0.0000
vn -0.9779 0.2090 0.0000
vn 0.9837 0.1800 0.0000
vn 0.9736 -0.2281 0.0000
vn 0.9955 0.0951 -0.0000
vn 0.9789 0.2042 0.0000
vn 0.9789 0.2042 -0.0000
vn 0.9448 -0.3277 0.0000
vn -0.6337 -0.7736 0.0000
vn 0.0000 0.8269 0.5624
vn -0.0000 -0.5913 -0.8065
vn 0.9558 0.2940 0.0000
vn -0.0004 -0.0001 1.0000
vn 0.9558 0.2940 -0.0000
vn -0.9699 0.2436 -0.0000
vn 0.9377 -0.3475 0.0000
vn 0.2533 0.9674 0.0000
vn -0.9643 0.2648 0.0000
vn -0.9131 0.4077 0.0000
vn -0.8830 0.4693 -0.0000
vn 0.6926 -0.7213 0.0000
vn 0.6931 0.7209 -0.0000
vn 0.6931 0.7209 0.0000
vn -0.6932 -0.7207 -0.0000
vn -0.6936 0.7204 -0.0000
vn -0.5195 -0.8545 0.0000
vn 0.7283 -0.6852 0.0000
vn 0.8864 0.4630 0.0000
vn 0.8578 0.5139 0.0000
vn -0.6547 -0.7559 -0.0000
vn -0.9866 0.1634 -0.0000
vn -0.3681 0.9298 -0.0000
vn -0.6927 -0.7212 0.0000
vn 0.9966 0.0828 0.0000
vn 0.7532 0.6578 0.0000
vn -0.9775 0.2111 -0.0000
vn 0.0049 -0.0010 1.0000
vn -0.8367 0.5477 -0.0000
vn 0.0014 -0.0009 1.0000
vn 0.0013 -0.0009 1.0000
vn 0.6922 -0.6057 -0.3925
vn 0.7377 -0.6743 -0.0337
vn 0.9649 -0.2626 0.0000
vn 0.8908 -0.4545 0.0000
vn -0.8785 0.4778 0.0000
vn 0.9290 0.3701 0.0000
vn 0.5642 0.8257 0.0000
vn -0.5518 -0.8340 -0.0000
vn 0.5493 -0.8356 0.0000
vn -0.5486 -0.8361 -0.0000
vn -0.5487 -0.8360 -0.0000
vn 0.0239 0.9997 -0.0000
vn 0.0105 0.9999 -0.0000
vn 0.0238 0.9997 0.0000
vn 0.0105 0.9999 0.0000
vn -0.0000 -0.4601 0.8879
vn -0.7655 0.6435 -0.0000
vn -0.7655 0.6435 0.0000
vn -0.3781 0.9258 -0.0000
vn 0.5722 -0.8201 0.0000
vn -0.9929 -0.1192 0.0000
vn 0.2092 -0.9779 0.0000
vn 0.2691 -0.9631 0.0000
vn -0.9857 -0.1687 -0.0000
vn -0.0000 0.4604 0.8877
vn -0.0000 0.1834 0.9830
vn -0.0000 -0.2752 0.9614
vn 0.0000 -0.0648 -0.9979
vn -0.9944 0.1058 0.0000
vn -0.0004 0.0001 1.0000
vn -0.0000 0.5536 0.8328
vn 0.2864 0.9581 0.0000
vn 0.0000 -0.9954 0.0957
vn -0.0000 -0.9954 0.0957
vn -0.9198 -0.3925 0.0000
vn -0.0000 0.3673 0.9301
vn -0.9458 0.3247 -0.0000
vn -0.9940 -0.1093 -0.0000
vn -0.9848 -0.1739 -0.0000
vn 0.9971 0.0757 0.0000
vn 0.9971 0.0757 -0.0000
vn 0.9794 -0.2017 0.0000
vn 0.5908 -0.8068 0.0000
vn 0.5818 0.8134 0.0000
vn 0.5789 0.8154 0.0000
vn 0.9932 0.1161 0.0000
vn 0.1162 -0.9932 0.0000
vn 0.2400 -0.9708 0.0000
vn -0.1162 -0.9932 0.0000
vn -0.2400 -0.9708 0.0000
vn 0.9932 0.1163 0.0000
vn 0.9707 0.2402 0.0000
vn 0.1163 -0.9932 0.0000
vn 0.2402 -0.9707 0.0000
vn -0.5814 0.8136 -0.0000
vn 0.6188 0.7855 0.0000
vn 0.5798 0.8147 0.0000
vn 0.0670 0.0669 0.9955
vn -0.1204 -0.9927 -0.0000
vn -0.9708 -0.2400 -0.0000
vn -0.9299 -0.3679 -0.0000
vn 0.2185 0.9758 0.0000
vn 0.2079 0.9782 0.0000
vn -0.5790 0.8153 -0.0000
vn -0.5791 0.8153 -0.0000
vn -0.8772 -0.4800 -0.0000
vn 0.0017 0.0011 1.0000
vn -0.8772 -0.4800 0.0000
vn -0.8085 -0.5884 -0.0000
vn -0.9707 0.2403 -0.0000
vn -0.9707 0.2402 -0.0000
vn 0.2403 -0.9707 0.0000
vn -0.2402 0.9707 -0.0000
vn -0.9707 -0.2402 -0.0000
vn -0.0016 0.0000 1.0000
vn -0.9707 0.2405 -0.0000
vn -0.9708 0.2400 -0.0000
vn -0.2400 -0.9708 -0.0000
vn 0.9298 0.3680 0.0000
vn -0.3678 -0.9299 0.0000
vn 0.3680 -0.9298 0.0000
vn 0.3679 -0.9299 0.0000
vn -0.9932 -0.1167 0.0000
vn -0.9932 -0.1167 -0.0000
vn 0.8147 0.5799 0.0000
vn 0.4849 0.8746 -0.0000
vn -0.9827 0.1851 -0.0000
vn 0.0040 -0.0005 1.0000
vn 0.0038 -0.0007 1.0000
vn 0.8529 -0.5221 0.0000
vn 0.9996 -0.0284 0.0000
vn 0.8442 -0.5360 -0.0000
vn 0.2709 -0.9626 0.0000
vn 0.9740 -0.2264 0.0000
vn 0.9501 -0.3119 0.0000
vn 0.0484 -0.9988 0.0000
vn 0.9532 -0.3025 0.0000
vn 0.9043 0.4270 0.0000
vn -0.6531 0.7573 -0.0000
vn -0.6648 -0.7470 -0.0000
vn 0.6198 0.7847 0.0000
vn 0.6198 0.7848 -0.0000
vn 0.5086 -0.8610 0.0000
vn -1.0000 -0.0083 0.0000
vn 0.8199 0.5726 -0.0000
vn -0.7158 0.6983 -0.0000
vn 0.2640 -0.9030 0.3390
vn -0.0010 -0.0012 1.0000
vn -0.0014 -0.0011 1.0000
vn -0.1816 -0.1537 0.9713
vn 0.1816 0.1537 0.9713
vn 0.0009 0.0011 1.0000
vn 0.0012 0.0009 1.0000
vn 0.4288 0.9034 0.0000
vn 0.4698 0.8828 0.0000
vn 0.9102 0.4141 0.0000
vn -0.9857 0.1687 0.0000
vn 0.9345 -0.3559 0.0000
vn 0.9465 -0.3228 0.0000
vn 0.6178 0.7863 0.0000
vn -0.0175 -0.8794 0.4758
vn -0.0214 -0.8784 0.4774
vn -0.0054 -0.8822 0.4709
vn -0.0006 0.0013 1.0000
vn -0.0003 0.0015 1.0000
vn -0.0544 0.2181 0.9744
vn -0.0967 0.1973 0.9756
vn 0.0006 -0.0013 1.0000
vn 0.0544 -0.2181 0.9744
vn 0.0967 -0.1973 0.9756
vn -0.4796 0.8775 -0.0000
vn -0.5569 0.8306 -0.0000
vn 0.5599 -0.8285 0.0000
vn 0.9531 -0.3027 0.0000
vn 0.3500 -0.8916 0.2874
vn 0.0335 -0.9994 0.0000
vn -0.6221 0.7829 0.0000
vn -0.6221 0.7829 -0.0000
vn -0.0714 -0.9975 -0.0000
vn -0.0328 -0.9995 -0.0000
vn 0.0331 -0.9995 0.0000
vn 0.9455 0.3256 0.0000
vn 0.4352 -0.9003 -0.0000
vn -0.3681 0.9298 0.0000
vn -0.2403 0.9707 0.0000
vn 0.2209 -0.9753 0.0000
vn -0.2198 -0.9755 0.0000
vn -0.2198 -0.9755 -0.0000
vn 1.0000 0.0096 0.0000
vn 0.6228 0.7824 -0.0000
vn 0.6228 0.7824 0.0000
vn -0.9948 0.1015 0.0000
vn 0.9594 0.2821 0.0000
vn -0.7892 0.6141 -0.0000
vn 0.8430 0.5378 0.0000
vn -0.2372 0.9715 -0.0000
vn 0.1416 -0.9899 0.0000
vn 0.9808 -0.1952 0.0000
vn 0.1415 -0.9899 -0.0000
vn 0.0004 -0.0013 1.0000
vn -0.1418 -0.9899 0.0000
vn -0.1418 -0.9899 -0.0000
vn -0.1417 -0.9899 -0.0000
vn 0.0000 0.4604 0.8877
vn -0.7654 0.6435 0.0000
vn 0.0006 -0.0004 1.0000
vn 0.0000 -0.9979 -0.0648
vn -0.5632 -0.8263 -0.0000
vn -0.2764 0.9610 -0.0000
vn 0.1742 0.9847 0.0000
vn 0.2763 0.9611 0.0000
vn -0.2759 -0.9612 -0.0000
vn 0.2758 -0.9612 0.0000
vn -0.6757 -0.7372 0.0000
vn -0.6757 -0.7372 -0.0000
vn -0.4795 -0.8776 -0.0000
vn 0.7333 0.6799 0.0000
vn 0.2368 0.9716 0.0000
vn 0.8472 -0.5313 0.0000
vn 0.0000 -0.0002 1.0000
vn 0.0000 -0.0003 1.0000
vn 0.2324 0.9726 -0.0000
vn 0.2324 0.9726 0.0000
vn 0.9737 -0.2278 -0.0000
vn 0.9737 -0.2279 -0.0000
vn 0.0719 -0.9974 0.0000
vn 0.1301 0.9915 0.0000
vn -0.1302 0.9915 -0.0000
vn 0.1302 0.9915 -0.0000
vn 0.4907 -0.8713 -0.0000
vn 0.0106 -0.9999 0.0000
vn -0.8133 -0.5819 -0.0000
vn -0.0001 -0.0003 1.0000
vn -0.2843 0.9587 0.0000
vn -0.2842 0.9588 -0.0000
vn 0.9804 -0.1969 0.0000
vn 0.9671 -0.2543 0.0000
vn -0.9804 0.1969 -0.0000
vn -0.9804 -0.1969 -0.0000
vn -0.9671 -0.2544 -0.0000
vn 0.0005 -0.0006 1.0000
vn -0.2074 -0.9783 0.0000
vn -0.2653 -0.9642 -0.0000
vn -0.2653 -0.9642 0.0000
vn -0.2076 0.9782 -0.0000
vn -0.2655 0.9641 -0.0000
vn 0.9200 0.3920 0.0000
vn -0.0000 -0.6941 0.7198
vn -0.0000 -0.6472 0.7623
vn -0.2717 -0.9624 -0.0000
vn 0.1309 -0.9914 -0.0000
vn 0.1309 -0.9914 0.0000
vn 0.0984 0.9951 0.0000
vn 0.0498 0.9988 0.0000
vn 0.0001 0.9999 0.0165
vn -0.0679 0.9977 -0.0000
vn 0.0680 0.9977 0.0000
vn -0.0000 0.0515 0.9987
vn -0.0000 0.0918 0.9958
vn -0.2463 -0.9692 0.0000
vn 0.9744 -0.2248 0.0000
vn 0.0000 0.9954 0.0957
vn -0.0003 0.9995 0.0328
vn -0.0705 -0.9975 -0.0000
vn 0.0711 -0.9975 0.0000
vn 0.9915 -0.1304 0.0000
vn 0.9915 -0.1302 -0.0000
vn 0.9915 0.1299 0.0000
vn -0.9915 0.1299 -0.0000
vn 0.1302 -0.9915 0.0000
vn 0.9915 -0.1301 0.0000
vn -0.1302 -0.9915 -0.0000
vn -0.9915 0.1302 -0.0000
vn 0.1302 0.9915 0.0000
vn 0.0611 -0.9981 0.0000
vn 0.0005 1.0000 -0.0000
vn 0.5868 -0.8097 0.0000
vn 0.9660 0.2586 0.0000
vn 0.9844 -0.1758 -0.0000
vn 0.9844 -0.1759 0.0000
vn -0.0613 -0.9981 -0.0000
vn 0.9744 -0.2248 -0.0000
vn -0.0010 -0.8832 0.4691
vn -0.7858 0.6184 -0.0000
vn -0.6343 0.7731 -0.0000
vn -0.9927 -0.1203 -0.0000
vn -0.9728 -0.2318 -0.0000
vn 0.3648 -0.9311 0.0000
vn -0.8460 0.5332 -0.0000
vn -0.9939 0.1102 -0.0000
vn -0.9728 0.2316 -0.0000
vn 0.9110 -0.4123 0.0000
vn 0.0000 0.9995 0.0329
vn -0.7306 -0.6828 -0.0000
vn -0.7761 0.6255 0.0801
vn -0.4151 0.9098 -0.0000
vn -0.9568 0.2908 -0.0000
vn 0.9940 -0.1096 0.0000
vn -0.6868 0.7268 0.0000
vn 0.0882 -0.9961 0.0000
vn 0.0882 -0.9961 -0.0000
vn -0.0884 -0.9961 0.0000
vn -0.0884 -0.9961 -0.0000
vn -0.0002 -0.0012 1.0000
vn 0.6077 0.7942 0.0000
vn 0.7942 -0.6077 0.0000
vn 0.6076 0.7942 0.0000
vn -0.6073 -0.7945 -0.0000
vn 0.1163 0.9932 0.0000
vn 0.7945 -0.6072 0.0000
vn 1.0000 -0.0065 0.0000
vn 0.9932 -0.1163 0.0000
vn -0.9932 -0.1163 -0.0000
vn -0.1163 0.9932 -0.0000
vn -0.9932 0.1162 -0.0000
vn -0.1163 -0.9932 -0.0000
vn 0.9932 -0.1161 0.0000
vn -0.1162 -0.9932 -0.0000
vn -0.9932 0.1164 -0.0000
vn -0.1161 -0.9932 0.0000
vn -0.6069 -0.7948 0.0000
vn 0.7075 -0.7068 0.0000
vn -0.7074 0.7068 0.0000
vn -0.7942 -0.6077 0.0000
vn -0.9729 -0.2313 0.0000
vn -0.7943 0.6075 0.0000
vn -0.6074 0.7944 0.0000
vn -0.9151 -0.4033 -0.0000
vn -0.1894 -0.9819 0.0000
vn 0.1013 -0.9949 0.0000
vn 0.0001 -0.0002 1.0000
vn 0.9740 -0.2264 -0.0000
vn -0.2244 0.9745 -0.0000
vn -0.8284 0.5601 -0.0000
vn -0.8496 0.5274 -0.0000
vn 0.0328 -0.9995 0.0000
vn 0.0692 -0.9976 0.0000
vn 0.1891 -0.9819 0.0000
vn 0.9626 -0.2711 0.0000
vn 0.9965 -0.0831 0.0000
vn 0.9965 0.0831 0.0000
vn -0.0334 0.9994 0.0000
vn -0.0701 0.9975 0.0000
vn -0.9966 -0.0829 -0.0000
vn -0.9966 0.0830 -0.0000
vn -0.0334 -0.9994 0.0000
vn -0.0701 -0.9975 0.0000
vn -0.2969 -0.9549 -0.0000
vn -0.9372 -0.3488 -0.0000
vn -0.9435 -0.3312 -0.0000
vn -0.9857 0.1687 -0.0000
vn -0.9779 0.2091 -0.0000
vn 0.3905 -0.0363 0.9199
vn 0.3545 -0.0577 0.9333
vn 0.0007 0.0001 1.0000
vn 0.0885 -0.9961 0.0000
vn 0.0845 0.9964 0.0000
vn -0.9578 0.2874 -0.0000
vn 0.8363 -0.5482 0.0000
vn 0.8365 0.5480 0.0000
vn -0.0013 0.0002 1.0000
vn -0.8367 -0.5476 -0.0000
vn -0.8367 -0.5477 -0.0000
vn -0.8368 0.5475 -0.0000
vn -0.1126 -0.9936 -0.0000
vn -0.1091 0.9940 -0.0000
vn 0.0927 0.9957 0.0000
vn 0.0919 0.9958 0.0000
vn 0.9995 -0.0313 0.0000
vn 0.9978 -0.0658 0.0000
vn -0.9995 0.0313 -0.0000
vn -0.9995 -0.0313 -0.0000
vn -0.9978 -0.0658 -0.0000
vn -0.0930 0.9957 -0.0000
vn 0.9119 -0.4103 -0.0000
vn -0.9999 0.0101 -0.0000
vn -0.9802 -0.1982 -0.0000
vn -0.9883 -0.1525 -0.0000
vn -0.9883 -0.1524 -0.0000
vn 0.7347 0.6784 0.0000
vn 0.6799 0.7333 0.0000
vn -0.1098 0.9940 -0.0000
vn 0.8550 -0.5187 0.0000
vn 0.2302 0.9731 0.0000
vn -0.3545 0.0577 0.9333
vn -0.3905 0.0363 0.9199
vn 0.5698 0.8218 0.0000
vn -0.4900 -0.8717 0.0000
vn -0.9764 0.2161 -0.0000
vn 0.2318 -0.9728 0.0000
vn 0.0856 0.9963 0.0000
vn 0.3870 0.9221 0.0000
vn -0.9873 0.1587 -0.0000
vn -0.8279 0.5609 -0.0000
vn 0.3545 0.0577 0.9333
vn -0.3545 -0.0577 0.9333
vn -0.0002 -0.0007 1.0000
vn -0.4295 -0.9031 0.0000
vn -0.4295 -0.9031 -0.0000
vn 0.2774 0.9608 0.0000
vn -0.0239 0.9997 -0.0000
vn 0.8481 0.5298 0.0000
vn -0.6462 -0.7632 0.0000
vn 0.8457 -0.5337 -0.0000
vn 0.0704 -0.9975 0.0000
vn 0.9936 0.1130 0.0000
vn -0.9499 0.3125 -0.0000
vn -0.9998 0.0212 -0.0000
vn -0.9982 0.0593 -0.0000
vn -0.9817 0.1904 -0.0000
vn -0.9764 0.2161 0.0000
vn -0.0440 0.9990 -0.0000
vn 0.0440 0.9990 -0.0000
vn -0.0439 -0.9990 -0.0000
vn -0.2842 0.9588 0.0000
vn 0.7483 0.6634 -0.0000
vn -0.0783 0.9969 -0.0000
vn 0.9318 0.3628 -0.0000
vn -0.3351 0.9422 -0.0000
vn 0.3349 0.9423 0.0000
vn -0.3345 -0.9424 -0.0000
vn 0.3343 -0.9425 0.0000
vn -0.2527 -0.9676 0.0000
vn 0.9711 -0.2386 0.0000
vn -0.8268 0.5625 0.0000
vn -0.8268 0.5625 -0.0000
vn 0.8444 -0.5358 -0.0000
vn -0.7272 -0.6865 0.0000
vn -0.7272 -0.6865 -0.0000
vn -0.6462 -0.7632 -0.0000
vn -0.0474 0.2215 0.9740
vn 0.0474 -0.2215 0.9740
vn -0.0238 0.9997 0.0000
vn 0.9047 -0.4260 0.0000
vn 0.0000 -0.4604 -0.8877
vn 0.0000 0.4604 -0.8877
vn 0.3713 -0.9285 0.0000
vn 0.0001 -0.0001 1.0000
vn 0.0006 -0.0003 1.0000
vn 0.4399 0.8981 -0.0000
vn 0.4399 0.8980 0.0000
vn -0.5139 0.8578 -0.0000
vn 0.8577 -0.5142 0.0000
vn 0.8577 0.5142 0.0000
vn -0.8582 0.5134 -0.0000
vn -0.7857 -0.6185 -0.0000
vn -0.8579 -0.5138 -0.0000
vn -0.8580 -0.5137 -0.0000
vn 0.7859 0.6184 -0.0000
vn 0.8582 0.5133 -0.0000
vn 0.8580 -0.5137 0.0000
vn 0.5137 0.8580 0.0000
vn -0.5137 -0.8580 -0.0000
vn 0.5137 -0.8580 0.0000
vn -0.5136 0.8580 -0.0000
vn -0.5137 0.8580 -0.0000
vn -0.8582 0.5133 -0.0000
vn 0.5133 -0.8582 0.0000
vn 0.8580 -0.5136 0.0000
vn 0.8581 -0.5136 0.0000
vn 0.5133 0.8582 0.0000
vn 0.1728 0.9850 -0.0000
vn -0.0000 0.0341 0.9994
vn 0.0002 0.0271 0.9996
vn -0.3121 0.9501 -0.0000
vn 0.9902 -0.1394 0.0000
vn -0.9205 0.3906 0.0000
vn -0.7846 -0.6200 -0.0000
vn -0.4399 0.8981 -0.0000
vn -0.4399 0.8980 0.0000
vn 0.0474 0.2215 0.9740
vn -0.0474 -0.2215 0.9740
vn 0.5500 0.8352 -0.0000
vn 0.5500 -0.8351 -0.0000
vn 0.0312 0.1078 0.9937
vn 0.0648 0.0643 0.9958
vn 0.1217 0.0195 0.9924
vn 0.0655 0.0651 0.9957
vn -0.8772 -0.4801 -0.0000
vn -0.9194 0.3932 -0.0000
vn 0.9194 0.3932 -0.0000
vn 0.9193 -0.3936 0.0000
vn 0.9849 -0.1730 0.0000
vn -0.3935 -0.9193 -0.0000
vn 0.3936 0.9193 0.0000
vn -0.9831 0.1829 -0.0000
vn -0.4186 -0.9082 0.0000
vn -0.0334 0.9994 -0.0000
vn -0.9206 0.3906 0.0000
vn 0.9827 0.1851 0.0000
vn -0.8583 0.5132 0.0000
vn 0.9895 -0.1445 0.0000
vn 0.9895 -0.1445 -0.0000
vn -0.7031 -0.7111 0.0000
vn -0.7031 -0.7111 -0.0000
vn -0.0721 -0.8647 0.4970
vn 0.8288 0.5596 0.0000
vn -0.8556 -0.5176 -0.0000
vn -0.9968 -0.0805 -0.0000
vn -0.8422 0.5391 0.0000
vn -0.8585 0.5129 -0.0000
vn 0.8335 -0.5525 0.0000
vn -0.0135 -0.9999 -0.0000
vn 0.9866 -0.1633 0.0000
vn 0.2104 -0.9054 0.3687
vn 0.3562 0.9344 0.0000
vn 0.8481 0.5298 -0.0000
vn 0.5803 0.8144 0.0000
vn 0.5373 0.8434 0.0000
vn 0.0026 -0.0005 1.0000
vn 0.9774 0.2114 0.0000
vn -0.8785 0.4778 -0.0000
vn 0.7483 0.6633 -0.0000
vn 0.9747 -0.2236 0.0000
vn 0.0109 0.9999 0.0000
vn -0.0115 0.9999 -0.0000
vn 0.0115 -0.9999 0.0000
vn -0.0120 -0.9999 -0.0000
vn -0.0121 -0.9999 -0.0000
vn 0.0013 -0.0010 1.0000
vn -0.6031 0.7977 0.0000
vn -0.0012 0.0005 1.0000
vn -0.0005 -0.0026 1.0000
vn 0.9306 0.3660 0.0000
vn 0.9105 0.4136 0.0000
vn 0.9972 -0.0752 0.0000
vn -0.3636 0.9315 -0.0000
vn 0.9728 0.2315 0.0000
vn -0.0001 -0.0002 1.0000
vn 0.9448 -0.3277 -0.0000
vn 0.1642 0.9864 0.0009
vn 0.2071 0.9783 0.0005
vn 0.1871 0.9823 -0.0002
vn 0.3499 -0.8916 0.2874
vn 0.0001 0.0002 1.0000
vn -0.0000 0.9916 0.1292
vn 0.0010 -0.0029 1.0000
vn 0.9588 -0.2839 0.0000
vn 0.9589 -0.2839 0.0000
vn -0.4847 -0.8747 0.0000
vn -0.4181 -0.9084 -0.0000
vn -0.4182 -0.9084 0.0000
vn 0.0002 0.0001 1.0000
vn 0.8818 -0.4717 0.0000
vn -0.0013 0.0014 1.0000
vn 0.9921 -0.1252 0.0000
vn -0.2543 0.9671 -0.0000
vn 0.1455 0.9894 0.0000
vn 0.9997 0.0225 0.0000
vn 0.0697 0.0695 0.9951
vn -0.0007 -0.0002 1.0000
vn -0.0975 -0.9952 -0.0000
vn -0.0975 -0.9952 0.0000
vn 0.0025 0.0007 1.0000
vn 0.0003 0.0001 1.0000
vn -0.0000 0.0002 1.0000
vn 0.1406 0.9901 -0.0003
vn -0.9915 -0.1302 -0.0000
vn -0.8744 -0.4851 0.0000
vn -0.0046 0.0020 1.0000
vn 0.9965 -0.0830 0.0000
vn -1.0000 -0.0002 0.0000
vn -0.0026 0.0005 1.0000
vn -0.0003 0.0002 1.0000
vn 0.0018 0.0001 1.0000
vn 0.0029 -0.0001 1.0000
vn -0.0005 0.0026 1.0000
vn -0.0014 0.0027 1.0000
vn 0.9915 -0.1302 0.0000
vn 0.1302 -0.9915 -0.0000
vn 0.0015 0.0028 1.0000
vn -0.7071 -0.7071 -0.0007
vn 0.0037 0.0048 1.0000
vn 0.2494 0.9684 0.0000
vn 0.2578 0.9662 0.0006
vn 0.0007 -0.0002 1.0000
vn 0.1301 0.9915 -0.0000
vn 0.0000 0.0004 1.0000
vn 0.0003 0.0039 1.0000
vn 0.0057 0.0054 1.0000
vn 0.9345 -0.3560 0.0000
vn 0.0001 -0.0010 1.0000
vn 0.0036 0.0024 1.0000
vn -0.0033 0.0022 1.0000
vn 0.0027 0.0016 1.0000
vn -0.0721 -0.8648 0.4970
vn -0.7071 0.7071 -0.0008
vn -0.0066 0.0085 0.9999
vn 0.8420 0.5394 0.0000
vn 0.0004 0.0006 1.0000
vn -0.0000 -0.0014 1.0000
vn 0.2499 0.9683 0.0005
vn -0.0974 0.9952 -0.0000
vn -0.0000 -0.0011 1.0000
vn 0.2052 -0.9055 0.3715
vn -0.7071 -0.7071 -0.0008
vn 0.0011 -0.0003 1.0000
vn 0.2050 -0.9055 0.3716
vn -0.0002 0.9638 0.2668
vn -0.0001 0.9836 0.1804
vn -0.0001 -0.9836 0.1804
vn -0.0002 -0.9638 0.2668
vn -0.0001 0.9370 0.3494
vn 0.2028 0.9792 0.0000
vn 0.2435 0.9699 0.0000
vn -0.0001 0.9047 0.4260
vn -0.0001 0.9957 0.0929
vn -0.0001 0.8680 0.4966
vn -0.0001 -0.9370 0.3494
vn -0.0001 0.8277 0.5612
vn -0.0001 -0.9047 0.4260
vn -0.0001 -0.9957 0.0929
vn -0.0001 -0.8680 0.4966
vn -0.0001 0.7848 0.6197
vn -0.0001 -0.8277 0.5612
vn -0.0001 0.7402 0.6724
vn -0.0001 -0.7848 0.6197
vn -0.0001 -0.7402 0.6724
vn -0.0000 -0.6944 0.7196
vn -0.0000 -0.6479 0.7618
vn -0.0000 0.6479 0.7618
vn -0.0000 0.6944 0.7196
vn -0.0000 -0.6010 0.7992
vn -0.0000 0.6010 0.7992
vn -0.0000 -0.5541 0.8325
vn -0.0017 -0.0017 1.0000
vn -0.0000 0.5541 0.8325
vn -0.0000 -0.5072 0.8618
vn -0.0000 0.5072 0.8618
vn -0.0000 -0.4605 0.8877
vn -0.0000 0.4605 0.8877
vn -0.0000 -0.4139 0.9103
vn -0.0000 0.4139 0.9103
vn -0.0000 -0.3676 0.9300
vn -0.0000 0.3676 0.9300
vn -0.0000 -0.3214 0.9469
vn -0.0000 0.8412 0.5407
vn -0.0000 0.7283 0.6852
vn -0.0000 0.3214 0.9469
vn -0.0000 0.9016 0.4325
vn -0.0000 -0.2754 0.9613
vn -0.0000 0.2754 0.9613
vn -0.0000 -0.2294 0.9733
vn 0.0000 -0.9669 -0.2552
vn 0.0000 -0.7283 -0.6852
vn 0.0000 0.7283 -0.6852
vn -0.0000 0.2294 0.9733
vn -0.0000 -0.1835 0.9830
vn 0.0000 -0.5913 -0.8064
vn -0.0000 0.1835 0.9830
vn 0.0000 0.9669 -0.2552
vn -0.0000 -0.1377 0.9905
vn 0.0000 0.5913 -0.8064
vn -0.0000 -0.0918 0.9958
vn -0.0000 0.1377 0.9905
vn -0.0000 -0.0515 0.9987
vn 0.0000 0.3753 0.9269
vn 0.0000 0.4972 0.8677
vn 0.0000 -0.4664 0.8846
vn 0.0000 -0.5030 0.8643
vn 0.0000 0.0648 0.9979
vn 0.0000 0.1292 0.9916
vn 0.0000 -0.1292 0.9916
vn 0.0000 -0.2552 0.9669
# 2961 vertex normals

o LID004
g LID004
f 1//1 2//1 3//2 
f 4//3 5//4 6//4 
f 7//5 8//6 9//6 
f 10//7 11//8 12//9 
f 13//10 14//11 15//12 
f 16//13 17//14 18//15 
f 19//16 20//17 21//18 
f 22//19 23//20 24//21 
f 25//22 26//23 27//24 
f 28//25 29//26 30//27 
f 21//18 31//16 19//16 
f 32//28 33//19 34//19 
f 27//24 35//29 25//22 
f 30//27 36//30 28//25 
f 37//7 38//2 39//1 
f 40//31 41//6 42//6 
f 43//18 44//32 45//32 
f 46//13 47//2 48//1 
f 49//13 2//2 50//2 
f 51//33 52//34 53//34 
f 24//21 54//35 22//19 
f 55//31 56//31 57//6 
f 58//18 59//32 60//32 
f 61//30 62//36 63//36 
f 64//37 65//38 66//38 
f 67//3 8//6 68//39 
f 69//1 50//13 2//1 
f 70//1 71//1 3//2 
f 72//40 17//14 16//13 
f 5//4 73//41 74//41 
f 75//42 76//43 77//44 
f 78//2 16//13 79//13 
f 80//37 81//45 82//2 
f 83//39 84//6 85//6 
f 37//7 39//1 86//7 
f 87//31 88//6 89//6 
f 90//6 41//6 91//6 
f 92//29 93//29 94//29 
f 95//29 96//29 97//22 
f 98//5 99//3 100//3 
f 101//17 102//17 103//17 
f 104//3 105//3 106//3 
f 107//2 108//7 109//7 
f 110//46 111//47 12//9 
f 112//1 113//1 114//1 
f 3//2 78//7 115//1 
f 116//48 117//49 18//15 
f 75//42 118//50 119//50 
f 120//32 121//32 122//32 
f 123//18 124//18 120//18 
f 125//29 126//29 127//29 
f 128//51 129//51 130//51 
f 131//52 132//52 133//53 
f 78//7 134//2 135//2 
f 136//13 137//7 138//2 
f 139//1 140//1 141//1 
f 142//51 143//51 144//51 
f 144//22 127//22 126//22 
f 145//51 146//51 147//22 
f 148//22 149//22 150//22 
f 151//18 152//18 153//18 
f 154//17 102//17 101//17 
f 155//22 156//22 32//22 
f 157//29 94//29 93//29 
f 158//54 159//54 160//54 
f 161//2 159//2 158//7 
f 162//32 44//32 43//32 
f 163//18 164//18 165//18 
f 166//18 124//18 123//18 
f 167//32 59//32 58//32 
f 64//37 168//37 12//9 
f 82//2 81//45 169//1 
f 170//2 15//12 17//14 
f 12//9 171//2 81//45 
f 172//13 173//55 174//7 
f 169//1 81//45 171//2 
f 175//13 176//1 177//1 
f 178//6 179//31 180//31 
f 181//1 53//2 182//2 
f 181//1 183//56 53//2 
f 184//1 185//2 78//2 
f 78//2 186//1 187//1 
f 188//7 189//7 190//1 
f 75//42 191//57 192//58 
f 193//59 194//60 195//60 
f 196//61 197//62 198//61 
f 193//59 199//59 200//59 
f 198//61 201//61 196//61 
f 202//1 203//1 204//1 
f 76//63 205//64 206//65 
f 161//2 207//2 208//2 
f 209//1 210//1 211//1 
f 212//5 213//3 214//3 
f 214//3 215//3 212//5 
f 53//34 183//33 51//33 
f 216//2 217//2 218//1 
f 219//5 220//6 221//6 
f 222//13 39//1 223//7 
f 224//22 225//51 97//22 
f 226//66 227//5 225//31 
f 228//51 130//51 129//22 
f 56//31 229//31 230//6 
f 231//1 82//2 232//2 
f 233//13 80//37 234//1 
f 154//32 235//32 102//32 
f 45//32 236//18 43//18 
f 237//54 238//54 146//54 
f 129//22 239//22 228//51 
f 147//22 240//22 145//51 
f 157//51 93//51 241//51 
f 242//18 44//18 243//18 
f 60//32 244//18 58//18 
f 245//51 142//51 144//51 
f 246//22 247//22 130//22 
f 248//32 120//32 122//32 
f 249//18 59//18 250//18 
f 219//18 251//18 223//18 
f 221//6 87//31 219//5 
f 252//6 89//6 253//6 
f 254//67 251//3 219//5 
f 18//15 17//14 116//48 
f 255//68 17//14 15//12 
f 256//2 257//2 258//1 
f 107//2 109//7 259//7 
f 260//67 261//3 262//5 
f 37//69 263//69 264//69 
f 265//2 112//1 266//1 
f 78//2 185//2 267//1 
f 268//6 269//6 270//6 
f 271//1 272//1 177//1 
f 273//2 274//2 275//2 
f 276//31 277//6 270//6 
f 278//1 279//13 280//1 
f 281//1 282//1 283//1 
f 284//3 261//3 285//70 
f 40//31 42//6 55//31 
f 286//31 98//5 287//3 
f 96//29 95//29 286//29 
f 288//3 289//3 99//3 
f 290//71 286//31 95//6 
f 291//52 292//72 293//73 
f 294//2 295//74 2//1 
f 7//5 9//6 296//6 
f 297//13 298//1 299//75 
f 300//17 301//76 302//77 
f 303//1 304//1 305//2 
f 306//78 307//78 308//54 
f 309//3 308//3 200//3 
f 296//6 310//3 7//5 
f 311//1 312//13 313//79 
f 314//61 103//62 102//80 
f 315//1 316//1 317//40 
f 318//29 319//29 240//29 
f 320//29 240//29 94//29 
f 321//18 123//18 322//18 
f 323//18 166//18 123//18 
f 324//18 163//18 325//18 
f 326//18 164//18 163//18 
f 327//29 239//29 147//29 
f 328//29 329//29 239//29 
f 330//29 331//29 126//29 
f 332//22 126//22 125//22 
f 333//18 236//18 334//18 
f 335//18 101//18 236//18 
f 336//3 214//3 213//3 
f 337//6 338//6 339//6 
f 340//1 341//1 342//1 
f 343//1 344//1 345//1 
f 346//1 347//2 348//13 
f 349//1 350//7 351//1 
f 2//2 352//1 353//2 
f 11//8 354//81 12//9 
f 355//32 60//32 59//32 
f 355//3 356//3 357//3 
f 358//3 359//3 360//3 
f 179//32 176//32 175//32 
f 50//13 361//7 362//7 
f 78//7 50//13 363//13 
f 227//5 364//5 357//3 
f 365//82 366//82 367//3 
f 270//6 269//6 276//31 
f 368//3 369//3 370//31 
f 85//6 67//3 68//39 
f 371//1 372//1 373//1 
f 222//18 223//18 251//18 
f 222//18 262//32 261//18 
f 92//62 374//62 375//62 
f 83//61 80//80 376//61 
f 287//3 377//3 286//31 
f 97//7 96//13 47//2 
f 378//3 379//31 380//5 
f 158//7 381//7 161//2 
f 177//1 382//13 175//13 
f 180//31 383//5 178//6 
f 384//13 78//2 385//1 
f 75//42 386//83 387//50 
f 388//84 298//1 389//1 
f 390//85 391//84 389//1 
f 348//13 376//1 346//1 
f 376//1 80//37 233//13 
f 392//31 393//31 394//5 
f 395//86 219//5 87//31 
f 396//31 397//31 398//31 
f 399//66 98//5 286//31 
f 400//62 401//62 402//69 
f 401//4 403//4 404//3 
f 380//5 160//5 378//3 
f 405//3 406//31 407//3 
f 408//71 225//31 224//6 
f 366//82 224//6 367//3 
f 53//2 409//79 182//2 
f 410//2 411//2 412//2 
f 413//87 414//54 308//54 
f 415//88 416//89 417//90 
f 150//22 331//22 148//22 
f 418//29 419//29 420//29 
f 421//29 422//29 423//29 
f 424//29 425//29 32//29 
f 426//18 427//18 428//18 
f 153//18 325//18 151//18 
f 429//18 430//18 431//18 
f 165//18 322//18 163//18 
f 432//17 433//17 434//17 
f 435//18 436//18 437//18 
f 438//29 439//29 440//29 
f 441//29 442//29 443//29 
f 444//29 445//29 446//29 
f 447//51 448//51 147//51 
f 449//18 450//18 451//18 
f 452//32 43//32 453//32 
f 454//29 455//29 456//29 
f 457//51 458//51 129//51 
f 459//51 460//51 94//51 
f 461//29 462//29 463//29 
f 464//32 58//32 465//32 
f 466//18 467//18 468//18 
f 469//32 101//32 470//32 
f 471//18 472//18 473//18 
f 474//91 475//92 476//93 
f 124//94 477//94 478//94 
f 479//86 262//5 55//31 
f 480//31 481//31 482//31 
f 75//42 483//95 484//83 
f 78//2 485//7 486//2 
f 487//5 488//5 489//5 
f 490//6 491//96 224//6 
f 492//1 493//1 494//1 
f 495//56 496//56 298//1 
f 233//13 346//1 376//1 
f 497//97 498//98 499//98 
f 500//99 501//83 502//50 
f 76//43 500//99 502//50 
f 503//13 47//2 46//13 
f 504//80 505//80 46//80 
f 506//5 507//5 482//31 
f 508//100 42//6 261//3 
f 509//1 510//1 511//1 
f 512//13 513//2 514//2 
f 515//94 516//94 517//94 
f 300//17 518//18 519//101 
f 520//7 521//79 522//2 
f 523//7 524//2 525//1 
f 526//102 527//103 528//103 
f 529//104 530//105 531//105 
f 136//13 532//7 533//13 
f 534//2 535//2 536//2 
f 537//1 538//1 539//1 
f 540//7 541//1 542//2 
f 543//79 544//13 313//79 
f 544//13 545//106 389//1 
f 546//1 547//7 548//2 
f 530//2 529//2 549//2 
f 550//1 551//2 552//2 
f 553//1 554//1 555//1 
f 556//50 557//1 558//1 
f 559//1 560//1 561//1 
f 562//107 563//108 564//109 
f 565//94 566//94 567//94 
f 38//18 568//18 569//32 
f 375//18 374//16 570//18 
f 571//54 48//54 47//51 
f 314//24 572//29 573//29 
f 574//70 575//70 367//3 
f 576//31 488//5 577//31 
f 267//1 578//2 579//1 
f 580//110 581//111 582//111 
f 583//112 584//94 127//94 
f 565//94 585//94 586//94 
f 587//82 269//6 359//3 
f 588//3 589//3 370//31 
f 590//3 406//31 591//3 
f 592//100 339//6 213//3 
f 593//2 190//1 594//1 
f 595//2 596//2 597//2 
f 598//13 599//2 2//1 
f 600//52 601//52 291//52 
f 602//113 603//114 604//114 
f 232//2 605//2 606//1 
f 607//2 608//2 609//2 
f 610//115 611//116 76//43 
f 172//13 612//13 613//1 
f 547//7 614//1 615//7 
f 616//96 42//6 617//96 
f 618//100 42//6 508//100 
f 50//13 619//1 363//13 
f 620//117 621//52 133//53 
f 303//1 622//118 623//119 
f 623//119 622//118 624//120 
f 271//32 625//32 359//121 
f 268//61 272//61 626//122 
f 627//86 625//5 276//31 
f 628//71 276//31 629//71 
f 630//66 212//5 631//31 
f 632//67 633//67 212//5 
f 608//2 634//2 609//2 
f 267//1 635//2 636//2 
f 339//123 631//54 208//54 
f 637//124 207//62 336//62 
f 638//125 639//126 305//2 
f 195//3 300//6 640//6 
f 641//127 642//127 643//54 
f 644//128 645//129 646//130 
f 647//29 145//29 240//29 
f 648//29 649//29 463//29 
f 650//29 228//29 239//29 
f 651//29 652//29 446//29 
f 653//18 472//18 654//18 
f 655//18 236//18 45//18 
f 656//13 657//13 658//7 
f 659//13 595//2 384//13 
f 660//1 52//1 51//1 
f 661//13 662//13 663//7 
f 664//1 665//1 666//1 
f 107//2 259//7 667//7 
f 668//2 669//1 670//1 
f 671//1 672//1 673//1 
f 674//52 291//52 675//52 
f 676//2 677//1 2//1 
f 678//13 679//1 680//13 
f 680//131 679//132 681//133 
f 175//32 180//32 179//32 
f 682//134 683//134 684//134 
f 160//54 380//54 158//54 
f 685//135 686//135 687//135 
f 583//112 127//94 144//136 
f 569//32 39//32 38//18 
f 100//3 121//3 120//3 
f 688//94 120//137 124//94 
f 687//135 689//135 685//135 
f 161//32 381//138 379//138 
f 383//54 382//54 177//54 
f 684//134 690//134 682//134 
f 691//139 692//140 693//140 
f 694//29 695//29 351//29 
f 696//141 697//141 698//141 
f 350//7 699//1 700//1 
f 509//1 511//1 353//2 
f 10//7 701//2 702//13 
f 703//62 704//62 705//62 
f 706//142 707//143 708//144 
f 364//5 227//5 367//3 
f 367//3 106//3 709//3 
f 710//18 436//18 711//18 
f 712//18 152//18 151//18 
f 713//29 714//29 423//29 
f 715//22 150//22 149//22 
f 716//29 717//29 420//29 
f 718//29 719//29 126//29 
f 720//29 721//29 440//29 
f 722//22 155//22 723//22 
f 724//18 427//18 725//18 
f 726//18 163//18 727//18 
f 728//18 430//18 729//18 
f 730//18 123//18 731//18 
f 732//18 467//18 733//18 
f 734//18 248//18 122//18 
f 735//29 142//29 245//29 
f 736//29 737//29 456//29 
f 738//18 450//18 739//18 
f 740//18 244//18 60//18 
f 47//51 741//51 571//54 
f 742//137 120//137 688//94 
f 485//7 743//7 486//2 
f 744//13 656//13 658//7 
f 745//7 746//7 3//2 
f 291//52 747//52 748//52 
f 251//18 262//32 222//18 
f 55//31 262//5 251//3 
f 97//22 225//51 95//29 
f 95//6 225//31 227//5 
f 749//2 750//2 751//1 
f 267//1 752//7 753//1 
f 76//43 502//50 754//50 
f 755//1 756//1 757//1 
f 308//54 758//29 306//78 
f 759//145 309//146 200//146 
f 16//13 760//1 761//1 
f 483//95 762//1 763//1 
f 764//2 765//2 766//2 
f 764//2 767//2 765//2 
f 768//2 769//1 770//13 
f 771//5 772//5 773//6 
f 391//147 390//148 774//148 
f 775//149 776//150 777//150 
f 778//100 89//6 779//100 
f 780//31 781//31 394//5 
f 782//82 783//82 99//3 
f 784//5 397//31 785//5 
f 76//43 556//50 786//151 
f 787//152 76//43 788//153 
f 770//13 789//7 768//2 
f 773//6 790//3 771//5 
f 75//42 791//154 792//155 
f 793//1 794//13 795//1 
f 371//1 373//1 174//7 
f 174//7 796//2 549//2 
f 797//80 798//80 799//61 
f 800//156 564//109 563//108 
f 801//1 802//1 561//1 
f 76//43 803//157 804//158 
f 805//96 631//31 339//6 
f 806//31 807//31 631//31 
f 808//5 625//5 809//5 
f 810//70 359//3 625//5 
f 811//18 7//18 812//18 
f 813//29 316//29 814//29 
f 400//40 815//1 315//1 
f 404//3 402//3 401//4 
f 546//1 816//1 817//1 
f 818//1 819//1 820//1 
f 821//1 603//1 602//1 
f 822//159 823//160 824//161 
f 825//162 826//163 827//163 
f 828//164 829//165 830//165 
f 831//2 495//56 832//7 
f 833//2 832//7 313//79 
f 302//77 834//17 300//17 
f 640//166 835//167 836//167 
f 837//85 838//79 544//13 
f 838//168 837//169 839//170 
f 840//171 841//2 182//2 
f 181//1 842//1 843//1 
f 182//172 841//173 844//173 
f 845//1 846//1 847//1 
f 384//13 184//1 78//2 
f 848//1 849//1 850//1 
f 851//174 852//175 853//175 
f 351//29 350//29 694//29 
f 854//18 855//176 856//176 
f 857//29 858//177 859//177 
f 860//1 861//1 862//1 
f 863//1 864//1 865//1 
f 256//2 866//2 867//2 
f 868//2 869//2 870//1 
f 871//2 872//1 873//2 
f 340//1 342//1 874//1 
f 875//3 397//31 876//3 
f 877//67 99//3 98//5 
f 878//3 879//3 394//5 
f 880//71 87//31 89//6 
f 171//18 67//18 881//18 
f 9//29 882//29 883//29 
f 884//31 885//31 631//31 
f 886//3 406//31 887//3 
f 888//3 889//3 370//31 
f 890//5 625//5 891//5 
f 892//29 157//29 145//29 
f 893//29 894//29 145//29 
f 895//29 146//29 228//29 
f 896//29 897//29 228//29 
f 898//18 45//18 154//18 
f 899//18 45//18 900//18 
f 901//2 902//1 903//1 
f 904//2 905//2 906//13 
f 907//22 908//22 157//22 
f 909//51 94//51 157//51 
f 910//22 911//22 146//22 
f 912//51 147//51 146//51 
f 913//18 154//18 914//18 
f 915//32 154//32 101//32 
f 916//18 467//18 917//18 
f 918//178 464//178 465//60 
f 919//29 920//29 456//29 
f 458//59 457//179 921//179 
f 922//29 923//29 463//29 
f 460//59 459//179 924//179 
f 925//178 452//178 453//60 
f 926//18 450//18 927//18 
f 928//29 929//29 446//29 
f 448//59 447//179 930//179 
f 931//178 469//178 470//60 
f 932//18 472//18 933//18 
f 934//22 935//22 936//22 
f 937//29 443//29 936//29 
f 938//22 939//22 156//22 
f 940//29 32//29 156//29 
f 941//18 942//18 943//18 
f 944//17 942//17 433//17 
f 945//29 946//29 440//29 
f 442//59 441//179 947//179 
f 948//29 949//29 423//29 
f 425//59 424//179 950//179 
f 951//18 436//18 952//18 
f 953//178 432//178 434//60 
f 954//29 955//29 420//29 
f 956//59 957//179 958//179 
f 959//18 430//18 960//18 
f 961//178 962//178 963//60 
f 964//178 965//178 966//60 
f 967//18 427//18 968//18 
f 969//180 970//180 971//181 
f 208//2 207//2 972//1 
f 973//1 974//1 174//7 
f 974//182 973//183 975//183 
f 976//1 977//1 978//1 
f 979//1 980//1 981//1 
f 982//184 983//184 984//185 
f 985//31 986//31 225//31 
f 987//186 988//187 989//187 
f 990//5 262//5 991//5 
f 992//188 993//189 994//189 
f 995//188 996//190 997//191 
f 836//167 195//166 640//166 
f 195//94 836//94 998//94 
f 999//192 1000//192 1001//193 
f 1002//184 1003//184 1004//185 
f 879//186 878//187 1005//187 
f 1006//194 1007//195 393//195 
f 1008//196 1009//197 1010//197 
f 1011//1 1012//1 1013//1 
f 1014//71 276//31 269//6 
f 1015//100 269//6 1016//100 
f 1017//67 213//3 212//5 
f 1018//82 1019//82 213//3 
f 200//146 1020//145 759//145 
f 200//112 199//112 998//94 
f 1021//18 60//18 44//18 
f 1022//18 60//18 1023//18 
f 1024//29 130//29 142//29 
f 1025//29 1026//29 142//29 
f 1027//18 122//18 59//18 
f 1028//18 122//18 1029//18 
f 1030//29 156//29 150//29 
f 1031//29 1032//29 150//29 
f 1033//18 151//18 942//18 
f 1034//18 151//18 1035//18 
f 1036//29 936//29 155//29 
f 1037//29 1038//29 155//29 
f 1039//198 1040//199 1041//199 
f 1042//200 1043//201 1044//201 
f 1045//1 1046//2 1047//1 
f 256//2 1048//1 1049//2 
f 267//1 753//1 50//2 
f 50//2 78//2 267//1 
f 267//1 1050//13 1051//13 
f 752//7 267//1 512//13 
f 1052//1 1053//1 1054//1 
f 512//13 1055//1 204//1 
f 2//2 49//13 352//1 
f 1056//13 1057//1 1058//1 
f 1059//202 1060//203 1061//204 
f 700//205 699//206 1062//207 
f 936//29 443//29 92//29 
f 1063//21 34//19 33//19 
f 251//3 89//6 55//31 
f 89//6 88//6 55//31 
f 227//5 99//3 95//6 
f 99//3 227//5 100//3 
f 1064//208 1065//209 1066//209 
f 988//3 987//3 482//31 
f 1067//210 1068//210 1069//211 
f 983//3 488//5 984//3 
f 1070//22 1071//22 125//22 
f 148//28 22//19 54//35 
f 1072//22 1073//22 149//22 
f 1074//29 149//29 32//29 
f 1075//18 164//18 1076//18 
f 29//26 153//212 152//213 
f 1077//18 166//18 1078//18 
f 62//36 165//212 164//212 
f 1079//18 152//18 1080//18 
f 1081//18 433//18 152//18 
f 965//17 153//17 966//17 
f 1082//18 153//18 164//18 
f 962//17 165//17 963//17 
f 1083//18 165//18 166//18 
f 1084//29 1085//29 440//29 
f 1086//29 723//29 443//29 
f 957//29 956//29 148//29 
f 1087//29 125//29 148//29 
f 1088//18 430//18 1089//18 
f 1090//18 166//18 1091//18 
f 1092//29 1093//29 420//29 
f 1094//22 1095//22 125//22 
f 1096//18 436//18 1097//18 
f 1098//18 152//18 1099//18 
f 1100//18 164//18 1101//18 
f 1102//18 427//18 1103//18 
f 1104//29 1105//29 423//29 
f 1106//22 1107//22 149//22 
f 1108//29 1109//29 456//29 
f 1110//29 245//29 129//29 
f 1111//29 1112//29 463//29 
f 1113//29 1114//29 240//29 
f 1115//29 1116//29 446//29 
f 1117//29 1118//29 239//29 
f 1119//18 236//18 1120//18 
f 1121//18 472//18 1122//18 
f 1123//18 467//18 1124//18 
f 1125//18 58//18 248//18 
f 1126//18 43//18 244//18 
f 1127//18 450//18 1128//18 
f 1129//214 1130//215 1131//215 
f 1132//18 1133//18 1134//18 
f 32//22 723//22 155//22 
f 34//19 723//216 32//28 
f 779//100 89//6 251//3 
f 1006//3 251//3 1007//70 
f 783//82 95//6 99//3 
f 1001//6 1000//96 95//6 
f 173//55 1135//1 174//7 
f 173//55 1136//1 1137//1 
f 1138//217 1139//218 1140//218 
f 1141//18 1142//219 1143//219 
f 812//18 1144//18 811//18 
f 1144//1 544//13 389//1 
f 1145//2 544//13 1144//1 
f 297//13 544//13 1145//2 
f 1146//7 1147//13 1148//84 
f 1148//220 1149//221 1150//221 
f 1151//2 1152//2 1153//2 
f 267//1 1154//7 1155//7 
f 1156//222 1061//204 1060//203 
f 1157//223 1158//224 1159//224 
f 291//52 1160//52 1161//52 
f 1162//13 1163//1 78//7 
f 677//1 69//1 2//1 
f 133//53 1164//52 1165//52 
f 1166//62 1167//62 1168//62 
f 1169//225 1170//226 1171//226 
f 495//56 831//2 1172//1 
f 297//13 299//75 1173//1 
f 1174//1 1175//56 1176//1 
f 75//42 119//50 1177//50 
f 1178//227 1179//228 1180//229 
f 1181//61 413//61 201//61 
f 1182//54 1183//54 1184//51 
f 573//29 1185//29 314//24 
f 1186//32 1187//18 1188//138 
f 570//18 1189//18 375//18 
f 1190//1 1191//1 1192//1 
f 1193//94 1194//94 754//94 
f 1195//137 1196//112 144//136 
f 144//6 143//6 88//6 
f 369//61 368//186 1197//230 
f 628//231 629//232 1198//232 
f 1199//233 633//233 632//234 
f 1200//235 405//185 407//62 
f 1201//7 1202//7 1203//7 
f 1204//1 1205//1 1206//1 
f 379//138 378//18 161//32 
f 105//51 211//51 210//54 
f 274//138 273//32 91//32 
f 177//54 178//29 383//54 
f 1207//5 1208//67 98//5 
f 1209//66 1210//66 98//5 
f 1211//86 87//31 1212//86 
f 1213//31 87//31 1214//71 
f 1215//13 1216//1 1217//1 
f 1218//1 1216//1 298//1 
f 633//233 1199//233 1219//236 
f 1220//3 1221//3 213//3 
f 1222//237 1198//232 629//232 
f 1223//6 269//6 1224//6 
f 1225//94 366//94 365//238 
f 487//192 491//192 490//193 
f 284//194 285//195 480//195 
f 618//239 508//112 1226//112 
f 1227//240 1228//241 1229//241 
f 546//1 1228//1 1227//1 
f 790//29 768//29 789//29 
f 883//29 1230//29 9//29 
f 1231//62 1232//62 1233//80 
f 1234//242 1235//243 1236//243 
f 102//80 572//61 314//61 
f 572//61 214//80 336//62 
f 268//61 270//69 375//62 
f 375//62 93//62 92//62 
f 1237//244 1238//245 1239//245 
f 1240//18 515//18 518//18 
f 1241//246 1242//247 910//247 
f 1243//248 1244//249 1245//249 
f 1246//250 732//250 733//251 
f 249//252 916//252 917//253 
f 1247//250 738//250 739//251 
f 242//252 449//252 451//253 
f 1248//248 1249//249 1250//249 
f 1251//246 1252//247 246//247 
f 1253//248 1254//249 1255//249 
f 1256//246 1257//247 907//247 
f 1258//250 653//250 654//251 
f 913//252 471//252 473//253 
f 1259//250 728//250 729//251 
f 1260//252 959//252 960//253 
f 1261//248 1262//249 1263//249 
f 721//246 720//247 934//247 
f 1264//250 724//250 725//251 
f 1265//252 426//252 428//253 
f 941//252 951//252 952//253 
f 1266//250 710//250 711//251 
f 717//248 716//249 1267//249 
f 955//246 954//247 1268//247 
f 714//248 713//249 1269//249 
f 949//246 948//247 938//247 
f 107//2 1270//7 108//7 
f 901//2 1271//2 1272//2 
f 1273//1 1274//1 1275//1 
f 1276//13 788//153 1277//13 
f 942//18 103//18 433//18 
f 1278//27 433//213 103//213 
f 1279//254 1280//255 1281//256 
f 1282//257 1283//258 1284//259 
f 1285//260 1286//261 1287//261 
f 1288//262 1289//263 1290//263 
f 695//69 1291//264 231//265 
f 1292//266 1293//136 1294//136 
f 359//3 269//6 1295//6 
f 1296//267 1297//267 1298//268 
f 348//18 85//18 84//18 
f 348//13 172//13 174//7 
f 174//7 1299//7 348//13 
f 1299//7 174//7 549//2 
f 1300//7 1301//2 1302//7 
f 1303//269 1304//270 1305//270 
f 310//69 1145//69 1144//69 
f 769//32 773//138 772//32 
f 481//271 480//195 285//195 
f 990//272 991//273 1306//273 
f 1307//274 986//274 985//275 
f 491//192 487//192 489//276 
f 1308//277 1309//278 1310//279 
f 1308//94 1311//112 1309//94 
f 1312//280 1313//280 1314//274 
f 1314//31 1313//31 286//31 
f 1315//273 1316//281 1317//281 
f 1315//5 219//5 1316//5 
f 76//43 1318//50 556//50 
f 1319//2 1320//1 1321//1 
f 1322//282 1323//283 1324//283 
f 1325//284 1326//285 1327//285 
f 1260//18 322//18 1328//18 
f 1329//17 322//17 165//17 
f 1268//22 1330//22 331//22 
f 1331//29 148//29 331//29 
f 1265//18 325//18 1332//18 
f 1333//17 325//17 153//17 
f 1334//286 1335//286 1336//287 
f 951//252 941//252 943//288 
f 1337//286 1338//286 1339//287 
f 959//252 1260//252 1328//288 
f 935//289 934//247 720//247 
f 946//290 945//291 1340//291 
f 1341//290 1342//291 1343//291 
f 939//289 938//247 948//247 
f 1344//290 1345//291 1346//291 
f 1330//289 1268//247 954//247 
f 1347//286 967//286 968//287 
f 426//252 1265//252 1332//288 
f 929//290 928//291 1348//291 
f 911//289 910//247 1242//247 
f 1349//286 926//286 927//287 
f 449//252 242//252 243//288 
f 920//290 919//291 1350//291 
f 247//289 246//247 1252//247 
f 1351//286 1352//286 1353//287 
f 916//252 249//252 250//288 
f 1354//286 932//286 933//287 
f 471//252 913//252 914//288 
f 923//290 922//291 1355//291 
f 908//289 907//247 1257//247 
f 1356//22 1357//22 723//22 
f 1358//22 1359//22 723//22 
f 1360//18 244//18 1361//18 
f 1362//18 244//18 1363//18 
f 1364//29 1365//29 245//29 
f 1366//29 1367//29 245//29 
f 1368//18 248//18 1369//18 
f 1370//18 248//18 1371//18 
f 1372//94 1373//94 1374//94 
f 1375//292 1376//293 1377//294 
f 1378//61 1379//61 1380//61 
f 1381//295 1382//296 1383//296 
f 1384//2 1385//1 1386//2 
f 75//42 387//50 118//50 
f 1387//2 1388//2 1389//2 
f 2//2 1390//1 1391//2 
f 1392//2 1384//2 1386//2 
f 78//2 187//1 385//1 
f 1393//1 1143//1 857//1 
f 347//2 605//2 232//2 
f 1394//62 1395//62 753//62 
f 1396//2 1319//2 1397//2 
f 1398//238 1019//297 1018//298 
f 1399//299 338//299 337//146 
f 1015//300 1016//301 1400//239 
f 358//166 360//302 1401//302 
f 336//3 213//3 1402//5 
f 1403//303 1404//303 1405//304 
f 82//2 1406//13 80//37 
f 82//2 692//1 691//1 
f 1407//305 1408//306 1409//306 
f 1410//1 1406//13 82//2 
f 1411//307 1412//307 1413//308 
f 626//7 272//1 1414//1 
f 311//1 1415//1 312//13 
f 1416//1 1417//1 1418//1 
f 1419//136 1420//136 1421//136 
f 1422//13 1420//13 1419//7 
f 814//29 1423//54 813//29 
f 404//29 315//29 815//29 
f 1424//309 777//150 776//150 
f 1425//282 1426//283 388//283 
f 1184//51 1427//51 1182//54 
f 741//3 1184//3 1183//3 
f 1188//138 1428//138 1186//32 
f 20//2 1188//1 1187//1 
f 848//1 850//1 1429//1 
f 75//42 192//58 386//83 
f 1430//310 1431//311 1432//312 
f 1433//313 1434//314 1435//314 
f 532//7 1436//1 1437//1 
f 1438//2 1439//1 1440//1 
f 1441//1 1442//1 1443//1 
f 1444//1 1445//1 1446//1 
f 252//315 253//299 1447//299 
f 778//239 779//94 1448//94 
f 1449//112 783//112 782//238 
f 1450//302 289//302 288//316 
f 1451//1 1452//1 1453//1 
f 1454//1 1455//2 1456//1 
f 1457//317 515//3 194//3 
f 1457//317 194//3 193//5 
f 1458//318 1459//318 638//125 
f 1458//136 1460//319 1461//112 
f 267//1 1462//7 1463//7 
f 1464//1 1465//1 1466//1 
f 1300//7 1467//7 1468//13 
f 1468//320 1469//320 1470//320 
f 1471//1 1387//2 1389//2 
f 500//99 1472//321 501//83 
f 1473//2 1474//1 906//13 
f 1475//2 1476//1 872//1 
f 1477//62 1478//62 1479//62 
f 1480//322 1481//323 1482//324 
f 1483//325 362//326 361//327 
f 363//328 619//329 1484//330 
f 1485//2 1486//2 1487//2 
f 816//1 1488//1 817//1 
f 1489//37 1490//1 1491//2 
f 10//7 2//2 1391//2 
f 200//59 1492//60 193//59 
f 414//54 565//29 1493//29 
f 1494//331 1495//331 1496//331 
f 605//2 1495//1 1494//1 
f 1213//274 1214//275 1497//275 
f 1211//185 1212//332 1498//184 
f 875//272 1208//272 1207//273 
f 1499//187 1210//333 1209//186 
f 507//300 506//334 1500//334 
f 616//192 617//193 1501//193 
f 1502//194 575//194 574//195 
f 1503//335 576//335 577//298 
f 1504//1 645//1 644//1 
f 1505//182 1506//170 1507//169 
f 668//2 1508//7 1509//1 
f 139//1 539//1 140//1 
f 1510//1 1511//1 864//1 
f 662//13 1512//13 1513//13 
f 1001//193 1514//193 999//192 
f 1515//300 784//300 785//334 
f 393//195 392//194 1006//194 
f 781//335 780//298 1516//298 
f 1517//71 55//31 42//6 
f 1064//86 55//31 1065//31 
f 1069//66 1068//5 227//5 
f 1518//67 367//3 227//5 
f 1519//280 1520//336 1521//336 
f 1522//276 1523//32 1517//32 
f 1524//181 1525//181 1526//281 
f 1518//51 1527//51 1528//271 
f 1529//1 1530//1 1531//1 
f 114//337 113//338 1532//338 
f 1533//94 1534//94 1535//94 
f 1383//296 1536//339 1381//295 
f 1537//340 1538//341 1539//341 
f 1012//342 1011//343 1540//343 
f 1541//2 1542//1 1543//2 
f 1439//1 1544//1 1545//1 
f 1546//344 726//344 727//251 
f 1076//345 1547//345 1548//346 
f 1032//248 1031//347 1549//347 
f 422//348 421//349 1073//349 
f 719//248 718//347 1550//347 
f 419//348 418//349 1071//349 
f 1551//348 1552//349 1357//349 
f 1038//248 1037//347 1553//347 
f 1080//345 435//345 437//346 
f 1554//344 1034//344 1035//251 
f 1078//345 429//345 431//346 
f 1555//344 730//344 731//251 
f 1556//344 899//344 900//251 
f 334//345 1557//345 1558//346 
f 1559//344 1028//344 1029//251 
f 1369//345 466//345 468//346 
f 1363//345 1127//345 1128//346 
f 1560//344 1022//344 1023//251 
f 1026//248 1025//347 1561//347 
f 737//348 736//349 1365//349 
f 652//348 651//349 329//349 
f 897//248 896//347 1562//347 
f 894//248 893//347 1563//347 
f 649//348 648//349 319//349 
f 1564//1 1565//1 1566//1 
f 1567//2 607//2 609//2 
f 1568//2 1569//2 1570//2 
f 1571//2 1572//2 1573//1 
f 1574//2 1575//1 1576//1 
f 75//42 484//83 1577//350 
f 1578//1 1579//1 1580//1 
f 1581//1 1582//1 1583//1 
f 1584//1 1585//1 1586//1 
f 1587//1 1588//1 1589//1 
f 291//52 1590//52 1591//52 
f 1592//7 1593//1 3//2 
f 136//13 533//13 137//7 
f 847//351 1594//352 536//352 
f 75//42 1177//50 1595//95 
f 1596//13 1597//13 1595//95 
f 1598//1 1599//1 866//2 
f 1588//1 1600//1 1589//1 
f 1601//1 1602//2 1603//1 
f 1604//1 1605//1 1606//1 
f 1053//353 1052//354 1607//354 
f 1608//17 1609//17 1055//17 
f 403//4 8//6 7//5 
f 316//61 813//61 7//80 
f 1610//80 1611//355 1612//355 
f 1613//1 1130//1 1129//1 
f 811//13 170//2 17//14 
f 316//1 17//14 1614//40 
f 1615//2 882//2 298//1 
f 298//1 882//2 811//13 
f 287//137 742//137 1616//136 
f 287//137 120//137 742//137 
f 1617//137 1195//137 221//136 
f 221//136 1195//137 144//136 
f 546//1 169//1 171//2 
f 1618//2 546//1 549//2 
f 170//2 171//2 12//9 
f 67//61 171//61 1619//62 
f 1619//62 1620//62 67//61 
f 67//3 1620//6 8//6 
f 17//14 316//1 811//13 
f 7//80 811//69 316//61 
f 1621//52 1622//52 1623//52 
f 2//1 1624//1 1625//13 
f 832//7 833//2 1626//13 
f 1627//13 833//2 1628//13 
f 172//13 1629//55 173//55 
f 826//1 825//1 613//1 
f 1630//334 1631//356 1632//356 
f 1223//299 1224//146 1633//146 
f 1634//357 1635//357 1636//335 
f 1637//166 1221//166 1220//302 
f 1638//358 1639//359 1640//360 
f 1641//361 1062//361 699//362 
f 1642//2 1643//2 1644//1 
f 1645//1 1646//2 670//1 
f 1642//2 1647//2 1643//2 
f 281//1 1648//1 282//1 
f 1649//231 886//231 887//363 
f 1650//193 590//193 591//192 
f 589//195 588//194 1651//194 
f 889//364 888//234 1652//234 
f 1653//365 1654//366 1655//366 
f 1656//29 1657//367 1658//367 
f 1659//368 1102//368 1103//369 
f 1100//370 1660//371 1661//372 
f 1105//372 1104//370 1106//370 
f 1662//369 1663//368 1664//368 
f 1090//370 1088//371 1089//372 
f 1665//368 1666//368 1667//369 
f 1085//372 1084//370 1358//370 
f 439//369 438//368 1668//368 
f 1098//370 1096//371 1097//372 
f 1669//368 1670//368 1671//369 
f 1672//369 1673//368 1674//368 
f 1093//372 1092//370 1094//370 
f 1116//372 1115//370 1117//370 
f 445//369 444//368 1675//368 
f 462//369 461//368 1676//368 
f 1112//372 1111//370 1113//370 
f 1360//371 1677//371 1678//373 
f 1679//368 1680//368 1681//374 
f 1682//368 1683//368 1684//374 
f 1370//371 1123//371 1124//373 
f 1119//371 1685//371 1686//373 
f 1687//368 1121//368 1122//374 
f 1109//372 1108//370 1366//370 
f 455//369 454//368 1688//368 
f 1689//315 1690//193 1691//193 
f 1692//375 1497//275 1214//275 
f 1208//272 875//272 876//376 
f 1693//194 396//194 398//316 
f 1694//198 1695//377 606//377 
f 1696//378 1697//378 821//378 
f 184//1 1698//1 1699//1 
f 1700//379 1701//380 1702//380 
f 881//18 1299//18 171//18 
f 85//61 348//61 1299//61 
f 1703//381 1704//381 1705//381 
f 1706//2 677//1 676//2 
f 1707//275 1708//275 1709//274 
f 1003//3 397//31 1004//3 
f 1710//3 1711//3 394//5 
f 1711//273 1710//272 1712//272 
f 1713//357 1714//335 1715//335 
f 1714//31 1713//31 482//31 
f 1716//5 488//5 1717//5 
f 1718//334 1716//334 1717//356 
f 1274//382 1273//383 1719//383 
f 801//1 1720//1 1721//1 
f 660//1 1722//1 52//1 
f 540//7 542//2 1723//7 
f 1724//13 498//1 497//13 
f 1725//384 1726//385 1727//385 
f 1728//386 1729//387 1730//387 
f 1731//61 413//61 1732//61 
f 1733//388 1734//388 1735//389 
f 1734//18 45//18 1735//18 
f 1736//390 1737//391 1738//391 
f 1737//29 1736//29 126//29 
f 1739//390 1740//391 1741//391 
f 1740//29 1739//29 145//29 
f 1742//18 60//18 1743//18 
f 1744//388 1742//388 1743//389 
f 1745//29 1746//29 142//29 
f 1746//390 1745//391 1747//391 
f 1748//388 1749//388 1750//389 
f 1749//18 151//18 1750//18 
f 1751//390 1752//391 1753//391 
f 1752//29 1751//29 155//29 
f 1754//18 122//18 1755//18 
f 1756//388 1754//388 1755//389 
f 1757//18 163//18 1758//18 
f 1759//388 1757//388 1758//389 
f 1760//390 1761//391 1762//391 
f 1761//29 1760//29 228//29 
f 1763//29 1764//29 150//29 
f 1764//390 1763//391 1765//391 
f 1766//388 1767//388 1768//389 
f 1767//18 123//18 1768//18 
f 1769//94 1770//94 583//112 
f 144//136 1196//112 583//112 
f 124//94 478//94 688//94 
f 1771//94 1772//94 688//94 
f 860//1 1773//1 861//1 
f 550//1 1774//2 1775//2 
f 196//61 1776//62 1777//62 
f 1778//392 1779//393 1780//393 
f 940//394 1781//394 32//394 
f 1781//395 940//136 1782//136 
f 1333//396 153//396 1783//396 
f 1784//136 1333//137 1783//395 
f 1785//395 937//136 1786//136 
f 937//394 1785//394 443//394 
f 1787//395 1331//136 1788//136 
f 1331//394 1787//394 148//394 
f 1789//136 1329//137 1790//395 
f 1329//396 165//396 1790//396 
f 1791//136 944//137 1792//395 
f 944//396 433//396 1792//396 
f 167//138 58//138 1793//138 
f 1794//136 167//137 1793//395 
f 162//138 43//138 1795//138 
f 1796//136 162//137 1795//395 
f 128//54 1797//54 129//54 
f 1797//395 128//136 1798//136 
f 1799//395 909//136 1800//136 
f 909//54 1799//54 94//54 
f 1801//136 915//137 1802//395 
f 915//138 101//138 1802//138 
f 912//54 1803//54 147//54 
f 1803//395 912//136 1804//136 
f 264//69 90//69 37//69 
f 90//32 91//32 273//32 
f 211//51 105//51 104//51 
f 46//80 104//80 504//80 
f 1805//397 1806//398 1807//398 
f 546//1 1806//1 1808//13 
f 1809//1 755//1 757//1 
f 1810//1 1811//1 1812//1 
f 1283//1 1282//1 1813//1 
f 1814//69 1815//69 1816//69 
f 1215//13 1217//1 1816//7 
f 313//79 1215//13 543//79 
f 1817//184 807//184 806//208 
f 1818//399 885//280 884//363 
f 890//364 891//281 1819//400 
f 808//211 809//187 1820//187 
f 978//401 977//402 802//402 
f 1821//403 1822//404 1823//404 
f 1824//405 1825//406 1582//406 
f 1826//407 1827//408 1828//407 
f 1829//409 1830//410 1831//410 
f 1830//1 1829//1 174//7 
f 1174//1 1832//1 1175//56 
f 78//2 486//2 186//1 
f 1833//62 1834//62 1835//62 
f 1836//411 1837//412 1838//413 
f 1357//349 1356//346 1551//348 
f 1359//414 1358//370 1084//370 
f 1107//414 1106//370 1104//370 
f 1073//349 1072//346 422//348 
f 437//346 1079//346 1080//345 
f 1096//371 1098//370 1099//415 
f 1095//414 1094//370 1092//370 
f 1071//349 1070//346 419//348 
f 1660//371 1100//370 1101//415 
f 1548//346 1075//346 1076//345 
f 1088//371 1090//370 1091//415 
f 431//346 1077//346 1078//345 
f 1114//414 1113//370 1111//370 
f 319//349 318//346 649//348 
f 1367//414 1366//370 1108//370 
f 1365//349 1364//346 737//348 
f 1128//346 1362//346 1363//345 
f 1677//371 1360//371 1361//415 
f 1123//371 1370//371 1371//415 
f 468//346 1368//346 1369//345 
f 329//349 328//346 652//348 
f 1118//414 1117//370 1115//370 
f 1685//371 1119//371 1120//415 
f 1558//346 333//346 334//345 
f 1839//416 1840//417 259//418 
f 1841//7 1842//1 1843//1 
f 1844//419 1845//419 1846//420 
f 272//1 271//1 1414//1 
f 821//1 1847//1 351//1 
f 232//2 1848//1 351//1 
f 1849//1 1850//7 1851//1 
f 203//421 202//422 1852//422 
f 595//2 1853//13 384//13 
f 596//2 1854//7 597//2 
f 1855//423 1856//423 544//13 
f 1856//424 1855//425 1857//426 
f 1858//427 1859//428 1154//428 
f 1859//13 1858//1 1860//13 
f 1861//1 996//1 995//1 
f 1638//1 697//1 696//1 
f 256//2 1862//2 1863//2 
f 181//1 1864//2 183//56 
f 190//1 1865//2 1866//1 
f 184//1 1867//1 1868//1 
f 1869//429 1870//430 1871//431 
f 1380//61 1872//61 1378//61 
f 137//432 533//433 1873//433 
f 846//1 1594//1 847//1 
f 1874//2 1431//1 1430//2 
f 1875//434 1876//435 1877//435 
f 1878//436 746//437 745//438 
f 291//52 1879//52 1880//52 
f 1881//84 1882//56 298//1 
f 1881//84 1883//1 1882//56 
f 158//54 687//51 686//51 
f 381//61 158//61 1884//61 
f 683//32 682//32 175//32 
f 1885//62 175//62 382//62 
f 1143//1 858//1 857//1 
f 1886//439 1887//440 1888//440 
f 1889//269 1890//270 1891//270 
f 1890//2 776//441 1892//1 
f 1893//31 1894//31 370//31 
f 1894//335 1893//298 1895//298 
f 1896//5 406//31 1897//5 
f 1898//300 1896//300 1897//334 
f 547//7 615//7 1899//7 
f 615//7 1422//13 1419//7 
f 1900//442 1901//443 1902//443 
f 1901//1 1900//1 1903//1 
f 1904//62 1905//62 1185//62 
f 35//2 1182//2 1427//1 
f 568//6 1186//3 1428//6 
f 1906//62 1907//62 1189//62 
f 133//53 1908//117 1909//52 
f 1909//444 1908//445 1910//446 
f 1911//447 1912//448 1913//448 
f 1914//2 1915//2 1396//2 
f 831//2 1627//13 1916//13 
f 1626//13 1917//7 832//7 
f 1918//5 1919//5 212//5 
f 1920//449 1919//449 1918//450 
f 1921//451 1922//452 1923//452 
f 1921//31 276//31 1922//31 
f 1307//3 488//5 1924//3 
f 986//274 1307//274 1924//280 
f 1925//281 1306//273 991//273 
f 1306//3 1925//3 482//31 
f 983//184 982//184 1926//208 
f 1926//31 982//31 225//31 
f 1927//5 262//5 989//5 
f 1927//211 989//187 988//187 
f 1928//453 1929//453 694//137 
f 1133//69 1930//454 1931//454 
f 278//455 1932//456 117//457 
f 76//63 75//458 205//64 
f 1933//376 1934//376 1935//272 
f 1935//67 1934//67 227//5 
f 1936//71 55//31 1937//71 
f 1936//275 1937//375 1938//375 
f 1939//459 1940//459 1941//460 
f 1940//31 397//31 1941//31 
f 1942//461 1943//462 1944//462 
f 1943//5 1942//5 394//5 
f 1945//3 1946//3 394//5 
f 1946//452 1945//451 1947//451 
f 1948//3 397//31 1949//3 
f 1950//450 1948//450 1949//449 
f 547//7 1135//1 1137//1 
f 173//55 1137//1 1135//1 
f 1951//463 1952//463 1953//464 
f 213//3 339//6 1402//5 
f 1954//465 1955//466 1956//466 
f 1957//94 1958//94 1959//94 
f 1187//1 21//2 20//2 
f 1189//62 570//62 1906//62 
f 1183//3 571//3 741//3 
f 1185//62 573//62 1904//62 
f 311//1 1960//1 1415//1 
f 1881//84 1961//1 1883//1 
f 816//1 1962//1 1488//1 
f 371//1 1963//1 372//1 
f 1964//62 1965//62 1966//69 
f 1967//467 1968//468 1969//468 
f 1970//1 1971//2 1972//2 
f 78//2 79//13 485//7 
f 1973//1 1974//2 1975//2 
f 849//1 1973//1 850//1 
f 1976//469 1977//470 1574//470 
f 1978//112 1979//112 1577//112 
f 1216//1 1980//1 1981//1 
f 1981//471 1980//472 1982//472 
f 1983//51 1984//29 1628//29 
f 1173//138 299//18 1985//18 
f 1986//473 1987//132 1988//132 
f 1989//474 1990//475 1991//475 
f 561//476 802//476 977//476 
f 1531//477 1530//478 1992//478 
f 1047//479 1046//480 873//480 
f 1585//1 1993//1 1994//1 
f 109//481 108//482 862//482 
f 865//483 864//484 1272//484 
f 1995//1 1996//2 1997//1 
f 1996//485 1995//486 1998//486 
f 382//62 1999//62 1885//62 
f 1999//54 382//54 690//54 
f 689//138 381//138 2000//138 
f 1884//61 2000//61 381//61 
f 2001//487 2002//13 1808//13 
f 1806//1 1805//1 1808//13 
f 2003//488 2004//489 191//489 
f 189//490 188//491 2005//491 
f 1272//484 1271//483 865//483 
f 342//492 341//493 906//493 
f 1055//17 512//17 1608//17 
f 1466//494 1465//495 2006//495 
f 849//1 2007//2 1973//1 
f 2008//2 2009//2 2007//2 
f 1443//496 1442//497 2010//497 
f 2011//498 2012//29 2013//29 
f 2014//499 133//499 2015//499 
f 2016//500 1165//501 1164//502 
f 1593//503 1592//504 2017//505 
f 1591//506 1590//507 2018//508 
f 1406//13 234//1 80//37 
f 2019//509 853//175 852//175 
f 373//1 2020//1 174//7 
f 1966//1 2021//1 1808//13 
f 352//62 49//62 2022//62 
f 2023//510 2024//510 1057//510 
f 2025//511 1807//398 1806//398 
f 2026//512 1305//270 1304//270 
f 2027//512 1891//270 1890//270 
f 2028//511 2029//398 2030//398 
f 2031//513 2032//514 1422//514 
f 2033//112 173//112 1629//94 
f 823//1 822//1 2034//1 
f 2035//1 1695//1 1694//1 
f 2036//515 2037//516 2038//516 
f 1860//517 2039//518 609//518 
f 2040//519 2041//520 2042//520 
f 2043//521 218//522 217//498 
f 804//523 803//524 2044//524 
f 1277//29 788//29 2045//29 
f 2046//525 2047//526 1861//527 
f 2048//1 1042//1 2049//1 
f 2050//1 2044//1 2051//13 
f 2052//13 2053//13 2054//13 
f 2055//52 291//52 2056//52 
f 1704//52 2057//52 1705//117 
f 600//52 291//52 2058//52 
f 2//1 2059//1 2060//13 
f 2061//136 2062//528 2063//528 
f 2064//529 2065//530 2066//531 
f 792//532 791//533 2067//533 
f 611//534 610//535 1564//535 
f 2068//536 2069//537 2070//538 
f 2069//137 2068//137 1461//112 
f 2071//539 1492//6 565//6 
f 1236//243 2072//242 1234//242 
f 2073//260 2074//540 2075//540 
f 1612//355 2076//62 1610//80 
f 412//541 411//542 2077//542 
f 2078//1 2079//1 2080//1 
f 708//144 2081//543 706//142 
f 2082//62 2083//62 519//62 
f 1146//7 2084//2 1816//7 
f 1816//69 2084//69 1814//69 
f 1445//544 1444//545 2085//545 
f 787//152 2086//546 76//43 
f 2087//547 2088//548 2089//549 
f 2088//7 2087//7 1060//7 
f 2090//550 2091//551 2092//551 
f 2093//1 2094//1 1406//13 
f 2095//552 2096//553 2097//553 
f 2098//1 2099//1 2100//1 
f 1577//112 484//112 1978//112 
f 1576//18 1575//554 763//554 
f 2101//555 2102//555 2103//555 
f 1061//1 1156//1 2104//1 
f 605//2 993//1 992//1 
f 605//2 1040//1 1039//1 
f 300//6 834//3 2105//6 
f 834//112 302//112 1461//112 
f 1844//6 2106//6 1295//6 
f 1846//420 2106//420 1844//419 
f 501//112 1472//112 2107//112 
f 1387//32 1471//556 2108//556 
f 2109//557 1572//558 2110//558 
f 1051//559 1050//560 1570//560 
f 2111//3 2112//3 370//31 
f 2112//209 2111//208 2113//208 
f 2114//211 2115//211 2116//210 
f 2115//3 406//31 2116//3 
f 1616//136 377//136 287//137 
f 286//29 377//29 1616//29 
f 1617//18 220//18 219//18 
f 221//136 220//137 1617//137 
f 789//29 771//29 790//29 
f 771//69 789//69 770//62 
f 84//18 376//17 348//18 
f 376//61 84//61 83//61 
f 402//69 815//69 400//62 
f 815//29 402//29 404//29 
f 770//62 772//62 771//69 
f 772//32 770//32 769//32 
f 1427//1 25//1 35//2 
f 688//94 478//94 1771//94 
f 583//112 1196//112 1769//94 
f 1428//6 569//6 568//6 
f 2117//7 1641//7 2118//13 
f 2119//1 1638//1 696//1 
f 2120//561 2121//562 280//563 
f 2122//564 2123//481 2124//481 
f 2125//565 2126//566 2127//566 
f 2045//29 2128//29 1277//29 
f 1386//18 1385//567 595//567 
f 118//112 387//136 2129//136 
f 2130//564 2131//112 2132//112 
f 283//561 282//563 524//563 
f 1421//136 2133//136 1419//136 
f 2134//568 2135//569 2136//569 
f 1321//570 1320//571 2137//571 
f 556//94 1318//94 2138//94 
f 1311//112 306//94 758//94 
f 758//3 308//3 309//3 
f 621//572 620//573 2139//574 
f 132//575 131//576 134//577 
f 1429//578 850//51 1854//51 
f 1975//579 1974//580 2140//580 
f 2141//581 1956//466 1955//466 
f 1478//62 1477//62 2142//62 
f 485//61 79//61 1972//61 
f 2143//2 1976//13 2144//2 
f 2145//2 2146//2 2147//2 
f 2146//467 2145//468 2148//468 
f 2149//582 2150//583 2151//584 
f 2152//1 2153//1 666//1 
f 1631//5 1630//5 370//31 
f 2154//585 2155//586 2156//586 
f 2157//587 2158//587 2159//588 
f 1635//31 406//31 1636//31 
f 2160//589 2161//589 2162//590 
f 2161//18 472//18 2162//18 
f 2163//591 2164//592 2165//592 
f 2164//29 2163//29 446//29 
f 2166//591 2167//592 2168//592 
f 2167//29 2166//29 456//29 
f 2169//591 2170//592 2171//592 
f 2170//29 2169//29 463//29 
f 2172//589 2173//589 2174//590 
f 1683//18 467//18 1684//18 
f 2175//589 2176//589 2177//590 
f 2176//18 450//18 2177//18 
f 2178//591 2179//592 2180//592 
f 1673//29 1672//29 420//29 
f 2181//591 2182//592 2183//592 
f 1663//29 1662//29 423//29 
f 1670//18 436//18 1671//18 
f 2184//589 2185//589 2186//590 
f 2187//589 2188//589 2189//590 
f 2188//18 427//18 2189//18 
f 2190//589 2191//589 2192//590 
f 1666//18 430//18 1667//18 
f 2193//591 2194//592 2195//592 
f 2194//29 2193//29 440//29 
f 2196//357 2197//593 2198//593 
f 2196//3 251//3 2197//3 
f 2199//6 2200//6 95//6 
f 2201//594 2200//594 2199//356 
f 2202//6 2203//6 224//6 
f 2204//595 2203//595 2202//356 
f 2205//357 2206//596 2207//596 
f 2205//3 261//3 2206//3 
f 2208//597 2209//597 2210//389 
f 2209//18 450//18 2210//18 
f 2211//597 2212//597 2213//389 
f 2212//18 430//18 2213//18 
f 2214//29 2215//29 440//29 
f 2215//390 2214//598 2216//598 
f 2217//390 2218//598 2219//598 
f 2218//29 2217//29 420//29 
f 2220//390 2221//598 2222//598 
f 1242//29 1241//29 446//29 
f 2223//390 2224//598 2225//598 
f 2224//29 2223//29 423//29 
f 2226//597 2227//597 2228//389 
f 2227//18 472//18 2228//18 
f 2229//390 2230//598 2231//598 
f 1252//29 1251//29 456//29 
f 2232//390 2233//598 2234//598 
f 1257//29 1256//29 463//29 
f 2235//597 2236//597 2237//389 
f 2236//18 467//18 2237//18 
f 2238//18 436//18 2239//18 
f 2240//597 2238//597 2239//389 
f 2241//597 2242//597 2243//389 
f 2242//18 427//18 2243//18 
f 1699//599 1698//600 2244//600 
f 2245//601 1578//602 1868//602 
f 2246//603 2247//604 2248//605 
f 50//13 2247//7 2246//1 
f 754//94 502//94 1193//94 
f 510//556 2249//32 2250//32 
f 1968//2 1967//2 1470//2 
f 1506//1 1505//1 2251//1 
f 1293//18 1610//18 2076//18 
f 1610//7 695//2 694//7 
f 2252//606 2253//606 2254//606 
f 1453//607 1452//608 2255//608 
f 2256//609 1541//610 2257//610 
f 2077//542 845//541 412//541 
f 536//352 2258//351 847//351 
f 1545//611 1544//54 535//54 
f 599//612 598//613 2259//614 
f 2260//615 2261//616 2262//617 
f 1623//52 2263//52 2264//52 
f 2//1 2265//13 2266//2 
f 2036//515 1152//515 1151//618 
f 1583//619 1582//406 1825//406 
f 2267//62 2268//62 1391//62 
f 2269//32 2270//620 2271//620 
f 2272//62 2273//62 385//62 
f 2274//32 2275//620 2276//620 
f 386//94 192//94 2277//94 
f 849//17 848//621 1866//621 
f 385//62 187//62 2272//62 
f 1384//622 1392//623 2278//623 
f 2279//624 2280//625 2281//626 
f 2282//62 2283//62 1776//62 
f 1177//94 119//94 2284//94 
f 1832//627 1174//628 656//628 
f 2285//629 1409//306 1408//306 
f 1409//1 2286//1 2287//1 
f 2288//630 2289//52 133//53 
f 292//85 78//7 2290//441 
f 2291//2 1150//1 2292//1 
f 2292//631 1150//221 1149//221 
f 869//632 868//633 1589//633 
f 2293//634 2294//635 1585//635 
f 340//636 874//637 1513//637 
f 1994//638 1993//166 2295//166 
f 1876//1 1875//1 2296//1 
f 2297//1 827//13 2032//7 
f 2298//639 2299//640 840//640 
f 524//563 523//561 283//561 
f 2300//561 2301//563 1723//563 
f 905//641 904//564 1722//564 
f 136//13 138//2 2302//7 
f 2302//481 138//564 2303//564 
f 2304//642 513//643 1319//643 
f 2138//94 2305//94 556//94 
f 2278//623 2306//622 1384//622 
f 2129//136 2307//112 118//112 
f 2308//644 388//283 1426//283 
f 388//84 2308//645 298//1 
f 2042//520 2309//519 2040//519 
f 1842//138 1841//634 665//634 
f 2310//646 2311//647 2312//648 
f 1233//80 2313//80 1231//62 
f 2314//649 2315//650 2316//650 
f 2317//651 1567//651 1826//651 
f 2318//652 2319//34 140//34 
f 767//18 764//561 1509//561 
f 2022//62 2320//62 352//62 
f 1191//653 1190//620 2321//620 
f 1512//654 662//655 1511//656 
f 1773//652 860//657 555//657 
f 195//60 194//60 300//59 
f 518//18 300//17 1240//18 
f 546//1 1324//1 2322//2 
f 2322//644 1324//283 1323//283 
f 2323//623 511//622 1389//622 
f 2107//112 2324//112 501//112 
f 559//1 561//1 2325//13 
f 2326//477 2327//658 2328//658 
f 749//659 753//659 1395//659 
f 753//1 749//2 751//1 
f 2329//660 1880//661 1879//662 
f 2330//663 71//664 70//665 
f 694//7 1929//13 1930//13 
f 852//1 851//1 2331//1 
f 2332//13 2333//1 2//1 
f 2334//666 2335//667 2336//668 
f 1391//62 1390//62 2267//62 
f 1389//622 1388//623 2323//623 
f 2337//13 1139//13 1138//13 
f 855//1 854//1 859//1 
f 1144//69 812//69 310//69 
f 7//5 310//3 812//3 
f 297//13 313//79 544//13 
f 313//79 297//13 1173//1 
f 882//2 2338//13 883//1 
f 1230//62 883//62 2338//62 
f 1286//1 1285//1 2339//1 
f 1293//1 1292//1 1291//1 
f 753//62 752//62 1394//62 
f 1319//643 1396//642 2304//642 
f 1597//29 2340//669 1176//669 
f 2284//94 2341//94 1177//94 
f 2342//670 2343//671 258//671 
f 1585//635 1584//634 2293//634 
f 668//672 541//672 540//673 
f 140//34 539//652 2318//652 
f 1455//674 2344//675 2345//675 
f 112//676 265//677 2346//677 
f 1142//1 2347//1 1658//1 
f 1654//7 1653//7 1888//7 
f 1513//637 2348//636 340//636 
f 1511//656 1510//654 1512//654 
f 2349//678 2350//679 1476//679 
f 1722//564 660//641 905//641 
f 1570//560 1569//680 1051//559 
f 1463//681 1462//682 2351//682 
f 2277//94 2352//94 386//94 
f 1854//51 596//578 1429//578 
f 906//493 2353//683 342//492 
f 1476//679 1475//678 2349//678 
f 2354//684 2355//685 2356//686 
f 2357//13 2358//7 2359//13 
f 656//628 2360//627 1832//627 
f 2361//62 2362//62 186//62 
f 540//673 669//673 668//672 
f 2363//7 2364//7 2365//2 
f 2366//1 2367//1 2368//2 
f 2368//687 2367//688 2369//688 
f 1970//1 2370//1 1175//56 
f 1970//1 1576//1 2371//1 
f 1589//633 2372//632 869//632 
f 1598//689 2373//689 2374//690 
f 1723//563 542//561 2300//561 
f 538//691 537//692 2375//692 
f 2088//7 1060//7 1059//7 
f 1496//331 2376//331 1494//331 
f 2377//693 2378//694 2379//694 
f 2075//1 1289//1 1288//1 
f 2380//1 2381//2 2151//1 
f 2151//584 2381//582 2149//582 
f 2382//695 1823//404 1822//404 
f 1823//13 2382//13 2383//13 
f 2054//696 2053//697 557//697 
f 1851//698 1850//699 2384//699 
f 2385//1 1826//1 1828//1 
f 2004//1 2003//1 2386//1 
f 1863//700 1862//701 2387//701 
f 873//480 872//479 1047//479 
f 555//657 554//652 1773//652 
f 2388//672 1774//672 550//611 
f 2389//702 2390//703 2391//703 
f 133//53 2390//117 2389//117 
f 2392//704 2393//705 111//706 
f 13//707 1202//708 14//709 
f 1494//1 1158//1 1157//1 
f 605//2 1494//1 2394//1 
f 550//611 2395//611 2388//672 
f 862//482 861//481 109//481 
f 755//710 2396//711 1812//711 
f 1809//712 754//712 1194//712 
f 1606//713 1605//714 2397//714 
f 1603//51 1602//672 766//672 
f 280//563 279//561 2120//561 
f 843//715 842//716 2398//716 
f 2399//717 1327//285 1326//285 
f 1304//7 1327//13 2400//13 
f 2401//18 1867//18 184//18 
f 2402//718 2403//718 2404//718 
f 115//719 748//720 747//721 
f 2405//722 1163//723 1162//724 
f 667//632 259//94 1840//94 
f 217//498 1206//498 2043//521 
f 1647//51 1642//725 1648//725 
f 344//726 343//727 2406//727 
f 1058//728 1057//729 2024//729 
f 1914//62 2407//62 751//62 
f 201//61 622//80 303//61 
f 2408//730 1310//279 1309//278 
f 1574//470 2409//469 1976//469 
f 2144//731 2410//731 2411//731 
f 2412//1 821//1 351//1 
f 821//378 2412//378 1696//378 
f 2374//690 1599//690 1598//689 
f 258//671 257//670 2342//670 
f 2413//732 1171//226 1170//226 
f 515//94 2414//94 2415//94 
f 2000//138 685//138 689//138 
f 686//7 685//7 2000//7 
f 690//54 684//54 1999//54 
f 1999//13 684//13 683//13 
f 535//54 534//611 1545//611 
f 1436//733 532//734 2416//734 
f 2417//735 2418//233 2419//233 
f 2417//67 625//5 2418//67 
f 2420//232 2421//232 2422//736 
f 2422//71 2421//71 631//31 
f 232//2 351//1 231//1 
f 231//265 351//69 695//69 
f 1966//69 2002//69 1964//62 
f 2002//13 1966//1 1808//13 
f 1215//13 2148//1 2423//1 
f 2423//737 2148//468 2145//468 
f 1493//29 308//54 414//54 
f 308//60 1492//60 200//59 
f 210//1 207//2 161//2 
f 2424//136 210//136 161//136 
f 274//2 177//1 272//1 
f 177//137 274//136 2425//137 
f 624//120 2426//738 2427//739 
f 2428//740 2429//740 1311//741 
f 2430//1 1426//1 1425//1 
f 1891//2 2027//1 2431//2 
f 2432//1 1323//1 1322//1 
f 1305//2 2026//13 2433//2 
f 615//7 2434//1 1422//13 
f 1422//514 2434//513 2031//513 
f 2435//1 2061//1 1931//1 
f 1931//454 1134//69 1133//69 
f 2436//72 2437//52 2438//52 
f 1624//1 2436//742 1625//13 
f 2439//743 2440//744 2441//745 
f 2440//1 2439//1 2442//1 
f 2443//1 2076//1 2444//1 
f 1294//136 2443//266 1292//266 
f 1147//13 2445//746 1148//84 
f 2446//747 2447//748 2448//748 
f 2449//6 2450//39 2451//39 
f 193//5 1492//6 2071//539 
f 1301//2 2452//1 1302//7 
f 1302//220 2453//221 2454//221 
f 2455//356 1500//334 506//334 
f 2455//6 42//6 1500//100 
f 2456//3 1503//82 367//3 
f 576//335 1503//335 2456//357 
f 2457//749 2458//750 2459//751 
f 2458//17 153//17 2459//17 
f 2460//29 2461//29 148//29 
f 2461//752 2460//750 2462//750 
f 2463//749 2464//750 2465//751 
f 2464//17 433//17 2465//17 
f 2466//29 2467//29 443//29 
f 2467//752 2466//750 2468//750 
f 2469//29 2470//29 32//29 
f 2470//752 2469//750 2471//750 
f 2472//749 2473//750 2474//751 
f 2473//17 165//17 2474//17 
f 2475//51 2476//51 147//51 
f 2476//752 2475//750 2477//750 
f 2478//51 2479//51 94//51 
f 2479//752 2478//750 2480//750 
f 2481//749 2482//750 2483//751 
f 2482//32 101//32 2483//32 
f 2484//51 2485//51 129//51 
f 2485//752 2484//750 2486//750 
f 2487//749 2488//750 2489//751 
f 2488//32 43//32 2489//32 
f 2490//749 2491//750 2492//751 
f 2491//32 58//32 2492//32 
f 1502//31 488//5 2493//31 
f 575//194 1502//194 2493//316 
f 1501//5 2494//5 482//31 
f 2494//315 1501//193 617//193 
f 2495//18 430//18 2496//18 
f 2497//753 2495//753 2496//754 
f 2498//753 2499//753 2500//754 
f 2499//18 436//18 2500//18 
f 2501//18 467//18 2502//18 
f 2503//753 2501//753 2502//754 
f 2504//29 2505//29 456//29 
f 2505//755 2504//756 2506//756 
f 2507//29 2508//29 423//29 
f 2508//755 2507//756 2509//756 
f 2510//29 2511//29 463//29 
f 2511//755 2510//756 2512//756 
f 2513//18 427//18 2514//18 
f 2515//753 2513//753 2514//754 
f 2516//18 450//18 2517//18 
f 2518//753 2516//753 2517//754 
f 2519//29 2520//29 420//29 
f 2520//755 2519//756 2521//756 
f 2522//18 472//18 2523//18 
f 2524//753 2522//753 2523//754 
f 2525//755 2526//756 2527//756 
f 1552//29 1551//29 440//29 
f 2528//755 2529//756 2530//756 
f 2529//29 2528//29 446//29 
f 2531//31 1002//31 286//31 
f 1003//184 1002//184 2531//208 
f 2532//5 219//5 1005//5 
f 2532//211 1005//187 878//187 
f 2533//18 942//18 2534//18 
f 2535//757 2533//757 2534//758 
f 2536//759 2537//760 2538//760 
f 2537//22 2536//22 146//22 
f 2539//759 2540//760 2541//760 
f 2540//22 2539//22 157//22 
f 2542//18 154//18 2543//18 
f 2544//757 2542//757 2543//758 
f 2545//18 322//18 2546//18 
f 2547//757 2545//757 2546//758 
f 2548//759 2549//760 2550//760 
f 2549//22 2548//22 130//22 
f 2551//759 2552//760 2553//760 
f 2552//22 2551//22 331//22 
f 2554//22 2555//22 936//22 
f 2555//759 2554//760 2556//760 
f 2557//757 2558//757 2559//758 
f 2558//18 59//18 2559//18 
f 2560//759 2561//760 2562//760 
f 2561//22 2560//22 156//22 
f 2563//757 2564//757 2565//758 
f 2564//18 325//18 2565//18 
f 2566//757 2567//757 2568//758 
f 2567//18 44//18 2568//18 
f 1434//1 2569//1 2570//1 
f 2135//1 2134//1 2571//1 
f 676//381 1622//381 1621//381 
f 2572//761 2266//762 2265//763 
f 832//32 495//32 1418//32 
f 2573//29 2574//29 1882//29 
f 1135//17 547//17 1487//17 
f 2575//51 2576//29 817//51 
f 1962//17 816//138 2577//17 
f 818//51 820//29 1808//54 
f 1961//138 1881//138 2578//138 
f 492//22 1216//22 1215//29 
f 76//63 206//65 500//764 
f 111//706 110//765 2392//704 
f 207//2 637//13 972//1 
f 1405//304 2579//304 1403//303 
f 1873//433 2580//432 137//432 
f 2079//766 2078//767 2581//767 
f 777//1 1424//1 2582//1 
f 1280//1 1279//1 2583//1 
f 2584//768 2585//769 2586//769 
f 2587//61 2588//61 2589//61 
f 2590//770 2591//771 2592//772 
f 2593//94 2594//94 2595//94 
f 1202//708 1201//773 14//709 
f 117//457 116//774 278//455 
f 643//1 642//1 2596//1 
f 1987//1 1986//13 2597//13 
f 2598//1 2599//1 351//1 
f 2599//775 2598//776 2600//776 
f 172//13 232//2 169//1 
f 169//1 232//2 82//2 
f 2601//777 2602//778 2603//778 
f 172//13 2602//779 2601//13 
f 2604//780 2605//781 2606//781 
f 384//51 1853//51 2607//51 
f 133//782 2014//7 1703//13 
f 50//13 1703//13 2014//7 
f 2608//117 2609//52 2057//52 
f 2610//783 2609//784 2608//785 
f 673//786 672//787 2611//787 
f 670//17 1646//563 1644//563 
f 2063//528 1132//94 2061//136 
f 1611//1 1132//2 2063//1 
f 2612//94 2613//112 682//94 
f 175//32 682//32 2613//32 
f 687//94 2614//94 2615//112 
f 2614//51 687//51 158//54 
f 2616//1 2617//1 2618//1 
f 2619//788 2616//789 2620//789 
f 315//69 404//69 1423//69 
f 404//3 813//3 1423//3 
f 1423//69 814//69 315//69 
f 316//1 315//1 814//1 
f 1299//61 881//80 85//61 
f 67//3 85//6 881//6 
f 9//6 1230//3 296//6 
f 2338//62 296//62 1230//62 
f 2621//61 413//61 2622//61 
f 2312//648 2623//646 2310//646 
f 1960//29 311//29 2624//29 
f 1418//32 1417//32 832//32 
f 1963//51 371//29 2625//51 
f 1487//17 1486//17 1135//17 
f 494//18 2626//18 312//18 
f 1215//29 493//29 492//22 
f 819//18 2627//18 373//18 
f 1808//54 2021//51 818//51 
f 856//176 605//18 854//18 
f 859//177 2628//29 857//29 
f 347//2 1393//1 857//1 
f 347//2 346//1 1656//2 
f 1143//219 1393//18 1141//18 
f 1658//367 2347//29 1656//29 
f 2629//1 1609//1 1608//2 
f 2630//790 2631//791 2632//791 
f 233//13 1928//55 350//7 
f 694//137 350//94 1928//453 
f 1628//29 833//51 1983//51 
f 1985//18 2633//138 1173//138 
f 2634//94 1917//94 1626//137 
f 1627//80 831//62 2635//80 
f 615//61 614//61 2636//61 
f 2637//137 1137//137 1136//112 
f 1626//137 2638//137 2634//94 
f 2635//80 2639//80 1627//80 
f 2636//61 2640//61 615//61 
f 1136//112 2641//112 2637//137 
f 2297//80 2642//61 613//61 
f 1629//94 2643//94 2033//112 
f 2644//1 2029//1 2028//1 
f 2645//136 2646//136 1146//136 
f 2647//1 1807//1 2025//1 
f 2648//136 2649//136 1300//136 
f 2650//792 2139//574 620//573 
f 78//7 2139//13 2650//2 
f 2651//80 2573//80 1883//80 
f 1882//29 1883//29 2573//29 
f 817//51 1488//51 2575//51 
f 2652//69 2575//69 1488//69 
f 1416//137 494//112 1415//137 
f 312//18 1415//18 494//18 
f 373//18 372//18 819//18 
f 1485//136 819//94 372//136 
f 1300//136 2001//136 2648//136 
f 2001//487 1300//7 2653//13 
f 2137//571 2654//570 1321//570 
f 2655//94 2656//94 2657//94 
f 2658//2 2659//1 2660//2 
f 2660//793 2659//794 2661//794 
f 2662//1 1700//1 2663//1 
f 1858//1 2039//1 1860//13 
f 1217//1 1146//7 1816//7 
f 1146//136 1217//136 2645//136 
f 2664//1 2665//1 2666//1 
f 2665//795 2664//796 2667//796 
f 1898//100 2668//100 339//6 
f 1897//334 2668//334 1898//300 
f 1895//298 2669//335 1894//335 
f 1895//82 359//3 2669//82 
f 2670//797 2671//797 2672//209 
f 2671//3 406//31 2672//3 
f 2673//3 2674//3 370//31 
f 2674//210 2673//798 2675//798 
f 880//71 89//6 2676//96 
f 880//17 2676//276 2677//276 
f 2678//271 2679//271 877//29 
f 877//67 2679//70 99//3 
f 2680//3 488//5 2681//3 
f 2682//187 2680//187 2681//211 
f 2683//3 2684//3 482//31 
f 2684//208 2683//184 2685//184 
f 2686//166 2198//593 2197//593 
f 2198//31 2686//31 394//5 
f 2200//594 2201//594 2687//146 
f 2201//5 397//31 2687//5 
f 2688//799 2553//760 2552//760 
f 2553//29 2688//29 420//29 
f 2689//799 2556//760 2554//760 
f 2556//29 2689//29 440//29 
f 2558//757 2557//757 2690//800 
f 2557//18 467//18 2690//18 
f 2691//799 2541//760 2540//760 
f 2541//29 2691//29 463//29 
f 2692//799 2550//760 2549//760 
f 2550//29 2692//29 456//29 
f 2533//757 2535//757 2693//800 
f 2535//18 436//18 2693//18 
f 2545//757 2547//757 2694//800 
f 2547//18 430//18 2694//18 
f 2695//799 2538//760 2537//760 
f 2538//29 2695//29 446//29 
f 2696//799 2562//760 2561//760 
f 2562//29 2696//29 423//29 
f 2542//757 2544//757 2697//800 
f 2544//18 472//18 2697//18 
f 2567//757 2566//757 2698//800 
f 2566//18 450//18 2698//18 
f 2564//757 2563//757 2699//800 
f 2563//18 427//18 2699//18 
f 2700//594 2701//594 2702//146 
f 2701//5 406//31 2702//5 
f 2703//31 2704//31 370//31 
f 2704//166 2703//593 2705//593 
f 2706//735 2707//376 2708//233 
f 2706//67 219//5 2707//67 
f 2709//232 2710//375 2711//736 
f 2711//71 2710//71 286//31 
f 1944//462 2712//461 1942//461 
f 1944//6 89//6 2712//100 
f 1939//3 2713//82 99//3 
f 1941//460 2713//460 1939//459 
f 2714//1 2013//1 2715//1 
f 2715//801 2013//29 2012//29 
f 558//802 557//697 2053//697 
f 2051//803 2044//524 803//524 
f 521//564 2080//804 2716//804 
f 2717//1 2080//1 521//79 
f 1055//1 1538//1 1537//1 
f 1055//1 2718//7 204//1 
f 1984//805 2719//805 1916//806 
f 2720//807 2721//807 496//807 
f 2722//808 2723//808 2724//808 
f 2654//1 2137//1 757//1 
f 2303//564 2725//481 2302//481 
f 2364//809 2363//810 2726//811 
f 281//1 1603//1 1508//7 
f 281//1 283//1 1603//1 
f 668//2 670//1 1508//7 
f 670//1 281//1 1508//7 
f 2727//812 2728//813 2729//813 
f 2358//7 2730//1 2359//13 
f 1439//1 2731//1 1544//1 
f 2731//172 1439//34 2732//34 
f 2733//814 2734//815 2735//815 
f 184//1 2734//13 2733//816 
f 546//1 2136//2 2736//2 
f 2736//817 2136//569 2135//569 
f 206//55 205//13 2737//7 
f 1932//1 278//1 280//1 
f 1970//1 2409//2 1576//1 
f 2409//2 1574//2 1576//1 
f 175//32 1885//18 683//32 
f 683//13 1885//13 1999//13 
f 2000//7 1884//7 686//7 
f 686//51 1884//29 158//54 
f 2021//1 2738//1 2739//1 
f 2739//818 2738//819 2740//819 
f 2741//820 2742//821 2743//821 
f 2740//2 2742//2 2741//2 
f 2744//822 2745//823 2746//823 
f 2745//1 2744//1 2747//1 
f 346//1 1724//13 497//13 
f 346//1 1657//2 1656//2 
f 346//1 2748//7 2749//7 
f 2749//824 2748//825 2750//825 
f 2751//771 2752//770 2753//770 
f 2754//61 2755//61 2756//80 
f 2105//6 640//6 300//6 
f 1461//826 835//827 640//22 
f 277//6 276//31 2425//6 
f 179//31 178//6 276//31 
f 215//3 2424//3 212//5 
f 212//5 378//3 160//5 
f 276//31 178//6 2425//6 
f 2425//137 178//137 177//137 
f 212//5 2424//3 378//3 
f 161//136 378//136 2424//136 
f 835//827 1461//826 1460//828 
f 638//125 1460//829 1458//318 
f 2757//830 2758//831 2759//831 
f 2760//1 2761//1 2762//1 
f 2763//832 2764//833 2765//833 
f 2766//62 2767//62 2768//62 
f 2769//2 2770//2 2771//2 
f 2771//820 2770//834 2772//821 
f 2773//1 2774//1 2442//1 
f 2442//835 2774//836 2775//837 
f 902//1 2776//1 903//1 
f 903//838 2776//839 2777//839 
f 2086//840 787//841 2778//842 
f 1565//843 1564//535 610//535 
f 1326//1 2779//1 1989//1 
f 1326//1 1325//1 2779//1 
f 2780//1 2781//1 972//1 
f 2782//844 2781//844 2780//845 
f 2783//846 2784//847 2785//847 
f 2784//1 2783//1 2786//1 
f 2787//848 2788//849 2789//849 
f 2788//1 2787//1 174//7 
f 1726//1 1725//1 2790//1 
f 2791//850 2792//851 2793//851 
f 496//56 299//75 298//1 
f 299//69 496//80 2721//62 
f 2794//1 2795//1 2796//1 
f 2795//852 2794//853 2797//853 
f 2798//2 1395//1 1394//2 
f 2799//854 2798//854 2800//854 
f 2801//1 2802//1 2803//1 
f 2804//855 2801//855 2805//855 
f 2806//2 2268//1 2267//2 
f 2807//856 2806//856 2808//856 
f 2809//856 2810//856 2811//856 
f 2273//1 2812//1 2810//2 
f 2813//857 2814//858 2815//859 
f 777//1 2582//1 2813//1 
f 701//2 2269//1 702//13 
f 2816//860 2817//860 2818//860 
f 2819//860 2820//860 2821//860 
f 2820//7 2822//56 2823//2 
f 2824//382 2825//861 2826//861 
f 1720//1 2827//13 1721//1 
f 1412//307 1411//307 2828//862 
f 269//6 268//6 1295//6 
f 2829//863 2830//864 2831//864 
f 2832//1 2128//1 2045//1 
f 2833//865 2834//866 2835//866 
f 2834//13 2140//13 2836//7 
f 1812//711 1811//710 755//710 
f 2657//94 2837//94 2655//94 
f 233//13 350//7 2838//13 
f 346//1 233//13 1724//13 
f 2839//867 2089//549 2088//548 
f 233//13 2089//79 2839//171 
f 751//62 750//62 1914//62 
f 1915//868 1914//17 750//17 
f 2840//13 2841//2 1175//56 
f 2841//2 1970//1 1175//56 
f 2842//869 2843//870 2844//870 
f 2845//1 2843//1 2842//1 
f 2846//871 1504//872 2847//873 
f 1504//1 2846//2 645//1 
f 2848//838 2849//874 2850//874 
f 2851//1 2852//1 2853//1 
f 2854//875 2855//876 2856//876 
f 2857//1 2858//1 2859//1 
f 901//2 2860//2 2861//2 
f 2861//877 2860//878 2862//878 
f 2863//879 2864//880 2865//881 
f 2866//94 2867//94 2868//94 
f 636//674 635//882 2869//882 
f 1155//883 1154//428 1859//428 
f 2870//2 2871//2 2872//2 
f 2872//884 2873//885 2874//885 
f 2875//22 2876//22 149//22 
f 2876//886 2875//887 2877//888 
f 2878//887 2879//888 2880//889 
f 2879//18 244//18 2880//18 
f 2881//887 2882//888 2883//889 
f 2882//18 166//18 2883//18 
f 2884//887 2885//888 2886//889 
f 2885//18 248//18 2886//18 
f 2887//887 2888//888 2889//889 
f 2888//18 152//18 2889//18 
f 2890//29 2891//29 245//29 
f 2891//886 2890//887 2892//888 
f 2893//887 2894//888 2895//889 
f 2894//18 164//18 2895//18 
f 2896//887 2897//888 2898//889 
f 2897//18 236//18 2898//18 
f 2899//29 2900//29 239//29 
f 2900//886 2899//887 2901//888 
f 2902//22 2903//22 125//22 
f 2903//886 2902//887 2904//888 
f 2905//22 2906//22 723//22 
f 2906//886 2905//887 2907//888 
f 2908//29 2909//29 240//29 
f 2909//886 2908//887 2910//888 
f 2159//588 2911//588 2157//587 
f 2157//70 2911//70 213//3 
f 2156//586 2912//585 2154//585 
f 2156//96 269//6 2912//96 
f 293//890 292//85 133//782 
f 133//782 1703//13 1705//891 
f 674//892 675//893 2913//894 
f 2436//742 2913//894 1625//13 
f 675//893 1621//895 2913//894 
f 2055//896 1705//891 1706//2 
f 1706//2 676//2 1621//895 
f 2914//7 1706//2 1621//895 
f 565//94 2915//94 2916//94 
f 565//94 586//94 2917//94 
f 515//94 2918//94 2919//94 
f 515//94 2920//94 2921//94 
f 613//61 825//80 2297//80 
f 827//163 2297//162 825//162 
f 690//54 382//54 383//54 
f 682//94 690//94 2612//94 
f 379//138 381//138 689//138 
f 2615//112 689//112 687//94 
f 2333//897 2332//898 2922//899 
f 291//52 2923//52 2922//52 
f 2765//833 2924//900 2763//832 
f 2925//62 2926//62 519//62 
f 49//901 2927//901 2928//901 
f 753//1 2929//1 2927//1 
f 410//2 2930//2 2931//1 
f 2931//609 2930//902 1542//902 
f 1146//7 1148//84 2084//2 
f 2932//903 2933//903 2147//320 
f 2934//904 69//905 677//906 
f 1706//907 2935//907 677//907 
f 705//62 2936//62 703//62 
f 1239//245 2937//244 1237//244 
f 2938//1 2939//1 1613//1 
f 2940//1 2378//1 2941//1 
f 1202//7 2041//13 2040//7 
f 216//2 218//1 2942//2 
f 2143//2 2943//2 1976//13 
f 2944//908 2945//909 2946//909 
f 1866//621 1865//17 849//17 
f 2009//910 2008//910 2947//910 
f 2948//911 2949//912 2950//912 
f 2951//1 1978//1 2952//1 
f 2953//2 2401//2 2007//2 
f 2954//2 2955//1 2401//2 
f 2804//913 2956//913 2957//913 
f 2958//1 1194//1 1193//1 
f 2959//914 2960//914 2961//914 
f 509//1 2249//1 510//1 
f 2962//915 2963//916 2964//916 
f 483//95 763//1 2965//1 
f 2966//1 2320//13 2022//2 
f 2967//917 2966//917 2968//917 
f 2969//911 2970//918 2971//918 
f 2972//1 2973//1 2950//1 
f 184//18 2007//18 2401//18 
f 1973//62 2007//62 184//62 
f 701//2 2270//1 2269//1 
f 2974//919 2975//919 2976//919 
f 2977//919 2978//919 2979//919 
f 659//13 2275//2 2274//2 
f 2980//1 2324//1 2107//1 
f 2816//920 2981//920 2982//920 
f 2819//921 2983//920 2984//921 
f 2985//1 2129//1 2986//1 
f 656//13 2987//1 657//13 
f 2988//922 2989//922 2990//922 
f 2991//1 2992//1 2341//1 
f 2993//923 2992//923 2994//923 
f 2995//1 2138//1 2724//1 
f 2996//924 2138//924 1318//924 
f 2997//925 1131//215 1130//215 
f 2435//1 2998//1 2999//1 
f 3000//7 2066//1 3001//13 
f 3001//926 2066//531 2065//530 
f 1175//927 2370//927 1595//927 
f 762//928 483//929 2371//928 
f 513//2 2304//2 514//2 
f 3002//930 3003//930 3004//930 
f 3005//931 3006//931 3007//931 
f 2995//1 2305//1 2138//1 
f 3008//18 309//18 759//741 
f 309//3 3008//3 758//3 
f 2284//1 2990//1 2341//1 
f 2987//32 3009//32 2284//32 
f 3010//932 3011//932 3012//932 
f 190//1 1866//1 594//1 
f 3013//933 3014//934 3015//934 
f 3014//1 3013//1 3016//1 
f 3017//2 1394//2 3004//1 
f 3018//51 1394//51 752//51 
f 3019//299 3020//299 3021//315 
f 3020//5 488//5 3021//5 
f 3022//31 3023//31 482//31 
f 3023//316 3022//302 3024//302 
f 1949//449 3025//798 1950//450 
f 1950//5 3025//5 98//5 
f 1947//31 87//31 3026//31 
f 1947//451 3026//797 1946//452 
f 3027//210 3028//798 3029//798 
f 3028//3 3027//3 394//5 
f 3030//797 3031//797 3032//209 
f 3031//3 397//31 3032//3 
f 3033//400 3034//400 3035//364 
f 3034//3 406//31 3035//3 
f 3036//363 3037//399 3038//399 
f 3037//3 3036//3 370//31 
f 1651//70 359//3 3039//70 
f 1651//194 3039//195 589//195 
f 1650//96 3040//96 339//6 
f 591//192 3040//192 1650//193 
f 630//66 3041//66 212//5 
f 3042//186 3041//186 630//62 
f 627//86 276//31 3043//86 
f 627//61 3043//185 3044//185 
f 3045//935 3046//936 3047//937 
f 1044//1 3046//1 3045//1 
f 3048//938 3049//938 3050//938 
f 3051//1 3049//1 2324//1 
f 2985//1 2307//1 2129//1 
f 3052//938 3053//938 657//938 
f 3054//1 3055//1 1194//1 
f 3056//939 3055//939 3057//939 
f 556//50 204//1 3058//1 
f 204//29 556//29 2305//29 
f 205//13 3059//13 2124//7 
f 2124//481 3059//564 2122//564 
f 2306//13 2278//7 658//7 
f 3060//940 3061//940 3062//940 
f 511//1 2323//2 353//2 
f 3063//940 3064//940 3065//940 
f 1596//29 1177//29 2341//29 
f 1177//50 1596//13 1595//95 
f 3066//901 2272//901 187//901 
f 2273//1 2272//2 3062//1 
f 3067//901 2267//901 1390//901 
f 3068//2 2267//2 3065//1 
f 2987//1 118//50 3069//1 
f 3069//941 118//941 2307//941 
f 501//83 3070//1 2802//1 
f 3070//941 501//941 2324//941 
f 3071//18 2277//18 192//18 
f 2352//13 2277//1 3012//1 
f 386//83 3072//1 2822//56 
f 3072//29 386//29 2352//29 
f 3073//13 3074//13 3075//1 
f 3075//942 3074//942 3076//942 
f 3077//943 3078//943 3079//943 
f 3080//1 2022//2 3081//1 
f 3082//746 172//13 169//1 
f 546//1 3083//84 169//1 
f 3084//1 3085//1 169//1 
f 3085//944 3084//945 3086//945 
f 1959//94 3087//94 1957//94 
f 3088//323 3089//322 3090//946 
f 1180//94 1311//112 3091//94 
f 1180//229 3091//947 1178//227 
f 3092//181 3093//798 3094//798 
f 3092//5 262//5 3093//5 
f 3095//31 3096//31 225//31 
f 3097//797 3096//797 3095//336 
f 3098//948 3099//948 3100//949 
f 3099//18 450//18 3100//18 
f 3101//949 3102//950 3103//950 
f 3102//29 3101//29 463//29 
f 3104//948 3105//948 3106//949 
f 3105//18 467//18 3106//18 
f 3107//948 3108//948 3109//949 
f 1557//18 472//18 1558//18 
f 3110//949 3111//950 3112//950 
f 3111//29 3110//29 446//29 
f 3113//949 3114//950 3115//950 
f 3114//29 3113//29 456//29 
f 3116//949 3117//950 3118//950 
f 3117//29 3116//29 440//29 
f 3119//950 3120//950 3121//949 
f 3120//18 436//18 3121//18 
f 3122//950 3123//950 3124//949 
f 3123//18 430//18 3124//18 
f 3125//950 3126//950 3127//949 
f 1547//18 427//18 1548//18 
f 3128//949 3129//950 3130//950 
f 3129//29 3128//29 420//29 
f 3131//949 3132//950 3133//950 
f 3132//29 3131//29 423//29 
f 3096//797 3097//797 3134//209 
f 3097//3 488//5 3134//3 
f 3094//3 3135//3 482//31 
f 3135//210 3094//798 3093//798 
f 260//29 3136//236 3137//236 
f 260//67 262//5 3136//67 
f 3138//237 3139//237 408//17 
f 408//71 3139//71 225//31 
f 3138//3 488//5 3140//3 
f 3139//237 3138//237 3140//375 
f 3137//3 3141//3 482//31 
f 3141//376 3137//236 3136//236 
f 1226//5 3142//31 482//31 
f 3142//238 1226//112 508//112 
f 1225//31 488//5 3143//5 
f 366//94 1225//94 3143//239 
f 184//62 384//62 1973//62 
f 2607//51 1973//51 384//51 
f 3144//2 3145//2 3146//2 
f 3146//951 3145//952 3147//952 
f 3148//953 3149//953 744//953 
f 3150//13 2362//13 2841//2 
f 372//136 1963//136 1485//136 
f 2625//51 1485//51 1963//51 
f 1883//80 1961//62 2651//80 
f 2578//138 2651//18 1961//138 
f 1415//137 1960//137 1416//137 
f 2624//29 1416//29 1960//29 
f 2577//17 2652//18 1962//17 
f 1488//69 1962//62 2652//69 
f 831//2 1916//13 1172//1 
f 1172//54 1916//54 2719//54 
f 3151//29 1972//29 79//29 
f 1970//1 1972//2 3152//1 
f 3153//954 3154//955 3155//956 
f 78//7 3155//13 3154//2 
f 3156//18 186//18 2362//18 
f 186//1 3156//1 187//1 
f 3157//62 3158//62 3159//62 
f 1377//294 3160//957 1375//292 
f 3161//13 3162//13 3163//13 
f 3163//958 3162//959 3164//807 
f 3165//960 3166//961 3167//962 
f 50//13 3167//13 3166//7 
f 3016//963 3168//964 3169//964 
f 3013//1 3168//1 3016//1 
f 76//43 754//50 1318//50 
f 754//50 1809//1 757//1 
f 3170//1 664//1 666//1 
f 664//62 3170//671 1843//671 
f 3171//965 3172//966 3173//967 
f 78//7 3172//2 3171//1 
f 2061//1 1134//1 1931//1 
f 1134//18 2061//18 1132//18 
f 3174//182 839//170 837//169 
f 839//1 3174//1 3175//1 
f 7//5 813//3 403//4 
f 404//3 403//4 813//3 
f 3176//412 3177//411 3178//968 
f 3179//94 515//94 2415//94 
f 2913//907 3180//907 1625//907 
f 3181//969 2264//970 2263//971 
f 3173//52 3182//52 133//53 
f 3182//972 3173//967 3172//966 
f 3183//973 3184//974 3185//974 
f 3186//1 3184//1 3183//1 
f 3187//975 3188//976 2762//976 
f 3188//1 3187//1 3189//1 
f 3190//1 3191//1 2021//1 
f 3191//977 3190//978 3192//978 
f 3193//7 3194//7 609//2 
f 3195//979 3193//980 1456//980 
f 3196//1 3197//13 3198//1 
f 3198//981 3199//982 3200//982 
f 2946//909 3201//908 2944//908 
f 3202//1 1979//1 1978//1 
f 2076//18 1294//18 1293//18 
f 2443//1 1294//1 2076//1 
f 3203//62 1608//62 512//62 
f 3204//1 1608//2 3205//2 
f 3206//983 2384//699 1850//699 
f 556//50 2384//1 3206//1 
f 3207//94 2045//94 788//94 
f 3208//1 2045//1 3209//1 
f 3210//984 3211//985 3212//985 
f 3211//137 3210//137 1461//112 
f 3213//2 3214//2 3215//1 
f 3215//986 3216//987 3217//987 
f 3218//988 3219//988 2954//988 
f 190//1 2403//1 2402//7 
f 3220//1 3221//1 192//58 
f 3221//989 3220//990 3222//990 
f 2750//13 3223//7 3224//7 
f 3224//991 3223//992 3225//992 
f 3226//1 3227//1 858//1 
f 3228//993 3229//994 3230//994 
f 3231//1 3232//1 2661//2 
f 3233//995 3232//996 3234//996 
f 2281//94 3235//136 1461//112 
f 3235//997 2281//626 2280//625 
f 3236//998 3147//952 3145//952 
f 535//2 2258//2 536//2 
f 3237//999 3238//999 3239//181 
f 1953//3 1952//3 1402//5 
f 1297//267 1296//267 3240//336 
f 1846//7 1845//2 1414//1 
f 607//2 3241//1 608//2 
f 3242//1000 3243//1001 3244//1001 
f 3245//873 3246//871 3247//1002 
f 3246//79 3245//79 544//13 
f 3248//1003 3249//1004 3250//1005 
f 3250//1 3249//7 3//2 
f 3251//1006 3252//1007 3253//1007 
f 3252//1 3251//1 3254//1 
f 3255//1008 3256//1009 3257//1009 
f 3258//1 3256//1 3259//1 
f 3260//1 3261//1 3262//1 
f 3262//1010 3261//1011 3263//1011 
f 291//52 3264//52 3265//52 
f 3266//1012 3265//1013 3264//1014 
f 565//94 3267//94 3268//94 
f 3269//1015 3270//1016 3271//1017 
f 1848//1 3272//1 351//1 
f 3272//1018 1848//1019 3273//1019 
f 3274//2 3275//7 1414//1 
f 3276//1020 3275//1020 3274//1021 
f 2336//668 3277//1022 2334//666 
f 3277//13 2336//13 2//1 
f 3278//1023 3279//1024 1568//1024 
f 2099//1 3280//2 3281//1 
f 3282//1025 3283//1026 3284//1026 
f 2074//1 3285//1 2444//1 
f 1571//1027 2097//1027 2096//1027 
f 2097//1 1571//2 1573//1 
f 76//43 3286//1028 788//153 
f 788//94 3286//94 3207//94 
f 694//7 1133//7 1132//2 
f 694//7 1930//13 1133//7 
f 291//52 3287//72 292//72 
f 3288//1029 3289//1 78//7 
f 3290//1 793//1 795//1 
f 3291//1030 3263//1011 3261//1011 
f 3292//7 3293//7 3//2 
f 3293//1031 3292//1032 3294//1033 
f 3295//94 2607//94 1853//94 
f 1973//1 2607//1 3296//1 
f 3297//1034 3298//1035 3299//1036 
f 291//52 3298//52 3297//52 
f 3300//1 3301//1 3302//1 
f 3303//1037 3300//1037 3304//1038 
f 3086//945 3305//944 3085//944 
f 3305//1 3086//1 3306//1 
f 3307//1039 2571//1040 3308//1040 
f 2135//1 2571//1 3307//1 
f 1610//7 1293//1 695//2 
f 1293//1 1291//1 695//2 
f 186//62 486//62 2361//62 
f 486//1041 743//1041 2841//1041 
f 1970//1042 2841//1041 743//1041 
f 1971//1043 1970//1043 3309//1043 
f 2033//2 2297//1 2032//7 
f 2033//2 2643//2 2297//1 
f 2259//614 3310//1044 599//612 
f 291//52 2335//52 2334//52 
f 3311//1045 2379//694 2378//694 
f 2091//1 2090//1 2094//1 
f 1953//464 3312//464 1951//463 
f 1951//1 3312//13 972//1 
f 749//2 1912//13 1911//2 
f 3313//1046 3314//1046 3315//1046 
f 3316//1 3290//1 795//1 
f 3317//1047 3318//1048 3319//1049 
f 3320//1050 3321//1051 3322//1051 
f 3323//62 3324//62 3325//62 
f 3326//62 3327//62 3328//62 
f 3329//1052 3330//1053 3331//1053 
f 3332//1054 3333//336 3334//336 
f 3333//7 3332//7 3335//2 
f 3336//1055 3337//1056 3338//1056 
f 3339//1 3337//1 3340//1 
f 3341//1057 3342//1058 3343//1058 
f 1215//13 3342//1 3341//1 
f 512//62 3344//62 3203//62 
f 267//1 3344//7 512//13 
f 1776//62 519//62 3345//62 
f 3346//1059 3347//1060 3348//1061 
f 3349//775 3350//1062 349//1062 
f 3350//1 3349//1 3351//1 
f 3352//1063 3353//1063 3194//1063 
f 3354//1 3353//1 3352//1 
f 3355//2 3356//2 2862//2 
f 2862//878 3356//877 2861//877 
f 3328//62 3357//62 3326//62 
f 1730//387 3358//1064 1728//386 
f 1624//1065 3359//1065 2436//1065 
f 2437//1066 2060//1067 2059//1068 
f 2427//94 1311//112 3360//1069 
f 2427//739 3360//1070 624//120 
f 256//2 3361//7 3362//2 
f 3362//1071 3361//1071 3197//1071 
f 3363//1072 3364//1073 3365//1074 
f 2756//80 3366//80 2754//61 
f 3367//1 3368//1 3369//1 
f 3368//1075 3367//1076 3370//1076 
f 605//2 3371//1 3372//1 
f 3372//1077 3371//1078 3373//1079 
f 901//2 3374//2 2874//2 
f 2874//885 3374//884 2872//884 
f 3375//1 3376//1 3377//1 
f 3377//1080 3376//1081 3378//1081 
f 3379//1 3380//1 3381//1 
f 3382//1082 3383//1083 3384//1083 
f 3385//1084 3386//1084 3387//1085 
f 3387//3 3386//3 1402//5 
f 3388//62 3389//62 3390//62 
f 3391//1086 3392//1087 3393//1087 
f 3394//2 3395//13 1414//1 
f 3396//1088 3395//1088 3394//1089 
f 3274//1021 3397//1021 3276//1020 
f 3276//6 3397//6 1295//6 
f 3398//1090 3399//1091 3400//1091 
f 3398//1 82//2 3399//1 
f 312//13 1215//13 313//79 
f 1215//94 312//94 2626//94 
f 492//61 2578//62 1881//80 
f 492//1 2651//1 2578//1 
f 3401//1092 3402//1093 3403//1094 
f 3402//1 3404//1 3405//1 
f 560//62 1277//62 2128//62 
f 559//1 1277//13 560//1 
f 1451//1095 3406//1096 2658//1096 
f 3406//1 1451//1 3407//1 
f 979//1 580//1 3408//1 
f 3409//1097 3410//1098 3411//1098 
f 3412//94 1055//94 1609//94 
f 1055//1 3412//1 3413//1 
f 203//421 979//421 976//1099 
f 976//1 979//1 981//1 
f 3414//2 1867//1 190//1 
f 190//94 1867//94 2401//94 
f 2637//51 2636//51 614//51 
f 2636//1 2637//1 2641//1 
f 615//7 1136//1 173//55 
f 1136//32 615//32 2640//32 
f 2635//1 2634//1 2638//1 
f 2634//29 2635//29 831//29 
f 1627//13 1626//13 833//2 
f 1626//18 1627//18 2639//18 
f 3415//1100 2316//650 2315//650 
f 3416//1 2316//1 3415//1 
f 1629//32 613//32 2642//32 
f 172//13 613//1 1629//55 
f 3417//1101 3418//1102 3419//1102 
f 1720//1 1719//7 2827//13 
f 3420//1103 3421//1104 2394//1104 
f 3422//1 3421//1 3420//1 
f 1725//384 3423//384 1496//1105 
f 1727//13 3424//7 1496//13 
f 3425//62 3426//62 1776//62 
f 3427//1106 3428//1107 3429//1108 
f 3284//1026 3430//1025 3282//1025 
f 1613//1 3430//1 3284//1 
f 1595//927 1597//927 1175//927 
f 1176//669 1175//29 1597//29 
f 3431//1109 2052//1110 3432//1110 
f 2052//13 3431//13 2053//13 
f 2795//1 3433//1 2796//1 
f 2796//1111 3434//1112 3435//1112 
f 3424//1092 3436//1113 3404//1113 
f 1727//13 3436//7 3424//7 
f 2827//13 3437//1 1721//1 
f 3438//1114 3439//1115 3440//1115 
f 3441//1116 1484//330 619//329 
f 133//53 1484//52 3441//117 
f 3442//797 1521//336 1520//336 
f 3442//31 55//31 1521//31 
f 3443//5 1524//5 227//5 
f 1525//181 1524//181 3443//798 
f 1637//31 406//31 3444//31 
f 1221//166 1637//166 3444//593 
f 1633//5 3445//5 370//31 
f 3445//594 1633//146 1224//146 
f 2678//31 397//31 3446//31 
f 2679//271 2678//271 3446//195 
f 1520//3 1519//3 482//31 
f 3447//237 1938//375 1937//375 
f 1934//376 1933//376 3448//236 
f 1525//3 488//5 1526//3 
f 3449//192 2677//276 2676//276 
f 1690//5 1689//5 394//5 
f 3450//3 406//31 2420//3 
f 2422//736 3450//736 2420//232 
f 3451//3 2419//3 370//31 
f 2419//233 3451//735 2417//735 
f 3452//18 430//18 2472//18 
f 2474//751 3452//751 2472//749 
f 2471//750 3453//752 2470//752 
f 3453//29 2471//29 423//29 
f 3454//29 2462//29 420//29 
f 2462//750 3454//752 2461//752 
f 2459//751 3455//751 2457//749 
f 3455//18 427//18 2457//18 
f 3456//29 2468//29 440//29 
f 2468//750 3456//752 2467//752 
f 3457//18 436//18 2463//18 
f 2465//751 3457//751 2463//749 
f 2492//751 3458//751 2490//749 
f 3458//18 467//18 2490//18 
f 2477//750 3459//752 2476//752 
f 3459//29 2477//29 446//29 
f 3460//18 472//18 2481//18 
f 2483//751 3460//751 2481//749 
f 2489//751 3461//751 2487//749 
f 1680//18 450//18 1681//18 
f 3462//29 2480//29 463//29 
f 2480//750 3462//752 2479//752 
f 2486//750 3463//752 2485//752 
f 3463//29 2486//29 456//29 
f 3464//18 45//18 3465//18 
f 3466//1117 3464//1117 3465//1118 
f 3467//18 163//18 3468//18 
f 3469//1117 3467//1117 3468//1118 
f 3470//1117 3471//1117 3472//1118 
f 3471//18 60//18 3472//18 
f 3473//29 3474//29 145//29 
f 3474//1119 3473//1120 3475//1120 
f 3476//1119 3477//1120 3478//1120 
f 3477//29 3476//29 142//29 
f 3479//18 151//18 3480//18 
f 3481//1117 3479//1117 3480//1118 
f 3482//1117 3483//1117 3484//1118 
f 3483//18 122//18 3484//18 
f 3485//1119 3486//1120 3487//1120 
f 3486//29 3485//29 150//29 
f 3488//29 3489//29 155//29 
f 3489//1119 3488//1120 3490//1120 
f 3491//29 3492//29 126//29 
f 3492//1119 3491//1120 3493//1120 
f 3494//1119 3495//1120 3496//1120 
f 3495//29 3494//29 228//29 
f 3497//18 123//18 3498//18 
f 3499//1117 3497//1117 3498//1118 
f 3500//22 3501//22 156//22 
f 3501//246 3500//1121 3502//1121 
f 3503//22 3504//22 130//22 
f 3504//246 3503//1121 3505//1121 
f 3506//22 3507//22 146//22 
f 3507//246 3506//1121 3508//1121 
f 3509//22 3510//22 157//22 
f 3510//246 3509//1121 3511//1121 
f 3512//18 59//18 3513//18 
f 3514//1122 3512//1122 3513//253 
f 3515//22 3516//22 936//22 
f 3516//246 3515//1121 3517//1121 
f 3518//18 44//18 3519//18 
f 3520//1122 3518//1122 3519//253 
f 3521//18 942//18 3522//18 
f 3523//1122 3521//1122 3522//253 
f 3524//18 154//18 3525//18 
f 3526//1122 3524//1122 3525//253 
f 3527//18 325//18 3528//18 
f 3529//1122 3527//1122 3528//253 
f 3530//18 322//18 3531//18 
f 3532//1122 3530//1122 3531//253 
f 3533//22 3534//22 331//22 
f 3534//246 3533//1121 3535//1121 
f 3467//1117 3469//1117 3536//1123 
f 3469//18 427//18 3536//18 
f 3537//1124 3478//1120 3477//1120 
f 2230//29 2229//29 456//29 
f 3483//1117 3482//1117 3538//1123 
f 3482//18 467//18 3538//18 
f 3464//1117 3466//1117 3539//1123 
f 3466//18 472//18 3539//18 
f 3540//1124 3487//1120 3486//1120 
f 3487//29 3540//29 423//29 
f 3479//1117 3481//1117 3541//1123 
f 3481//18 436//18 3541//18 
f 1254//29 1253//29 463//29 
f 3542//1124 3475//1120 3473//1120 
f 3543//1124 3493//1120 3491//1120 
f 3493//29 3543//29 420//29 
f 3544//1124 3490//1120 3488//1120 
f 3490//29 3544//29 440//29 
f 3545//1124 3496//1120 3495//1120 
f 2221//29 2220//29 446//29 
f 3497//1117 3499//1117 3546//1123 
f 3499//18 430//18 3546//18 
f 3471//1117 3470//1117 3547//1123 
f 3470//18 450//18 3547//18 
f 2708//233 3548//735 2706//735 
f 3548//3 2708//3 394//5 
f 1708//3 397//31 1709//3 
f 2711//736 3549//736 2709//232 
f 3550//31 406//31 3551//5 
f 592//136 3550//136 3551//301 
f 3552//5 3553//31 370//31 
f 3553//297 3552//137 587//137 
f 2897//888 2896//887 3554//1125 
f 2896//18 472//18 3554//18 
f 2907//29 3555//29 440//29 
f 3555//1126 2907//888 2905//887 
f 3556//1126 2904//888 2902//887 
f 2904//29 3556//29 420//29 
f 2901//29 3557//29 446//29 
f 3557//1126 2901//888 2899//887 
f 2879//888 2878//887 3558//1125 
f 2878//18 450//18 3558//18 
f 3559//1126 2910//888 2908//887 
f 2910//29 3559//29 463//29 
f 3560//1126 2877//888 2875//887 
f 2877//29 3560//29 423//29 
f 2894//888 2893//887 3561//1125 
f 2893//18 427//18 3561//18 
f 2885//888 2884//887 3562//1125 
f 2884//18 467//18 3562//18 
f 3563//1126 2892//888 2890//887 
f 2892//29 3563//29 456//29 
f 2881//18 430//18 3564//18 
f 2882//888 2881//887 3564//1125 
f 2887//18 436//18 3565//18 
f 2888//888 2887//887 3565//1125 
f 3566//1127 1498//184 1212//332 
f 1498//3 3566//3 394//5 
f 1499//3 397//31 3567//3 
f 1210//333 1499//187 3567//1128 
f 3568//302 3569//302 3570//316 
f 3570//3 3569//3 367//3 
f 3571//315 3572//299 3573//299 
f 3571//6 42//6 3572//6 
f 3574//31 488//5 3575//31 
f 3576//593 3574//593 3575//357 
f 3577//356 3578//594 3579//594 
f 3578//5 3577//5 482//31 
f 3580//86 226//66 225//31 
f 3581//62 226//62 3580//235 
f 3582//66 262//5 479//86 
f 3582//230 479//61 3583//61 
f 1449//5 397//31 3584//5 
f 783//112 1449//112 3584//239 
f 1448//31 3585//31 394//5 
f 3585//238 1448//94 779//94 
f 3586//1129 1782//136 940//136 
f 2182//29 2181//29 423//29 
f 1333//137 1784//136 3587//1130 
f 1784//18 427//18 3587//18 
f 915//137 1801//136 3588//1130 
f 1801//18 472//18 3588//18 
f 3589//1129 1788//136 1331//136 
f 1345//29 1344//29 420//29 
f 1804//29 3590//29 446//29 
f 3590//1129 1804//136 912//136 
f 1796//18 450//18 3591//18 
f 162//137 1796//136 3591//1130 
f 1786//29 3592//29 440//29 
f 3592//1129 1786//136 937//136 
f 1798//29 3593//29 456//29 
f 3593//1129 1798//136 128//136 
f 1329//137 1789//136 3594//1130 
f 2191//18 430//18 2192//18 
f 3595//1129 1800//136 909//136 
f 1800//29 3595//29 463//29 
f 944//137 1791//136 3596//1130 
f 1335//18 436//18 1336//18 
f 167//137 1794//136 3597//1130 
f 2173//18 467//18 2174//18 
f 3598//1131 1910//446 1908//445 
f 50//13 1910//7 3598//1 
f 760//29 1577//29 1979//29 
f 1577//350 760//1 16//13 
f 352//1 509//1 353//2 
f 509//1132 352//1132 2320//1132 
f 659//13 384//13 385//1 
f 659//1133 385//1133 2273//1133 
f 701//1133 1391//1133 2268//1133 
f 10//7 1391//2 701//2 
f 2928//901 2022//901 49//901 
f 2022//2 3078//7 3077//1 
f 1978//1 2949//1 2948//1 
f 3599//18 1978//18 484//18 
f 1965//1 3600//1 3601//1 
f 3601//1134 3600//1135 2653//1135 
f 3602//1134 3603//1136 3604//1135 
f 1815//1 3603//1 3602//1 
f 2138//1 3605//1 3606//1 
f 3606//1137 3605//1137 3607//1137 
f 2957//924 1193//924 502//924 
f 2957//1 2956//1 1193//1 
f 2982//1 2981//1 2107//1 
f 2982//1138 2107//1138 1472//1138 
f 2129//1 2984//1 2983//1 
f 2984//1139 2129//1139 387//1139 
f 3608//2 3609//2 549//2 
f 3609//1140 3608//1141 3610//1141 
f 3611//56 3612//56 389//1 
f 3612//1142 3611//1143 3613//1143 
f 753//1 2927//1 49//13 
f 753//1 49//13 50//2 
f 2778//1 3614//1 3615//1 
f 3614//1144 2778//842 787//841 
f 2441//745 3616//743 2439//743 
f 2760//1 3617//1 2441//1 
f 2782//3 3618//3 1402//5 
f 2780//845 3618//845 2782//844 
f 3385//7 3619//1 972//1 
f 3387//1085 3619//1085 3385//1084 
f 3620//7 3621//2 259//7 
f 259//418 3621//416 1839//416 
f 3622//1145 3623//1145 3624//1145 
f 1596//13 2340//13 1597//13 
f 3625//1146 3626//1147 3627//1147 
f 3628//62 3629//62 3630//62 
f 281//112 670//112 1643//112 
f 1644//563 1643//17 670//17 
f 766//672 765//51 1603//51 
f 1508//61 1603//61 765//61 
f 634//2 3631//2 609//2 
f 3631//1148 2255//608 1452//608 
f 2277//1 3632//1 3633//1 
f 3633//1149 3632//1149 3634//1149 
f 291//52 3635//52 3636//52 
f 3637//1150 3636//1151 3635//1152 
f 1394//2 3638//7 3639//1 
f 3639//1153 3638//1153 3640//1153 
f 512//13 3641//2 3642//2 
f 3642//1154 3641//1154 3643//1154 
f 3384//1083 3644//1082 3382//1082 
f 904//2 3644//1 3384//1 
f 515//94 3645//94 3646//94 
f 3647//1155 3648//1156 3649//1156 
f 3650//1157 3651//1158 3652//1159 
f 3652//52 3651//117 133//53 
f 3653//1160 3015//934 3014//934 
f 3015//1161 3653//1162 76//43 
f 1809//1 2396//1 755//1 
f 3654//1163 3655//1163 3656//1163 
f 2987//1 3657//1 657//13 
f 3658//1164 3657//1164 3659//1164 
f 3660//1 2803//1 3661//1 
f 3662//1164 2803//1164 3663//1164 
f 3664//1165 3665//1165 3666//1165 
f 1972//2 3665//7 3664//2 
f 3667//1166 3668//1166 3669//1166 
f 3668//1 744//13 658//7 
f 3670//1167 3671//1167 3672//1167 
f 2272//2 3671//7 3670//1 
f 3673//1167 3674//1167 3675//1167 
f 2267//2 3674//7 3673//1 
f 1495//1 2792//1 2791//1 
f 605//2 856//1 1495//1 
f 3676//737 1969//468 1968//468 
f 2021//1 1969//1 3676//1 
f 3677//7 2823//2 3678//2 
f 3679//1168 2823//1168 3680//1168 
f 2633//13 1985//1 1984//1 
f 2721//1 2720//1 1984//1 
f 2248//52 3681//117 133//53 
f 3681//1169 2248//605 2247//604 
f 3682//1170 3683//1171 3684//1171 
f 3683//13 3685//13 3686//13 
f 3687//1172 786//1173 3688//1173 
f 76//43 786//151 3687//1174 
f 50//13 2391//13 3689//1 
f 3689//1175 2391//703 2390//703 
f 1527//51 1518//51 3690//236 
f 3690//67 1518//67 227//5 
f 3691//71 55//31 1517//71 
f 3691//237 1517//32 1523//32 
f 3692//67 1017//67 212//5 
f 3693//29 1017//54 3692//236 
f 3694//71 276//31 1014//71 
f 3694//237 1014//32 3695//18 
f 2671//797 2670//797 3696//336 
f 3696//31 2670//31 631//31 
f 3697//181 2675//798 2673//798 
f 3697//5 625//5 2675//5 
f 3698//5 3033//5 212//5 
f 3034//400 3033//400 3698//1176 
f 3699//1177 3038//399 3037//399 
f 3699//31 276//31 3038//31 
f 3700//31 397//31 3701//31 
f 3702//1178 3700//166 3701//1179 
f 3703//5 3704//5 394//5 
f 3704//1180 3703//146 3705//1181 
f 3706//594 1632//356 1631//356 
f 3706//6 269//6 1632//6 
f 3707//3 1634//3 213//3 
f 1635//357 1634//357 3707//593 
f 1081//18 152//18 3708//18 
f 3709//3 1081//3 3708//372 
f 1083//18 166//18 3710//18 
f 3711//3 1083//3 3710//372 
f 1087//22 3712//22 125//22 
f 3712//372 1087//3 3713//3 
f 1082//18 164//18 3714//18 
f 3715//3 1082//3 3714//372 
f 3716//372 1086//3 3717//3 
f 1086//22 3716//22 723//22 
f 1074//22 3718//22 149//22 
f 3718//372 1074//3 3719//3 
f 3720//281 3721//281 3722//273 
f 3721//3 397//31 3722//3 
f 3723//274 3724//280 3725//280 
f 3724//3 3723//3 394//5 
f 3726//1182 3133//950 3132//950 
f 3133//22 3726//22 149//22 
f 3130//22 3727//22 125//22 
f 3727//1182 3130//950 3129//950 
f 3118//22 3728//22 723//22 
f 3728//1182 3118//950 3117//950 
f 3119//18 152//18 3729//18 
f 3120//950 3119//950 3729//1182 
f 3122//18 166//18 3730//18 
f 3123//950 3122//950 3730//1182 
f 3126//950 3125//950 3731//1182 
f 3125//18 164//18 3731//18 
f 3732//1182 3103//950 3102//950 
f 3103//29 3732//29 240//29 
f 3733//1182 3115//950 3114//950 
f 3115//29 3733//29 245//29 
f 3105//948 3104//948 3734//1183 
f 3104//18 248//18 3734//18 
f 3107//18 236//18 3735//18 
f 3108//948 3107//948 3735//1183 
f 3099//948 3098//948 3736//1183 
f 3098//18 244//18 3736//18 
f 3737//1182 3112//950 3111//950 
f 3112//29 3737//29 239//29 
f 1125//18 248//18 3738//18 
f 3739//6 1125//6 3738//373 
f 1110//29 3740//29 245//29 
f 3740//372 1110//3 3741//3 
f 320//29 3742//29 240//29 
f 3742//372 320//3 3743//3 
f 327//29 3744//29 239//29 
f 3744//372 327//3 3745//3 
f 1126//18 244//18 3746//18 
f 3747//6 1126//6 3746//373 
f 335//18 236//18 3748//18 
f 3749//6 335//6 3748//373 
f 3750//181 3029//798 3028//798 
f 3750//5 219//5 3029//5 
f 3751//31 3030//31 286//31 
f 3031//797 3030//797 3751//336 
f 3752//166 3753//302 3754//302 
f 3752//3 251//3 3753//3 
f 3755//6 3756//6 95//6 
f 3757//299 3756//299 3755//146 
f 3758//17 165//17 2190//17 
f 2192//590 3758//590 2190//589 
f 2180//592 3759//591 2178//591 
f 3759//29 2180//29 148//29 
f 2183//592 3760//591 2181//591 
f 3760//29 2183//29 32//29 
f 3761//29 2195//29 443//29 
f 2195//592 3761//591 2193//591 
f 3762//17 433//17 2184//17 
f 2186//590 3762//590 2184//589 
f 2189//590 3763//590 2187//589 
f 3763//17 153//17 2187//17 
f 2168//592 3764//591 2166//591 
f 3764//51 2168//51 129//51 
f 2174//590 3765//590 2172//589 
f 3765//32 58//32 2172//32 
f 2162//590 3766//590 2160//589 
f 3766//32 101//32 2160//32 
f 2171//592 3767//591 2169//591 
f 3767//51 2171//51 94//51 
f 2165//592 3768//591 2163//591 
f 3768//51 2165//51 147//51 
f 2177//590 3769//590 2175//589 
f 3769//32 43//32 2175//32 
f 3770//300 3771//300 3772//239 
f 3772//100 3771//6 224//6 
f 3773//29 2527//29 155//29 
f 2527//756 3773//755 2525//755 
f 3774//29 2512//29 145//29 
f 2512//756 3774//755 2511//755 
f 3775//29 2521//29 126//29 
f 2521//756 3775//755 2520//755 
f 3776//29 2530//29 228//29 
f 2530//756 3776//755 2528//755 
f 3777//18 45//18 2524//18 
f 2523//754 3777//754 2524//753 
f 3778//18 163//18 2515//18 
f 2514//754 3778//754 2515//753 
f 3779//29 2506//29 142//29 
f 2506//756 3779//755 2505//755 
f 3780//29 2509//29 150//29 
f 2509//756 3780//755 2508//755 
f 3781//18 151//18 2498//18 
f 2500//754 3781//754 2498//753 
f 3782//18 122//18 2503//18 
f 2502//754 3782//754 2503//753 
f 3783//18 60//18 2518//18 
f 2517//754 3783//754 2518//753 
f 3784//238 3785//298 3786//298 
f 3784//82 261//3 3785//3 
f 3787//18 123//18 2497//18 
f 2496//754 3787//754 2497//753 
f 1349//18 44//18 3788//18 
f 926//286 1349//286 3788//1130 
f 1347//18 325//18 3789//18 
f 967//286 1347//286 3789//1130 
f 3790//1129 1355//291 922//291 
f 1355//22 3790//22 157//22 
f 1343//22 3791//22 156//22 
f 3791//1129 1343//291 1342//291 
f 1335//286 1334//286 3792//1130 
f 1334//18 942//18 3792//18 
f 3793//1129 1348//291 928//291 
f 1348//22 3793//22 146//22 
f 1351//18 59//18 3794//18 
f 1352//286 1351//286 3794//1130 
f 3795//1129 1340//291 945//291 
f 1340//22 3795//22 936//22 
f 1350//22 3796//22 130//22 
f 3796//1129 1350//291 919//291 
f 3797//1129 1346//291 1345//291 
f 1346//22 3797//22 331//22 
f 1338//286 1337//286 3798//1130 
f 1337//18 322//18 3798//18 
f 932//286 1354//286 3799//1130 
f 1354//18 154//18 3799//18 
f 3800//6 3019//6 224//6 
f 3020//299 3019//299 3800//146 
f 3801//166 3024//302 3022//302 
f 3801//3 261//3 3024//3 
f 784//300 1515//300 3802//239 
f 3802//100 1515//6 95//6 
f 3803//82 251//3 1516//3 
f 3803//238 1516//298 780//298 
f 3804//94 1374//94 1373//94 
f 3805//1184 3393//1087 3392//1087 
f 3806//94 3807//94 3808//94 
f 3809//1185 3810//1186 3811//1187 
f 3812//977 3813//1188 3814//1188 
f 3815//1 1815//1 2147//2 
f 3816//977 3817//1188 3818//1188 
f 3819//1 1965//1 1470//2 
f 1467//7 3820//1 1468//13 
f 3821//1189 3822//1190 3823//1190 
f 3824//1189 3825//1190 3826//1190 
f 3827//13 3828//79 2932//7 
f 3829//1191 1899//1192 3830//1192 
f 547//7 1899//7 3829//2 
f 499//13 3831//13 3832//13 
f 3831//1193 499//98 498//98 
f 3833//1194 3834//1195 3835//1195 
f 1973//1 3834//1 3833//1 
f 3836//1196 3837//1197 3838//1197 
f 976//1 3837//1 3836//1 
f 3839//1 3840//1 3841//1 
f 3840//1198 3839//1199 3842//1199 
f 3843//1198 3844//1199 3845//1199 
f 3844//1 3843//1 3846//1 
f 3846//1200 3613//1143 3611//1143 
f 3843//1 3613//1 3846//1 
f 3840//1 3610//1 3841//1 
f 3841//1201 3610//1141 3608//1141 
f 3847//1202 3289//1203 3288//1204 
f 3848//1205 1161//1206 1160//1207 
f 3849//1208 3850//1209 3851//1209 
f 3852//2 1890//2 1892//1 
f 3853//7 1304//7 2400//13 
f 3854//1208 3855//1210 3856//1209 
f 3857//1211 28//25 36//30 
f 3858//137 3859//112 3860//112 
f 3861//1212 3217//987 3216//987 
f 184//1 3217//1 3861//1 
f 3226//1213 3862//1214 3863//1215 
f 1143//1 3226//1 858//1 
f 3864//1216 3865//1217 3866//1218 
f 2793//1 3865//1 3864//1 
f 2574//80 1418//80 495//80 
f 1418//1 2574//1 2573//1 
f 371//112 1135//112 1486//112 
f 1135//1 371//1 174//7 
f 1485//2 2625//1 1486//2 
f 1486//112 2625//94 371//112 
f 546//1 817//1 547//7 
f 547//69 817//69 2576//69 
f 1882//56 495//56 298//1 
f 495//80 1882//62 2574//80 
f 1487//2 2576//2 2575//2 
f 2576//69 1487//62 547//69 
f 816//69 1808//69 820//69 
f 546//1 1808//13 816//1 
f 373//112 2627//137 818//137 
f 818//1 2627//2 819//1 
f 605//62 857//62 2628//61 
f 347//2 857//1 605//2 
f 1416//1 2624//1 1417//1 
f 1417//112 2624//112 311//112 
f 1216//1 1881//84 298//1 
f 1881//80 1216//80 492//61 
f 373//1 2021//1 2739//1 
f 818//137 2021//94 373//112 
f 820//69 2577//69 816//69 
f 2652//1 2577//1 820//1 
f 311//112 832//94 1417//112 
f 832//7 311//1 313//79 
f 493//1 2626//1 494//1 
f 2626//94 493//94 1215//94 
f 854//1 2628//1 859//1 
f 2628//61 854//80 605//62 
f 347//2 1656//2 1393//1 
f 1393//61 1656//80 2347//62 
f 1142//1 1141//1 2347//1 
f 2347//62 1141//62 1393//61 
f 3867//1219 3204//1220 2366//1220 
f 3204//1 3867//1 1608//2 
f 2830//1 2829//1 2128//1 
f 2128//62 3868//62 560//62 
f 3869//1221 3870//1222 3871//1222 
f 3870//1 3872//1 3873//1 
f 3874//1223 3875//1224 3876//1225 
f 3875//13 3874//13 3877//13 
f 3878//1226 3879//1227 3880//1228 
f 3881//62 201//61 3882//62 
f 135//1229 134//577 131//576 
f 2289//1230 2288//1231 2290//1232 
f 3883//1233 3884//1234 3885//1234 
f 3886//1 1613//1 1129//1 
f 2341//29 3887//29 1596//29 
f 2992//1 2993//1 2341//1 
f 1395//659 3888//659 749//659 
f 2798//2 2799//2 1395//1 
f 2966//1 2967//13 2320//13 
f 2320//1132 3889//1132 509//1132 
f 3890//835 2104//1235 3891//1235 
f 1061//1 2104//1 3890//1 
f 1318//924 757//924 2996//924 
f 754//50 757//1 1318//50 
f 2268//1133 3892//1133 701//1133 
f 2806//2 2807//2 2268//1 
f 2273//1133 3893//1133 659//1133 
f 2273//1 2810//2 2809//2 
f 1853//94 597//94 3295//94 
f 595//2 597//2 1853//13 
f 3253//1007 3894//1236 3251//1006 
f 346//1 3894//7 3253//7 
f 3895//1 3896//1 3897//1 
f 3896//1191 3895//1237 548//1237 
f 3898//6 3396//6 1295//6 
f 3395//1088 3396//1088 3898//1238 
f 2987//1 119//50 118//50 
f 2284//32 119//32 2987//32 
f 2284//1 3899//1 3900//1 
f 3900//1239 3899//1239 3901//1239 
f 233//13 234//1 3902//55 
f 234//1 853//13 2019//13 
f 234//1 3903//13 3904//13 
f 3904//1170 3903//1240 3685//1240 
f 1609//94 3905//94 3412//94 
f 2631//1 2630//1 1609//1 
f 3906//1 3907//1 1696//1 
f 3907//1241 3906//1242 3908//1242 
f 2250//1 2407//1 2655//1 
f 2407//1 1914//2 2655//1 
f 1983//13 2633//13 1984//1 
f 1173//112 2633//112 1983//112 
f 1983//112 833//94 1173//112 
f 1173//1 833//2 313//79 
f 3055//1 3056//1 1194//1 
f 1194//712 3909//712 1809//712 
f 3006//1 3005//1 2305//1 
f 2305//29 3910//29 204//29 
f 512//13 514//2 752//7 
f 752//51 514//51 3018//51 
f 3053//1 3052//1 2307//1 
f 2307//941 3911//941 3069//941 
f 3049//1 3048//1 2324//1 
f 2324//941 3912//941 3070//941 
f 2//2 353//2 1390//1 
f 1390//901 353//901 3067//901 
f 187//901 658//901 3066//901 
f 3156//1 658//7 187//1 
f 614//51 1137//29 2637//51 
f 547//7 1137//1 614//1 
f 2638//1 2639//1 2635//1 
f 2639//18 2638//18 1626//18 
f 2640//32 2641//32 1136//32 
f 2641//1 2640//1 2636//1 
f 831//29 1917//29 2634//29 
f 832//7 1917//7 831//2 
f 192//18 594//18 3071//18 
f 2785//1 594//1 192//58 
f 3913//61 2589//61 2588//61 
f 3914//1243 3915//1244 3916//1244 
f 2642//32 2643//32 1629//32 
f 2643//2 2642//2 2297//1 
f 1916//806 1628//806 1984//805 
f 1627//13 1628//13 1916//13 
f 3917//1245 3838//1197 3837//1197 
f 3838//7 3917//1 3918//7 
f 2607//1 3919//2 3920//1 
f 3920//780 3919//1246 2836//1246 
f 2955//1247 2954//1247 3219//1247 
f 2401//94 2955//94 190//94 
f 2352//13 3921//1 3075//1 
f 2352//29 3922//29 3072//29 
f 2832//1248 3923//1249 3924//1249 
f 3923//1 2832//1 2045//1 
f 3925//1250 3926//1251 3927//1252 
f 3925//94 1311//112 3926//94 
f 3928//1253 3929//1254 3930//1255 
f 3931//1 3932//1 3933//1 
f 3309//1043 485//1043 1971//1043 
f 1972//61 1971//61 485//61 
f 763//554 762//18 1576//18 
f 2371//928 1576//928 762//928 
f 17//14 3934//1256 3935//1257 
f 181//1258 3935//1259 3934//1260 
f 3936//1261 3937//29 3938//29 
f 3937//1 3936//1 1582//1 
f 3414//1262 3938//29 3937//29 
f 3938//2 3414//2 190//1 
f 3939//1 3940//1 3941//1 
f 604//114 3939//113 602//113 
f 16//13 761//1 79//13 
f 79//29 761//29 3151//29 
f 3149//1 3148//13 2362//13 
f 2362//18 3942//18 3156//18 
f 3943//2 3944//2 3945//2 
f 3946//1263 3943//1264 3947//1264 
f 3948//1265 3949//1266 3950//1266 
f 3208//1 3949//1 3948//1 
f 753//1 751//1 3951//1 
f 3951//1267 751//29 2407//29 
f 3201//1 2946//1 1979//1 
f 1979//29 3952//29 760//29 
f 10//7 702//13 1472//321 
f 1472//1138 702//1138 2982//1138 
f 501//83 2802//1 502//50 
f 502//924 2802//924 2957//924 
f 386//83 2822//56 387//50 
f 387//1139 2822//1139 2984//1139 
f 492//1 494//1 2651//1 
f 494//1 1416//1 2651//1 
f 1416//1 2573//1 2651//1 
f 1416//1 1418//1 2573//1 
f 1485//2 2575//2 2652//1 
f 1485//2 1487//2 2575//2 
f 819//1 2652//1 820//1 
f 819//1 1485//2 2652//1 
f 76//43 3953//1268 3286//1028 
f 3954//1269 3955//1269 3956//1269 
f 483//95 2965//1 484//83 
f 484//18 2965//18 3599//18 
f 1610//7 694//7 1132//2 
f 1611//1 1610//7 1132//2 
f 3957//1270 3958//1271 3959//1271 
f 3958//1272 3957//1273 389//1 
f 3960//2 3961//2 549//2 
f 3961//1274 3960//1275 3962//1275 
f 3963//1276 3054//1276 3964//1276 
f 3054//1 3963//1 3965//1 
f 3966//1 3823//1 3967//1 
f 3967//1277 3823//1190 3822//1190 
f 3968//2 3969//13 2//1 
f 3969//1278 3968//1279 3970//1280 
f 3971//1281 2359//1282 3897//1282 
f 2357//13 2359//13 3972//13 
f 2//1 3973//441 3974//1 
f 3975//52 3976//1283 2436//72 
f 3977//1 2103//1 3978//1 
f 3978//1284 2103//1284 2102//1284 
f 1643//112 1647//112 281//112 
f 1648//725 281//51 1647//51 
f 765//61 767//61 1508//61 
f 1509//561 1508//18 767//18 
f 665//634 664//17 1842//138 
f 1843//671 1842//62 664//62 
f 1914//2 2656//2 2655//1 
f 1914//2 1396//2 2656//2 
f 291//52 3979//52 3970//52 
f 3970//1280 3979//1285 3969//1278 
f 3980//1286 2067//533 791//533 
f 3981//1 3980//1 3982//1 
f 2047//1 3983//1 2762//1 
f 3984//1287 3985//1288 3986//1288 
f 3987//1289 3988//1290 3989//1290 
f 267//1 3990//7 3344//7 
f 3991//1080 3992//1291 3993//1291 
f 1585//1 3992//1 3991//1 
f 3994//2 1874//2 1430//2 
f 1874//1292 3994//1293 3995//1293 
f 1890//2 3845//441 776//441 
f 3996//1294 3997//1295 3998//1295 
f 1304//7 3842//1 1327//13 
f 3999//1296 4000//1295 4001//1297 
f 2720//1 2719//1 1984//1 
f 2719//54 2720//54 1172//54 
f 4002//1 4003//1 4004//13 
f 2387//701 4003//700 1863//700 
f 4005//1298 3169//964 3168//964 
f 1567//2 3169//1 607//2 
f 4006//1299 4007//1300 4008//1301 
f 4009//62 201//61 4010//62 
f 4011//1208 2644//1302 4012//1302 
f 2644//1 4011//1 2029//1 
f 2647//1 4013//1 1807//1 
f 4013//1208 2647//1302 4014//1302 
f 2074//1 4015//1 3285//1 
f 4016//1303 4017//1304 3186//1304 
f 2358//7 2844//1 2730//1 
f 4018//1305 4019//1306 4020//1306 
f 1997//1307 4021//1307 579//1307 
f 1996//2 4021//1 1997//1 
f 233//13 3876//13 4022//13 
f 4022//1308 3876//1225 3875//1224 
f 4023//30 1278//27 4024//27 
f 3324//62 3323//62 4024//62 
f 2033//2 2032//7 2031//2 
f 2033//29 2031//29 2434//29 
f 4025//1309 4026//1310 4027//1311 
f 4026//13 4025//55 1216//1 
f 3331//1053 4028//1052 3329//1052 
f 565//94 4029//94 4030//94 
f 4031//1312 666//1313 4032//1313 
f 2152//1 666//1 4033//1 
f 232//2 4034//1 4035//1 
f 4035//1314 4034//1315 2666//1315 
f 4036//1008 4037//1316 3259//1316 
f 559//1 4037//1 4036//1 
f 4038//1317 4039//1317 3080//1317 
f 509//1 4039//13 4038//13 
f 4040//2 2769//2 2771//2 
f 2769//1318 4041//1319 543//1319 
f 4042//2 2740//2 2741//2 
f 2740//819 4043//818 2739//818 
f 4044//1320 4045//1321 4046//1322 
f 2867//94 2866//94 4047//94 
f 409//639 141//1323 4048//1323 
f 53//2 141//1 409//79 
f 4049//62 201//61 4050//62 
f 4051//1324 4052//1325 4053//1326 
f 4054//434 3082//1327 4055//1327 
f 172//13 3082//746 4054//1328 
f 4056//1 4057//1 4058//1 
f 4057//1329 4056//1330 4059//1330 
f 3820//1 4060//1 1468//13 
f 2743//821 3820//820 2741//820 
f 3828//79 4061//1029 2932//7 
f 2772//821 3828//820 2771//820 
f 4062//7 4063//1 4064//1 
f 4063//1331 2369//688 2367//688 
f 2658//1096 4065//1095 1451//1095 
f 4065//2 2658//2 2660//2 
f 4066//7 107//2 4067//7 
f 4068//1332 107//1333 4066//1334 
f 3935//1259 181//1258 4069//1335 
f 4069//1 181//1 4070//2 
f 4071//1336 793//1337 4072//1337 
f 793//1 4073//1 794//13 
f 579//1307 4074//1307 1997//1307 
f 578//2 4074//2 579//1 
f 3202//1338 4075//1338 4076//1338 
f 4075//1 3202//1 1978//1 
f 4077//1111 4078//1339 4079//1339 
f 267//1 4078//13 4077//13 
f 4080//1340 4081//1341 4082//1341 
f 4083//1 2648//1 4080//1 
f 4084//1 2645//1 4085//1 
f 4085//471 4086//1342 4087//1342 
f 4088//1 2092//1 4089//1 
f 4090//1343 2092//551 2091//551 
f 4091//223 3189//1344 4092//1344 
f 3188//1 3189//1 4091//1 
f 4058//1345 4093//1346 4094//1346 
f 4057//1 4093//1 4058//1 
f 4095//1347 4096//1348 4097//1348 
f 1494//1 4096//1 4095//1 
f 75//42 1595//95 483//95 
f 483//94 1595//94 2370//94 
f 4098//62 4099//61 4100//61 
f 4099//1349 4098//1350 4101//1351 
f 1276//13 4102//13 788//153 
f 4102//1144 1276//1352 4103//1353 
f 2370//94 2371//94 483//94 
f 1970//1 2371//1 2370//1 
f 495//56 1172//1 496//56 
f 496//807 1172//807 2720//807 
f 4104//1354 4105//1355 4106//1355 
f 2761//1 2047//1 2762//1 
f 4107//13 4108//7 4109//2 
f 4108//883 4107//1356 4110//1356 
f 1//1357 4111//1358 4112//1359 
f 4111//2 1//1 3//2 
f 3339//1354 4113//1360 4114//1361 
f 4113//1 3339//1 3340//1 
f 4115//1233 4116//1362 4117//1362 
f 2379//1 4116//1 4115//1 
f 821//1 1640//1 1847//1 
f 1847//1363 1640//360 1639//359 
f 3281//1364 4118//1365 4119//1365 
f 3280//2 2095//1 3281//1 
f 3649//1156 4120//1155 3647//1155 
f 2768//62 4121//62 2766//62 
f 190//1 2947//2 1865//2 
f 1865//1366 2947//1366 2008//1366 
f 4122//1367 3051//1367 4123//1367 
f 3051//1 4122//1 4124//1 
f 4125//1 4126//1 4127//1 
f 4127//1368 4126//1368 4128//1368 
f 3932//1 4129//1 4130//1 
f 4131//1369 4132//1370 4133//1370 
f 2435//1 2999//1 4134//1 
f 4135//1371 2999//54 4136//54 
f 4137//1372 4136//54 2999//54 
f 4138//1 4136//1 4137//1 
f 107//1333 4068//1332 4139//1373 
f 11//8 4139//1374 4068//1375 
f 4140//1 4141//13 4142//13 
f 4141//1376 4140//1377 4143//1378 
f 4144//1379 4145//1380 4146//1381 
f 216//2 2942//2 2393//2 
f 3660//1 2801//1 2803//1 
f 4147//1382 3964//1382 3054//1382 
f 4148//1383 4128//1383 4126//1383 
f 3677//7 2820//7 2823//2 
f 4149//1383 4123//1383 3051//1383 
f 4123//1 4149//1 702//13 
f 4150//1 3989//1 4151//1 
f 4151//1384 3989//1290 3988//1290 
f 4152//1 4153//1 4154//1 
f 4154//1385 4153//255 4155//255 
f 543//79 4156//171 544//13 
f 4156//1386 543//1319 4041//1319 
f 4157//1387 3213//1388 4158//1388 
f 3213//2 4157//2 1153//2 
f 2927//1389 3079//1389 3078//1389 
f 2024//7 2023//7 2927//1 
f 4159//1390 4160//1391 4161//1392 
f 4162//61 413//61 4163//61 
f 1585//1 4164//1 2856//1 
f 2856//876 4164//875 2854//875 
f 2203//595 2204//595 4165//146 
f 2204//5 488//5 4165//5 
f 4166//166 2207//596 2206//596 
f 2207//31 4166//31 482//31 
f 2158//3 406//31 2159//3 
f 1017//54 3693//29 4167//1393 
f 4168//1394 3695//18 1014//32 
f 2155//3 2154//3 370//31 
f 4169//70 359//3 810//70 
f 4169//271 810//51 4170//54 
f 4171//96 805//96 339//6 
f 4172//32 805//32 4171//276 
f 4173//18 450//18 4174//18 
f 4175//1395 4173//1395 4174//288 
f 4176//1395 4177//1395 4178//288 
f 4177//18 427//18 4178//18 
f 4179//1395 4180//1395 4181//288 
f 4180//18 472//18 4181//18 
f 4182//29 4183//29 446//29 
f 4183//289 4182//1396 4184//1396 
f 4185//29 4186//29 423//29 
f 4186//289 4185//1396 4187//1396 
f 4188//1395 4189//1395 4190//288 
f 4189//18 436//18 4190//18 
f 4191//1395 4192//1395 4193//288 
f 4192//18 430//18 4193//18 
f 4194//289 4195//1396 4196//1396 
f 4195//29 4194//29 463//29 
f 4197//29 4198//29 456//29 
f 4198//289 4197//1396 4199//1396 
f 4200//1395 4201//1395 4202//288 
f 4201//18 467//18 4202//18 
f 4203//289 4204//1396 4205//1396 
f 4204//29 4203//29 440//29 
f 4206//289 4207//1396 4208//1396 
f 4207//29 4206//29 420//29 
f 1923//3 4209//3 370//31 
f 4209//1177 1923//452 1922//452 
f 1920//3 406//31 4210//3 
f 1919//449 1920//449 4210//1176 
f 3754//31 4211//31 394//5 
f 4211//316 3754//302 3753//302 
f 3756//299 3757//299 4212//315 
f 3757//5 397//31 4212//5 
f 4213//96 290//71 95//6 
f 4214//18 290//32 4213//276 
f 4215//70 251//3 254//67 
f 4215//271 254//51 4216//29 
f 4217//316 1401//302 360//302 
f 1401//5 4217//5 370//31 
f 338//299 1399//299 4218//315 
f 1399//31 406//31 4218//31 
f 3741//29 4219//29 456//29 
f 4219//1397 3741//3 1110//3 
f 3715//18 427//18 4220//18 
f 1082//3 3715//3 4220//1397 
f 3717//29 4221//29 440//29 
f 4221//1397 3717//3 1086//3 
f 3713//29 4222//29 420//29 
f 4222//1397 3713//3 1087//3 
f 3709//18 436//18 4223//18 
f 1081//3 3709//3 4223//1397 
f 3719//29 4224//29 423//29 
f 4224//1397 3719//3 1074//3 
f 4225//1397 3745//3 327//3 
f 3745//29 4225//29 446//29 
f 3749//18 472//18 4226//18 
f 335//6 3749//6 4226//1398 
f 1126//6 3747//6 4227//1398 
f 3461//18 450//18 2487//18 
f 3711//18 430//18 4228//18 
f 1083//3 3711//3 4228//1397 
f 3743//29 4229//29 463//29 
f 4229//1397 3743//3 320//3 
f 3739//18 467//18 4230//18 
f 1125//6 3739//6 4230//1398 
f 4231//86 399//66 286//31 
f 4232//62 399//62 4231//185 
f 4233//66 219//5 395//86 
f 4233//186 395//61 4234//61 
f 3701//1179 4235//1179 3702//1178 
f 3702//3 4235//3 99//3 
f 3705//1181 4236//1180 3704//1180 
f 3705//6 89//6 4236//6 
f 4237//32 58//32 1682//32 
f 1684//374 4237//374 1682//368 
f 1122//374 4238//374 1687//368 
f 4238//32 101//32 1687//32 
f 1675//368 4239//369 445//369 
f 4239//51 1675//51 147//51 
f 4240//32 43//32 1679//32 
f 1681//374 4240//374 1679//368 
f 1676//368 4241//369 462//369 
f 4241//51 1676//51 94//51 
f 4242//51 1688//51 129//51 
f 1688//368 4242//369 455//369 
f 1667//369 4243//369 1665//368 
f 4243//17 165//17 1665//17 
f 4244//17 153//17 1659//17 
f 1103//369 4244//369 1659//368 
f 1674//368 4245//369 1672//369 
f 4245//29 1674//29 148//29 
f 1668//368 4246//369 439//369 
f 4246//29 1668//29 443//29 
f 1664//368 4247//369 1662//369 
f 4247//29 1664//29 32//29 
f 1671//369 4248//369 1669//368 
f 4248//17 433//17 1669//17 
f 587//137 4249//238 3553//297 
f 587//82 359//3 4249//82 
f 3551//301 4250//239 592//136 
f 592//100 4250//100 339//6 
f 4251//100 2700//6 339//6 
f 2701//594 2700//594 4251//356 
f 4252//357 2705//593 2703//593 
f 4252//82 359//3 2705//3 
f 1753//29 4253//29 440//29 
f 4253//1119 1753//391 1752//391 
f 1762//29 4254//29 446//29 
f 4254//1119 1762//391 1761//391 
f 1766//18 430//18 4255//18 
f 1767//388 1766//388 4255//1118 
f 1738//29 4256//29 420//29 
f 4256//1119 1738//391 1737//391 
f 1744//18 450//18 4257//18 
f 1742//388 1744//388 4257//1118 
f 1765//29 4258//29 423//29 
f 4258//1119 1765//391 1763//391 
f 1733//18 472//18 4259//18 
f 1734//388 1733//388 4259//1118 
f 1749//388 1748//388 4260//1118 
f 1748//18 436//18 4260//18 
f 1756//18 467//18 4261//18 
f 1754//388 1756//388 4261//1118 
f 1759//18 427//18 4262//18 
f 1757//388 1759//388 4262//1118 
f 1747//29 4263//29 456//29 
f 4263//1119 1747//391 1745//391 
f 3475//29 3542//29 463//29 
f 4264//1119 1741//391 1740//391 
f 1820//187 4265//211 808//211 
f 4265//3 1820//3 370//31 
f 806//208 4266//208 1817//184 
f 4266//3 406//31 1817//3 
f 4267//3 406//31 4172//3 
f 4171//276 4267//276 4172//32 
f 4170//54 4268//271 4169//271 
f 4268//3 4170//3 370//31 
f 4269//273 4270//273 4271//272 
f 4270//3 488//5 4271//3 
f 4272//275 4273//274 4274//274 
f 4273//3 4272//3 482//31 
f 4275//71 87//31 4276//71 
f 4275//375 4276//237 4277//237 
f 4278//67 4279//67 98//5 
f 4280//236 4279//236 4278//376 
f 4281//96 89//6 1691//96 
f 4281//192 1691//193 1690//193 
f 396//194 1693//194 4282//195 
f 4282//70 1693//70 99//3 
f 2238//597 2240//597 1033//1 
f 2240//18 151//18 1033//18 
f 2209//597 2208//597 1021//1 
f 2208//18 60//18 1021//18 
f 2236//597 2235//597 1027//1 
f 2235//18 122//18 1027//18 
f 2216//29 1036//29 155//29 
f 1036//2 2216//598 2214//598 
f 2234//29 892//29 145//29 
f 892//2 2234//598 2233//598 
f 2219//29 330//29 126//29 
f 330//2 2219//598 2218//598 
f 2242//597 2241//597 324//1 
f 2241//18 163//18 324//18 
f 2212//597 2211//597 321//1 
f 2211//18 123//18 321//18 
f 2231//29 1024//29 142//29 
f 1024//2 2231//598 2230//598 
f 2222//29 895//29 228//29 
f 895//2 2222//598 2221//598 
f 2227//597 2226//597 898//1 
f 2226//18 45//18 898//18 
f 2225//29 1030//29 150//29 
f 1030//2 2225//598 2224//598 
f 4283//31 4284//31 370//31 
f 4284//299 4283//1399 4285//315 
f 4286//316 4287//1400 4288//302 
f 4287//5 406//31 4288//5 
f 4289//181 1819//400 891//281 
f 1819//3 4289//3 370//31 
f 885//280 1818//399 4290//336 
f 1818//3 406//31 4290//3 
f 4291//1124 1245//249 1244//249 
f 1245//29 4291//29 228//29 
f 4292//1124 1267//249 716//249 
f 1267//29 4292//29 126//29 
f 1263//29 4293//29 155//29 
f 4293//1124 1263//249 1262//249 
f 732//250 1246//250 4294//1123 
f 1246//18 122//18 4294//18 
f 4295//1124 1269//249 713//249 
f 1269//29 4295//29 150//29 
f 1266//18 151//18 4296//18 
f 710//250 1266//250 4296//1123 
f 4297//1124 1255//249 1254//249 
f 1255//29 4297//29 145//29 
f 4298//1124 1250//249 1249//249 
f 1250//29 4298//29 142//29 
f 728//250 1259//250 4299//1123 
f 1259//18 123//18 4299//18 
f 738//250 1247//250 4300//1123 
f 1247//18 60//18 4300//18 
f 724//250 1264//250 4301//1123 
f 1264//18 163//18 4301//18 
f 653//250 1258//250 4302//1123 
f 1258//18 45//18 4302//18 
f 4303//181 1317//281 1316//281 
f 1317//3 4303//3 394//5 
f 1313//280 1312//280 4304//336 
f 1312//3 397//31 4304//3 
f 4305//239 4306//1401 4307//300 
f 4306//5 4305//5 394//5 
f 4308//298 4309//1402 4310//238 
f 4309//31 397//31 4310//31 
f 4311//395 4312//1403 4313//1404 
f 4312//29 4311//29 463//29 
f 4314//1403 4315//1404 4316//395 
f 4315//18 430//18 4316//18 
f 4317//1403 4318//1404 4319//395 
f 2185//18 436//18 2186//18 
f 4320//395 4321//1403 4322//1404 
f 4321//29 4320//29 456//29 
f 4323//1403 4324//1404 4325//395 
f 4324//18 467//18 4325//18 
f 4326//29 4327//29 446//29 
f 4327//395 4326//1403 4328//1404 
f 4329//1403 4330//1404 4331//395 
f 4330//18 450//18 4331//18 
f 4332//395 4333//1403 4334//1404 
f 4333//29 4332//29 440//29 
f 4335//1403 4336//1404 4337//395 
f 4336//18 472//18 4337//18 
f 4338//1403 4339//1404 4340//395 
f 4339//18 427//18 4340//18 
f 4341//395 4342//1403 4343//1404 
f 2179//29 2178//29 420//29 
f 4344//395 4345//1403 4346//1404 
f 4345//29 4344//29 423//29 
f 4347//280 4274//274 4273//274 
f 4347//31 55//31 4274//31 
f 4348//5 4269//5 227//5 
f 4270//273 4269//273 4348//281 
f 4349//18 450//18 925//18 
f 453//60 4349//59 925//178 
f 4350//18 467//18 918//18 
f 465//60 4350//59 918//178 
f 4351//29 930//29 446//29 
f 930//179 4351//60 448//59 
f 4352//18 472//18 931//18 
f 470//60 4352//59 931//178 
f 4353//29 924//29 463//29 
f 924//179 4353//60 460//59 
f 4354//29 921//29 456//29 
f 921//179 4354//60 458//59 
f 4355//184 2113//208 2111//208 
f 4355//86 276//31 2113//86 
f 2115//211 2114//211 4356//187 
f 4356//66 2114//66 212//5 
f 434//60 4357//60 953//178 
f 4357//18 436//18 953//18 
f 4358//29 958//29 420//29 
f 958//179 4358//60 956//59 
f 4359//29 947//29 440//29 
f 947//179 4359//60 442//59 
f 4360//18 427//18 964//18 
f 966//60 4360//60 964//178 
f 4361//18 430//18 961//18 
f 963//60 4361//60 961//178 
f 4362//29 950//29 423//29 
f 950//179 4362//60 425//59 
f 4279//236 4280//236 4363//29 
f 4280//3 397//31 4363//31 
f 1497//3 1692//3 394//5 
f 4364//17 4277//237 4276//237 
f 1018//298 4365//298 1398//238 
f 4365//31 406//31 1398//31 
f 4366//5 1400//5 370//31 
f 1400//239 4366//300 1015//300 
f 4367//2 3502//1121 3500//1121 
f 3502//29 4367//29 423//29 
f 3511//29 4368//29 463//29 
f 4368//2 3511//1121 3509//1121 
f 4216//29 4369//271 4215//271 
f 4369//31 4216//31 394//5 
f 3526//18 472//18 4370//18 
f 3524//1122 3526//1122 4370//1 
f 1514//5 397//31 999//5 
f 4213//276 4371//276 4214//18 
f 4372//2 3508//1121 3506//1121 
f 3508//29 4372//29 446//29 
f 3535//29 4373//29 420//29 
f 4373//2 3535//1121 3533//1121 
f 3532//18 430//18 4374//18 
f 3530//1122 3532//1122 4374//1 
f 3529//18 427//18 4375//18 
f 3527//1122 3529//1122 4375//1 
f 3514//18 467//18 4376//18 
f 3512//1122 3514//1122 4376//1 
f 4377//2 3505//1121 3503//1121 
f 3505//29 4377//29 456//29 
f 3523//18 436//18 4378//18 
f 3521//1122 3523//1122 4378//1 
f 3518//1122 3520//1122 4379//1 
f 3520//18 450//18 4379//18 
f 3517//29 4380//29 440//29 
f 4380//2 3517//1121 3515//1121 
f 3568//31 488//5 4381//31 
f 3569//302 3568//302 4381//166 
f 3573//5 4382//5 482//31 
f 4382//146 3573//299 3572//299 
f 3042//3 406//31 4383//3 
f 3041//186 3042//186 4383//187 
f 3044//3 4384//3 370//31 
f 4384//184 3044//185 3043//185 
f 4385//799 4196//1396 4195//1396 
f 4196//22 4385//22 157//22 
f 4201//1395 4200//1395 4386//800 
f 4200//18 59//18 4386//18 
f 4387//799 4205//1396 4204//1396 
f 4205//22 4387//22 936//22 
f 4388//799 4187//1396 4185//1396 
f 4187//22 4388//22 156//22 
f 4180//1395 4179//1395 4389//800 
f 4179//18 154//18 4389//18 
f 4390//799 4208//1396 4207//1396 
f 4208//22 4390//22 331//22 
f 4391//799 4199//1396 4197//1396 
f 4199//22 4391//22 130//22 
f 4188//18 942//18 4392//18 
f 4189//1395 4188//1395 4392//800 
f 4393//799 4184//1396 4182//1396 
f 4184//22 4393//22 146//22 
f 4173//1395 4175//1395 4394//800 
f 4175//18 44//18 4394//18 
f 4177//1395 4176//1395 4395//800 
f 4176//18 325//18 4395//18 
f 4192//1395 4191//1395 4396//800 
f 4191//18 322//18 4396//18 
f 1067//3 488//5 4397//3 
f 1068//210 1067//210 4397//798 
f 1066//3 4398//3 482//31 
f 4398//797 1066//209 1065//209 
f 4399//336 3725//280 3724//280 
f 4399//31 87//31 3725//31 
f 4400//5 3720//5 98//5 
f 3721//281 3720//281 4400//181 
f 2680//187 2682//187 4401//186 
f 4401//66 2682//66 227//5 
f 4402//86 55//31 2685//86 
f 4402//185 2685//184 2683//184 
f 4403//18 436//18 4404//18 
f 712//61 4403//61 4404//889 
f 4405//18 467//18 4406//18 
f 734//61 4405//61 4406//889 
f 4407//886 4408//62 735//62 
f 4408//29 4407//29 456//29 
f 4409//18 430//18 4410//18 
f 323//61 4409//61 4410//889 
f 4411//886 4412//62 715//62 
f 4412//29 4411//29 423//29 
f 4413//18 427//18 4414//18 
f 326//61 4413//61 4414//889 
f 4415//29 4416//29 463//29 
f 4416//886 4415//62 647//62 
f 4417//29 4418//29 420//29 
f 4418//886 4417//62 332//62 
f 4419//886 4420//62 650//62 
f 4420//29 4419//29 446//29 
f 4421//18 472//18 4422//18 
f 655//61 4421//61 4422//889 
f 4423//29 4424//29 440//29 
f 4424//886 4423//62 722//62 
f 740//61 4425//61 4426//889 
f 4425//18 450//18 4426//18 
f 4232//3 397//31 4427//3 
f 399//62 4232//62 4427//186 
f 4428//185 4234//61 395//61 
f 4234//3 4428//3 394//5 
f 3581//3 488//5 4429//3 
f 226//62 3581//62 4429//186 
f 4430//185 3583//61 479//61 
f 3583//3 4430//3 482//31 
f 4431//146 3579//594 3578//594 
f 4431//6 42//6 3579//6 
f 4432//3 3576//3 367//3 
f 3574//593 3576//593 4432//166 
f 295//1405 294//1406 601//1407 
f 2922//899 2923//1408 2333//897 
f 2059//1068 2438//1409 2437//1066 
f 4433//1410 3974//1411 3973//1412 
f 4434//62 4435//62 519//62 
f 4436//1413 4437//1414 4438//1415 
f 4439//1416 4440//1416 3068//1416 
f 701//2 4440//13 4439//13 
f 659//13 4441//13 4442//13 
f 4442//1416 4441//1416 4443//1416 
f 2953//1417 2404//1417 2403//1417 
f 2404//1 2953//2 2007//2 
f 4444//1 4445//1 4446//1 
f 4446//1418 4445//1419 3933//1419 
f 1205//1 4447//2 1206//1 
f 4448//1420 4449//1421 4450//1421 
f 4451//1422 4032//1313 666//1313 
f 107//2 4032//7 4451//7 
f 4452//1 4453//1 4454//1 
f 4453//979 4452//166 4455//1423 
f 1587//1 4456//1 1588//1 
f 4457//1424 4458//1176 4459//181 
f 4460//1425 4461//1426 4462//1426 
f 4461//7 4460//2 1863//2 
f 1587//1427 4463//336 4464//336 
f 4465//1 1587//1 2294//1 
f 4454//1428 4466//336 2153//336 
f 4453//1 4466//1 4454//1 
f 4464//1 4467//1 1046//2 
f 4467//1428 4464//336 4463//336 
f 2153//1 4468//1 666//1 
f 4469//1427 2153//336 4466//336 
f 4470//1429 4471//146 4472//1430 
f 1587//1 1589//1 4473//1 
f 4474//1431 4462//1426 4461//1426 
f 1204//1 4475//1 1205//1 
f 2750//13 4476//7 3223//7 
f 4476//1432 2750//825 2748//825 
f 4477//1433 4478//1434 4479//1435 
f 4480//62 4481//62 4482//62 
f 4483//1436 4484//1437 4485//1438 
f 410//2 4484//1 4483//1 
f 4486//1439 4487//1440 4488//1440 
f 1724//13 4487//1 4486//1 
f 4489//1441 1655//366 1654//366 
f 346//1 1655//7 4489//7 
f 3807//94 3806//94 4490//94 
f 4491//1442 4492//1443 4493//1444 
f 4494//13 3688//13 4495//13 
f 4495//802 3688//1173 786//1173 
f 234//1 1406//13 4496//13 
f 1408//1 1407//1 1406//13 
f 1406//13 4497//1 4496//13 
f 4496//1445 4497//1446 4498//1446 
f 4499//1 4500//1 4501//1 
f 4501//1447 4500//1448 4502//1448 
f 3390//62 4503//62 3388//62 
f 4504//1449 4505//1450 4506//1451 
f 545//1452 4507//1452 4508//54 
f 4508//1 4507//1 4509//1 
f 4510//777 4511//1453 4512//1453 
f 4511//13 4510//7 830//13 
f 4513//1454 4514//1455 4515//1456 
f 4516//62 4517//62 4518//62 
f 4519//1 4520//1 2258//2 
f 4521//1457 4520//1458 4522//1459 
f 586//94 585//94 4523//94 
f 4524//1460 3916//1244 3915//1244 
f 256//2 4459//2 4525//2 
f 4525//1461 4459//181 4458//1176 
f 1600//1 4526//1 1589//1 
f 4527//1462 4455//1423 4452//166 
f 4528//1463 4450//1421 4449//1421 
f 1202//7 4450//13 4528//13 
f 4529//1 2388//2 4530//1 
f 4531//1464 4529//1465 4532//1465 
f 4533//7 4534//7 552//2 
f 4534//1466 4533//1467 4535//1468 
f 4536//1 4537//1 2319//1 
f 4538//1469 4539//1470 4540//1470 
f 4541//1471 3419//1102 3418//1102 
f 3419//1 4541//1 4542//1 
f 4543//1472 4544//1473 4545//1473 
f 1439//1 4546//1 1440//1 
f 4547//1 2303//1 1646//2 
f 4548//1474 2611//787 672//787 
f 1438//2 4549//2 1439//1 
f 4550//1475 4551//1476 4552//1476 
f 4553//1477 4554//1478 4555//1478 
f 4556//1 4554//1 2319//1 
f 4557//1479 4558//1480 4559//1480 
f 4560//1 2298//1 1602//2 
f 4561//1481 4562//1482 4563//1482 
f 4562//1 4561//1 1605//1 
f 540//7 4564//1 4565//2 
f 4565//1483 4564//1484 4566//1485 
f 4567//7 4568//13 4569//13 
f 4569//1486 4568//1487 4570//1487 
f 2131//1 4571//13 4572//13 
f 4573//1488 4574//1489 4575//1489 
f 1601//1 4560//1 1602//2 
f 4560//1054 4576//1490 4577//1490 
f 4578//715 4579//1490 4580//1490 
f 2301//1 4581//1 4582//1 
f 4549//2 4583//1 1439//1 
f 4584//715 4583//1490 4585//1490 
f 1985//1 2721//1 1984//1 
f 2721//62 1985//62 299//69 
f 4586//6 4587//6 1295//6 
f 4588//1491 4587//1491 4586//336 
f 615//7 173//55 2434//1 
f 2434//29 173//29 2033//29 
f 3863//1215 3254//1213 3226//1213 
f 3252//1 3254//1 3863//1 
f 3866//1218 4589//1216 3864//1216 
f 3227//1 4589//1 858//1 
f 4590//1492 2718//1493 4591//1493 
f 2718//7 4590//7 204//1 
f 4592//1494 2070//538 2069//537 
f 4593//62 4594//62 1776//62 
f 4595//1 3826//1 4596//1 
f 4596//1277 3826//1190 3825//1190 
f 2435//1 1931//1 2998//1 
f 2998//1495 4597//1496 4598//1496 
f 4599//1497 4600//1497 2663//1497 
f 794//13 1567//2 4600//13 
f 4518//62 4601//62 4516//62 
f 4602//1016 4603//1015 4604//1015 
f 4605//1 2301//1 4606//1 
f 4607//1483 4608//1498 4609//1499 
f 4610//1500 4611//1500 4612//1500 
f 2951//1 4611//1 4610//1 
f 1645//1 4547//1 1646//2 
f 4547//1472 4613//1473 4614//1473 
f 4615//1501 4616//1502 4617//1502 
f 2388//2 4618//1 4619//1 
f 1055//1 4620//1 4621//1 
f 4621//1503 4620//1504 4622//1504 
f 4623//2 4624//2 4625//2 
f 4625//1464 4624//1505 4626//1505 
f 4627//2 4628//1 4629//1 
f 4629//1469 4628//1506 4630//1506 
f 4631//1507 2973//1507 4632//1507 
f 2973//1 2970//1 2950//1 
f 4633//1 2847//1 174//7 
f 2847//873 4633//871 2846//871 
f 4634//1 4635//1 1808//13 
f 4635//1340 4634//1508 4636//1508 
f 4100//61 4637//62 4098//62 
f 4638//1509 4639//1510 4640//1511 
f 1839//13 4641//1 1840//13 
f 1840//94 4641//632 667//632 
f 3990//7 4642//1 3344//7 
f 4642//1512 3990//1513 4643//1513 
f 4644//848 4645//1514 4646//1515 
f 4645//1 4644//1 4647//1 
f 4648//1516 4649//1517 4650//1517 
f 4649//1 4648//1 4651//1 
f 76//43 4652//1518 3953//1268 
f 3953//1519 4652//1520 4653//1520 
f 979//1 4654//1 580//1 
f 4654//1521 4655//1522 4656//1522 
f 4657//1 4658//1 1613//1 
f 4658//1523 4657//1524 4659//1525 
f 4660//1526 4661//1527 4662//1527 
f 2834//13 4661//13 2140//13 
f 4663//62 4664//62 4665//62 
f 4438//1415 4666//1413 4436//1413 
f 4650//1517 4667//1516 4648//1516 
f 4668//2 2098//1 2100//1 
f 4669//2 4670//2 4522//1 
f 4522//1459 4670//1457 4521//1457 
f 4671//1528 4672//1529 4673//1529 
f 4103//1 4672//1 4671//1 
f 4674//1530 4076//1531 4075//1531 
f 2943//2 4674//2 1976//13 
f 4046//1322 4675//1532 4044//1320 
f 4676//61 4677//61 4678//61 
f 4161//1392 4679//1533 4159//1390 
f 4680//62 4681//62 4682//62 
f 4683//1534 4684//1534 4685//1535 
f 4685//2 4684//7 1414//1 
f 4686//1536 4687//1536 4688//1537 
f 4688//3 4687//3 1402//5 
f 1403//13 2579//7 972//1 
f 4689//1538 4690//1538 4691//1539 
f 184//1 4692//13 4693//13 
f 4693//379 4692//1540 1153//1540 
f 565//94 4694//94 4695//94 
f 4515//1456 4696//1541 4513//1454 
f 1156//1 3302//1 4697//1 
f 4698//1542 3302//1542 3941//1542 
f 4493//1444 4699//1442 4491//1442 
f 4700//61 4701//61 4702//61 
f 4703//1543 4704//1544 4705//1544 
f 515//94 4706//94 4707//94 
f 4708//1545 4709//1546 4710//1546 
f 556//50 4709//1 4708//1 
f 1890//2 4711//1547 3845//441 
f 4712//1548 4711//1549 4713//1549 
f 4714//1550 4715//1551 4716//1551 
f 1304//7 4715//1 3842//1 
f 1156//1 3300//1 3302//1 
f 4717//1552 4718//1553 4719//1553 
f 4720//1554 4721//1555 4722//1556 
f 4723//136 4724//136 4722//94 
f 4725//1557 4053//1326 4052//1325 
f 4725//112 1311//112 4053//112 
f 4506//1451 4726//1558 4504//1449 
f 4727//94 4728//94 4729//94 
f 1568//2 4730//2 1569//2 
f 4730//1559 1568//1024 3279//1024 
f 4731//1 4732//1 4733//1 
f 4733//1560 4732//1561 3316//1561 
f 2991//1562 4734//1562 4735//1562 
f 4734//1 2991//1 2341//1 
f 1596//13 4736//1 4737//1 
f 4737//1563 4736//1563 4738//1563 
f 4739//1 4740//1 4741//1 
f 4741//1564 4740//1564 4742//1564 
f 2826//1 4743//1 4744//1 
f 4744//1565 4743//1566 4745//1566 
f 4746//1567 2663//1567 4600//1567 
f 4747//1 2663//1 4746//1 
f 4748//1248 1720//1568 4749//1568 
f 1720//1 4750//1 1719//7 
f 265//2 266//1 2110//2 
f 2110//558 266//557 2109//557 
f 1973//1 4662//2 4751//2 
f 4751//1569 4662//1527 4661//1527 
f 4752//1570 4753//1571 4754//1571 
f 901//2 4753//7 4752//7 
f 4755//1 2435//1 4134//1 
f 4659//1525 4756//1572 4658//1523 
f 3921//1 3073//13 3075//1 
f 3073//1573 3921//1573 4757//1573 
f 4758//1281 4759//1574 3972//1574 
f 2133//1 4759//1 4758//1 
f 2099//1 3281//1 2100//1 
f 2100//1575 4760//1576 4761//1576 
f 4598//1496 3686//1577 2998//1495 
f 3683//13 3686//13 4598//13 
f 4762//1578 4763//1579 1724//1579 
f 4763//7 4762//7 4764//7 
f 1168//62 4765//62 1166//62 
f 4766//93 4767//1580 4768//1581 
f 512//13 3642//2 513//2 
f 4769//1582 4770//1582 2995//1582 
f 1913//1 4771//1 4772//1 
f 4772//1583 4771//1583 4773//1583 
f 3429//137 4774//112 1461//112 
f 4774//1584 3429//1108 3428//1107 
f 3930//1 4775//1 4776//1 
f 4776//1488 4775//146 4777//146 
f 4778//1585 4779//1586 4780//1586 
f 4781//1 4779//1 4778//1 
f 4782//1587 4783//1587 3965//1587 
f 1809//1 4783//1 4782//1 
f 4784//1588 3152//1588 4785//1588 
f 1970//1 3152//1 4784//7 
f 657//13 4786//13 658//7 
f 4786//1589 4787//1589 2985//1589 
f 2803//1 3050//1 3661//1 
f 3661//1589 4788//1589 4124//1589 
f 744//13 4789//13 656//13 
f 4789//1590 4790//1590 3150//1590 
f 4791//1 4792//1 4793//1 
f 4793//1591 4792//1592 4794//1592 
f 3678//1593 4795//1593 4796//1593 
f 2823//2 3076//1 3678//2 
f 2812//1594 4797//1594 4798//1594 
f 2273//1 4797//1 2812//1 
f 4799//1594 4800//1594 4801//1594 
f 4802//1 4800//1 4799//1 
f 4803//1595 4804//1596 4805//1596 
f 607//2 4806//1 3241//1 
f 796//1385 4807//1597 4808//1597 
f 174//7 4807//779 796//2 
f 4809//85 4810//84 389//1 
f 4810//254 4809//669 4811//669 
f 4498//1 4812//1 4813//1 
f 4812//1598 4498//1446 4497//1446 
f 4814//1599 1432//312 1431//311 
f 2844//1 4815//1 2730//1 
f 4816//423 4817//423 544//13 
f 4817//257 4816//1600 4818//1600 
f 1474//1601 4819//1602 3375//208 
f 1473//2 4820//1 1474//1 
f 4821//1603 2870//1604 4822//1604 
f 2870//2 4821//2 4823//2 
f 1512//13 2348//13 1513//13 
f 4824//1605 4825//1606 4826//1606 
f 4827//1607 4002//1608 4828//1608 
f 4002//1 4827//1 4829//1 
f 4059//1330 3285//1329 4057//1329 
f 3285//1 2443//1 2444//1 
f 4072//1337 3982//1336 4071//1336 
f 3981//1 3982//1 4072//1 
f 4830//715 4831//716 4832//716 
f 4831//1 4830//1 4833//1 
f 4834//1 4835//1 4836//1 
f 4836//147 4835//1609 4837//1609 
f 4838//104 4839//1610 4840//1610 
f 4841//1 4839//1 4838//1 
f 4842//1611 2406//727 343//727 
f 4843//1 2131//1 4844//1 
f 4845//146 4846//1612 4847//1612 
f 4848//2 4849//1 4845//2 
f 267//1 2345//7 578//2 
f 578//1613 2345//675 2344//675 
f 4850//1 4851//1 1613//1 
f 4851//1614 4850//1615 4852//1616 
f 4853//1181 4854//1617 4855//1617 
f 901//2 4854//2 4853//2 
f 2295//166 4856//638 1994//638 
f 4857//1 4858//1 4859//1 
f 3205//1618 4860//1618 4861//1618 
f 1608//2 4860//1 3205//2 
f 18//15 4862//1619 4863//1620 
f 4141//1376 4863//1621 4862//1622 
f 4144//1379 4864//1623 4865//1624 
f 4865//1625 4864//1626 12//9 
f 4866//1 4867//1 4868//1 
f 4869//1627 4867//1628 4870//1628 
f 3887//1629 3624//1629 3623//1629 
f 3624//1 3887//1 2341//1 
f 2099//1 4871//1 3280//2 
f 4872//1630 1998//486 1995//486 
f 1441//1 4873//1 1442//1 
f 4873//840 1441//1631 4874//1631 
f 3315//13 3888//1 1395//1 
f 3888//1632 3315//1632 3314//1632 
f 4875//137 4876//94 4877//136 
f 4878//1633 3322//1051 3321//1051 
f 2961//13 3889//13 2320//13 
f 3889//1634 2961//1634 2960//1634 
f 757//1635 3607//1635 3605//1635 
f 2723//1 2722//1 757//1 
f 2976//13 3892//1 2268//1 
f 3892//1636 2976//1636 2975//1636 
f 3893//1636 2979//1636 2978//1636 
f 3893//1 2273//1 2979//13 
f 4879//1637 4880//1638 76//43 
f 4880//933 4879//1639 4881//1639 
f 3932//1 4130//1 3933//1 
f 4882//1418 4883//1640 4884//1640 
f 2569//1 2356//1 2570//1 
f 2570//1641 2356//686 2355//685 
f 551//1642 1775//1643 4885//1644 
f 550//1 1775//2 551//2 
f 4886//1645 4494//1646 4887//1646 
f 4494//13 4886//13 3688//13 
f 2989//1 2988//1 2987//1 
f 2987//1647 3901//1647 3899//1647 
f 4888//1 4889//1 350//7 
f 4889//1648 4888//1648 4890//1649 
f 4891//1650 2800//1650 2798//1650 
f 749//2 2800//13 4891//13 
f 2346//677 2714//676 112//676 
f 2714//1 2346//1 4892//1 
f 4893//52 4894//52 133//53 
f 4894//1651 4893//1652 4895//1653 
f 3354//1654 2869//882 635//882 
f 2869//2 3354//1 3352//1 
f 4896//1655 3225//992 3223//992 
f 3226//1 4896//1 3227//1 
f 4897//1656 3230//994 3229//994 
f 4898//13 3230//13 4897//13 
f 4899//1657 4640//1511 4639//1510 
f 4724//136 4723//136 4900//94 
f 1163//723 2405//722 4901//1658 
f 291//52 4901//52 2405//52 
f 4902//62 4903//62 1776//62 
f 4904//1659 3212//985 3211//985 
f 4905//843 4874//1631 1441//1631 
f 4874//1660 4905//1661 76//43 
f 2735//815 4906//1662 2733//814 
f 4747//1 2662//1 2663//1 
f 4907//1663 1888//440 1887//440 
f 1654//7 1888//7 4907//7 
f 4908//52 4909//52 133//53 
f 4909//1664 4908//1665 4910//1666 
f 4911//1667 1140//218 1139//218 
f 3227//1 4912//1 4589//1 
f 78//7 4913//1 3637//2 
f 3636//1151 3637//1150 4913//1668 
f 78//7 4895//13 4914//13 
f 4914//1669 4895//1653 4893//1652 
f 4915//1670 3422//1671 3983//1671 
f 3422//1 4915//1 4916//1 
f 410//2 3947//1 4917//1 
f 4917//1672 3947//1264 3943//1264 
f 2045//1 4918//1 3209//1 
f 3209//1673 4918//1673 4919//1673 
f 4920//52 4921//117 133//53 
f 4921//1674 4920//1675 4922//1676 
f 4065//2 3234//1 4923//1 
f 4923//1677 3234//1677 3232//1677 
f 1161//1206 3848//1205 4924//1678 
f 4924//2 3848//13 78//7 
f 78//7 4910//13 4925//13 
f 4925//1679 4910//1666 4908//1665 
f 78//7 4922//13 4926//13 
f 4926//1680 4922//1676 4920//1675 
f 747//721 4927//1681 115//719 
f 4927//1 3//2 115//1 
f 291//52 1878//52 4928//52 
f 745//438 4928//1682 1878//436 
f 4112//1359 4929//1683 1//1357 
f 291//52 2261//52 2260//52 
f 4930//1654 4110//1356 4107//1356 
f 267//1 4110//7 4930//7 
f 904//2 4931//2 4932//1 
f 4932//1627 4931//1684 4868//1684 
f 4933//1 4934//1 4935//1 
f 4935//1314 4934//1685 4936//1685 
f 3290//1 3263//1 793//1 
f 4937//1686 3290//1687 4938//1687 
f 3011//1 3010//1 594//1 
f 594//1688 3634//1688 3632//1688 
f 4939//13 4719//13 4940//13 
f 4940//1689 4719//1553 4718//1553 
f 553//1 4941//1 4942//13 
f 4942//1690 4941//1690 4943//1691 
f 2851//1692 4866//1692 4944//1692 
f 4866//1 2851//1 2853//1 
f 2857//1693 4857//1693 4945//1694 
f 4857//1 2857//1 2859//1 
f 4946//1695 1473//1695 3196//1696 
f 1473//2 4947//2 4820//1 
f 608//2 2011//2 634//2 
f 634//1697 4948//1698 4949//1698 
f 4950//1699 3338//1056 3337//1056 
f 605//2 3338//1 4950//1 
f 3909//1700 3656//1700 3655//1700 
f 3656//1 3909//1 1194//1 
f 3910//1701 3643//1701 3641//1701 
f 3643//1 3910//1 2305//1 
f 2304//2 3002//7 514//2 
f 514//1702 3640//1702 3638//1702 
f 2005//1 4951//1 4938//1 
f 4951//1703 2005//491 188//491 
f 184//1 1868//1 4952//2 
f 4952//1704 1868//602 1578//602 
f 4953//1705 3627//1147 3626//1147 
f 515//94 4954//94 518//94 
f 2430//1706 4713//1549 4711//1549 
f 4713//2 2430//1 1425//1 
f 4716//2 2432//1 1322//1 
f 2432//1707 4716//1551 4715//1551 
f 3911//1708 3659//1708 3657//1709 
f 3659//1 3911//1 2307//1 
f 3912//1709 3663//1709 2803//1709 
f 3663//1 3912//1 2324//1 
f 2097//1 1573//1 1532//1 
f 1532//338 1573//337 114//337 
f 4705//1544 4955//1543 4703//1543 
f 3630//62 4956//62 3628//62 
f 353//1710 3675//1710 3674//1710 
f 3064//7 3063//7 353//2 
f 658//1710 3672//1710 3671//1710 
f 3061//7 3060//7 658//7 
f 3348//137 4957//137 1461//112 
f 4957//1659 3348//1061 3347//1060 
f 2074//1 2444//1 4958//1 
f 4852//1616 4959//1614 4851//1614 
f 1327//13 4960//13 2400//13 
f 4961//1711 4960//1712 4962//1712 
f 4963//1713 4964//1714 4965//1714 
f 776//441 4964//779 1892//1 
f 4488//7 4966//7 4967//13 
f 4966//1715 4488//1440 4487//1440 
f 1565//1 4805//1 4968//1 
f 4968//1716 4805//1596 4804//1596 
f 4969//1717 2785//847 2784//847 
f 2785//1 4969//1 594//1 
f 4970//1718 2244//600 1698//600 
f 2244//1 4970//13 4971//1 
f 4972//1364 4973//1719 4974//1719 
f 4973//1 4972//1 4975//1 
f 559//1 2085//1 1277//13 
f 2085//545 559//544 1445//544 
f 4976//1720 4977//1720 3081//1720 
f 4977//7 4976//7 2927//1 
f 4978//1 2366//1 4979//2 
f 4980//1219 4978//1721 2629//1721 
f 559//1 4981//1 4982//1 
f 4982//1722 4981//1723 4983//1723 
f 4984//1 4004//13 3197//13 
f 3197//1071 4985//1071 3362//1071 
f 1190//1 4986//1 2407//1 
f 2407//29 4986//1267 3951//1267 
f 3000//7 852//1 2066//1 
f 4987//1724 3000//1725 4988//1725 
f 4094//1346 4989//1345 4058//1345 
f 82//2 4989//1 4094//1 
f 256//2 4990//2 3200//7 
f 3200//982 4990//981 3198//981 
f 556//50 4991//1 4992//1 
f 4992//1726 4991//1727 4993//1727 
f 3080//1 3081//1 4994//1 
f 4994//1728 3081//1728 4977//1728 
f 4887//1646 4995//1645 4886//1645 
f 2827//13 4995//1 3437//1 
f 1290//1 2093//1 1406//13 
f 2093//1729 1290//263 1289//263 
f 4996//1 2035//1 1694//1 
f 2035//830 4996//1730 2761//1730 
f 291//52 4997//52 2017//52 
f 2017//505 4997//1731 1593//503 
f 291//52 3248//52 4998//52 
f 3250//1005 4998//1732 3248//1003 
f 3264//1014 4999//1733 3266//1012 
f 3266//1 4999//7 3//2 
f 2262//617 5000//1734 2260//615 
f 5000//7 2262//7 3//2 
f 1305//2 2433//2 5001//2 
f 5001//644 2433//1735 5002//1736 
f 5003//1737 2431//1736 5004//1736 
f 1891//2 2431//2 5003//2 
f 2034//1738 3373//1079 3371//1078 
f 822//1 3373//1 2034//1 
f 3988//1 3987//1 3344//7 
f 5005//1739 5006//1739 5007//1739 
f 5008//1740 4651//1741 5009//1741 
f 5010//1 4651//1 5008//1 
f 2140//13 2605//441 2836//7 
f 5011//1742 2140//580 1974//580 
f 761//1743 3666//1743 3665//1743 
f 2143//2 2144//2 761//1 
f 2094//1744 5012//1745 3886//1745 
f 5013//1 5012//1 2094//1 
f 2760//1 2762//1 3617//1 
f 5014//1746 5015//1747 5016//1747 
f 5017//94 1311//112 4008//94 
f 5017//1748 4008//1301 4007//1300 
f 291//52 2330//52 5018//52 
f 70//665 5018//1749 2330//663 
f 5019//84 5020//1 169//1 
f 5020//1750 5019//1751 5021//1751 
f 5022//1309 5023//1310 5024//1310 
f 546//1 5023//1 5022//1 
f 1913//1 3017//2 4771//1 
f 3017//1752 1913//1752 1912//1752 
f 2152//1 5025//2 2153//1 
f 5026//1753 5027//1754 870//1754 
f 5028//1755 5029//1756 5030//1757 
f 1623//52 5030//52 5029//52 
f 3942//1758 3669//1758 3668//1758 
f 3669//13 3942//13 2362//13 
f 3680//13 3922//13 2352//13 
f 3922//1759 3680//1759 2823//1759 
f 3944//2 4485//2 5031//2 
f 4485//1438 5032//1436 4483//1436 
f 4443//1416 5033//1416 4442//1416 
f 2812//1 5033//1 4443//1 
f 3068//1416 4802//1416 4439//1416 
f 4802//1 3068//2 4800//1 
f 5034//1 5035//1 5036//1 
f 4754//1571 5035//1570 4752//1570 
f 4881//1 3416//1 5037//1 
f 3416//534 4881//1639 4879//1639 
f 2452//1 5038//1 1302//7 
f 5039//1760 5040//1761 5041//1761 
f 5042//1762 4780//1586 4779//1586 
f 2445//746 5043//746 1148//84 
f 3294//1033 5044//1763 3293//1031 
f 291//52 5044//52 3294//52 
f 1879//662 5045//1764 2329//660 
f 2329//7 5045//7 3//2 
f 3299//1036 5046//1765 3297//1034 
f 5046//1 3299//7 3//2 
f 1215//13 5047//1 5048//1 
f 5048//467 5047//1766 5049//1766 
f 2021//1 5050//1 5051//1 
f 5051//467 5050//1766 5052//1766 
f 3927//1252 5053//1250 3925//1250 
f 5054//62 201//61 5055//62 
f 5056//1767 1780//393 1779//393 
f 1780//137 5056//137 1461//112 
f 5057//1 5058//1 5059//1 
f 5060//1768 5058//1769 5061//1770 
f 901//2 5062//2 5063//2 
f 5063//1771 5062//1772 5064//1772 
f 3437//1 5065//1 1721//1 
f 5066//1773 5067//1774 5068//1774 
f 1831//1 5069//1 5070//1 
f 5069//1775 5071//1776 5072//1776 
f 5073//1545 5074//1777 5075//1777 
f 5076//13 5074//13 5073//13 
f 5077//1 5078//1 5079//1 
f 5078//1075 5077//1778 5080//1778 
f 546//1 5081//1 1435//1 
f 1435//314 5081//313 1433//313 
f 5082//1779 5083//1780 5084//1781 
f 5083//1 855//1 5085//1 
f 5086//62 5087//62 1776//62 
f 5088//1782 5089//1783 5090//1784 
f 904//2 5091//1 5092//1 
f 5092//1785 5091//1786 5093//1786 
f 2870//2 4823//2 5094//2 
f 5094//1787 4823//1632 5095//1632 
f 5096//1788 5097//1788 5098//308 
f 1298//6 1297//6 1295//6 
f 5099//1 3400//1 5100//1 
f 5100//1789 3400//1091 3399//1091 
f 5101//1 5102//2 5103//1 
f 5103//1790 5102//1791 5104//1791 
f 3144//2 5105//2 3145//2 
f 5106//1792 3144//1793 3335//1793 
f 5107//13 5108//13 5109//13 
f 5109//1794 5108//1795 5110//1795 
f 76//43 5111//1796 5112//1797 
f 5112//803 5111//1798 2383//1798 
f 4555//1 5113//2 1605//1 
f 5113//1799 4555//1478 4554//1478 
f 642//1 528//1 2596//1 
f 2596//1800 528//103 527//103 
f 291//52 5114//52 3847//52 
f 3289//1203 3847//1202 5114//1801 
f 4685//1535 5115//1535 4683//1534 
f 4683//6 5115//31 1295//6 
f 4686//13 5116//1 972//1 
f 4688//1537 5116//1537 4686//1536 
f 5117//1802 4949//1698 4948//1698 
f 3406//1 4949//1 5117//1 
f 3239//3 3238//3 1402//5 
f 4691//1539 5118//1539 4689//1538 
f 1413//13 1412//7 1414//1 
f 5097//1788 5096//1788 5119//268 
f 608//1803 4673//1529 4672//1529 
f 3241//1 3242//1 608//2 
f 5120//1804 5121//1805 4764//1806 
f 5121//1 5120//1 3890//1 
f 5122//1807 5123//1808 5124//1809 
f 5124//117 5123//117 2436//72 
f 5125//1810 5126//1810 5127//1811 
f 5127//1 5126//13 972//1 
f 5128//5 5129//3 1402//5 
f 5130//1812 5129//1812 5128//1813 
f 5131//1814 5132//1814 5133//1815 
f 5133//7 5132//7 1414//1 
f 133//53 5134//52 5135//117 
f 5135//1816 5134//1817 5136//1818 
f 267//1 5137//13 5138//13 
f 5138//427 5137//1819 5139//1819 
f 5140//1820 5141//1821 5142//1821 
f 5141//7 5140//7 3335//2 
f 2797//853 5143//852 2795//852 
f 2098//1 1009//13 2099//1 
f 5144//915 5145//1822 5146//1822 
f 2951//1 5145//1 5144//1 
f 5099//1823 3186//1304 4017//1304 
f 3186//1 5099//1 3184//1 
f 3350//1 3351//1 5147//1 
f 5147//1824 3351//1825 5148//1825 
f 5149//568 5150//496 5151//496 
f 546//1 5150//2 5149//2 
f 5152//6 5153//6 1295//6 
f 5154//1826 5153//1826 5152//1089 
f 5155//1775 5156//1827 5157//1827 
f 5156//1 5155//1 174//7 
f 5158//1828 5159//1829 4781//1829 
f 5159//106 5158//441 544//13 
f 5160//1830 5136//1818 5134//1817 
f 78//7 5136//13 5160//2 
f 4088//1 5161//1 2092//1 
f 5161//1831 4088//1832 5162//1832 
f 5163//963 5164//1833 5165//1833 
f 1567//2 5164//1 3169//1 
f 5166//2 5167//2 5168//1 
f 5169//790 5166//1834 5170//1834 
f 801//1 2126//1 1720//1 
f 5171//863 801//1835 5172//1835 
f 2958//1836 2805//1836 2801//1836 
f 2805//1 2958//1 1193//1 
f 2818//1 2980//1 2107//1 
f 2980//1837 2818//1837 2817//1837 
f 2986//1837 2821//1837 2820//1837 
f 2129//1 2821//1 2986//1 
f 5173//1 4133//1 521//79 
f 4133//1370 5173//1369 4131//1369 
f 5174//691 5175//692 5176//692 
f 181//1 5175//1 5174//1 
f 5177//1722 4975//1838 5178//1838 
f 4973//1 4975//1 5177//1 
f 5179//1 5180//1 5181//1 
f 5180//817 5179//1839 5182//1839 
f 18//15 5183//1840 5184//1841 
f 5184//1842 5183//1843 4567//1844 
f 5185//1845 5186//1846 5187//1847 
f 5186//1848 5185//1849 12//9 
f 5188//1850 5189//1851 5190//1852 
f 50//13 5190//7 5189//1 
f 5191//1853 4938//1687 3290//1687 
f 2005//1 4938//1 5191//1 
f 5192//442 5193//1854 5194//1854 
f 5193//7 5192//7 1609//1 
f 5195//1855 3316//1561 4732//1561 
f 3316//1 1825//1 3290//1 
f 5196//565 5197//1856 5198//1856 
f 5197//1 5196//1 2128//1 
f 5199//1857 5200//1858 5201//1858 
f 671//1 5200//1 5199//1 
f 234//1 5202//13 3902//55 
f 3902//1859 5202//1860 5203//1861 
f 4617//7 5204//7 552//2 
f 5204//1862 4617//1502 4616//1502 
f 4529//1 5205//1 2388//2 
f 5206//1863 5205//1864 5207//1864 
f 4537//1 4556//1 2319//1 
f 5208//1790 5209//1864 5210//1864 
f 901//1865 5211//1866 5212//1866 
f 5211//7 901//2 5213//2 
f 1567//2 609//2 4600//13 
f 5214//1867 609//518 2039//518 
f 5215//1868 5216//1868 5217//1868 
f 2943//2 5215//1 4674//2 
f 5218//1869 2865//881 2864//880 
f 4678//61 5219//61 4676//61 
f 5220//1870 5221//1871 5222//1871 
f 4682//62 5223//62 4680//62 
f 5224//465 5225//1872 5226//1872 
f 4481//62 4480//62 5227//62 
f 3931//1873 525//1874 5228//1875 
f 5228//1 525//1 5229//2 
f 1722//1 4605//1 4606//1 
f 5230//1876 5231//1877 5232//1877 
f 2926//62 3345//62 519//62 
f 5233//1878 2765//833 2764//833 
f 5234//1879 5235//1880 5236//1880 
f 5228//1 5235//1 5234//1 
f 4109//1881 2254//1881 2253//1881 
f 4108//7 2254//7 4109//2 
f 5237//1882 5238//1883 5239//1883 
f 4665//62 5240//62 4663//62 
f 2002//1884 2653//1135 3600//1135 
f 2001//487 2653//13 2002//13 
f 3827//13 2932//7 2084//2 
f 2084//1885 3604//1135 3603//1136 
f 267//1 5241//13 5242//13 
f 5242//1886 5241//1887 5243//1887 
f 5244//281 3092//181 5245//181 
f 5244//5 262//5 3092//5 
f 5246//31 3095//31 225//31 
f 5247//336 3095//336 5246//280 
f 3142//31 3786//31 482//31 
f 3786//298 3142//238 3784//238 
f 3143//5 488//5 3770//5 
f 3772//239 3143//239 3770//300 
f 5248//96 42//6 616//96 
f 5248//276 616//192 5249//192 
f 5250//70 574//70 367//3 
f 5251//195 574//195 5250//271 
f 5252//31 276//31 628//71 
f 5252//363 628//231 5253//231 
f 5254//234 632//234 5255//364 
f 5255//5 632//67 212//5 
f 785//5 397//31 5256//5 
f 5257//334 785//334 5256//356 
f 5258//357 781//335 5259//335 
f 781//31 5258//31 394//5 
f 5260//298 577//298 5261//238 
f 577//31 488//5 5261//31 
f 507//5 5262//5 482//31 
f 5262//239 507//300 5263//300 
f 5264//759 1341//290 5265//290 
f 1341//29 5264//29 423//29 
f 5266//759 1344//290 5267//290 
f 1344//29 5266//29 420//29 
f 5268//759 946//290 5269//290 
f 946//29 5268//29 440//29 
f 1339//18 430//18 5270//18 
f 5271//287 1339//287 5270//758 
f 1353//18 467//18 5272//18 
f 5273//287 1353//287 5272//758 
f 5274//759 920//290 5275//290 
f 920//29 5274//29 456//29 
f 5276//759 923//290 5277//290 
f 923//29 5276//29 463//29 
f 968//18 427//18 5278//18 
f 5279//287 968//287 5278//758 
f 927//18 450//18 5280//18 
f 5281//287 927//287 5280//758 
f 933//18 472//18 5282//18 
f 5283//287 933//287 5282//758 
f 1336//18 436//18 5284//18 
f 5285//287 1336//287 5284//758 
f 5286//759 929//290 5287//290 
f 929//29 5286//29 446//29 
f 5288//31 2531//31 286//31 
f 5289//208 2531//208 5288//209 
f 5290//210 2532//211 5291//211 
f 5290//5 219//5 2532//5 
f 5292//315 3021//315 5293//193 
f 3021//5 488//5 5293//5 
f 3023//31 5294//31 482//31 
f 5294//194 3023//316 5295//316 
f 5296//415 1101//415 5297//1888 
f 1101//18 164//18 5297//18 
f 1099//18 152//18 5298//18 
f 5299//415 1099//415 5298//1888 
f 5300//949 1359//414 5301//414 
f 1359//22 5300//22 723//22 
f 5302//949 1107//414 5303//414 
f 1107//22 5302//22 149//22 
f 5304//949 1095//414 5305//414 
f 1095//22 5304//22 125//22 
f 5306//415 1091//415 5307//1888 
f 1091//18 166//18 5307//18 
f 2551//22 5267//22 331//22 
f 5267//290 2551//759 5266//759 
f 2546//18 322//18 5271//18 
f 5270//758 2546//758 5271//287 
f 5272//758 2559//758 5273//287 
f 2559//18 59//18 5273//18 
f 2555//22 5269//22 936//22 
f 5269//290 2555//759 5268//759 
f 5275//290 2548//759 5274//759 
f 2548//22 5275//22 130//22 
f 2543//18 154//18 5283//18 
f 5282//758 2543//758 5283//287 
f 2534//18 942//18 5285//18 
f 5284//758 2534//758 5285//287 
f 5287//290 2536//759 5286//759 
f 2536//22 5287//22 146//22 
f 5265//290 2560//759 5264//759 
f 2560//22 5265//22 156//22 
f 5278//758 2565//758 5279//287 
f 2565//18 325//18 5279//18 
f 2539//22 5277//22 157//22 
f 5277//290 2539//759 5276//759 
f 5280//758 2568//758 5281//287 
f 2568//18 44//18 5281//18 
f 5308//6 1001//6 95//6 
f 1514//193 1001//193 5308//315 
f 5309//3 251//3 1006//3 
f 5309//316 1006//194 392//194 
f 5310//209 3134//209 5311//208 
f 3134//3 488//5 5311//3 
f 3135//3 5312//3 482//31 
f 5312//211 3135//210 5313//210 
f 5293//193 490//193 5292//315 
f 5292//6 490//6 224//6 
f 5295//3 261//3 284//3 
f 5295//316 284//194 5294//194 
f 5314//415 1120//415 5315//1888 
f 1120//18 236//18 5315//18 
f 5316//415 1361//415 5317//1888 
f 1361//18 244//18 5317//18 
f 5318//415 1371//415 5319//1888 
f 1371//18 248//18 5319//18 
f 5320//949 1118//414 5321//414 
f 1118//29 5320//29 239//29 
f 5322//949 1114//414 5323//414 
f 1114//29 5322//29 240//29 
f 5324//949 1367//414 5325//414 
f 1367//29 5324//29 245//29 
f 5288//209 3032//209 5289//208 
f 3032//3 397//31 5289//3 
f 3027//3 5291//3 394//5 
f 5291//211 3027//210 5290//210 
f 1243//29 1562//29 446//29 
f 1562//347 1243//248 897//248 
f 714//29 1549//29 423//29 
f 1549//347 714//248 1032//248 
f 1550//347 717//248 719//248 
f 717//29 1550//29 420//29 
f 1563//347 1253//248 894//248 
f 1253//29 1563//29 463//29 
f 1035//251 711//251 1554//344 
f 711//18 436//18 1554//18 
f 1029//251 733//251 1559//344 
f 733//18 467//18 1559//18 
f 1248//29 1561//29 456//29 
f 1561//347 1248//248 1026//248 
f 900//251 654//251 1556//344 
f 654//18 472//18 1556//18 
f 727//251 725//251 1546//344 
f 725//18 427//18 1546//18 
f 739//18 450//18 1560//18 
f 1023//251 739//251 1560//344 
f 1553//347 1261//248 1038//248 
f 2526//29 2525//29 440//29 
f 731//251 729//251 1555//344 
f 729//18 430//18 1555//18 
f 5256//356 2199//356 5257//334 
f 5257//6 2199//6 95//6 
f 5259//335 2196//357 5258//357 
f 5259//3 251//3 2196//3 
f 2459//17 153//17 5326//17 
f 3455//751 2459//751 5326//1398 
f 2461//29 5327//29 148//29 
f 5327//1397 2461//752 3454//752 
f 2474//17 165//17 5328//17 
f 3452//751 2474//751 5328//1398 
f 2470//29 5329//29 32//29 
f 5329//1397 2470//752 3453//752 
f 2465//17 433//17 5330//17 
f 3457//751 2465//751 5330//1398 
f 2467//29 5331//29 443//29 
f 5331//1397 2467//752 3456//752 
f 1197//66 625//5 627//86 
f 1197//230 627//61 369//61 
f 1200//86 630//66 631//31 
f 407//62 630//62 1200//235 
f 5332//6 1650//96 339//6 
f 590//193 1650//193 5332//315 
f 5333//3 359//3 1651//70 
f 5333//316 1651//194 588//194 
f 4288//302 1220//302 4286//316 
f 4286//3 1220//3 213//3 
f 4285//315 1223//299 4284//299 
f 4285//6 269//6 1223//6 
f 3141//3 5334//3 482//31 
f 5334//272 3141//376 5335//376 
f 3140//3 488//5 5336//3 
f 5337//375 3140//375 5336//275 
f 5313//5 262//5 1927//5 
f 5313//210 1927//211 5312//211 
f 5311//208 1926//208 5310//209 
f 5310//31 1926//31 225//31 
f 489//5 488//5 5338//31 
f 5339//276 489//276 5338//17 
f 5340//29 481//271 5341//271 
f 481//31 5340//31 482//31 
f 5342//70 2157//70 213//3 
f 2158//587 2157//587 5342//1393 
f 5343//96 269//6 2156//96 
f 5343//1394 2156//586 2155//586 
f 2479//51 5344//51 94//51 
f 5344//1397 2479//752 3462//752 
f 2483//32 101//32 5345//32 
f 3460//751 2483//751 5345//1398 
f 2476//51 5346//51 147//51 
f 5346//1397 2476//752 3459//752 
f 2489//32 43//32 5347//32 
f 3461//751 2489//751 5347//1398 
f 2485//51 5348//51 129//51 
f 5348//1397 2485//752 3463//752 
f 2492//32 58//32 5349//32 
f 3458//751 2492//751 5349//1398 
f 1897//5 406//31 5350//5 
f 2668//334 1897//334 5350//356 
f 5351//357 1894//335 2669//335 
f 1894//31 5351//31 370//31 
f 1689//5 1447//5 394//5 
f 1447//299 1689//315 252//315 
f 398//31 397//31 1450//31 
f 288//316 398//316 1450//302 
f 5341//70 261//3 260//67 
f 5341//271 260//29 5340//29 
f 5339//96 408//71 224//6 
f 5338//17 408//17 5339//276 
f 2886//18 248//18 734//18 
f 4406//889 2886//889 734//61 
f 2889//1889 152//1889 712//1889 
f 4404//889 2889//889 712//61 
f 2876//1890 715//1890 149//1890 
f 715//62 2876//886 4411//886 
f 2880//18 244//18 740//18 
f 4426//889 2880//889 740//61 
f 2891//29 735//29 245//29 
f 735//62 2891//886 4407//886 
f 2898//18 236//18 655//18 
f 4422//889 2898//889 655//61 
f 2895//1889 164//1889 326//1889 
f 4414//889 2895//889 326//61 
f 2883//1889 166//1889 323//1889 
f 4410//889 2883//889 323//61 
f 2900//29 650//29 239//29 
f 650//62 2900//886 4419//886 
f 2903//1890 332//1890 125//1890 
f 332//62 2903//886 4418//886 
f 2909//29 647//29 240//29 
f 647//62 2909//886 4416//886 
f 2906//1890 722//1890 723//1890 
f 722//62 2906//886 4424//886 
f 4334//1404 1785//395 4332//395 
f 1785//29 4334//29 443//29 
f 1803//22 4328//22 147//22 
f 4328//1404 1803//395 4327//395 
f 4340//395 1783//395 4338//1403 
f 1783//17 153//17 4338//17 
f 4346//1404 1781//395 4344//395 
f 1781//29 4346//29 32//29 
f 4343//1404 1787//395 4341//395 
f 1787//29 4343//29 148//29 
f 4313//1404 1799//395 4311//395 
f 1799//22 4313//22 94//22 
f 1795//18 43//18 4329//18 
f 4331//395 1795//395 4329//1403 
f 4319//395 1792//395 4317//1403 
f 1792//17 433//17 4317//17 
f 4337//395 1802//395 4335//1403 
f 1802//18 101//18 4335//18 
f 4325//395 1793//395 4323//1403 
f 1793//18 58//18 4323//18 
f 4316//395 1790//395 4314//1403 
f 1790//17 165//17 4314//17 
f 4322//1404 1797//395 4320//395 
f 1797//22 4322//22 129//22 
f 4266//208 806//208 5352//209 
f 5352//31 806//31 631//31 
f 5353//5 625//5 808//5 
f 5353//210 808//211 4265//211 
f 4308//82 782//82 99//3 
f 4310//238 782//238 4308//298 
f 5336//275 985//275 5337//375 
f 5337//71 985//31 225//31 
f 5335//376 990//272 5334//272 
f 5335//67 262//5 990//5 
f 4307//300 778//239 4305//239 
f 4307//100 89//6 778//100 
f 1652//234 890//364 889//364 
f 1652//5 625//5 890//5 
f 1649//31 884//31 631//31 
f 887//363 884//363 1649//231 
f 1709//274 1314//274 1707//275 
f 1707//31 1314//31 286//31 
f 1712//5 219//5 1315//5 
f 1712//272 1315//273 1711//273 
f 5325//414 3113//949 5324//949 
f 3113//29 5325//29 456//29 
f 5321//414 3110//949 5320//949 
f 3110//29 5321//29 446//29 
f 5315//1888 3109//949 5314//415 
f 3108//18 472//18 3109//18 
f 5317//1888 3100//949 5316//415 
f 3100//18 450//18 5316//18 
f 5323//414 3101//949 5322//949 
f 3101//29 5323//29 463//29 
f 5319//1888 3106//949 5318//415 
f 3106//18 467//18 5318//18 
f 5305//414 3128//949 5304//949 
f 3128//29 5305//29 420//29 
f 5303//414 3131//949 5302//949 
f 3131//29 5303//29 423//29 
f 5301//414 3116//949 5300//949 
f 3116//29 5301//29 440//29 
f 5307//1888 3124//949 5306//415 
f 3124//18 430//18 5306//18 
f 5298//1888 3121//949 5299//415 
f 3121//18 436//18 5299//18 
f 5297//1888 3127//949 5296//415 
f 3126//18 427//18 3127//18 
f 5263//100 42//6 618//100 
f 5263//300 618//239 5262//239 
f 5260//82 365//82 367//3 
f 5261//238 365//238 5260//298 
f 5255//364 3035//364 5254//234 
f 3035//3 406//31 5254//3 
f 3036//3 5253//3 370//31 
f 5253//231 3036//363 5252//363 
f 1528//31 488//5 5251//31 
f 5250//271 1528//271 5251//195 
f 5249//192 1522//276 5248//276 
f 1522//5 5249//5 482//31 
f 5245//181 1925//281 5244//281 
f 1925//3 5245//3 482//31 
f 5246//280 1924//280 5247//336 
f 1924//3 488//5 5247//3 
f 5354//100 269//6 1015//100 
f 5354//334 1015//300 4366//300 
f 4365//298 1018//298 5355//335 
f 5355//82 1018//82 213//3 
f 1551//29 5356//29 440//29 
f 5356//1182 1551//348 1356//346 
f 652//29 5357//29 446//29 
f 5357//1182 652//348 328//346 
f 1128//18 450//18 5358//18 
f 1362//346 1128//346 5358//1182 
f 1548//18 427//18 5359//18 
f 1075//346 1548//346 5359//1182 
f 419//29 5360//29 420//29 
f 5360//1182 419//348 1070//346 
f 431//18 430//18 5361//18 
f 1077//346 431//346 5361//1182 
f 468//18 467//18 5362//18 
f 1368//346 468//346 5362//1182 
f 1558//18 472//18 5363//18 
f 333//346 1558//346 5363//1182 
f 437//18 436//18 5364//18 
f 1079//346 437//346 5364//1182 
f 737//29 5365//29 456//29 
f 5365//1182 737//348 1364//346 
f 422//29 5366//29 423//29 
f 5366//1182 422//348 1072//346 
f 649//29 5367//29 463//29 
f 5367//1182 649//348 318//346 
f 5368//86 87//31 1947//31 
f 5368//1127 1947//451 1945//451 
f 1948//450 1950//450 5369//1128 
f 5369//66 1950//5 98//5 
f 5370//1126 329//349 651//349 
f 329//29 5370//29 239//29 
f 1076//18 164//18 5371//18 
f 1547//345 1076//345 5371//1125 
f 1073//22 5372//22 149//22 
f 5372//1126 1073//349 421//349 
f 5373//1126 1357//349 1552//349 
f 1357//22 5373//22 723//22 
f 5374//1126 319//349 648//349 
f 319//29 5374//29 240//29 
f 1365//29 5375//29 245//29 
f 5375//1126 1365//349 736//349 
f 1363//18 244//18 5376//18 
f 1127//345 1363//345 5376//1125 
f 429//345 1078//345 5377//1125 
f 1078//18 166//18 5377//18 
f 435//345 1080//345 5378//1125 
f 1080//18 152//18 5378//18 
f 1369//18 248//18 5379//18 
f 466//345 1369//345 5379//1125 
f 5380//1126 1071//349 418//349 
f 1071//22 5380//22 125//22 
f 1557//345 334//345 5381//1125 
f 334//18 236//18 5381//18 
f 1715//335 2205//357 1713//357 
f 1715//3 261//3 2205//3 
f 1718//6 2202//6 224//6 
f 1717//356 2202//356 1718//334 
f 1949//3 397//31 5382//3 
f 3025//798 1949//449 5382//181 
f 1946//3 5383//3 394//5 
f 5383//336 1946//452 3026//797 
f 2760//1 2667//1 2761//1 
f 5384//1891 5385//1892 4933//1892 
f 5386//7 2834//13 2836//7 
f 5387//1194 5386//1893 5388//1893 
f 5125//3 5389//3 1402//5 
f 5127//1811 5389//1811 5125//1810 
f 5130//1 5390//13 972//1 
f 5128//1813 5390//1894 5130//1812 
f 5153//1826 5154//1826 5391//862 
f 5391//7 5154//2 1414//1 
f 5131//6 5392//31 1295//6 
f 5133//1815 5392//1815 5131//1814 
f 5393//1895 3194//1895 3353//1895 
f 3194//7 2253//1 609//2 
f 1719//7 5394//1 2827//13 
f 5395//1896 5396//1897 5397//1897 
f 1732//61 413//61 1181//61 
f 1729//387 66//38 65//38 
f 677//906 2935//1898 2934//904 
f 2057//52 2934//52 2935//52 
f 749//2 5398//2 750//2 
f 750//17 5398//868 1915//868 
f 5399//1899 5400//1899 5401//1900 
f 5401//2 5400//2 1414//1 
f 1968//2 1470//2 5402//2 
f 5402//1901 1470//1901 1469//1901 
f 5403//1902 2147//1902 2933//1902 
f 2145//2 2147//2 5403//2 
f 3159//62 5404//62 3157//62 
f 5405//1184 5406//1903 5407//1903 
f 5408//52 5409//117 133//53 
f 5409//1904 5408//1905 5410//1906 
f 3859//112 5411//94 5412//94 
f 4479//1435 3857//1211 4477//1433 
f 5413//1907 3811//1187 3810//1186 
f 4702//61 5414//61 4700//61 
f 5415//3 5416//3 1402//5 
f 5417//1908 5416//1908 5415//1909 
f 5418//13 5419//13 972//1 
f 5420//1910 5419//1910 5418//1911 
f 3977//1 2119//1 2103//1 
f 2119//1363 5421//1912 5422//1912 
f 4084//1 2646//1 2645//1 
f 2646//1913 4084//1914 3852//1914 
f 2649//1915 4083//1916 3853//1916 
f 4083//1 2649//1 2648//1 
f 50//13 5410//1 5423//7 
f 5423//1917 5410//1906 5408//1905 
f 5424//61 5425//61 5426//61 
f 5427//1918 417//90 416//89 
f 1835//62 5428//62 1833//62 
f 5429//732 5430//1919 5431//1919 
f 5432//2 2018//1 3//2 
f 2018//508 5432//1920 1591//506 
f 4509//1921 2448//748 2447//748 
f 4507//1 2448//1 4509//1 
f 3853//7 2400//13 5433//2 
f 5433//1922 1988//132 1987//132 
f 5434//1922 681//133 679//132 
f 3852//2 1892//1 5434//2 
f 5435//324 5436//1923 5437//1924 
f 3087//94 5438//94 5439//94 
f 5440//1925 2661//794 2659//794 
f 5441//2 2661//2 1572//2 
f 5442//196 5443//1926 5444//1926 
f 5443//2 5442//2 5445//2 
f 5436//1923 1377//294 1376//293 
f 5404//62 3159//62 5446//62 
f 232//2 5447//1 5448//1 
f 5448//1927 5447//1928 5449//1928 
f 1438//2 1440//1 5450//1 
f 5451//1929 2416//734 532//734 
f 5452//1876 4552//1476 4551//1476 
f 205//13 4552//13 5452//13 
f 4583//1 5453//1 1439//1 
f 5454//691 5453//1930 5455//1930 
f 5456//691 5457//1930 5458//1930 
f 2301//1 4582//1 4606//1 
f 5459//1790 5460//1864 5461//1864 
f 2298//1 5460//1 1602//2 
f 540//7 5462//2 5463//2 
f 5463//1876 5462//1476 4605//1476 
f 4545//1 5464//1 1437//1 
f 5464//1931 4545//1473 4544//1473 
f 5465//1932 5201//1858 5200//1858 
f 2303//1 5201//1 1646//2 
f 4547//1 5466//1 2303//1 
f 5466//1933 2726//811 2363//810 
f 3940//1 5467//1 3941//1 
f 3941//1542 5467//1542 4698//1542 
f 5468//1820 5469//1934 5470//1934 
f 4560//1 5468//1 2298//1 
f 5471//1935 5472//1936 5473//1936 
f 2131//1 4572//13 4844//1 
f 4554//1 5474//1 2319//1 
f 5475//1481 5474//1937 5476//1937 
f 4549//1938 4570//1487 4568//1487 
f 1438//2 4550//1 4549//2 
f 5477//1939 4535//1468 4533//1467 
f 2388//2 4619//1 4530//1 
f 133//53 5478//117 3165//52 
f 3166//961 3165//960 5478//1940 
f 50//13 2014//7 3650//1 
f 3651//1158 3650//1157 2014//1941 
f 3301//1942 5148//1825 3351//1825 
f 3300//1 5479//1 3301//1 
f 5480//2 5481//2 5482//1 
f 5482//1863 5481//1791 5483//1791 
f 5484//2 5485//2 5486//1 
f 5486//1790 5485//1791 5487//1791 
f 5488//1943 5489//1944 5490//1945 
f 133//53 5489//52 5488//52 
f 563//108 5491//1946 800//156 
f 565//94 5492//94 566//94 
f 2755//61 5426//61 5425//61 
f 5493//771 4524//1460 5494//1947 
f 515//94 3179//94 5495//94 
f 4767//1580 1838//413 1837//412 
f 5420//3 5496//3 1402//5 
f 5418//1911 5496//1911 5420//1910 
f 5497//1 5165//1 5498//1 
f 5498//1948 5165//1948 5164//1948 
f 3222//1 2004//1 5499//1 
f 5500//1949 3222//990 3220//990 
f 2991//1 5501//1 4738//1 
f 4738//1563 5501//1950 4737//1563 
f 4735//1562 5502//1562 2991//1562 
f 656//13 4735//1 2987//1 
f 5503//117 1483//52 133//53 
f 362//326 1483//325 5503//1951 
f 3073//13 5504//13 4796//13 
f 4796//1593 5504//1593 3678//1593 
f 50//13 5490//1 5505//7 
f 5505//1952 5490//1945 5489//1944 
f 4757//1573 5506//1573 3073//1573 
f 5506//1 4757//1 594//1 
f 3080//1317 1056//1317 4038//1317 
f 1056//13 3080//1 4994//1 
f 1165//501 2016//500 5507//1953 
f 50//13 5507//7 2016//1 
f 5508//1172 2383//1798 5111//1798 
f 1823//13 2383//13 5508//13 
f 1451//1 5509//7 5510//2 
f 5510//1954 5509//1955 5511//1955 
f 5512//1 5513//1 345//1 
f 5513//1956 5512//1957 5514//1957 
f 4747//1958 5139//1819 5137//1819 
f 5139//1 4747//1 4746//1 
f 5515//1959 5516//1959 5517//122 
f 5517//6 5516//6 1295//6 
f 5518//2 5519//2 549//2 
f 5519//1200 5518//379 5520//1960 
f 5521//56 5522//56 389//1 
f 5522//1201 5521//379 5523//379 
f 2790//1715 2746//823 2745//823 
f 1725//1 2746//1 2790//1 
f 5524//824 5525//1961 5526//1961 
f 5525//1 5524//13 5527//1 
f 133//53 5528//117 5529//117 
f 5529//1962 5528//1963 5530//1964 
f 5531//1 4742//1 757//1 
f 4742//1564 5531//1564 4741//1564 
f 5532//1212 5533//1965 5534//1965 
f 3214//2 5532//13 3215//1 
f 5535//1966 5530//1964 5528//1963 
f 50//13 5530//13 5535//13 
f 5536//1 4595//1 4596//1 
f 4595//168 5536//1967 5537//1967 
f 3966//1968 5538//1969 5539//1969 
f 5538//1 3966//1 3967//1 
f 5540//1970 5541//1970 5441//1970 
f 3280//2 5540//1 2095//1 
f 3965//1587 5542//1587 4782//1587 
f 3963//1 5542//1 3965//1 
f 346//1 5543//7 5544//2 
f 5544//1971 5543//1972 5545//1973 
f 2985//1589 4125//1589 4786//1589 
f 4125//1 2985//1 2986//1 
f 4124//1589 5546//1589 3661//1589 
f 4122//1 5546//1 4124//1 
f 4785//1588 5547//1588 4784//1588 
f 1976//13 4785//7 2144//2 
f 5548//7 4798//7 658//7 
f 4798//1594 5548//1594 2812//1594 
f 4801//1594 5549//1594 4799//1594 
f 5549//7 4801//7 353//2 
f 2840//13 3150//13 2841//2 
f 3150//1590 2840//1590 4789//1590 
f 4739//1 2995//1 2724//1 
f 2995//1582 4739//1582 4769//1582 
f 5550//1974 5551//1975 5552//1976 
f 17//14 5552//1977 5551//1978 
f 5553//1773 1849//1979 1721//1979 
f 1849//1 5553//13 1850//7 
f 5554//1949 191//489 2004//489 
f 191//57 5554//1 192//58 
f 4843//1956 5555//1980 5556//1981 
f 1648//1 4843//1 4844//1 
f 4962//1 5557//1 5558//1 
f 5557//1982 4962//1712 4960//1712 
f 5559//1 4965//1 5560//1 
f 5560//1983 4965//1714 4964//1714 
f 5561//1984 5079//1985 5562//1985 
f 5077//1 5079//1 5561//1 
f 662//13 5563//7 663//7 
f 663//1986 5563//1987 5564//1987 
f 1584//1 5565//1 5061//1 
f 5061//1770 5565//1768 5060//1768 
f 5064//1772 5566//1771 5063//1771 
f 5567//13 5566//1 5064//7 
f 3880//1228 5568//1988 3878//1226 
f 3880//94 1311//112 5568//94 
f 2304//2 4773//1 3002//7 
f 4773//1583 5569//1583 4772//1583 
f 5570//1989 5571//1990 5572//1990 
f 535//2 4519//1 2258//2 
f 4502//1 2728//1 2844//1 
f 5573//1991 4502//1448 4500//1448 
f 5574//1992 4890//1993 4888//1993 
f 4890//1 5574//1 5575//1 
f 5576//1886 5445//1994 5577//1994 
f 5443//2 5445//2 5576//2 
f 553//1995 5578//1996 5579//1996 
f 5578//13 553//1 4942//13 
f 5580//1997 5581//1998 2152//1999 
f 868//2 5581//13 5580//13 
f 5582//1050 5226//1872 5225//1872 
f 5412//94 3860//112 3859//112 
f 5239//1883 5583//1882 5237//1882 
f 515//94 5584//94 5585//94 
f 3286//2000 4919//2000 4918//2000 
f 3955//1 3954//1 3286//1028 
f 4791//1 5586//1 4792//1 
f 5587//2001 4791//2002 5588//2003 
f 1151//618 5589//2004 2036//515 
f 794//13 2036//13 795//1 
f 5539//1 5590//1 174//7 
f 5590//2005 5539//1969 5538//1969 
f 5222//1871 5591//1870 5220//1870 
f 565//94 5592//94 5593//94 
f 4644//1 5594//1 5595//1 
f 5595//2006 5594//2007 5596//2007 
f 5597//1986 5598//2008 5599//2008 
f 5600//1 5598//1 5564//1 
f 5093//1786 5601//1785 5092//1785 
f 4826//1 5602//1 5093//1 
f 5211//7 5213//2 5095//645 
f 5095//1632 5213//1787 5094//1787 
f 5603//1 5604//1 3046//1 
f 5605//1018 5604//2009 5606//2009 
f 5607//2010 1871//431 1870//430 
f 1534//94 1533//94 5608//94 
f 3917//1 5609//1 1992//1 
f 5610//2011 4794//1592 4792//1592 
f 2038//2012 794//2012 5611//2012 
f 1153//2 2038//2 5611//1 
f 2924//900 4436//1413 4666//1413 
f 4435//62 2925//62 519//62 
f 5612//7 3838//7 3918//7 
f 5613//2013 5612//2013 5614//2013 
f 4160//1391 1728//386 3358//1064 
f 4163//61 413//61 1731//61 
f 2761//1 4114//1 2047//1 
f 824//161 5615//2014 822//159 
f 5616//581 5407//1903 5406//1903 
f 5617//94 5439//94 5438//94 
f 5417//1 5618//13 972//1 
f 5415//1909 5618//1909 5417//1908 
f 5619//1918 3365//1074 3364//1073 
f 2594//94 2593//94 5620//94 
f 5621//1 3247//2 5622//1 
f 3247//1002 5621//2015 3245//873 
f 5623//2016 5624//2017 5625//2018 
f 5624//13 5623//2 2//1 
f 4437//1414 708//144 707//143 
f 2083//62 4434//62 519//62 
f 565//94 5626//94 5627//94 
f 5628//2019 2586//769 2585//769 
f 5629//1740 5630//2020 5631//2020 
f 267//1 5630//13 5629//13 
f 2414//94 4729//94 4728//94 
f 5632//1086 5431//1919 5430//1919 
f 5633//1223 2838//2021 3161//2022 
f 233//13 2838//13 5633//55 
f 5600//2023 5634//2024 5635//2024 
f 5634//1 5600//1 5564//1 
f 5636//1603 5637//2025 5638//2025 
f 553//1 5637//1 4941//1 
f 75//42 5639//2026 5640//2027 
f 5640//1286 5639//2028 5641//2028 
f 5642//2 1473//2 906//13 
f 5643//1607 5642//2029 5644//2030 
f 5645//1 5646//1 5647//1 
f 5646//1605 5645//2031 5648//2031 
f 2623//646 4159//1390 4679//1533 
f 2622//61 413//61 4162//61 
f 975//1 5649//1 5650//1 
f 5650//2032 5649//2033 5651//2033 
f 5652//2032 5653//2033 5654//2033 
f 5655//1 5653//1 5652//1 
f 5608//94 4490//94 1534//94 
f 1536//339 4491//1442 4699//1442 
f 2815//859 5656//857 2813//857 
f 5656//85 2815//56 389//1 
f 5657//2 1991//2 549//2 
f 1991//475 5657//474 1989//474 
f 3296//1742 2606//781 2605//781 
f 2607//1 2606//13 3296//1 
f 4877//136 3858//137 4875//137 
f 3858//30 4877//36 5658//36 
f 5386//7 2836//7 597//2 
f 597//2034 2836//1246 3919//1246 
f 5476//1 5659//1 1605//1 
f 5659//2035 5476//1937 5474//1937 
f 5660//2036 5661//2037 5662//2037 
f 1864//2 5661//2 5660//2 
f 5497//1160 5663//2038 5664//2038 
f 5663//1 5497//1 5498//1 
f 3959//1 5559//1 5560//1 
f 5665//1000 3959//1271 3958//1271 
f 5666//2039 3962//1275 3960//1275 
f 5557//1 3962//1 5558//1 
f 4492//1443 2753//770 2752//770 
f 3808//94 2595//94 3806//94 
f 346//1 5667//13 5668//7 
f 5668//365 5667//2040 5669//2040 
f 5670//2041 3164//807 3162//959 
f 1156//1 4717//1 3300//1 
f 2337//97 5669//2040 5667//2040 
f 5669//13 2337//13 1138//13 
f 5671//1792 5672//2042 5105//2042 
f 410//2 5672//1 5671//1 
f 3160//957 4504//1449 4726//1558 
f 3389//62 3388//62 3158//62 
f 172//13 5673//13 612//13 
f 612//2043 5673//2044 5107//2044 
f 976//1 978//1 4993//1 
f 5674//2045 4993//1727 4991//1727 
f 4505//1450 3178//968 3177//411 
f 5428//62 1835//62 4503//62 
f 5675//1055 5676//2046 3340//2047 
f 605//2 5676//1 5675//1 
f 567//94 585//94 565//94 
f 3916//1244 562//107 3914//1243 
f 1467//2048 5596//2007 5594//2007 
f 1300//7 5677//7 1467//7 
f 3827//2049 5678//2050 5679//2050 
f 5680//2051 3827//13 2084//2 
f 5681//2052 4988//1725 3000//1725 
f 234//1 4988//13 5681//13 
f 2764//833 5682//1878 5233//1878 
f 5683//62 5684//62 2767//62 
f 976//1 5614//1 5685//1 
f 5685//2053 5614//2053 5612//2053 
f 5686//2054 5687//2055 1049//2055 
f 5688//1 5687//1 5686//1 
f 3161//13 2117//7 3162//13 
f 2117//205 3161//2022 2838//2021 
f 5689//1077 3340//2047 5676//2046 
f 5690//1 3340//1 5689//1 
f 1218//2056 5004//1736 2431//1736 
f 5004//84 1218//1 298//1 
f 546//1 5002//2 5691//1 
f 5691//2056 5002//1736 2433//1735 
f 5692//2057 606//377 1695//377 
f 232//2 606//1 5692//1 
f 5693//2058 5041//1761 5040//1761 
f 5157//1 5041//1 5693//1 
f 5694//358 5695//2059 5696//2059 
f 821//1 5695//1 5694//1 
f 5697//1 5698//1 5699//1 
f 5699//2060 5698//2061 5700//2061 
f 5701//1992 349//1062 3350//1062 
f 349//1 5701//1 350//7 
f 5702//1699 1041//199 1040//199 
f 5703//1 1041//1 5702//1 
f 5704//1265 5705//2062 5706//2062 
f 5705//1 5704//1 3286//1028 
f 5707//2063 3940//2064 5708//2064 
f 3940//1 5709//1 5467//1 
f 5625//2018 5710//2065 5623//2016 
f 291//52 5710//52 5625//52 
f 5711//1296 5712//2066 5713//2066 
f 5712//1 5711//1 4839//1 
f 5714//1 5715//1 4835//1 
f 5715//1296 5714//2066 5716//2066 
f 5717//200 5718//2067 2760//2067 
f 5718//1 5717//1 5449//1 
f 5719//1 4138//1 4137//1 
f 4138//1445 5719//2068 5720//2068 
f 5721//1 2376//1 1496//13 
f 2376//2069 5721//2070 5722//2071 
f 1229//241 5723//240 1227//240 
f 5723//1 1229//2 5724//1 
f 233//13 5725//13 5726//79 
f 5726//547 5725//2072 5727//2072 
f 3357//62 5728//61 5729//62 
f 65//38 1730//387 1729//387 
f 50//13 5730//1 5731//7 
f 5731//2073 5730//2074 5503//1951 
f 5732//2075 5733//2076 5734//2077 
f 5735//1 5733//1 5732//1 
f 5736//2078 5567//2079 5737//2079 
f 5567//13 5736//1 5566//1 
f 1512//13 5738//1 2348//13 
f 5739//2080 5740//2081 5741//2081 
f 4820//1 5742//1 1474//1 
f 5743//2082 5744//2083 5745//2083 
f 5746//2084 5747//2085 4947//2085 
f 5747//1 5746//1 872//1 
f 291//52 5748//52 5749//52 
f 5749//2086 5748//2087 5750//2088 
f 5751//62 201//61 5752//62 
f 5753//2089 5754//2090 5755//2091 
f 5756//2056 5024//1310 5023//1310 
f 5757//1 5024//1 5756//13 
f 5758//2056 4027//1311 4026//1310 
f 5759//1 4027//1 5758//1 
f 1641//7 3304//1 2118//13 
f 2118//2041 3304//2092 3300//2093 
f 291//52 5760//52 5761//52 
f 5761//2094 5760//2095 5762//2096 
f 5750//2088 5763//2097 5749//2086 
f 5763//2 5750//13 2//1 
f 5764//512 5765//2098 5757//2099 
f 3853//7 4014//1 1304//7 
f 3852//2 4012//84 1890//2 
f 5766//512 5767//2099 5759//2099 
f 5768//13 2050//1 2051//13 
f 2050//1101 5768//2100 2827//2100 
f 2940//1 2941//1 5769//1 
f 5769//550 2941//2101 5770//2101 
f 3231//1 5771//1 5772//1 
f 5771//1630 3231//2102 3280//2102 
f 4656//1 5773//1 204//1 
f 5773//2103 4656//1522 4655//1522 
f 3819//2104 5052//1766 5050//1766 
f 1967//2 3819//1 1470//2 
f 3815//2104 5049//1766 5047//1766 
f 2146//2 3815//1 2147//2 
f 5774//2105 1877//435 1876//435 
f 172//13 1877//746 5774//746 
f 5762//2096 5775//2106 5761//2094 
f 5775//13 5762//2 2//1 
f 291//52 5776//52 5777//52 
f 5777//2107 5776//2108 5778//2109 
f 5779//1 5780//1 5781//1 
f 5780//552 5779//2110 5782//2110 
f 4055//1 2845//1 2842//1 
f 2845//2111 4055//1327 3082//1327 
f 2009//2 2404//1 2007//2 
f 2404//718 2009//718 2402//718 
f 5783//1 5778//1 2//1 
f 5778//2109 5783//2112 5777//2107 
f 5124//1809 5784//2113 5122//1807 
f 2//1 5122//2 5784//2 
f 5401//1900 5785//1900 5399//1899 
f 5399//6 5785//6 1295//6 
f 5516//1959 5515//1959 5786//1238 
f 5786//7 5515//7 1414//1 
f 5787//2114 3308//1040 2571//1040 
f 2730//1 5788//1 2359//13 
f 82//2 3185//1 5789//1 
f 5789//1789 3185//974 3184//974 
f 5790//2 136//13 2302//7 
f 5791//2115 136//2116 5790//2117 
f 5792//1479 5793//1506 5794//1506 
f 5101//1 5793//13 5792//13 
f 1815//2118 3343//1058 3342//1058 
f 3815//1 3812//13 1815//1 
f 1965//2119 3192//978 3190//978 
f 3819//1 3816//13 1965//1 
f 5795//1 5021//1 5796//1 
f 5021//1751 5795//1750 5020//1750 
f 3083//84 3995//84 169//1 
f 3995//1293 3083//1292 1874//1292 
f 5797//2104 3814//1188 3813//1188 
f 1215//13 3814//1 5797//1 
f 5798//2104 3818//1188 3817//1188 
f 3818//1 5798//1 2021//1 
f 3896//1 2133//1 4758//1 
f 2133//2120 3830//1192 1899//1192 
f 5799//2121 4567//1844 5183//1843 
f 4567//7 5799//1 4568//13 
f 5800//13 5550//2 5801//2 
f 5551//1975 5550//1974 5800//2122 
f 2942//2 5802//2 4144//2 
f 5802//2123 5187//1847 5186//1846 
f 5803//2124 5804//2125 3359//2126 
f 2436//72 3359//117 5804//117 
f 3086//1 4020//1 3306//1 
f 3306//2127 4020//1306 4019//1306 
f 5805//2128 5806//2129 5807//2129 
f 1204//1 1206//1 5808//1 
f 5809//2130 4456//2131 5810//2131 
f 4456//1 4458//1 1588//1 
f 5811//2132 5812//2133 5813//2133 
f 5812//1 5811//1 5814//13 
f 5815//7 5816//7 5817//2 
f 5817//2134 5816//2135 4475//2135 
f 5818//2136 5819//2137 5820//2137 
f 4475//1 5821//13 1205//1 
f 4885//1644 5822//2138 551//1642 
f 1589//1 5823//1 4473//1 
f 256//2 5824//1 5825//1 
f 5825//2139 5824//2140 4468//2140 
f 5826//2139 5827//2141 5828//2142 
f 5827//1 5826//1 5829//2 
f 5830//1 4465//1 2294//1 
f 4465//2143 5831//2144 5832//2144 
f 5833//2145 5834//2146 5835//2146 
f 1588//1 5836//1 1600//1 
f 5025//2 5837//1 2153//1 
f 5838//2147 5837//2144 5839//2144 
f 256//2 5840//2 5841//2 
f 5841//2148 5840//2149 1588//2149 
f 107//2 5842//7 5843//7 
f 5843//2150 5842//2151 4033//2151 
f 1204//1 4462//1 4475//1 
f 5844//2152 1204//2153 5845//2153 
f 5846//984 5847//2154 5848//2154 
f 5849//62 5850//62 1776//62 
f 1202//7 5851//13 5852//13 
f 5852//2155 5851//2156 5853//2156 
f 190//1 3218//1 2403//1 
f 2403//1417 3218//1417 2953//1417 
f 4099//61 4676//61 5219//61 
f 4675//1532 24//21 23//20 
f 5772//2157 1997//2157 4074//2157 
f 5771//1 1997//1 5772//1 
f 5016//1747 5854//1746 5014//1746 
f 5854//1 5016//1 1159//1 
f 1451//1 1454//1 1456//1 
f 1454//1613 1451//1095 4065//1095 
f 5855//2158 2581//767 2078//767 
f 3931//1 3928//1 3932//1 
f 605//2 997//1 5856//1 
f 5856//1738 997//191 996//190 
f 5857//2159 1159//224 1158//224 
f 5854//1 1159//1 5857//1 
f 5858//62 201//61 5859//62 
f 5860//2160 5861//2161 5862//2162 
f 546//1 5182//2 5863//1 
f 5863//2163 5182//1839 5179//1839 
f 5864//1241 5865//2164 5866//2164 
f 5865//1 3908//1 5708//1 
f 5867//1984 5868//2165 5869//2165 
f 5868//1 5867//1 3344//7 
f 3219//1247 190//1247 2955//1247 
f 190//1 3219//2166 3218//1 
f 5870//1 5013//1 2094//1 
f 5013//693 5870//2167 5871//2167 
f 3685//13 5872//7 5873//13 
f 5872//2052 3685//1240 3903//1240 
f 2731//1 5572//2 1544//1 
f 1544//2168 5572//1990 5571//1990 
f 1410//1 5874//1 1406//13 
f 5874//262 1410//2169 2339//2169 
f 5875//2170 4092//1344 3189//1344 
f 1494//1 4092//1 5875//1 
f 5727//13 4939//13 4940//13 
f 4939//1308 5727//2072 5725//2072 
f 5876//2171 5877//2172 5878//2172 
f 5877//1 5876//1 1979//1 
f 66//38 168//37 64//37 
f 201//61 198//61 1181//61 
f 5879//2173 72//40 5880//40 
f 3345//62 1777//62 1776//62 
f 5881//1 2074//1 4958//1 
f 5882//2174 5162//1832 4088//1832 
f 2951//1530 5883//2175 5884//2175 
f 5883//1 2951//1 5144//1 
f 2426//738 5885//2176 5886//2177 
f 5887//80 201//61 5888//62 
f 5029//1756 5028//1755 5889//2178 
f 2//1 5889//2 5028//13 
f 1215//13 5890//1 5891//1 
f 5891//1318 5890//2179 5892//2180 
f 2497//18 123//18 730//18 
f 2495//753 2497//753 730//344 
f 2509//29 1031//29 150//29 
f 1031//347 2509//756 2507//756 
f 2499//753 2498//753 1034//344 
f 2498//18 151//18 1034//18 
f 2506//29 1025//29 142//29 
f 1025//347 2506//756 2504//756 
f 2530//29 896//29 228//29 
f 896//347 2530//756 2529//756 
f 2518//18 60//18 1022//18 
f 2516//753 2518//753 1022//344 
f 718//347 2521//756 2519//756 
f 2521//29 718//29 126//29 
f 1037//347 2527//756 2526//756 
f 2527//29 1037//29 155//29 
f 2503//18 122//18 1028//18 
f 2501//753 2503//753 1028//344 
f 2524//18 45//18 899//18 
f 2522//753 2524//753 899//344 
f 893//347 2512//756 2510//756 
f 2512//29 893//29 145//29 
f 2515//18 163//18 726//18 
f 2513//753 2515//753 726//344 
f 4306//1401 1942//461 2712//461 
f 1942//5 4306//5 394//5 
f 2713//460 1941//460 4309//1402 
f 1941//31 397//31 4309//31 
f 3525//18 154//18 913//18 
f 473//253 3525//253 913//252 
f 3528//18 325//18 1265//18 
f 428//253 3528//253 1265//252 
f 3522//18 942//18 941//18 
f 952//253 3522//253 941//252 
f 3507//22 910//22 146//22 
f 910//247 3507//246 1241//246 
f 3531//18 322//18 1260//18 
f 960//253 3531//253 1260//252 
f 3534//22 1268//22 331//22 
f 1268//247 3534//246 955//246 
f 3510//22 907//22 157//22 
f 907//247 3510//246 1256//246 
f 3513//18 59//18 249//18 
f 917//253 3513//253 249//252 
f 3501//22 938//22 156//22 
f 938//247 3501//246 949//246 
f 3504//22 246//22 130//22 
f 246//247 3504//246 1251//246 
f 3516//22 934//22 936//22 
f 934//247 3516//246 721//246 
f 3519//18 44//18 242//18 
f 451//253 3519//253 242//252 
f 2493//31 488//5 3568//31 
f 3570//316 2493//316 3568//302 
f 2494//5 3573//5 482//31 
f 3573//299 2494//315 3571//315 
f 4342//1403 2178//591 3759//591 
f 2178//29 4342//29 420//29 
f 3766//590 2162//590 4336//1404 
f 2162//18 472//18 4336//18 
f 3763//590 2189//590 4339//1404 
f 2189//18 427//18 4339//18 
f 4345//1403 2181//591 3760//591 
f 2181//29 4345//29 423//29 
f 4333//1403 2193//591 3761//591 
f 2193//29 4333//29 440//29 
f 4326//1403 2163//591 3768//591 
f 2163//29 4326//29 446//29 
f 3765//590 2174//590 4324//1404 
f 2174//18 467//18 4324//18 
f 3769//590 2177//590 4330//1404 
f 2177//18 450//18 4330//18 
f 4321//1403 2166//591 3764//591 
f 2166//29 4321//29 456//29 
f 4312//1403 2169//591 3767//591 
f 2169//29 4312//29 463//29 
f 3758//590 2192//590 4315//1404 
f 2192//18 430//18 4315//18 
f 3762//590 2186//590 4318//1404 
f 2186//18 436//18 4318//18 
f 4381//166 4432//166 3569//302 
f 3569//3 4432//3 367//3 
f 3572//299 4431//146 4382//146 
f 3572//6 42//6 4431//6 
f 2709//3 397//31 1708//3 
f 2710//375 2709//232 1708//275 
f 2708//3 1710//3 394//5 
f 1710//272 2708//233 2707//376 
f 1208//67 4278//67 98//5 
f 876//376 4278//376 1208//272 
f 1214//275 4275//375 1692//375 
f 1214//71 87//31 4275//71 
f 5308//315 4212//315 1514//193 
f 4212//5 397//31 1514//5 
f 4206//29 954//29 420//29 
f 954//247 4206//289 1330//289 
f 720//247 4203//289 935//289 
f 4203//29 720//29 440//29 
f 1207//273 3722//273 875//272 
f 3722//3 397//31 875//3 
f 4211//31 392//31 394//5 
f 392//194 4211//316 5309//316 
f 4202//18 467//18 916//18 
f 250//288 4202//288 916//252 
f 4194//29 1257//29 463//29 
f 1257//247 4194//289 908//289 
f 4198//29 1252//29 456//29 
f 1252//247 4198//289 247//289 
f 1328//288 4193//288 959//252 
f 4193//18 430//18 959//18 
f 943//288 4190//288 951//252 
f 4190//18 436//18 951//18 
f 4186//29 948//29 423//29 
f 948//247 4186//289 939//289 
f 4183//29 1242//29 446//29 
f 1242//247 4183//289 911//289 
f 4178//18 427//18 426//18 
f 1332//288 4178//288 426//252 
f 914//288 4181//288 471//252 
f 4181//18 472//18 471//18 
f 4174//18 450//18 449//18 
f 243//288 4174//288 449//252 
f 1497//275 3723//274 1213//274 
f 3723//3 1497//3 394//5 
f 3700//166 3702//1178 289//302 
f 289//3 3702//3 99//3 
f 253//6 89//6 3705//6 
f 253//299 3705//1181 3703//146 
f 2472//18 430//18 1666//18 
f 2473//750 2472//749 1666//368 
f 461//368 2480//750 2478//750 
f 2480//29 461//29 463//29 
f 2481//18 472//18 1121//18 
f 2482//750 2481//749 1121//368 
f 2463//18 436//18 1670//18 
f 2464//750 2463//749 1670//368 
f 2488//750 2487//749 1680//368 
f 2487//18 450//18 1680//18 
f 2477//29 444//29 446//29 
f 444//368 2477//750 2475//750 
f 2458//750 2457//749 1102//368 
f 2457//18 427//18 1102//18 
f 454//368 2486//750 2484//750 
f 2486//29 454//29 456//29 
f 1663//368 2471//750 2469//750 
f 2471//29 1663//29 423//29 
f 1673//368 2462//750 2460//750 
f 2462//29 1673//29 420//29 
f 2491//750 2490//749 1683//368 
f 2490//18 467//18 1683//18 
f 2468//29 438//29 440//29 
f 438//368 2468//750 2466//750 
f 588//194 4217//316 5333//316 
f 4217//5 588//3 370//31 
f 5332//315 4218//315 590//193 
f 4218//31 406//31 590//3 
f 5331//29 1086//29 443//29 
f 1086//3 5331//1397 4221//1397 
f 5329//29 1074//29 32//29 
f 1074//3 5329//1397 4224//1397 
f 5330//17 433//17 1081//17 
f 4223//1397 5330//1398 1081//3 
f 5328//17 165//17 1083//17 
f 4228//1397 5328//1398 1083//3 
f 5326//17 153//17 1082//17 
f 4220//1397 5326//1398 1082//3 
f 5327//29 1087//29 148//29 
f 1087//3 5327//1397 4222//1397 
f 2421//232 2420//232 886//231 
f 2420//3 406//31 886//3 
f 2419//3 888//3 370//31 
f 888//234 2419//233 2418//233 
f 3038//399 5252//363 3036//363 
f 3038//31 276//31 5252//31 
f 3033//5 5255//5 212//5 
f 3035//364 5255//364 3033//400 
f 2202//356 1717//356 2204//595 
f 1717//5 488//5 2204//5 
f 2207//596 1713//357 2205//357 
f 1713//31 2207//31 482//31 
f 3695//18 1222//237 3694//237 
f 1198//3 1222//3 370//31 
f 1199//3 406//31 1219//3 
f 3692//236 1219//236 3693//29 
f 1014//71 269//6 5343//96 
f 1014//32 5343//1394 4168//1394 
f 1017//67 5342//70 213//3 
f 4167//1393 5342//1393 1017//54 
f 2203//6 3800//6 224//6 
f 4165//146 3800//146 2203//595 
f 2206//596 3801//166 4166//166 
f 2206//3 261//3 3801//3 
f 4210//3 406//31 3034//3 
f 3698//1176 4210//1176 3034//400 
f 3037//399 4209//1177 3699//1177 
f 4209//3 3037//3 370//31 
f 4398//3 1520//3 482//31 
f 1520//336 4398//797 3442//797 
f 3443//798 4397//798 1525//181 
f 4397//3 488//5 1525//3 
f 399//66 1209//66 98//5 
f 4427//186 1209//186 399//62 
f 395//86 87//31 1211//86 
f 395//61 1211//185 4428//185 
f 5349//138 58//138 1125//138 
f 4230//1398 5349//1398 1125//6 
f 5348//54 1110//54 129//54 
f 1110//3 5348//1397 4219//1397 
f 5344//54 320//54 94//54 
f 320//3 5344//1397 4229//1397 
f 5345//138 101//138 335//138 
f 4226//1398 5345//1398 335//6 
f 5346//54 327//54 147//54 
f 327//3 5346//1397 4225//1397 
f 5347//138 43//138 1126//138 
f 4227//1398 5347//1398 1126//6 
f 1524//5 4348//5 227//5 
f 1526//281 4348//281 1524//181 
f 1521//336 4347//280 1519//280 
f 1521//31 55//31 4347//31 
f 3448//236 3690//236 1934//376 
f 1934//67 3690//67 227//5 
f 1937//71 55//31 3691//71 
f 1937//375 3691//237 3447//237 
f 1661//18 427//18 3715//18 
f 3714//372 1661//372 3715//3 
f 1124//18 467//18 3739//18 
f 3738//373 1124//373 3739//6 
f 1112//29 3743//29 463//29 
f 3743//3 1112//372 3742//372 
f 1089//18 430//18 3711//18 
f 3710//372 1089//372 3711//3 
f 1686//18 472//18 3749//18 
f 3748//373 1686//373 3749//6 
f 3746//373 1678//373 3747//6 
f 3747//18 450//18 4227//18 
f 1116//29 3745//29 446//29 
f 3745//3 1116//372 3744//372 
f 1105//29 3719//29 423//29 
f 3719//3 1105//372 3718//372 
f 1093//29 3713//29 420//29 
f 3713//3 1093//372 3712//372 
f 3708//372 1097//372 3709//3 
f 1097//18 436//18 3709//18 
f 1109//29 3741//29 456//29 
f 3741//3 1109//372 3740//372 
f 1085//29 3717//29 440//29 
f 3717//3 1085//372 3716//372 
f 877//29 4363//29 2678//271 
f 4363//31 397//31 2678//31 
f 2677//276 4364//17 880//17 
f 2677//5 3449//5 394//5 
f 3040//96 4171//96 339//6 
f 4267//276 4171//276 3040//192 
f 3039//70 359//3 4169//70 
f 3039//195 4169//271 4268//271 
f 2154//3 4283//31 370//31 
f 4283//1399 2154//585 2912//585 
f 2159//3 406//31 4287//5 
f 2911//588 2159//588 4287//1400 
f 3444//31 406//31 1635//31 
f 3707//593 3444//593 1635//357 
f 1631//356 3445//594 3706//594 
f 3445//5 1631//5 370//31 
f 3552//137 1400//239 1016//301 
f 1400//5 3552//5 370//31 
f 1019//297 1398//238 3550//136 
f 1398//31 406//31 3550//31 
f 4289//3 2673//3 370//31 
f 2673//798 4289//181 3697//181 
f 3696//336 4290//336 2671//797 
f 4290//3 406//31 2671//3 
f 458//51 4242//51 129//51 
f 4242//369 458//59 4354//60 
f 460//51 4241//51 94//51 
f 4241//369 460//59 4353//60 
f 4349//59 453//60 4240//374 
f 453//32 43//32 4240//32 
f 465//32 58//32 4237//32 
f 4350//59 465//60 4237//374 
f 470//32 101//32 4238//32 
f 4352//59 470//60 4238//374 
f 4239//369 448//59 4351//60 
f 448//51 4239//51 147//51 
f 1919//5 3698//5 212//5 
f 4210//1176 3698//1176 1919//449 
f 1922//452 3699//1177 4209//1177 
f 1922//31 276//31 3699//31 
f 4172//3 406//31 3450//3 
f 805//32 4172//32 3450//736 
f 4170//3 3451//3 370//31 
f 3451//735 4170//54 810//51 
f 4284//31 1633//5 370//31 
f 1633//146 4284//299 1223//299 
f 1220//302 4288//302 1637//166 
f 4288//5 406//31 1637//31 
f 425//29 4247//29 32//29 
f 4247//369 425//59 4362//60 
f 4357//60 434//60 4248//369 
f 434//17 433//17 4248//17 
f 4246//369 442//59 4359//60 
f 442//29 4246//29 443//29 
f 956//29 4245//29 148//29 
f 4245//369 956//59 4358//60 
f 966//17 153//17 4244//17 
f 4360//60 966//60 4244//369 
f 963//17 165//17 4243//17 
f 4361//60 963//60 4243//369 
f 2679//70 4282//70 99//3 
f 3446//195 4282//195 2679//271 
f 2676//96 89//6 4281//96 
f 2676//276 4281//192 3449//192 
f 1753//391 2215//390 1751//390 
f 2215//29 1753//29 440//29 
f 1758//389 2243//389 1759//388 
f 2243//18 427//18 1759//18 
f 2229//29 1747//29 456//29 
f 1747//391 2229//390 1746//390 
f 2239//18 436//18 1748//18 
f 1750//389 2239//389 1748//388 
f 2237//18 467//18 1756//18 
f 1755//389 2237//389 1756//388 
f 2223//29 1765//29 423//29 
f 1765//391 2223//390 1764//390 
f 2233//29 2232//29 463//29 
f 1741//391 2232//390 1739//390 
f 1735//389 2228//389 1733//388 
f 2228//18 472//18 1733//18 
f 2210//18 450//18 1744//18 
f 1743//389 2210//389 1744//388 
f 1738//391 2217//390 1736//390 
f 2217//29 1738//29 420//29 
f 1768//389 2213//389 1766//388 
f 2213//18 430//18 1766//18 
f 2220//29 1762//29 446//29 
f 1762//391 2220//390 1760//390 
f 1690//193 3449//192 4281//192 
f 3449//5 1690//5 394//5 
f 3446//31 397//31 396//31 
f 4282//195 3446//195 396//194 
f 1500//334 5263//300 507//300 
f 1500//100 42//6 5263//100 
f 1503//82 5260//82 367//3 
f 577//298 5260//298 1503//335 
f 591//3 406//31 4267//3 
f 3040//192 591//192 4267//276 
f 4268//271 589//195 3039//195 
f 589//3 4268//3 370//31 
f 2456//357 3575//357 576//335 
f 3575//31 488//5 576//31 
f 506//334 3577//356 2455//356 
f 3577//5 506//5 482//31 
f 1691//193 252//315 1689//315 
f 1691//96 89//6 252//6 
f 2669//335 4252//357 5351//357 
f 2669//82 359//3 4252//82 
f 2668//100 4251//100 339//6 
f 5350//356 4251//356 2668//334 
f 398//316 288//316 1693//194 
f 1693//70 288//3 99//3 
f 3468//18 163//18 1757//18 
f 4262//1118 3468//1118 1757//388 
f 4260//1118 3480//1118 1749//388 
f 3480//18 151//18 1749//18 
f 3492//29 1737//29 126//29 
f 1737//391 3492//1119 4256//1119 
f 3485//29 1763//29 150//29 
f 1763//391 3485//1119 4258//1119 
f 1761//391 3494//1119 4254//1119 
f 3494//29 1761//29 228//29 
f 1752//391 3489//1119 4253//1119 
f 3489//29 1752//29 155//29 
f 3484//18 122//18 1754//18 
f 4261//1118 3484//1118 1754//388 
f 3476//29 1745//29 142//29 
f 1745//391 3476//1119 4263//1119 
f 3498//18 123//18 1767//18 
f 4255//1118 3498//1118 1767//388 
f 4257//1118 3472//1118 1742//388 
f 3472//18 60//18 1742//18 
f 3465//18 45//18 1734//18 
f 4259//1118 3465//1118 1734//388 
f 3474//29 1740//29 145//29 
f 1740//391 3474//1119 4264//1119 
f 1000//96 4213//96 95//6 
f 4371//276 4213//276 1000//192 
f 1007//70 251//3 4215//70 
f 1007//195 4215//271 4369//271 
f 4229//29 3462//29 463//29 
f 3462//752 4229//1397 5344//1397 
f 4228//18 430//18 3452//18 
f 5328//1398 4228//1397 3452//751 
f 4226//18 472//18 3460//18 
f 5345//1398 4226//1398 3460//751 
f 4223//18 436//18 3457//18 
f 5330//1398 4223//1397 3457//751 
f 3459//752 4225//1397 5346//1397 
f 4225//29 3459//29 446//29 
f 4220//18 427//18 3455//18 
f 5326//1398 4220//1397 3455//751 
f 3453//752 4224//1397 5329//1397 
f 4224//29 3453//29 423//29 
f 4221//29 3456//29 440//29 
f 3456//752 4221//1397 5331//1397 
f 4222//29 3454//29 420//29 
f 3454//752 4222//1397 5327//1397 
f 5347//1398 4227//1398 3461//751 
f 4227//18 450//18 3461//18 
f 3463//752 4219//1397 5348//1397 
f 4219//29 3463//29 456//29 
f 4230//18 467//18 3458//18 
f 5349//1398 4230//1398 3458//751 
f 2155//586 4168//1394 5343//1394 
f 4168//3 2155//3 370//31 
f 4167//3 406//31 2158//3 
f 5342//1393 4167//1393 2158//587 
f 3519//253 451//253 3520//1122 
f 451//18 450//18 3520//18 
f 721//29 3517//29 440//29 
f 3517//1121 721//246 3516//246 
f 4278//376 876//376 4280//236 
f 876//3 397//31 4280//3 
f 952//18 436//18 3523//18 
f 3522//253 952//253 3523//1122 
f 1251//29 3505//29 456//29 
f 3505//1121 1251//246 3504//246 
f 917//18 467//18 3514//18 
f 3513//253 917//253 3514//1122 
f 960//18 430//18 3532//18 
f 3531//253 960//253 3532//1122 
f 428//18 427//18 3529//18 
f 3528//253 428//253 3529//1122 
f 955//29 3535//29 420//29 
f 3535//1121 955//246 3534//246 
f 949//29 3502//29 423//29 
f 3502//1121 949//246 3501//246 
f 3508//1121 1241//246 3507//246 
f 1241//29 3508//29 446//29 
f 1000//192 999//192 4371//276 
f 999//5 397//31 4371//5 
f 473//18 472//18 3526//18 
f 3525//253 473//253 3526//1122 
f 1256//29 3511//29 463//29 
f 3511//1121 1256//246 3510//246 
f 1692//3 4277//3 394//5 
f 4277//237 1692//375 4275//375 
f 393//31 4369//31 394//5 
f 4369//271 393//195 1007//195 
f 2225//598 1764//390 2223//390 
f 1764//29 2225//29 150//29 
f 2228//389 1735//389 2226//597 
f 1735//18 45//18 2226//18 
f 1743//18 60//18 2208//18 
f 2210//389 1743//389 2208//597 
f 1760//29 2222//29 228//29 
f 2222//598 1760//390 2220//390 
f 2231//598 1746//390 2229//390 
f 1746//29 2231//29 142//29 
f 2213//389 1768//389 2211//597 
f 1768//18 123//18 2211//18 
f 2243//389 1758//389 2241//597 
f 1758//18 163//18 2241//18 
f 2219//598 1736//390 2217//390 
f 1736//29 2219//29 126//29 
f 2234//598 1739//390 2232//390 
f 1739//29 2234//29 145//29 
f 2216//598 1751//390 2215//390 
f 1751//29 2216//29 155//29 
f 2237//389 1755//389 2235//597 
f 1755//18 122//18 2235//18 
f 2239//389 1750//389 2240//597 
f 1750//18 151//18 2240//18 
f 4287//1400 4286//316 2911//588 
f 2911//70 4286//3 213//3 
f 2912//585 4285//315 4283//1399 
f 2912//96 269//6 4285//6 
f 1021//1 4379//1 2209//597 
f 4379//18 450//18 2209//18 
f 4380//29 2214//29 440//29 
f 2214//598 4380//2 1036//2 
f 2233//598 4368//2 892//2 
f 4368//29 2233//29 463//29 
f 2230//598 4377//2 1024//2 
f 4377//29 2230//29 456//29 
f 1027//1 4376//1 2236//597 
f 4376//18 467//18 2236//18 
f 3549//3 397//31 2709//3 
f 290//32 4214//18 3549//736 
f 4370//18 472//18 2227//18 
f 898//1 4370//1 2227//597 
f 4378//18 436//18 2238//18 
f 1033//1 4378//1 2238//597 
f 324//1 4375//1 2242//597 
f 4375//18 427//18 2242//18 
f 4374//18 430//18 2212//18 
f 321//1 4374//1 2212//597 
f 2224//598 4367//2 1030//2 
f 4367//29 2224//29 423//29 
f 3548//735 4216//29 254//51 
f 4216//31 3548//3 394//5 
f 2221//598 4372//2 895//2 
f 4372//29 2221//29 446//29 
f 4373//29 2218//29 420//29 
f 2218//598 4373//2 330//2 
f 4375//1 324//1 3527//1122 
f 324//17 325//17 3527//17 
f 4363//29 877//29 4279//236 
f 4279//67 877//67 98//5 
f 4378//1 1033//1 3521//1122 
f 1033//17 942//17 3521//17 
f 3500//1121 1030//2 4367//2 
f 1030//29 3500//29 156//29 
f 3506//1121 895//2 4372//2 
f 895//29 3506//29 146//29 
f 4376//1 1027//1 3512//1122 
f 1027//17 59//17 3512//17 
f 4379//1 1021//1 3518//1122 
f 1021//17 44//17 3518//17 
f 4370//1 898//1 3524//1122 
f 898//17 154//17 3524//17 
f 3503//1121 1024//2 4377//2 
f 1024//29 3503//29 130//29 
f 4374//1 321//1 3530//1122 
f 321//17 322//17 3530//17 
f 3509//1121 892//2 4368//2 
f 892//29 3509//29 157//29 
f 4276//71 87//31 880//71 
f 4276//237 880//17 4364//17 
f 3533//1121 330//2 4373//2 
f 330//29 3533//29 331//29 
f 3515//1121 1036//2 4380//2 
f 1036//29 3515//29 936//29 
f 1221//3 3707//3 213//3 
f 3444//593 3707//593 1221//166 
f 1224//146 3706//594 3445//594 
f 1224//6 269//6 3706//6 
f 2484//750 1688//368 454//368 
f 1688//51 2484//51 129//51 
f 2475//750 1675//368 444//368 
f 1675//51 2475//51 147//51 
f 1680//368 1679//368 2488//750 
f 1679//32 43//32 2488//32 
f 2478//750 1676//368 461//368 
f 1676//51 2478//51 94//51 
f 1683//368 1682//368 2491//750 
f 1682//32 58//32 2491//32 
f 1121//368 1687//368 2482//750 
f 1687//32 101//32 2482//32 
f 3754//302 2686//166 3752//166 
f 2686//31 3754//31 394//5 
f 3132//950 5366//1182 3726//1182 
f 5366//29 3132//29 423//29 
f 2704//31 1401//5 370//31 
f 1401//302 2704//166 358//166 
f 3102//950 5367//1182 3732//1182 
f 5367//29 3102//29 463//29 
f 5363//18 472//18 3108//18 
f 3735//1183 5363//1182 3108//948 
f 5364//18 436//18 3120//18 
f 3729//1182 5364//1182 3120//950 
f 3114//950 5365//1182 3733//1182 
f 5365//29 3114//29 456//29 
f 3755//146 2687//146 3757//299 
f 2687//5 397//31 3757//5 
f 337//146 2702//146 1399//299 
f 2702//5 406//31 1399//31 
f 5361//18 430//18 3123//18 
f 3730//1182 5361//1182 3123//950 
f 5362//18 467//18 3105//18 
f 3734//1183 5362//1182 3105//948 
f 5358//18 450//18 3099//18 
f 3736//1183 5358//1182 3099//948 
f 5359//18 427//18 3126//18 
f 3731//1182 5359//1182 3126//950 
f 3111//950 5357//1182 3737//1182 
f 5357//29 3111//29 446//29 
f 3129//950 5360//1182 3727//1182 
f 5360//29 3129//29 420//29 
f 3117//950 5356//1182 3728//1182 
f 5356//29 3117//29 440//29 
f 4302//18 45//18 3464//18 
f 3539//1123 4302//1123 3464//1117 
f 4293//29 3488//29 155//29 
f 3488//1120 4293//1124 3544//1124 
f 3538//1123 4294//1123 3483//1117 
f 4294//18 122//18 3483//18 
f 3491//1120 4292//1124 3543//1124 
f 4292//29 3491//29 126//29 
f 3536//1123 4301//1123 3467//1117 
f 4301//18 163//18 3467//18 
f 1316//281 3750//181 4303//181 
f 1316//5 219//5 3750//5 
f 3547//1123 4300//1123 3471//1117 
f 4300//18 60//18 3471//18 
f 3495//1120 4291//1124 3545//1124 
f 4291//29 3495//29 228//29 
f 4299//18 123//18 3497//18 
f 3546//1123 4299//1123 3497//1117 
f 3477//1120 4298//1124 3537//1124 
f 4298//29 3477//29 142//29 
f 885//31 3696//31 631//31 
f 4290//336 3696//336 885//280 
f 1313//31 3751//31 286//31 
f 4304//336 3751//336 1313//280 
f 3473//1120 4297//1124 3542//1124 
f 4297//29 3473//29 145//29 
f 891//281 3697//181 4289//181 
f 891//5 625//5 3697//5 
f 3486//1120 4295//1124 3540//1124 
f 4295//29 3486//29 150//29 
f 4296//18 151//18 3479//18 
f 3541//1123 4296//1123 3479//1117 
f 4272//3 1938//3 482//31 
f 1938//375 4272//275 1936//275 
f 1935//272 4271//272 1933//376 
f 4271//3 488//5 1933//3 
f 455//29 4354//29 456//29 
f 4354//60 455//369 4242//369 
f 462//29 4353//29 463//29 
f 4353//60 462//369 4241//369 
f 1662//29 4362//29 423//29 
f 4362//60 1662//369 4247//369 
f 4238//374 1122//374 4352//59 
f 1122//18 472//18 4352//18 
f 4243//369 1667//369 4361//60 
f 1667//18 430//18 4361//18 
f 445//29 4351//29 446//29 
f 4351//60 445//369 4239//369 
f 1103//18 427//18 4360//18 
f 4244//369 1103//369 4360//60 
f 1684//18 467//18 4350//18 
f 4237//374 1684//374 4350//59 
f 1672//29 4358//29 420//29 
f 4358//60 1672//369 4245//369 
f 4359//60 439//369 4246//369 
f 439//29 4359//29 440//29 
f 1681//18 450//18 4349//18 
f 4240//374 1681//374 4349//59 
f 4248//369 1671//369 4357//60 
f 1671//18 436//18 4357//18 
f 1332//18 325//18 4176//18 
f 4178//288 1332//288 4176//1395 
f 243//18 44//18 4175//18 
f 4174//288 243//288 4175//1395 
f 911//22 4184//22 146//22 
f 4184//1396 911//289 4183//289 
f 4190//288 943//288 4188//1395 
f 943//18 942//18 4188//18 
f 4196//1396 908//289 4194//289 
f 908//22 4196//22 157//22 
f 4199//1396 247//289 4198//289 
f 247//22 4199//22 130//22 
f 4193//288 1328//288 4191//1395 
f 1328//18 322//18 4191//18 
f 4208//1396 1330//289 4206//289 
f 1330//22 4208//22 331//22 
f 4187//1396 939//289 4186//289 
f 939//22 4187//22 156//22 
f 250//18 59//18 4200//18 
f 4202//288 250//288 4200//1395 
f 4205//1396 935//289 4203//289 
f 935//22 4205//22 936//22 
f 4181//288 914//288 4179//1395 
f 914//18 154//18 4179//18 
f 4257//18 450//18 3470//18 
f 3472//1118 4257//1118 3470//1117 
f 3490//1120 4253//1119 3489//1119 
f 4253//29 3490//29 440//29 
f 4262//18 427//18 3469//18 
f 3468//1118 4262//1118 3469//1117 
f 3475//1120 4264//1119 3474//1119 
f 4264//29 3475//29 463//29 
f 3478//1120 4263//1119 3476//1119 
f 4263//29 3478//29 456//29 
f 3496//1120 4254//1119 3494//1119 
f 4254//29 3496//29 446//29 
f 4261//18 467//18 3482//18 
f 3484//1118 4261//1118 3482//1117 
f 4255//18 430//18 3499//18 
f 3498//1118 4255//1118 3499//1117 
f 3487//1120 4258//1119 3485//1119 
f 4258//29 3487//29 423//29 
f 2112//3 1923//3 370//31 
f 1923//452 2112//209 1921//451 
f 4259//18 472//18 3466//18 
f 3465//1118 4259//1118 3466//1117 
f 1709//3 397//31 1312//3 
f 1314//274 1709//274 1312//280 
f 4260//18 436//18 3481//18 
f 3480//1118 4260//1118 3481//1117 
f 1918//450 2116//210 1920//449 
f 2116//3 406//31 1920//3 
f 1317//281 1711//273 1315//273 
f 1711//3 1317//3 394//5 
f 3493//1120 4256//1119 3492//1119 
f 4256//29 3493//29 420//29 
f 360//3 359//3 5333//3 
f 360//302 5333//316 4217//316 
f 3753//302 5309//316 4211//316 
f 3753//3 251//3 5309//3 
f 3133//950 5302//949 3131//949 
f 5302//22 3133//22 149//22 
f 3130//950 5304//949 3128//949 
f 5304//22 3130//22 125//22 
f 3124//949 5307//1888 3122//950 
f 5307//18 166//18 3122//18 
f 3756//6 5308//6 95//6 
f 4212//315 5308//315 3756//299 
f 4218//315 5332//315 338//299 
f 338//6 5332//6 339//6 
f 5300//22 3118//22 723//22 
f 3118//950 5300//949 3116//949 
f 3127//949 5297//1888 3125//950 
f 5297//18 164//18 3125//18 
f 5298//18 152//18 3119//18 
f 3121//949 5298//1888 3119//950 
f 1102//368 1659//368 2458//750 
f 1659//17 153//17 2458//17 
f 2466//750 1668//368 438//368 
f 1668//29 2466//29 443//29 
f 1670//368 1669//368 2464//750 
f 1669//17 433//17 2464//17 
f 2469//750 1664//368 1663//368 
f 1664//29 2469//29 32//29 
f 2460//750 1674//368 1673//368 
f 1674//29 2460//29 148//29 
f 1666//368 1665//368 2473//750 
f 1665//17 165//17 2473//17 
f 1819//400 889//364 890//364 
f 889//3 1819//3 370//31 
f 887//3 406//31 1818//3 
f 884//363 887//363 1818//399 
f 3109//949 5315//1888 3107//948 
f 5315//18 236//18 3107//18 
f 3115//950 5324//949 3113//949 
f 5324//29 3115//29 245//29 
f 3103//950 5322//949 3101//949 
f 5322//29 3103//29 240//29 
f 3112//950 5320//949 3110//949 
f 5320//29 3112//29 239//29 
f 3106//949 5319//1888 3104//948 
f 5319//18 248//18 3104//18 
f 3100//949 5317//1888 3098//948 
f 5317//18 244//18 3098//18 
f 1517//71 42//6 5248//96 
f 1517//32 5248//276 1522//276 
f 1518//67 5250//70 367//3 
f 1528//271 5250//271 1518//51 
f 3140//375 5337//375 3139//237 
f 3139//71 5337//71 225//31 
f 3136//67 262//5 5335//67 
f 3136//236 5335//376 3141//376 
f 4392//800 2693//800 4189//1395 
f 2693//18 436//18 4189//18 
f 4394//800 2698//800 4173//1395 
f 2698//18 450//18 4173//18 
f 4204//1396 2689//799 4387//799 
f 2689//29 4204//29 440//29 
f 4395//800 2699//800 4177//1395 
f 2699//18 427//18 4177//18 
f 4195//1396 2691//799 4385//799 
f 2691//29 4195//29 463//29 
f 4386//800 2690//800 4201//1395 
f 2690//18 467//18 4201//18 
f 4185//1396 2696//799 4388//799 
f 2696//29 4185//29 423//29 
f 4197//1396 2692//799 4391//799 
f 2692//29 4197//29 456//29 
f 4207//1396 2688//799 4390//799 
f 2688//29 4207//29 420//29 
f 4389//800 2697//800 4180//1395 
f 2697//18 472//18 4180//18 
f 4396//800 2694//800 4192//1395 
f 2694//18 430//18 4192//18 
f 2695//29 4182//29 446//29 
f 4182//1396 2695//799 4393//799 
f 1447//5 3703//5 394//5 
f 3703//146 1447//299 253//299 
f 1450//31 397//31 3700//31 
f 289//302 1450//302 3700//166 
f 1817//3 406//31 405//3 
f 807//184 1817//184 405//185 
f 368//186 1820//187 809//187 
f 1820//3 368//3 370//31 
f 3563//29 736//29 456//29 
f 736//349 3563//1126 5375//1126 
f 3565//18 436//18 435//18 
f 5378//1125 3565//1125 435//345 
f 3558//18 450//18 1127//18 
f 5376//1125 3558//1125 1127//345 
f 5379//1125 3562//1125 466//345 
f 3562//18 467//18 466//18 
f 5377//1125 3564//1125 429//345 
f 3564//18 430//18 429//18 
f 5381//1125 3554//1125 1557//345 
f 3554//18 472//18 1557//18 
f 648//349 3559//1126 5374//1126 
f 3559//29 648//29 463//29 
f 3560//29 421//29 423//29 
f 421//349 3560//1126 5372//1126 
f 3557//29 651//29 446//29 
f 651//349 3557//1126 5370//1126 
f 418//349 3556//1126 5380//1126 
f 3556//29 418//29 420//29 
f 5371//1125 3561//1125 1547//345 
f 3561//18 427//18 1547//18 
f 1552//349 3555//1126 5373//1126 
f 3555//29 1552//29 440//29 
f 809//5 625//5 1197//66 
f 809//187 1197//230 368//186 
f 807//31 1200//86 631//31 
f 405//185 1200//235 807//184 
f 2675//5 625//5 5353//5 
f 2675//798 5353//210 2674//210 
f 2672//209 5352//209 2670//797 
f 2670//31 5352//31 631//31 
f 3553//31 1893//31 370//31 
f 1893//298 3553//297 4249//238 
f 4250//239 3551//301 1896//300 
f 3551//5 406//31 1896//5 
f 1094//370 3712//372 1093//372 
f 3712//22 1094//22 125//22 
f 3744//29 1117//29 239//29 
f 1117//370 3744//372 1116//372 
f 3718//22 1106//22 149//22 
f 1106//370 3718//372 1105//372 
f 1089//372 3710//372 1090//370 
f 3710//18 166//18 1090//18 
f 3740//29 1366//29 245//29 
f 1366//370 3740//372 1109//372 
f 3738//18 248//18 1370//18 
f 1124//373 3738//373 1370//371 
f 3746//18 244//18 1360//18 
f 1678//373 3746//373 1360//371 
f 1113//370 3742//372 1112//372 
f 3742//29 1113//29 240//29 
f 1097//372 3708//372 1098//370 
f 3708//18 152//18 1098//18 
f 3714//18 164//18 1100//18 
f 1661//372 3714//372 1100//370 
f 1358//370 3716//372 1085//372 
f 3716//22 1358//22 723//22 
f 1686//373 3748//373 1119//371 
f 3748//18 236//18 1119//18 
f 3567//3 397//31 1948//3 
f 5369//1128 3567//1128 1948//450 
f 3566//3 1945//3 394//5 
f 1945//451 3566//1127 5368//1127 
f 5312//3 988//3 482//31 
f 988//187 5312//211 1927//211 
f 1926//208 5311//208 983//184 
f 5311//3 488//5 983//3 
f 3549//736 2711//736 290//32 
f 290//71 2711//71 286//31 
f 254//51 2706//735 3548//735 
f 254//67 219//5 2706//67 
f 3450//736 2422//736 805//32 
f 805//96 2422//71 631//31 
f 810//70 625//5 2417//67 
f 810//51 2417//735 3451//735 
f 4348//281 1526//281 4270//273 
f 1526//3 488//5 4270//3 
f 4273//274 1519//280 4347//280 
f 1519//3 4273//3 482//31 
f 991//273 5244//281 1925//281 
f 991//5 262//5 5244//5 
f 986//31 5246//31 225//31 
f 1924//280 5246//280 986//274 
f 3701//31 397//31 1940//31 
f 4235//1179 3701//1179 1940//459 
f 1943//462 3704//1180 4236//1180 
f 3704//5 1943//5 394//5 
f 2493//316 3570//316 575//194 
f 575//70 3570//3 367//3 
f 617//193 3571//315 2494//315 
f 617//96 42//6 3571//6 
f 989//5 262//5 3582//66 
f 989//187 3582//230 987//186 
f 1004//185 4231//185 1002//184 
f 1002//31 4231//86 286//31 
f 984//185 3580//235 982//184 
f 982//31 3580//86 225//31 
f 1005//5 219//5 4233//66 
f 1005//187 4233//186 879//186 
f 4251//356 5350//356 2701//594 
f 5350//5 406//31 2701//5 
f 2703//593 5351//357 4252//357 
f 5351//31 2703//31 370//31 
f 1634//3 5355//82 213//3 
f 1636//335 5355//335 1634//357 
f 1632//356 5354//334 1630//334 
f 1632//6 269//6 5354//100 
f 1371//415 5318//415 1123//371 
f 5318//18 467//18 1123//18 
f 1101//415 5296//415 1660//371 
f 1660//18 427//18 1661//18 
f 1111//370 5323//414 1114//414 
f 5323//29 1111//29 463//29 
f 1091//415 5306//415 1088//371 
f 5306//18 430//18 1088//18 
f 1099//415 5299//415 1096//371 
f 5299//18 436//18 1096//18 
f 5316//18 450//18 1677//18 
f 1361//415 5316//415 1677//371 
f 5303//29 1104//29 423//29 
f 1104//370 5303//414 1107//414 
f 1084//370 5301//414 1359//414 
f 5301//29 1084//29 440//29 
f 5321//29 1115//29 446//29 
f 1115//370 5321//414 1118//414 
f 1092//370 5305//414 1095//414 
f 5305//29 1092//29 420//29 
f 5325//29 1108//29 456//29 
f 1108//370 5325//414 1367//414 
f 1120//415 5314//415 1685//371 
f 1685//18 472//18 1686//18 
f 3798//1130 3594//1130 1338//286 
f 1789//18 430//18 3594//18 
f 3589//29 1345//29 420//29 
f 1345//291 3589//1129 3797//1129 
f 3590//29 928//29 446//29 
f 928//291 3590//1129 3793//1129 
f 3595//29 922//29 463//29 
f 922//291 3595//1129 3790//1129 
f 3591//18 450//18 926//18 
f 3788//1130 3591//1130 926//286 
f 3593//29 919//29 456//29 
f 919//291 3593//1129 3796//1129 
f 945//291 3592//1129 3795//1129 
f 3592//29 945//29 440//29 
f 1794//18 467//18 3597//18 
f 3794//1130 3597//1130 1352//286 
f 3799//1130 3588//1130 932//286 
f 3588//18 472//18 932//18 
f 3596//18 436//18 1335//18 
f 3792//1130 3596//1130 1335//286 
f 1782//29 3586//29 423//29 
f 1342//291 3586//1129 3791//1129 
f 3587//18 427//18 967//18 
f 3789//1130 3587//1130 967//286 
f 480//195 5294//194 284//194 
f 5294//31 480//31 482//31 
f 490//193 5293//193 487//192 
f 5293//5 488//5 487//5 
f 953//18 436//18 2185//18 
f 432//178 953//178 2185//589 
f 961//18 430//18 2191//18 
f 962//178 961//178 2191//589 
f 2167//592 921//179 457//179 
f 921//29 2167//29 456//29 
f 2179//592 958//179 957//179 
f 958//29 2179//29 420//29 
f 931//18 472//18 2161//18 
f 469//178 931//178 2161//589 
f 964//18 427//18 2188//18 
f 965//178 964//178 2188//589 
f 2164//592 930//179 447//179 
f 930//29 2164//29 446//29 
f 2170//592 924//179 459//179 
f 924//29 2170//29 463//29 
f 925//18 450//18 2176//18 
f 452//178 925//178 2176//589 
f 918//18 467//18 2173//18 
f 464//178 918//178 2173//589 
f 2194//592 947//179 441//179 
f 947//29 2194//29 440//29 
f 2182//592 950//179 424//179 
f 950//29 2182//29 423//29 
f 5291//3 878//3 394//5 
f 878//187 5291//211 2532//211 
f 2531//208 5289//208 1003//184 
f 5289//3 397//31 1003//3 
f 886//231 1649//231 2421//232 
f 2421//71 1649//31 631//31 
f 2418//233 1652//234 888//234 
f 2418//67 625//5 1652//5 
f 730//344 1555//344 2495//753 
f 1555//18 430//18 2495//18 
f 1560//18 450//18 2516//18 
f 1022//344 1560//344 2516//753 
f 2526//756 1553//347 1037//347 
f 1553//29 2526//29 440//29 
f 1561//29 2504//29 456//29 
f 2504//756 1561//347 1025//347 
f 1559//18 467//18 2501//18 
f 1028//344 1559//344 2501//753 
f 899//344 1556//344 2522//753 
f 1556//18 472//18 2522//18 
f 1563//29 2510//29 463//29 
f 2510//756 1563//347 893//347 
f 1034//344 1554//344 2499//753 
f 1554//18 436//18 2499//18 
f 1546//18 427//18 2513//18 
f 726//344 1546//344 2513//753 
f 1549//29 2507//29 423//29 
f 2507//756 1549//347 1031//347 
f 1562//29 2529//29 446//29 
f 2529//756 1562//347 896//347 
f 1550//29 2519//29 420//29 
f 2519//756 1550//347 718//347 
f 927//287 5281//287 1349//286 
f 5281//18 44//18 1349//18 
f 5277//22 1355//22 157//22 
f 1355//291 5277//290 923//290 
f 5279//18 325//18 1347//18 
f 968//287 5279//287 1347//286 
f 5267//22 1346//22 331//22 
f 1346//291 5267//290 1344//290 
f 5265//22 1343//22 156//22 
f 1343//291 5265//290 1341//290 
f 1348//291 5287//290 929//290 
f 5287//22 1348//22 146//22 
f 5283//18 154//18 1354//18 
f 933//287 5283//287 1354//286 
f 1336//287 5285//287 1334//286 
f 5285//18 942//18 1334//18 
f 1350//291 5275//290 920//290 
f 5275//22 1350//22 130//22 
f 5271//18 322//18 1337//18 
f 1339//287 5271//287 1337//286 
f 1340//291 5269//290 946//290 
f 5269//22 1340//22 936//22 
f 5273//18 59//18 1351//18 
f 1353//287 5273//287 1351//286 
f 1896//300 1898//300 4250//239 
f 4250//100 1898//100 339//6 
f 4249//238 1895//298 1893//298 
f 4249//82 359//3 1895//82 
f 4274//274 1936//275 4272//275 
f 4274//31 55//31 1936//71 
f 2705//593 358//166 2704//166 
f 2705//3 359//3 358//3 
f 2702//146 337//146 2700//594 
f 2700//6 337//6 339//6 
f 5334//3 1306//3 482//31 
f 1306//273 5334//272 990//272 
f 5336//3 488//5 1307//3 
f 985//275 5336//275 1307//274 
f 4269//5 1935//67 227//5 
f 4271//272 1935//272 4269//273 
f 3690//236 3448//236 1527//51 
f 1933//3 488//5 3448//3 
f 1938//3 3447//3 482//31 
f 1523//32 3447//237 3691//237 
f 5251//31 488//5 1502//31 
f 574//195 5251//195 1502//194 
f 1501//193 5249//192 616//192 
f 5249//5 1501//5 482//31 
f 3137//236 5340//29 260//29 
f 5340//31 3137//3 482//31 
f 5338//31 488//5 3138//3 
f 408//17 5338//17 3138//237 
f 1016//100 269//6 587//82 
f 1016//301 587//137 3552//137 
f 3550//136 592//136 1019//297 
f 1019//82 592//100 213//3 
f 2707//67 219//5 1712//5 
f 2707//376 1712//272 1710//272 
f 1708//275 1707//275 2710//375 
f 2710//71 1707//31 286//31 
f 785//334 5257//334 1515//300 
f 1515//6 5257//6 95//6 
f 1516//298 5259//335 781//335 
f 1516//3 251//3 5259//3 
f 3585//31 780//31 394//5 
f 780//298 3585//238 3803//238 
f 3584//5 397//31 784//5 
f 3802//239 3584//239 784//300 
f 1630//5 4366//5 370//31 
f 4366//300 1630//334 5354//334 
f 5355//335 1636//335 4365//298 
f 1636//31 406//31 4365//31 
f 2198//593 5258//357 2196//357 
f 5258//31 2198//31 394//5 
f 2199//356 5256//356 2201//594 
f 5256//5 397//31 2201//5 
f 654//251 900//251 1258//250 
f 900//18 45//18 1258//18 
f 739//251 1023//251 1247//250 
f 1023//18 60//18 1247//18 
f 1255//249 894//248 1253//248 
f 894//29 1255//29 145//29 
f 1245//249 897//248 1243//248 
f 897//29 1245//29 228//29 
f 3029//798 5290//210 3027//210 
f 3029//5 219//5 5290//5 
f 1263//249 1038//248 1261//248 
f 1038//29 1263//29 155//29 
f 729//251 731//251 1259//250 
f 731//18 123//18 1259//18 
f 1269//249 1032//248 714//248 
f 1032//29 1269//29 150//29 
f 1250//249 1026//248 1248//248 
f 1026//29 1250//29 142//29 
f 3030//31 5288//31 286//31 
f 3032//209 5288//209 3030//797 
f 725//251 727//251 1264//250 
f 727//18 163//18 1264//18 
f 733//251 1029//251 1246//250 
f 1029//18 122//18 1246//18 
f 1035//18 151//18 1266//18 
f 711//251 1035//251 1266//250 
f 1267//249 719//248 717//248 
f 719//29 1267//29 126//29 
f 4383//187 4356//187 3041//186 
f 3041//66 4356//66 212//5 
f 3043//185 4355//184 4384//184 
f 3043//86 276//31 4355//86 
f 2534//758 5284//758 2535//757 
f 5284//18 436//18 2535//18 
f 2538//760 5286//759 2536//759 
f 5286//29 2538//29 446//29 
f 2568//758 5280//758 2566//757 
f 5280//18 450//18 2566//18 
f 2543//758 5282//758 2544//757 
f 5282//18 472//18 2544//18 
f 2541//760 5276//759 2539//759 
f 5276//29 2541//29 463//29 
f 2565//758 5278//758 2563//757 
f 5278//18 427//18 2563//18 
f 2559//758 5272//758 2557//757 
f 5272//18 467//18 2557//18 
f 2550//760 5274//759 2548//759 
f 5274//29 2550//29 456//29 
f 2556//760 5268//759 2555//759 
f 5268//29 2556//29 440//29 
f 2546//758 5270//758 2547//757 
f 5270//18 430//18 2547//18 
f 2562//760 5264//759 2560//759 
f 5264//29 2562//29 423//29 
f 2553//760 5266//759 2551//759 
f 5266//29 2553//29 420//29 
f 1254//249 3542//1124 4297//1124 
f 3542//29 1254//29 463//29 
f 4301//1123 3536//1123 724//250 
f 3536//18 427//18 724//18 
f 4300//1123 3547//1123 738//250 
f 3547//18 450//18 738//18 
f 4299//1123 3546//1123 728//250 
f 3546//18 430//18 728//18 
f 4294//1123 3538//1123 732//250 
f 3538//18 467//18 732//18 
f 1244//249 3545//1124 4291//1124 
f 1244//29 1243//29 446//29 
f 713//249 3540//1124 4295//1124 
f 3540//29 713//29 423//29 
f 3028//798 4303//181 3750//181 
f 4303//3 3028//3 394//5 
f 4302//1123 3539//1123 653//250 
f 3539//18 472//18 653//18 
f 3751//336 4304//336 3031//797 
f 4304//3 397//31 3031//3 
f 716//249 3543//1124 4292//1124 
f 3543//29 716//29 420//29 
f 4296//1123 3541//1123 710//250 
f 3541//18 436//18 710//18 
f 1249//249 3537//1124 4298//1124 
f 3478//29 3537//29 456//29 
f 1262//249 3544//1124 4293//1124 
f 3544//29 1262//29 440//29 
f 2197//593 3752//166 2686//166 
f 2197//3 251//3 3752//3 
f 2200//6 3755//6 95//6 
f 2687//146 3755//146 2200//594 
f 4166//31 3022//31 482//31 
f 3022//302 4166//166 3801//166 
f 3800//146 4165//146 3020//299 
f 4165//5 488//5 3020//5 
f 407//3 406//31 3042//3 
f 630//62 407//62 3042//186 
f 3044//185 369//61 627//61 
f 369//3 3044//3 370//31 
f 2116//210 1918//450 2114//211 
f 2114//66 1918//5 212//5 
f 2113//208 1921//451 2112//209 
f 2113//86 276//31 1921//31 
f 4383//3 406//31 2115//3 
f 4356//187 4383//187 2115//211 
f 4384//3 2111//3 370//31 
f 2111//208 4384//184 4355//184 
f 491//96 5339//96 224//6 
f 489//276 5339//276 491//192 
f 285//70 261//3 5341//70 
f 285//195 5341//271 481//271 
f 3584//239 3802//239 783//112 
f 783//82 3802//100 95//6 
f 779//94 3803//238 3585//238 
f 779//100 251//3 3803//82 
f 2195//29 441//29 443//29 
f 441//179 2195//592 2194//592 
f 2184//17 433//17 432//17 
f 2185//589 2184//589 432//178 
f 424//179 2183//592 2182//592 
f 2183//29 424//29 32//29 
f 2180//29 957//29 148//29 
f 957//179 2180//592 2179//592 
f 2188//589 2187//589 965//178 
f 2187//17 153//17 965//17 
f 2190//17 165//17 962//17 
f 2191//589 2190//589 962//178 
f 2697//800 4389//800 2542//757 
f 4389//18 154//18 2542//18 
f 2699//800 4395//800 2564//757 
f 4395//18 325//18 2564//18 
f 2537//760 4393//799 2695//799 
f 4393//22 2537//22 146//22 
f 2552//760 4390//799 2688//799 
f 4390//22 2552//22 331//22 
f 4387//22 2554//22 936//22 
f 2554//760 4387//799 2689//799 
f 4392//18 942//18 2533//18 
f 2693//800 4392//800 2533//757 
f 2549//760 4391//799 2692//799 
f 4391//22 2549//22 130//22 
f 2694//800 4396//800 2545//757 
f 4396//18 322//18 2545//18 
f 2561//760 4388//799 2696//799 
f 4388//22 2561//22 156//22 
f 2690//800 4386//800 2558//757 
f 4386//18 59//18 2558//18 
f 2540//760 4385//799 2691//799 
f 4385//22 2540//22 157//22 
f 2698//800 4394//800 2567//757 
f 4394//18 44//18 2567//18 
f 1364//346 3733//1182 5365//1182 
f 3733//29 1364//29 245//29 
f 328//346 3737//1182 5357//1182 
f 3737//29 328//29 239//29 
f 3734//18 248//18 1368//18 
f 5362//1182 3734//1183 1368//346 
f 3732//29 318//29 240//29 
f 318//346 3732//1182 5367//1182 
f 5358//1182 3736//1183 1362//346 
f 3736//18 244//18 1362//18 
f 3735//18 236//18 333//18 
f 5363//1182 3735//1183 333//346 
f 2160//32 101//32 469//32 
f 2161//589 2160//589 469//178 
f 457//179 2168//592 2167//592 
f 2168//51 457//51 129//51 
f 447//179 2165//592 2164//592 
f 2165//51 447//51 147//51 
f 2171//51 459//51 94//51 
f 459//179 2171//592 2170//592 
f 2173//589 2172//589 464//178 
f 2172//32 58//32 464//32 
f 2176//589 2175//589 452//178 
f 2175//32 43//32 452//32 
f 4231//185 1004//185 4232//62 
f 1004//3 397//31 4232//3 
f 879//3 4234//3 394//5 
f 4234//61 879//186 4233//186 
f 3728//22 1356//22 723//22 
f 1356//346 3728//1182 5356//1182 
f 3730//18 166//18 1077//18 
f 5361//1182 3730//1182 1077//346 
f 1072//346 3726//1182 5366//1182 
f 3726//22 1072//22 149//22 
f 3727//22 1070//22 125//22 
f 1070//346 3727//1182 5360//1182 
f 3731//18 164//18 1075//18 
f 5359//1182 3731//1182 1075//346 
f 3729//18 152//18 1079//18 
f 5364//1182 3729//1182 1079//346 
f 5352//209 2672//209 4266//208 
f 2672//3 406//31 4266//3 
f 4265//211 2674//210 5353//210 
f 2674//3 4265//3 370//31 
f 3021//315 5292//315 3019//299 
f 3019//6 5292//6 224//6 
f 3024//3 261//3 5295//3 
f 3024//302 5295//316 3023//316 
f 3783//754 2517//754 4425//61 
f 2517//18 450//18 4425//18 
f 2525//29 4423//29 440//29 
f 4423//62 2525//755 3773//755 
f 2502//18 467//18 4405//18 
f 3782//754 2502//754 4405//61 
f 2500//18 436//18 4403//18 
f 3781//754 2500//754 4403//61 
f 4420//62 2528//755 3776//755 
f 2528//29 4420//29 446//29 
f 2523//18 472//18 4421//18 
f 3777//754 2523//754 4421//61 
f 2520//29 4417//29 420//29 
f 4417//62 2520//755 3775//755 
f 2511//29 4415//29 463//29 
f 4415//62 2511//755 3774//755 
f 2508//29 4412//29 423//29 
f 4412//62 2508//755 3780//755 
f 2514//18 427//18 4413//18 
f 3778//754 2514//754 4413//61 
f 2496//18 430//18 4409//18 
f 3787//754 2496//754 4409//61 
f 2505//29 4408//29 456//29 
f 4408//62 2505//755 3779//755 
f 479//86 55//31 4402//86 
f 479//61 4402//185 4430//185 
f 226//66 4401//66 227//5 
f 4429//186 4401//186 226//62 
f 3583//61 987//186 3582//230 
f 987//3 3583//3 482//31 
f 984//3 488//5 3581//3 
f 3580//235 984//185 3581//62 
f 3725//280 1213//274 3723//274 
f 3725//31 87//31 1213//31 
f 3720//5 1207//5 98//5 
f 3722//273 1207//273 3720//281 
f 4235//3 1939//3 99//3 
f 1940//459 1939//459 4235//1179 
f 4236//1180 1944//462 1943//462 
f 4236//6 89//6 1944//6 
f 782//238 4310//238 1449//112 
f 4310//31 397//31 1449//5 
f 4305//5 1448//31 394//5 
f 1448//94 4305//239 778//239 
f 3724//280 5383//336 4399//336 
f 5383//3 3724//3 394//5 
f 5382//3 397//31 3721//3 
f 4400//181 5382//181 3721//281 
f 3026//797 4399//336 5383//336 
f 3026//31 87//31 4399//31 
f 5382//181 4400//181 3025//798 
f 3025//5 4400//5 98//5 
f 4311//29 1800//29 463//29 
f 1800//136 4311//395 1799//395 
f 4327//29 1804//29 446//29 
f 1804//136 4327//395 1803//395 
f 1786//136 4332//395 1785//395 
f 4332//29 1786//29 440//29 
f 1802//395 4337//395 1801//136 
f 4337//18 472//18 1801//18 
f 4325//18 467//18 1794//18 
f 1793//395 4325//395 1794//136 
f 1783//395 4340//395 1784//136 
f 4340//18 427//18 1784//18 
f 4320//29 1798//29 456//29 
f 1798//136 4320//395 1797//395 
f 4342//29 4341//29 420//29 
f 1788//136 4341//395 1787//395 
f 4331//18 450//18 1796//18 
f 1795//395 4331//395 1796//136 
f 1790//395 4316//395 1789//136 
f 4316//18 430//18 1789//18 
f 4344//29 1782//29 423//29 
f 1782//136 4344//395 1781//395 
f 1791//18 436//18 3596//18 
f 1792//395 4319//395 1791//136 
f 647//29 3774//29 145//29 
f 3774//755 647//62 4415//62 
f 650//29 3776//29 228//29 
f 3776//755 650//62 4420//62 
f 332//29 3775//29 126//29 
f 3775//755 332//62 4417//62 
f 326//18 163//18 3778//18 
f 4413//61 326//61 3778//754 
f 323//18 123//18 3787//18 
f 4409//61 323//61 3787//754 
f 655//18 45//18 3777//18 
f 4421//61 655//61 3777//754 
f 735//29 3779//29 142//29 
f 3779//755 735//62 4408//62 
f 722//29 3773//29 155//29 
f 3773//755 722//62 4423//62 
f 740//18 60//18 3783//18 
f 4425//61 740//61 3783//754 
f 715//29 3780//29 150//29 
f 3780//755 715//62 4412//62 
f 734//18 122//18 3782//18 
f 4405//61 734//61 3782//754 
f 712//18 151//18 3781//18 
f 4403//61 712//61 3781//754 
f 629//71 276//31 3694//71 
f 629//232 3694//237 1222//237 
f 1219//236 3692//236 633//233 
f 633//67 3692//67 212//5 
f 2684//3 1066//3 482//31 
f 1066//209 2684//208 1064//208 
f 2681//3 488//5 1067//3 
f 1069//211 2681//211 1067//210 
f 4427//3 397//31 1499//3 
f 1209//186 4427//186 1499//187 
f 1498//184 4428//185 1211//185 
f 4428//3 1498//3 394//5 
f 4397//798 3443//798 1068//210 
f 1068//5 3443//5 227//5 
f 1065//209 3442//797 4398//797 
f 1065//31 55//31 3442//31 
f 5253//3 1198//3 370//31 
f 1198//232 5253//231 628//231 
f 632//234 5254//234 1199//233 
f 5254//3 406//31 1199//3 
f 3567//1128 5369//1128 1210//333 
f 1210//66 5369//66 98//5 
f 1212//332 5368//1127 3566//1127 
f 1212//86 87//31 5368//86 
f 3576//3 2456//3 367//3 
f 3575//357 2456//357 3576//593 
f 3579//594 2455//356 3577//356 
f 3579//6 42//6 2455//6 
f 3093//798 5313//210 3135//210 
f 3093//5 262//5 5313//5 
f 3096//31 5310//31 225//31 
f 3134//209 5310//209 3096//797 
f 2683//184 4430//185 4402//185 
f 4430//3 2683//3 482//31 
f 4429//3 488//5 2680//3 
f 4401//186 4429//186 2680//187 
f 2880//889 4426//889 2878//887 
f 4426//18 450//18 2878//18 
f 2892//888 4407//886 2891//886 
f 4407//29 2892//29 456//29 
f 4410//18 430//18 2881//18 
f 2883//889 4410//889 2881//887 
f 2886//889 4406//889 2884//887 
f 4406//18 467//18 2884//18 
f 4422//18 472//18 2896//18 
f 2898//889 4422//889 2896//887 
f 2901//888 4419//886 2900//886 
f 4419//29 2901//29 446//29 
f 4404//18 436//18 2887//18 
f 2889//889 4404//889 2887//887 
f 2877//888 4411//886 2876//886 
f 4411//29 2877//29 423//29 
f 4416//29 2910//29 463//29 
f 2910//888 4416//886 2909//886 
f 4424//29 2907//29 440//29 
f 2907//888 4424//886 2906//886 
f 2895//889 4414//889 2893//887 
f 4414//18 427//18 2893//18 
f 4418//29 2904//29 420//29 
f 2904//888 4418//886 2903//886 
f 2685//86 55//31 1064//86 
f 2685//184 1064//208 2684//208 
f 2681//211 1069//211 2682//187 
f 2682//66 1069//66 227//5 
f 3554//1125 5381//1125 2897//888 
f 5381//18 236//18 2897//18 
f 2902//887 5380//1126 3556//1126 
f 5380//22 2902//22 125//22 
f 3565//1125 5378//1125 2888//888 
f 5378//18 152//18 2888//18 
f 3562//1125 5379//1125 2885//888 
f 5379//18 248//18 2885//18 
f 5370//29 2899//29 239//29 
f 2899//887 5370//1126 3557//1126 
f 3564//1125 5377//1125 2882//888 
f 5377//18 166//18 2882//18 
f 5376//18 244//18 2879//18 
f 3558//1125 5376//1125 2879//888 
f 2890//887 5375//1126 3563//1126 
f 5375//29 2890//29 245//29 
f 2905//887 5373//1126 3555//1126 
f 5373//22 2905//22 723//22 
f 2875//887 5372//1126 3560//1126 
f 5372//22 2875//22 149//22 
f 2908//887 5374//1126 3559//1126 
f 5374//29 2908//29 240//29 
f 3561//1125 5371//1125 2894//888 
f 5371//18 164//18 2894//18 
f 3095//336 5247//336 3097//797 
f 5247//3 488//5 3097//3 
f 3094//798 5245//181 3092//181 
f 5245//3 3094//3 482//31 
f 4432//166 4381//166 3574//593 
f 4381//31 488//5 3574//31 
f 4382//5 3578//5 482//31 
f 3578//594 4382//146 4431//146 
f 508//100 261//3 3784//82 
f 508//112 3784//238 3142//238 
f 3143//239 3772//239 366//94 
f 366//82 3772//100 224//6 
f 909//136 3790//1129 3595//1129 
f 3790//22 909//22 157//22 
f 3788//18 44//18 162//18 
f 3591//1130 3788//1130 162//137 
f 3588//1130 3799//1130 915//137 
f 3799//18 154//18 915//18 
f 3587//1130 3789//1130 1333//137 
f 3789//18 325//18 1333//18 
f 3793//22 912//22 146//22 
f 912//136 3793//1129 3590//1129 
f 128//136 3796//1129 3593//1129 
f 3796//22 128//22 130//22 
f 1331//136 3797//1129 3589//1129 
f 3797//22 1331//22 331//22 
f 937//136 3795//1129 3592//1129 
f 3795//22 937//22 936//22 
f 3597//1130 3794//1130 167//137 
f 3794//18 59//18 167//18 
f 3596//1130 3792//1130 944//137 
f 3792//18 942//18 944//18 
f 3594//1130 3798//1130 1329//137 
f 3798//18 322//18 1329//18 
f 940//136 3791//1129 3586//1129 
f 3791//22 940//22 156//22 
f 4315//1404 4314//1403 3758//590 
f 4314//17 165//17 3758//17 
f 3764//591 4322//1404 4321//1403 
f 4322//51 3764//51 129//51 
f 4324//1404 4323//1403 3765//590 
f 4323//32 58//32 3765//32 
f 4336//1404 4335//1403 3766//590 
f 4335//32 101//32 3766//32 
f 4317//17 433//17 3762//17 
f 4318//1404 4317//1403 3762//590 
f 3767//591 4313//1404 4312//1403 
f 4313//51 3767//51 94//51 
f 3759//591 4343//1404 4342//1403 
f 4343//29 3759//29 148//29 
f 4330//1404 4329//1403 3769//590 
f 4329//32 43//32 3769//32 
f 4339//1404 4338//1403 3763//590 
f 4338//17 153//17 3763//17 
f 3760//591 4346//1404 4345//1403 
f 4346//29 3760//29 32//29 
f 3761//591 4334//1404 4333//1403 
f 4334//29 3761//29 443//29 
f 3768//591 4328//1404 4326//1403 
f 4328//51 3768//51 147//51 
f 3786//31 1714//31 482//31 
f 1714//335 3786//298 3785//298 
f 3771//300 3770//300 1716//334 
f 3770//5 488//5 1716//5 
f 2712//461 4307//300 4306//1401 
f 2712//100 89//6 4307//100 
f 2713//82 4308//82 99//3 
f 4309//1402 4308//298 2713//460 
f 5262//5 1226//5 482//31 
f 1226//112 5262//239 618//239 
f 365//238 5261//238 1225//94 
f 5261//31 488//5 1225//31 
f 3785//298 1715//335 1714//335 
f 3785//3 261//3 1715//3 
f 1716//334 1718//334 3771//300 
f 3771//6 1718//6 224//6 
f 2030//2 5893//2 1216//1 
f 5893//397 2030//398 2029//398 
f 234//1 5720//779 5894//13 
f 5894//2181 5720//2068 5719//2068 
f 36//30 4477//1433 3857//1211 
f 3325//62 4482//62 3323//62 
f 5895//1 5084//1 1495//1 
f 5084//1781 5895//1779 5082//1779 
f 5892//2 2145//2 5403//2 
f 5896//737 5892//2180 5890//2179 
f 5897//737 5898//2179 5899//2179 
f 5898//2 1968//2 5402//2 
f 5545//1 5900//1 1658//1 
f 5545//1973 5901//1971 5544//1971 
f 5902//62 201//61 5903//62 
f 5904//2182 5905//2183 5906//2184 
f 291//52 3153//52 3635//52 
f 3155//956 3635//1152 3153//954 
f 4681//62 3328//62 3327//62 
f 3358//1064 4161//1392 4160//1391 
f 5907//92 3625//1146 5908//2185 
f 4956//62 3630//62 4765//62 
f 565//94 3268//94 5492//94 
f 5909//156 3271//1017 3270//1016 
f 4666//1413 2763//832 2924//900 
f 4121//62 2768//62 4664//62 
f 1596//13 3622//1 2994//1 
f 2994//923 3622//923 2993//923 
f 5910//397 1982//472 1980//472 
f 3851//1 1982//1 5910//1 
f 3856//1 4636//1 5911//1 
f 5911//2186 4636//1508 4634//1508 
f 509//1 2959//13 2968//13 
f 2968//917 2959//917 2967//917 
f 3956//1269 5912//1269 3954//1269 
f 3208//1 5912//1 3956//1 
f 2138//1 3606//1 2724//1 
f 2724//808 3606//808 2722//808 
f 2808//856 2974//856 2807//856 
f 701//2 2974//13 2808//13 
f 659//13 2977//13 2811//13 
f 2811//856 2977//856 2809//856 
f 798//80 4518//62 4517//62 
f 5913//1016 800//156 5491//1946 
f 3614//1 4103//1 4671//1 
f 4103//1353 3614//1144 4102//1144 
f 2868//94 1535//94 2866//94 
f 5914//2187 4046//1322 4045//1321 
f 5227//62 1479//62 4481//62 
f 5915//946 4479//1435 4478//1434 
f 5916//2 5917//1 3369//1 
f 3369//2188 5917//2189 5918//2189 
f 849//1 2008//2 2007//2 
f 2008//1366 849//1366 1865//1366 
f 5919//1 3215//1 3319//1 
f 5919//2190 3319//1049 3318//1048 
f 5920//1 3208//1 3948//1 
f 3208//2191 5920//2192 4750//2192 
f 5921//1435 3090//946 3089//322 
f 5411//94 1959//94 1958//94 
f 292//85 3288//1029 78//7 
f 292//2193 3287//2194 3288//1204 
f 5922//1321 1383//296 1382//296 
f 4677//61 1378//61 1872//61 
f 5923//2195 5924//2196 5925//2197 
f 5926//62 201//61 5927//62 
f 4082//1 2001//487 1808//13 
f 2001//2198 4082//1341 4081//1341 
f 1217//2199 4087//1342 4086//1342 
f 1216//1 4087//1 1217//1 
f 3986//1 4097//1 5928//1 
f 5928//2200 4097//1348 4096//1348 
f 5929//2201 5930//2202 5931//2203 
f 5932//62 5933//62 1776//62 
f 4679//1533 2310//646 2623//646 
f 2313//80 4680//62 5223//62 
f 5934//1 5935//1 4542//1 
f 4542//523 5935//1702 5936//1702 
f 5937//1 1861//1 995//1 
f 1861//527 5937//2204 2046//525 
f 707//143 4438//1415 4437//1414 
f 5240//62 4665//62 704//62 
f 5938//2205 2394//1104 3421//1104 
f 605//2 2394//1 5938//1 
f 5939//1923 1482//324 1481//323 
f 2142//62 5446//62 1478//62 
f 2284//1 3900//1 2990//1 
f 2990//922 3900//922 2988//922 
f 2380//1 5940//13 5941//13 
f 5941//2206 5940//2207 5942//2208 
f 2973//1 4612//1 2970//1 
f 5943//2209 4612//2209 4611//2209 
f 5944//62 5945//62 1776//62 
f 5946//2210 5947//2211 5948//2212 
f 5949//2213 5950//2214 5951//2214 
f 1585//1 5950//1 5949//1 
f 4699//1442 1381//295 1536//339 
f 1379//61 4700//61 5414//61 
f 5952//991 5953//2215 5527//2216 
f 3226//1 5952//1 4896//1 
f 4966//7 2747//1 4967//13 
f 4967//993 2747//2217 5954//2218 
f 4444//1 5955//1 5956//1 
f 5956//2219 5955//2220 5957//2220 
f 5438//94 1372//94 5617//94 
f 1376//293 5437//1924 5436//1923 
f 2954//988 2953//988 3218//988 
f 2953//2 2954//2 2401//2 
f 5076//1114 5958//2221 5065//2221 
f 5958//13 5076//13 5959//13 
f 5960//2 2143//2 761//1 
f 2143//2222 5878//2172 5877//2172 
f 4701//61 2754//61 3366//80 
f 2752//770 4493//1444 4492//1443 
f 5961//2223 5962//2224 5085//2224 
f 4589//1 5962//1 858//1 
f 5900//2225 5963//2226 5964//2226 
f 5545//1 5963//1 5900//1 
f 1373//94 4727//94 3804//94 
f 4726//1558 1375//292 3160//957 
f 5965//1460 2592//772 2591//771 
f 5620//94 4523//94 2594//94 
f 5966//1580 476//93 475//92 
f 515//94 5495//94 516//94 
f 2074//1 1287//1 4015//1 
f 4015//1823 5967//2227 5968//2227 
f 1857//1 5969//1 5970//1 
f 5971//2228 1857//426 1855//425 
f 564//109 3914//1243 562//107 
f 2589//61 797//80 2587//61 
f 1167//62 1166//62 1834//62 
f 1837//412 4768//1581 4767//1580 
f 4728//94 2415//94 2414//94 
f 3177//411 4506//1451 4505//1450 
f 4873//1 3244//1 5972//1 
f 5972//2229 3244//1001 3243//1001 
f 3915//1244 5494//1947 4524//1460 
f 5426//61 3913//61 5424//61 
f 5973//1100 607//2230 5037//2230 
f 607//2 2315//1 4806//1 
f 5974//1298 5975//2231 5976//2231 
f 4881//1 5975//1 5974//1 
f 5977//2232 5007//2232 5006//2232 
f 3204//1 5007//2 5977//2 
f 1286//1 2339//1 3400//1 
f 5978//1090 2339//2169 1410//2169 
f 852//1 2331//1 5979//1 
f 5979//529 2331//2233 5980//2233 
f 5708//2064 2049//2063 5707//2063 
f 3908//1 2049//1 5708//1 
f 4134//2234 5981//2235 2287//2235 
f 2999//1 5982//1 4134//1 
f 1529//1 5983//1 1530//1 
f 5983//2236 1529//2237 5984//2237 
f 3012//932 3633//932 3010//932 
f 2277//1 3633//1 3012//1 
f 5985//1372 5986//2238 5987//2238 
f 2998//1 2064//1 2999//1 
f 5988//1 5989//1 4813//1 
f 4813//1371 5989//2239 5982//2239 
f 4916//2205 994//189 993//189 
f 5990//1 994//1 4916//1 
f 5991//2240 5992//2241 5993//2241 
f 5994//1 5992//1 5991//1 
f 3007//931 3642//931 3005//931 
f 3642//2 4770//1 513//2 
f 3057//939 3654//939 3056//939 
f 1809//1 3654//1 3057//1 
f 3004//930 3639//930 3002//930 
f 1394//2 3639//1 3004//1 
f 657//938 3658//938 3052//938 
f 3657//1 3658//1 657//13 
f 3349//1 3977//1 3978//1 
f 3977//2242 2600//776 2598//776 
f 2803//1 3662//1 3050//1 
f 3050//938 3662//938 3048//938 
f 112//1 5995//1 5996//1 
f 5996//2243 5995//2244 5997//2244 
f 3065//940 3673//940 3063//940 
f 2267//2 3673//1 3065//1 
f 3062//940 3670//940 3060//940 
f 2272//2 3670//1 3062//1 
f 5998//1030 5499//2245 5999//2245 
f 3222//1 5499//1 5998//1 
f 5422//1 6000//1 351//1 
f 6000//2242 5422//1912 5421//1912 
f 4669//2 3943//2 4670//2 
f 6001//2246 4669//2247 6002//2247 
f 5110//1795 6003//1794 5109//1794 
f 2357//13 6004//2 2358//7 
f 3318//1 3316//1 795//1 
f 6005//2190 4158//1388 3213//1388 
f 4520//1 6006//1 2258//2 
f 6007//2248 6006//2249 3945//2249 
f 5068//13 6008//13 6009//7 
f 6009//983 6008//2250 6010//2250 
f 6011//282 6012//2251 6013//2251 
f 6012//56 6011//2252 389//1 
f 6014//2253 1618//2254 6015//2254 
f 546//1 1618//2 6014//1 
f 6016//2255 5520//1960 5518//379 
f 4001//1 5520//1 6016//1 
f 6017//2255 5523//379 5521//379 
f 3998//1 5523//1 6017//1 
f 4499//2105 2603//778 2602//778 
f 2603//1 4499//1 6018//1 
f 6019//695 2827//2100 5768//2100 
f 2827//13 1822//1 4995//1 
f 6020//998 1543//2256 6021//2256 
f 1541//2 1543//2 6020//2 
f 3359//2126 1624//2126 5803//2124 
f 2//1 5803//13 1624//1 
f 190//1 2402//7 2947//2 
f 2947//910 2402//910 2009//910 
f 6022//2257 5537//1967 5536//1967 
f 5537//55 6022//79 544//13 
f 6023//2258 5534//1965 5533//1965 
f 184//1 5534//1 6023//13 
f 6024//2 6025//1 6026//2 
f 6025//353 6024//2259 6027//2259 
f 975//1 4042//2 5649//1 
f 4042//2260 975//183 973//183 
f 4040//2260 5655//183 6028//183 
f 5655//1 4040//2 5653//1 
f 4674//2 6029//2 1976//13 
f 6029//2261 5884//2175 5883//2175 
f 2957//913 2802//913 2804//913 
f 2801//1 2804//1 2802//1 
f 2817//1 2816//1 702//13 
f 2982//920 702//920 2816//920 
f 2984//921 2822//921 2819//921 
f 2820//7 2819//2262 2822//56 
f 2411//731 3664//731 2144//731 
f 1972//2 3664//2 2411//1 
f 23//20 4044//1320 4675//1532 
f 4900//94 4047//94 4724//136 
f 6030//2 6013//2 6031//2 
f 6031//1142 6013//2251 6012//2251 
f 6032//1140 6015//2254 1618//2254 
f 6033//2 6015//2 6032//2 
f 6034//168 1507//169 1506//170 
f 1507//1 6034//1 174//7 
f 6035//2263 6036//2264 6037//2264 
f 901//2 6036//7 6035//2 
f 6038//1 5951//1 3376//1 
f 6039//2265 5951//2214 5950//2214 
f 744//953 3667//953 3148//953 
f 3668//1 3667//13 744//13 
f 3380//1 3383//1 3381//1 
f 6040//2266 3380//2267 6041//2267 
f 3076//942 3679//942 3075//942 
f 2823//2 3679//1 3076//1 
f 6042//2229 2010//497 1442//497 
f 3241//1 6042//1 3242//1 
f 840//640 409//639 2298//639 
f 409//79 840//171 182//2 
f 4943//2 4855//2 3356//2 
f 6043//2268 6044//2269 6045//2270 
f 971//181 3239//181 969//180 
f 969//3 3239//3 1402//5 
f 3239//181 971//181 3237//999 
f 971//1 970//13 972//1 
f 4588//7 3240//2 1414//1 
f 4586//336 3240//336 4588//1491 
f 6046//2271 3983//1671 3422//1671 
f 3983//1 3985//1 2762//1 
f 6047//1 4123//1 702//13 
f 4123//1367 6047//1367 4122//1367 
f 3677//7 4128//1 2820//7 
f 4128//1368 6048//1368 4127//1368 
f 152//213 30//27 29//26 
f 30//27 152//213 433//213 
f 63//36 164//212 153//212 
f 164//212 63//36 62//36 
f 1049//2055 5829//2054 5686//2054 
f 1048//1 5829//2 1049//2 
f 5658//36 166//212 165//212 
f 166//212 5658//36 4877//36 
f 6049//926 6050//2272 5873//2272 
f 2998//1 6049//1 2064//1 
f 6028//85 6051//2273 544//13 
f 6051//182 6028//183 5655//183 
f 3853//7 3855//1 4014//1 
f 6052//2274 3853//1916 4083//1916 
f 6053//2275 3852//1914 4084//1914 
f 3852//2 3850//2276 4012//84 
f 2132//112 521//564 2130//564 
f 521//79 2132//2277 522//2 
f 6054//1 6055//1 6056//1 
f 6057//2278 6054//2279 6058//2279 
f 2435//2280 6059//2281 6060//2281 
f 4755//1 4659//1 2435//1 
f 3964//1276 6061//1276 3963//1276 
f 3660//1 3964//1 2801//1 
f 6062//2282 5679//2050 5678//2050 
f 1282//1 5679//1 6062//1 
f 1929//13 6063//13 6064//13 
f 6064//2283 6063//2284 6065//2284 
f 6066//2285 1459//318 1458//318 
f 6067//62 6068//62 1776//62 
f 4623//2286 4472//1430 4471//146 
f 4472//2 4623//2 4625//2 
f 5669//13 6069//13 6070//7 
f 6070//439 6069//80 3227//80 
f 3227//1 1140//1 4912//1 
f 6071//217 3227//80 6069//80 
f 3301//1 2101//1 3302//1 
f 698//141 2101//141 696//141 
f 82//2 6072//1 5700//1 
f 5700//2061 6072//2287 5699//2060 
f 6073//1261 6074//2288 6075//2288 
f 6074//2 6073//2 190//1 
f 1579//1 1581//1 1583//1 
f 1581//1262 1579//2289 6076//2289 
f 6077//1 6078//1 693//1 
f 6078//1303 6077//2290 6079//2291 
f 6080//1 6081//1 192//58 
f 6081//846 6080//2292 3260//2292 
f 6082//1 6083//1 6084//1 
f 6083//599 6082//2293 6085//2293 
f 6086//1 6087//1 3286//1028 
f 6087//2294 6086//2294 6088//2294 
f 5848//137 6089//137 1461//112 
f 6089//392 5848//2154 5847//2154 
f 401//62 400//62 5684//62 
f 6090//40 5233//1878 5682//1878 
f 233//13 2839//171 1724//13 
f 1724//1579 2839//867 4762//1578 
f 2286//1 3886//1 1129//1 
f 3886//1745 2286//1744 2094//1744 
f 11//8 6091//2295 5791//2296 
f 136//2116 5791//2115 6091//2297 
f 6092//2298 6093//2299 5697//2299 
f 3285//1 6093//1 2443//1 
f 5662//2037 4829//2036 5660//2036 
f 4002//1 4829//1 5662//1 
f 267//1 6094//2 6095//13 
f 6095//1958 6094//2300 6096//2300 
f 184//1 6085//1 6097//1 
f 6097//986 6085//2293 6082//2293 
f 3260//1 6098//1 3261//1 
f 6098//989 3260//2292 6080//2292 
f 3281//1 6099//1 2100//1 
f 6099//342 6100//2301 6101//2301 
f 4654//1 4591//1 580//1 
f 4591//1493 6102//1492 4590//1492 
f 6103//1 2938//1 1613//1 
f 2938//2302 6103//2303 6104//2304 
f 1613//2305 4117//1362 4116//1362 
f 3886//1 3883//1 1613//1 
f 6105//2306 4114//2306 4113//2306 
f 4114//1 5615//1 2047//1 
f 556//50 6106//1 557//1 
f 557//697 6106//696 2054//696 
f 5755//2091 6107//2307 5753//2089 
f 5755//94 1311//112 6107//94 
f 4517//62 799//61 798//80 
f 6108//2308 4513//1454 4696//1541 
f 4061//2309 2772//2309 2770//2309 
f 3828//79 2772//2310 4061//1029 
f 3820//1 2743//1 4060//1 
f 4060//2311 2743//2311 2742//2311 
f 6076//2 6109//1 1867//1 
f 6109//601 6076//2289 1579//2289 
f 6075//1 2005//1 6110//1 
f 6111//490 6075//2288 6074//2288 
f 3980//1 2385//1 1828//1 
f 2385//2312 5641//2028 5639//2028 
f 6112//2313 4764//1806 5121//1805 
f 4763//7 4764//7 6112//7 
f 3344//2314 4861//2314 4860//2314 
f 5006//1 5005//1 3344//7 
f 6113//2315 4815//2316 6114//2316 
f 4815//1 1432//1 2730//1 
f 5781//2317 5997//2244 5995//2244 
f 5780//1 6115//1 5781//1 
f 5742//1 6116//1 1474//1 
f 6116//2318 4945//2318 4857//2318 
f 4943//2 4848//2 4845//2 
f 4848//2319 4943//2319 4941//2320 
f 3196//1 4984//1 3197//13 
f 4984//2321 3196//2321 1473//2321 
f 5738//1 4825//13 2348//13 
f 6117//2322 4944//2322 4866//2322 
f 3945//2249 5031//2323 6007//2248 
f 3944//2 5031//2 3945//2 
f 1539//341 6118//340 1537//340 
f 580//1 6119//1 3408//1 
f 793//1 4071//1 4073//1 
f 4073//2324 4071//1336 3982//1336 
f 6120//1 6121//1 1979//1 
f 6121//2325 6120//2326 2943//2326 
f 291//52 1591//52 2330//52 
f 2330//663 1591//506 5432//1920 
f 2099//1 3279//1 4871//1 
f 6122//1559 2099//2327 6123//2327 
f 2345//675 636//674 1455//674 
f 267//1 636//2 2345//7 
f 1454//1 2344//1 1455//2 
f 2344//675 1454//1613 578//1613 
f 5612//7 3918//7 6124//7 
f 6124//2240 6125//2328 6126//2328 
f 6127//2329 4614//1473 4613//1473 
f 4614//7 6127//7 2365//2 
f 5770//1 6128//1 2094//1 
f 6128//2330 5770//2101 2941//2101 
f 3405//2159 2775//837 2774//836 
f 3404//1 2775//1 3405//1 
f 6129//1289 6130//2331 6131//2331 
f 4150//1 6130//2 6129//2 
f 578//2 4923//1 4074//2 
f 4074//2157 4923//2157 5772//2157 
f 4021//2332 1570//2332 1050//2332 
f 6132//2 1570//2 4021//1 
f 5664//2038 5663//2038 77//2333 
f 5664//2334 77//44 76//43 
f 3981//532 6133//2335 6134//2335 
f 2003//1 3981//1 4072//1 
f 6135//488 6134//2335 6133//2335 
f 75//42 6134//2336 6135//2337 
f 2//1 6136//2051 3973//441 
f 3976//2338 3975//2339 3973//1412 
f 5397//1 6137//1 6138//1 
f 6137//2340 5397//1897 5396//1897 
f 6139//2341 4750//2192 5920//2192 
f 4750//1 2825//79 1719//7 
f 5021//1 6114//1 5796//1 
f 5796//2342 6114//2316 4815//2316 
f 184//1 1702//13 6140//13 
f 6140//2343 1702//380 1701//380 
f 4065//2 2660//2 3234//1 
f 3234//996 2660//793 3233//995 
f 2991//1 4738//1 2992//1 
f 2992//2344 4738//2344 4736//2344 
f 556//50 3058//1 6141//1 
f 6141//2045 3058//1099 976//1099 
f 2798//1650 3017//1650 4891//1650 
f 3017//2 2798//2 1394//2 
f 3214//2258 1153//1540 4692//1540 
f 3213//2 1153//2 3214//2 
f 3080//1 2966//1 2022//2 
f 2966//2345 3080//2345 4039//2345 
f 4742//1 2723//1 757//1 
f 2723//2346 4742//2346 4740//2346 
f 2812//1 4443//1 2810//2 
f 2810//2347 4443//2347 4441//2347 
f 3068//2 2806//2 2267//2 
f 2806//2348 3068//2348 4440//2348 
f 6142//2349 6143//2350 6144//2350 
f 174//7 6143//1 6142//1 
f 6145//106 6146//106 389//1 
f 6146//2351 6145//2350 6147//2352 
f 2800//854 3313//854 2799//854 
f 749//2 3313//13 2800//13 
f 610//535 4905//843 1565//843 
f 4905//1661 610//115 76//43 
f 5931//137 6148//137 1461//112 
f 6148//2353 5931//2203 5930//2202 
f 3406//1096 2346//677 265//677 
f 2346//1 3406//1 5117//1 
f 578//2 4065//2 4923//1 
f 4065//1095 578//1613 1454//1613 
f 1055//1 6149//1 582//1 
f 582//111 6149//110 580//110 
f 3416//1 1564//1 2316//1 
f 1564//535 3416//534 611//534 
f 6150//2354 5757//2099 5765//2098 
f 5757//1 6150//1 5024//1 
f 5759//1 6151//1 4027//1 
f 6151//2355 5759//2099 5767//2099 
f 6152//2285 5090//1784 5089//1783 
f 5090//136 6152//112 1461//112 
f 6153//2356 2110//2356 1572//2356 
f 265//2 2110//2 6153//2 
f 2989//2357 4735//2357 4734//2357 
f 4735//1 2989//1 2987//1 
f 5203//1861 6154//2358 3902//1859 
f 6154//13 5203//13 6063//13 
f 901//2 6155//7 6156//7 
f 6156//2359 6155//2360 2852//2360 
f 1973//1 2835//1 6157//1 
f 6157//2361 2835//866 2834//866 
f 414//61 413//61 2621//61 
f 2312//648 6158//2362 6159//2362 
f 6160//2363 5886//2177 5885//2176 
f 6160//137 1311//112 5886//137 
f 4874//1631 2086//840 4873//840 
f 2086//546 4874//1660 76//43 
f 6161//2364 5948//2212 5947//2211 
f 5948//112 6161//94 1461//112 
f 4024//62 6162//62 3324//62 
f 3321//1051 6163//1633 4878//1633 
f 3330//1053 6164//2365 6165//2365 
f 5729//62 3326//62 3357//62 
f 3231//1 5772//1 3232//1 
f 3232//1677 5772//1677 4923//1677 
f 6166//1706 6167//2366 6168//2366 
f 1890//2 6167//2367 4711//1547 
f 1304//7 6169//1 4715//1 
f 6170//1706 6169//2366 6171//2366 
f 1496//1105 1495//1105 1725//384 
f 1725//1 1495//1 2791//1 
f 6172//94 1311//112 5906//94 
f 6172//2368 5906//2184 5905//2183 
f 4511//13 830//13 6173//13 
f 6173//2369 830//165 829//165 
f 6174//13 5107//13 5109//13 
f 5107//2044 6174//2043 612//2043 
f 6175//112 6176//137 1461//112 
f 6176//1059 6175//2370 6177//2371 
f 5703//2372 4106//1355 4105//1355 
f 4106//1 5703//1 5702//1 
f 611//116 4879//1637 76//43 
f 4879//1639 611//534 3416//534 
f 2378//1 5871//1 2941//1 
f 6178//2330 5871//2167 5870//2167 
f 1727//13 4763//7 3436//7 
f 4763//1579 1727//385 1726//385 
f 4881//1639 3013//933 4880//933 
f 3013//1 4881//1 5974//1 
f 6179//2373 5925//2197 5924//2196 
f 6179//94 1311//112 5925//94 
f 748//720 115//719 3154//955 
f 78//7 3154//2 115//1 
f 2139//574 5160//1830 621//572 
f 78//7 5160//2 2139//13 
f 6180//7 6181//2 6182//1 
f 6182//2011 6181//2374 5609//2374 
f 3623//1629 1596//1629 3887//1629 
f 1596//13 3623//1 3622//1 
f 3314//1632 749//1632 3888//1632 
f 749//2 3314//2 3313//13 
f 5010//2375 6183//2376 2098//2376 
f 6183//1 5010//1 5631//1 
f 2869//882 1455//674 636//674 
f 1455//2 2869//2 1456//1 
f 4110//1356 1155//883 4108//883 
f 267//1 1155//7 4110//7 
f 3605//1635 2996//1635 757//1635 
f 2138//1 2996//1 3605//1 
f 78//7 3637//2 3155//13 
f 3635//1152 3155//956 3637//1150 
f 509//1 2960//2 2959//13 
f 2960//1634 509//1634 3889//1634 
f 78//7 2650//2 4895//13 
f 4895//1653 2650//792 4894//1651 
f 2085//1 1276//13 1277//13 
f 1276//1352 2085//545 1444//545 
f 2978//1636 659//1636 3893//1636 
f 659//13 2978//2 2977//13 
f 701//2 2975//2 2974//13 
f 2975//1636 701//1636 3892//1636 
f 5085//2224 6184//2223 5961//2223 
f 855//1 6184//1 5085//1 
f 5964//2226 6185//2225 5900//2225 
f 1143//1 5964//1 3226//1 
f 2087//7 6186//13 6187//13 
f 6187//222 6186//2377 6188//2378 
f 1441//1631 1565//843 4905//843 
f 1565//1 1441//1 6189//1 
f 3964//1 4147//1 2801//1 
f 2801//1836 4147//1836 2958//1836 
f 4149//1 2817//1 702//13 
f 2817//1837 4149//1837 2980//1837 
f 4128//1 4148//1 2820//7 
f 2820//1837 4148//1837 2986//1837 
f 1456//980 3352//979 3195//979 
f 2869//2 3352//1 1456//1 
f 4901//1658 4913//1668 1163//723 
f 78//7 1163//1 4913//1 
f 3172//966 4914//1669 3182//972 
f 78//7 4914//13 3172//2 
f 1053//1 6190//1 1054//1 
f 1054//1512 6190//2379 6191//2379 
f 4873//1 2778//1 3244//1 
f 2778//842 4873//840 2086//840 
f 635//882 4930//1654 3354//1654 
f 267//1 4930//7 635//2 
f 2385//1 5498//1 1826//1 
f 1826//651 5498//651 2317//651 
f 620//573 4894//1651 2650//792 
f 133//53 4894//52 620//117 
f 291//52 748//52 3153//52 
f 3154//955 3153//954 748//720 
f 3354//1 4107//13 3353//1 
f 4107//1356 3354//1654 4930//1654 
f 1050//2332 579//2332 4021//2332 
f 267//1 579//1 1050//13 
f 3011//2380 4757//2380 3921//2380 
f 4757//1 3011//1 594//1 
f 1160//1207 1162//724 3848//1205 
f 3848//13 1162//13 78//7 
f 78//7 3171//1 4910//13 
f 4910//1666 3171//965 4909//1664 
f 291//52 3636//52 4901//52 
f 4913//1668 4901//1658 3636//1151 
f 133//53 3182//52 4893//52 
f 4893//1652 3182//972 4914//1669 
f 73//41 3649//1156 3648//1156 
f 2767//62 2766//62 5683//62 
f 134//577 4925//1679 132//575 
f 78//7 4925//13 134//2 
f 5114//1801 4924//1678 3289//1203 
f 3289//1 4924//2 78//7 
f 1162//724 1160//1207 2405//722 
f 291//52 2405//52 1160//52 
f 4909//52 3173//52 133//53 
f 3173//967 4909//1664 3171//965 
f 1//1 598//13 2//1 
f 598//613 1//1357 4929//1683 
f 4927//1 745//7 3//2 
f 4928//1682 745//438 4927//1681 
f 559//544 112//676 2714//676 
f 112//1 559//1 4036//1 
f 4103//1 1444//1 4672//1 
f 1444//545 4103//1353 1276//1352 
f 3006//2381 2995//2381 4770//2381 
f 2995//1 3006//1 2305//1 
f 3054//1 3965//1 3055//1 
f 3055//2382 3965//2382 4783//2382 
f 291//52 1161//52 5114//52 
f 4924//1678 5114//1801 1161//1206 
f 2744//1 2793//1 3864//1 
f 2793//851 2744//822 2791//850 
f 132//52 4908//52 133//53 
f 4908//1665 132//575 4925//1679 
f 78//7 135//2 4922//13 
f 4922//1676 135//1229 4921//1674 
f 6192//2383 6193//713 6194//713 
f 4472//2 6193//1 6192//1 
f 410//2384 6195//2385 6196//2385 
f 6195//2 410//2 3335//2 
f 4605//1 4566//1 2301//1 
f 6197//2386 6198//2387 6199//2387 
f 4830//1 6200//1 4833//1 
f 4833//2388 6200//2389 6201//2389 
f 5484//2390 4627//2391 6202//2391 
f 4627//2 5484//2 5210//1 
f 4069//1 4070//2 6203//2 
f 6203//2390 4070//2391 6204//2391 
f 3003//2392 4773//2392 4771//2392 
f 4773//1 3003//1 3002//7 
f 509//1 2968//13 4039//13 
f 4039//2345 2968//2345 2966//2345 
f 4921//117 131//52 133//53 
f 131//576 4921//1674 135//1229 
f 3054//1382 2958//1382 4147//1382 
f 2958//1 3054//1 1194//1 
f 291//52 3847//52 3287//72 
f 3288//1204 3287//2194 3847//1202 
f 78//7 4926//13 2290//441 
f 2290//1232 4926//1680 2289//1230 
f 2289//52 4920//52 133//53 
f 4920//1675 2289//1230 4926//1680 
f 4102//13 787//152 788//153 
f 787//841 4102//1144 3614//1144 
f 3437//1 3439//1 5065//1 
f 3432//1110 3437//2393 3431//1109 
f 3899//1647 3009//1647 2987//1647 
f 2284//1 3009//1 3899//1 
f 3081//1720 3077//1720 4976//1720 
f 2022//2 3077//1 3081//1 
f 4440//2348 2808//2348 2806//2348 
f 701//2 2808//13 4440//13 
f 3051//1 4124//1 3049//1 
f 3049//2394 4124//2394 4788//2394 
f 659//13 2811//13 4441//13 
f 4441//2347 2811//2347 2810//2347 
f 2985//1 3053//1 2307//1 
f 3053//2394 2985//2394 4787//2394 
f 3051//1383 2980//1383 4149//1383 
f 2980//1 3051//1 2324//1 
f 4126//1383 2986//1383 4148//1383 
f 4125//1 2986//1 4126//1 
f 4740//2346 2724//2346 2723//2346 
f 4739//1 2724//1 4740//1 
f 292//2395 2288//630 133//53 
f 2290//1232 2288//1231 292//2193 
f 1420//2396 3972//1574 4759//1574 
f 2357//13 3972//13 1420//13 
f 265//677 2658//1096 3406//1096 
f 2658//2 265//2 2659//1 
f 6205//2397 6206//2398 4571//2398 
f 3930//1 6206//1 6205//1 
f 846//1 6207//1 1594//1 
f 6207//2399 846//2400 6208//2400 
f 1596//13 2994//1 4736//1 
f 4736//2344 2994//2344 2992//2344 
f 5151//1 3897//1 6209//1 
f 6209//2114 3897//1282 2359//1282 
f 4977//1728 2023//1728 4994//1728 
f 2023//7 4977//7 2927//1 
f 4801//7 3064//7 353//2 
f 3064//2401 4801//2401 4800//2401 
f 4798//7 3061//7 658//7 
f 3061//2402 4798//2402 4797//2402 
f 4929//1683 2259//614 598//613 
f 291//52 4929//52 4112//52 
f 4927//1681 747//721 4928//1682 
f 291//52 4928//52 747//52 
f 6210//2403 3845//1199 3844//1199 
f 3845//441 3997//2404 5716//441 
f 6211//2405 3842//1199 3839//1199 
f 3842//1 4000//1 5713//1 
f 6212//1039 5788//2406 5181//2406 
f 5788//1 3308//1 2359//13 
f 4734//2357 2990//2357 2989//2357 
f 2990//1 4734//1 2341//1 
f 6213//1929 6214//2407 5450//2408 
f 6215//2 6214//7 6213//7 
f 6216//1799 6217//2409 6218//2409 
f 4556//1 1509//1 4554//1 
f 6219//1932 6220//174 6221//174 
f 671//1 6220//1 6219//1 
f 1438//2 6222//1 4550//1 
f 6222//1876 6223//1877 6224//1877 
f 6225//2329 4546//2410 6226//2410 
f 4546//1 4544//1 1440//1 
f 2303//1 2611//1 5201//1 
f 6227//786 6228//2411 345//2411 
f 6229//2 6230//7 6231//2412 
f 6230//1933 6229//2413 6232//2413 
f 2298//1 4558//1 5460//1 
f 2397//714 6233//713 1606//713 
f 6234//7 6235//7 3621//2 
f 6235//1939 6234//2414 6236//2414 
f 6237//1938 4142//2387 6238//2415 
f 4140//1 4142//13 6237//1 
f 6239//714 6194//713 6193//713 
f 1773//1 4529//1 4530//1 
f 4536//2416 6201//2389 6200//2389 
f 6240//1 4536//1 2319//1 
f 540//7 6199//2 6241//1 
f 6241//2417 6199//2387 6198//2387 
f 2301//1 6242//1 4581//1 
f 4581//2418 6202//2391 4627//2391 
f 4549//2 2120//85 4583//1 
f 6243//2418 6204//2391 4070//2391 
f 2131//1 2716//13 4571//13 
f 4571//2398 6244//2397 6205//2397 
f 1601//1 6245//1 4560//1 
f 6245//2419 6196//2385 6195//2385 
f 1229//2 6246//2 5724//1 
f 5724//1599 6246//2420 2730//2421 
f 6247//2422 3362//2422 4985//2422 
f 256//2 3362//2 6247//2 
f 6248//1831 5881//2423 2940//2423 
f 5881//1 5162//1 2074//1 
f 1154//428 5138//427 1858//427 
f 267//1 5138//13 1154//7 
f 181//1 182//2 2732//1 
f 2732//34 182//172 2731//172 
f 6249//13 4495//13 2053//13 
f 2053//697 4495//802 558//802 
f 6250//2424 5936//1702 5935//1702 
f 76//43 5936//2425 6250//2426 
f 6251//2427 5782//2110 5779//2110 
f 2095//1 6251//1 3281//1 
f 2972//1 2950//1 2965//1 
f 2965//2428 2950//912 2949//912 
f 2075//1 6252//1 1289//1 
f 6252//2174 2075//540 2074//540 
f 1494//1 6253//1 1158//1 
f 6253//2429 5722//2071 5721//2070 
f 3265//1013 3266//1012 746//437 
f 746//7 3266//1 3//2 
f 2262//7 4111//2 3//2 
f 4111//1358 2262//617 2261//616 
f 5526//1961 2749//824 5524//824 
f 346//1 2749//7 5526//7 
f 6254//684 5181//2406 5788//2406 
f 5179//1 5181//1 6254//1 
f 4812//1 5988//1 4813//1 
f 5988//305 6255//2430 6256//2430 
f 2762//1 5014//1 3617//1 
f 3617//2431 6257//2432 6258//2432 
f 2024//729 2929//728 1058//728 
f 2929//1 2024//7 2927//1 
f 6259//1 2964//1 6260//1 
f 6260//2433 2964//916 2963//916 
f 4771//2392 3004//2392 3003//2392 
f 3017//2 3004//1 4771//1 
f 2352//13 3012//1 3921//1 
f 3921//2380 3012//2380 3011//2380 
f 4770//2381 3007//2381 3006//2381 
f 3642//2 3007//1 4770//1 
f 6261//225 4703//1543 4955//1543 
f 515//94 4707//94 6262//94 
f 6263//1598 6256//2430 6255//2430 
f 6256//1 6263//1 1406//13 
f 6264//1 1913//1 1396//2 
f 1913//448 6264//447 1911//447 
f 4108//7 1859//13 2254//7 
f 1859//428 4108//883 1155//883 
f 2261//616 4112//1359 4111//1358 
f 291//52 4112//52 2261//52 
f 746//437 1878//436 3265//1013 
f 291//52 3265//52 1878//52 
f 1978//1 2971//1 2952//1 
f 2952//2434 2971//918 2970//918 
f 4004//2435 2387//701 1862//701 
f 4003//1 2387//1 4004//13 
f 4783//2382 3057//2382 3055//2382 
f 1809//1 3057//1 4783//1 
f 3050//1 4788//1 3661//1 
f 4788//2394 3050//2394 3049//2394 
f 657//13 4787//1 4786//13 
f 4787//2394 657//2394 3053//2394 
f 2277//1 3071//1 3632//1 
f 3632//1688 3071//1688 594//1688 
f 3152//2436 2411//2436 2410//2436 
f 1972//2 2411//1 3152//1 
f 744//13 4790//1 4789//13 
f 4790//2437 744//2437 3149//2437 
f 4818//1 6265//1 6266//1 
f 6265//2257 4818//1600 4816//1600 
f 6267//269 6168//2366 6167//2366 
f 6168//1 6267//1 1426//1 
f 6171//1 6268//1 1323//1 
f 6268//269 6171//2366 6169//2366 
f 2789//1 6269//1 6270//1 
f 6269//2005 2789//849 2788//849 
f 410//2 6271//1 6272//1 
f 6272//1263 6271//2438 3944//2439 
f 2273//1 3062//1 4797//1 
f 4797//2402 3062//2402 3061//2402 
f 4800//2401 3065//2401 3064//2401 
f 3068//2 3065//1 4800//1 
f 1809//1 3655//1 3654//1 
f 3655//1700 1809//1700 3909//1700 
f 3263//1 5999//1 793//1 
f 6273//2440 5999//2245 5499//2245 
f 2730//1 2355//1 5788//1 
f 6274//1641 2730//2421 6246//2420 
f 2410//2436 4785//2436 3152//2436 
f 4785//7 2410//1 2144//2 
f 5000//1734 1593//503 4997//1731 
f 1593//1 5000//7 3//2 
f 4999//7 3250//1 3//2 
f 4998//1732 3250//1005 4999//1733 
f 5219//61 4100//61 4099//61 
f 4639//1510 5218//1869 4899//1657 
f 512//13 204//1 3641//2 
f 3641//1701 204//1701 3910//1701 
f 6165//2365 3331//1053 3330//1053 
f 565//94 4030//94 6275//94 
f 2803//1709 3070//1709 3912//1709 
f 2802//1 3070//1 2803//1 
f 3657//1709 3069//1709 3911//1708 
f 2987//1 3069//1 3657//1 
f 2799//2 3315//13 1395//1 
f 3315//1046 2799//1046 3313//1046 
f 2714//676 1445//544 559//544 
f 1445//1 2714//1 2715//1 
f 1394//2 3018//1 3638//7 
f 3638//1702 3018//1702 514//1702 
f 5511//1 3193//7 609//2 
f 3193//980 5511//1955 5509//1955 
f 6276//2441 2759//831 2758//831 
f 2759//1 6276//1 6277//1 
f 3624//1145 2993//1145 3622//1145 
f 2993//1 3624//1 2341//1 
f 75//42 1577//350 18//15 
f 1577//350 16//13 18//15 
f 4664//62 4663//62 4121//62 
f 4120//1155 5237//1882 5583//1882 
f 6278//2442 4840//1610 4839//1610 
f 4840//2 6278//2 549//2 
f 4837//85 6279//85 389//1 
f 6279//2255 4837//1609 4835//1609 
f 1464//1 2620//1 1465//1 
f 2620//789 1464//788 2619//788 
f 2722//1 3607//1 757//1 
f 3607//1137 2722//1137 3606//1137 
f 2967//13 2961//13 2320//13 
f 2961//914 2967//914 2959//914 
f 2979//919 2809//919 2977//919 
f 2273//1 2809//2 2979//13 
f 2807//2 2976//13 2268//1 
f 2976//919 2807//919 2974//919 
f 2022//2 2928//1 3078//7 
f 3078//1389 2928//1389 2927//1389 
f 2267//2 3067//1 3674//7 
f 3674//1710 3067//1710 353//1710 
f 3671//1710 3066//1710 658//1710 
f 2272//2 3066//1 3671//7 
f 2997//925 6280//925 6281//2443 
f 6281//1 6280//1 1613//1 
f 1623//52 6282//52 2572//117 
f 2266//762 2572//761 6282//2444 
f 2761//1 4105//1 4114//1 
f 6283//2372 2761//1730 4996//1730 
f 3149//2437 3150//2437 4790//2437 
f 3150//13 3149//1 2362//13 
f 4146//2445 6284//2446 12//9 
f 6284//2447 4146//1381 4145//1380 
f 291//52 2260//52 4997//52 
f 4997//1731 2260//615 5000//1734 
f 6285//2448 4143//1378 4140//1377 
f 18//15 4143//2449 6285//2450 
f 291//52 4998//52 3264//52 
f 4999//1733 3264//1014 4998//1732 
f 4482//62 3325//62 4480//62 
f 5225//1872 3320//1050 5582//1050 
f 6286//2451 6287//2452 6288//2452 
f 6287//1 845//1 847//1 
f 3327//62 4682//62 4681//62 
f 5221//1871 3329//1052 4028//1052 
f 2805//855 2956//855 2804//855 
f 2956//1 2805//1 1193//1 
f 2129//1 2983//1 2821//1 
f 2821//860 2983//860 2819//860 
f 2981//1 2818//1 2107//1 
f 2818//860 2981//860 2816//860 
f 6289//2453 4886//1645 4995//1645 
f 4886//13 6289//13 3688//13 
f 6290//2454 3891//1235 2104//1235 
f 5709//1 3891//1 6290//1 
f 6291//2455 1903//2456 6292//1149 
f 5167//2 1903//1 6291//1 
f 3073//13 4796//13 3074//13 
f 3074//2457 4796//2457 4795//2457 
f 4476//7 6293//7 6294//7 
f 6293//1441 4476//1432 6295//1432 
f 6295//1432 4489//1441 6293//1441 
f 346//1 4489//7 6295//7 
f 1872//61 4678//61 4677//61 
f 2865//881 1869//429 2863//879 
f 1724//13 4486//1 6296//1 
f 6296//1193 4486//1439 4898//1439 
f 4898//1439 3831//1193 6296//1193 
f 3831//13 4898//13 4897//13 
f 50//13 6297//746 6298//1 
f 6299//2458 6298//2459 6297//2460 
f 6300//2103 1852//422 202//422 
f 979//1 6300//1 4654//1 
f 17//14 6301//2461 6302//2462 
f 6302//2463 6301//2464 4069//1335 
f 11//8 6303//2465 354//81 
f 354//2466 6303//2467 4066//1334 
f 1585//1 6304//1 6305//1 
f 6305//2468 6304//2469 4858//2469 
f 1592//504 3299//1036 3298//1035 
f 3299//7 1592//7 3//2 
f 1880//661 2329//660 3249//1004 
f 3249//7 2329//7 3//2 
f 4795//2457 3076//2457 3074//2457 
f 3076//1 4795//1 3678//2 
f 3688//1173 5508//1172 3687//1172 
f 6289//13 5508//13 3688//13 
f 704//62 703//62 5240//62 
f 5238//1883 1239//245 1238//245 
f 6306//2470 4870//1628 4867//1628 
f 902//1 4870//1 6306//1 
f 2844//1 4019//1 4815//1 
f 6307//2127 2844//870 2843//870 
f 1235//243 5220//1870 5591//1870 
f 5223//62 1231//62 2313//80 
f 6180//2471 6292//1149 1903//2456 
f 5586//1 6180//7 6182//1 
f 1479//62 5227//62 1477//62 
f 1956//466 5224//465 1954//465 
f 2264//970 3181//969 1625//2472 
f 2//1 1625//13 3181//2 
f 291//52 2017//52 3298//52 
f 3298//1035 2017//505 1592//504 
f 3249//1004 3248//1003 1880//661 
f 291//52 1880//52 3248//52 
f 2988//1 3901//1 2987//1 
f 3901//1239 2988//1239 3900//1239 
f 5414//61 1380//61 1379//61 
f 1870//430 5413//1907 5607//2010 
f 3648//1156 74//41 73//41 
f 515//94 6308//94 3645//94 
f 6309//556 1810//2473 3660//2473 
f 1810//1 6309//1 1811//1 
f 6310//2474 1284//259 1283//258 
f 1284//79 6310//85 544//13 
f 6311//2475 4646//1515 4645//1514 
f 4646//1 6311//1 174//7 
f 4668//2 4650//1 2098//1 
f 2098//2376 6312//2375 5010//2375 
f 509//1 4038//13 6313//1 
f 6313//653 4038//2476 1056//2476 
f 1156//1 6314//1 4717//1 
f 6314//1689 6188//2378 6186//2377 
f 5045//7 70//1 3//2 
f 5018//1749 70//665 5045//1764 
f 3293//7 5046//1 3//2 
f 5046//1765 3293//1031 5044//1763 
f 1912//1752 4891//1752 3017//1752 
f 749//2 4891//13 1912//13 
f 5880//40 72//40 16//13 
f 198//37 197//1 1490//1 
f 1392//2 2276//1 6315//1 
f 6315//2477 2276//620 2275//620 
f 6316//2477 2271//620 2270//620 
f 2271//1 6316//1 1388//2 
f 6317//2478 2108//556 1471//556 
f 2108//1 6317//1 702//13 
f 595//2 3677//7 596//2 
f 3677//2478 595//567 1385//567 
f 4881//1 5037//1 6318//1 
f 6318//2479 5037//2230 607//2230 
f 5406//1903 2141//581 5616//581 
f 5446//62 2142//62 5404//62 
f 11//8 10//7 1472//321 
f 6091//2295 11//8 1472//321 
f 5044//1763 3297//1034 5046//1765 
f 291//52 3297//52 5044//52 
f 291//52 5018//52 1879//52 
f 5045//1764 1879//662 5018//1749 
f 3873//1762 6319//2480 5043//2480 
f 3872//1 6319//1 3873//1 
f 3366//80 4702//61 4701//61 
f 3811//1187 3363//1072 3809//1185 
f 3292//1032 2018//508 1590//507 
f 2018//1 3292//7 3//2 
f 1645//1 6320//1 4547//1 
f 6320//2481 5212//1866 5211//1866 
f 4618//1862 6321//2482 6322//2482 
f 2388//2 6323//1 4618//1 
f 6324//1686 2786//2483 6325//2483 
f 2784//1 2786//1 6324//1 
f 3318//1 6326//85 3316//1 
f 6327//1560 6326//2484 4971//2485 
f 4765//62 1168//62 4956//62 
f 4955//1543 1169//225 6261//225 
f 3169//1 5976//1 607//2 
f 6328//2479 5976//2231 5975//2231 
f 71//1 5432//2 3//2 
f 5432//1920 71//664 2330//663 
f 1590//507 3294//1033 3292//1032 
f 291//52 3294//52 1590//52 
f 3392//1087 5405//1184 3805//1184 
f 3158//62 3157//62 3389//62 
f 3364//1073 5427//1918 5619//1918 
f 5425//61 2756//80 2755//61 
f 6277//2486 2666//1315 4034//1315 
f 2664//1 2666//1 6277//1 
f 1875//1 2729//1 2296//1 
f 2296//1991 2729//813 2728//813 
f 1325//1 531//1 2779//1 
f 2779//2487 531//105 530//105 
f 2582//2488 774//148 390//148 
f 1424//1 774//1 2582//1 
f 799//61 2587//61 797//80 
f 2585//769 6108//2308 5628//2019 
f 5503//1951 2389//702 5731//2073 
f 133//53 2389//117 5503//117 
f 1170//226 5429//732 2413//732 
f 1834//62 1833//62 1167//62 
f 4503//62 3390//62 5428//62 
f 5430//1919 3391//1086 5632//1086 
f 2588//61 5424//61 3913//61 
f 417//90 2584//768 415//88 
f 6060//2281 2939//2489 2435//2280 
f 2939//1 6060//1 1613//1 
f 3238//3 4689//3 1402//5 
f 4690//1538 4689//1538 3238//999 
f 5119//7 5096//2 1414//1 
f 1298//268 5119//268 1296//267 
f 970//13 4686//13 972//1 
f 4687//1536 4686//1536 970//180 
f 4587//6 4683//6 1295//6 
f 4684//1534 4683//1534 4587//1491 
f 6329//2490 6131//2490 6130//2490 
f 6131//1 6329//1 3344//7 
f 3939//1 3941//1 697//1 
f 697//2491 3941//2491 3302//2491 
f 1931//1 6065//1 2998//1 
f 6065//2284 6330//2283 6064//2283 
f 556//50 558//1 786//151 
f 786//1173 558//802 4495//802 
f 693//140 3183//973 691//139 
f 6078//1 3183//1 693//1 
f 3240//336 4586//336 1297//267 
f 1297//6 4586//6 1295//6 
f 1542//1 4669//2 4522//1 
f 6331//2492 1542//902 2930//902 
f 1451//1 6332//1 3407//1 
f 3407//1697 6332//2493 6333//2493 
f 2452//1 5040//1 5038//1 
f 6334//2058 2452//2494 5070//2494 
f 5562//1 6335//1 3344//7 
f 6335//1384 6336//2495 6337//2495 
f 6338//1585 2445//2496 5970//2496 
f 2445//746 4780//2497 5043//746 
f 4152//1 6339//1 4153//1 
f 6339//1711 4152//2498 6340//2498 
f 6341//1713 2583//2499 6342//2500 
f 1280//1 2583//1 6341//1 
f 4516//62 4601//62 6343//62 
f 6344//2501 4604//1015 4603//1015 
f 6345//2502 4014//1302 2647//1302 
f 4014//1 5765//1 1304//7 
f 2936//62 705//62 6346//62 
f 6347//1705 706//142 2081//543 
f 4012//84 5767//2503 1890//2 
f 6348//2502 4012//1302 2644//1302 
f 4849//1 4846//1029 4845//2 
f 6037//2264 4849//2263 6035//2263 
f 904//2 6349//1 6041//2 
f 6041//2267 6349//2266 6040//2266 
f 1057//510 4994//510 2023//510 
f 1056//13 4994//1 1057//1 
f 4722//94 6350//94 4723//136 
f 4640//1511 6351//2504 4638//1509 
f 5098//308 1413//308 5096//1788 
f 5096//2 1413//13 1414//1 
f 4684//7 4588//7 1414//1 
f 4587//1491 4588//1491 4684//1534 
f 970//180 969//180 4687//1536 
f 4687//3 969//3 1402//5 
f 4689//3 5118//3 1402//5 
f 2579//304 1405//304 5118//1539 
f 3238//999 3237//999 4690//1538 
f 4691//1 4690//13 972//1 
f 1845//419 1844//419 5115//1535 
f 5115//31 1844//6 1295//6 
f 5116//1 1951//1 972//1 
f 1952//463 1951//463 5116//1537 
f 2823//1759 3072//1759 3922//1759 
f 2822//56 3072//1 2823//2 
f 5959//2505 4710//1546 4709//1546 
f 5076//13 5073//13 5959//13 
f 3010//1 3634//1 594//1 
f 3634//1149 3010//1149 3633//1149 
f 1972//2 3151//1 3665//7 
f 3665//1743 3151//1743 761//1743 
f 5034//1 6352//1 6353//1 
f 6352//2080 5034//2506 5738//2506 
f 5578//13 6354//1 662//13 
f 6355//2507 6354//2508 6356//2508 
f 5728//61 80//80 83//61 
f 81//45 80//37 5728//38 
f 6357//2084 6358//2509 5688//2509 
f 1473//2 6358//1 4947//2 
f 5057//1 6359//1 5058//1 
f 6359//2082 5057//2510 6360//2510 
f 3842//1 5713//1 1327//13 
f 6361//284 6362//2511 6363//2511 
f 6364//309 6365//2512 6366//2512 
f 3845//441 5716//441 776//441 
f 6045//2270 6367//2513 6043//2268 
f 901//2 6367//2 6045//2 
f 4806//1 4804//1 3241//1 
f 6368//1716 4806//2514 1566//2514 
f 4857//1 2859//1 4858//1 
f 4858//2469 2859//2468 6305//2468 
f 3056//1 3656//1 1194//1 
f 3656//1163 3056//1163 3654//1163 
f 6369//1528 6370//2515 6371//2515 
f 3242//1 6369//1 608//2 
f 6372//2492 6002//2247 4669//2247 
f 410//2 6002//7 6372//2 
f 5097//6 1298//6 1295//6 
f 5119//268 1298//268 5097//1788 
f 6373//2516 3411//1098 3410//1098 
f 1055//1 3411//1 6373//1 
f 3643//1154 3005//1154 3642//1154 
f 3005//1 3643//1 2305//1 
f 6374//2517 6375//2518 389//1 
f 6375//1000 6374//2519 5559//2520 
f 3663//1164 3048//1164 3662//1164 
f 3048//1 3663//1 2324//1 
f 6376//2 6377//2 549//2 
f 6377//2039 6376//2519 5558//2519 
f 3659//1164 3052//1164 3658//1164 
f 3052//1 3659//1 2307//1 
f 556//50 5075//1 6106//1 
f 6106//696 5075//1777 5074//1777 
f 2852//1 2848//1 2853//1 
f 2853//2470 2777//839 2776//839 
f 1467//7 3821//1 3820//1 
f 6378//2032 6379//2521 2251//2522 
f 6380//2032 6381//2521 3175//2522 
f 3827//13 3824//13 3828//79 
f 6382//2505 6010//2250 6008//2250 
f 556//50 6010//1 6382//1 
f 6061//2523 3660//2473 1810//2473 
f 3660//1 6061//1 3964//1 
f 3002//7 3640//84 514//2 
f 3640//1153 3002//1153 3639//1153 
f 6383//2275 3851//1209 3850//1209 
f 3851//1 6383//1 1982//1 
f 3856//1 6384//1 4636//1 
f 6384//2274 3856//1209 3855//1210 
f 3079//943 4976//943 3077//943 
f 4976//7 3079//84 2927//1 
f 4447//2 6385//2 1206//1 
f 6385//2524 5853//2156 5851//2156 
f 3675//1167 3063//1167 3673//1167 
f 3063//7 3675//84 353//2 
f 3672//1167 3060//1167 3670//1167 
f 3060//7 3672//84 658//7 
f 3668//1758 3156//1758 3942//1758 
f 3156//1 3668//1 658//7 
f 2102//1284 3301//1284 3978//1284 
f 3301//1 2102//1 2101//1 
f 1585//1 3378//1 6386//1 
f 6386//2265 3378//1081 3376//1081 
f 5835//1 6387//1 866//2 
f 6387//2525 5835//2146 5834//2146 
f 6388//2526 1588//2149 5840//2149 
f 1588//1 2374//1 5836//1 
f 4903//62 6389//62 1776//62 
f 6177//2371 3346//1059 6176//1059 
f 3986//1 6390//1 4097//1 
f 6390//2527 3986//1288 3985//1288 
f 107//2 5807//7 4067//7 
f 4067//2525 5807//2129 5806//2129 
f 1952//3 4688//3 1402//5 
f 5116//1537 4688//1537 1952//463 
f 5115//1535 4685//1535 1845//419 
f 1845//2 4685//2 1414//1 
f 1412//7 5391//7 1414//1 
f 2828//862 5391//862 1412//307 
f 5118//1539 4691//1539 2579//304 
f 2579//7 4691//1 972//1 
f 5126//1810 5125//1810 1404//303 
f 1404//3 5125//3 1402//5 
f 5129//1812 5130//1812 3312//464 
f 3312//13 5130//1 972//1 
f 2106//6 5131//6 1295//6 
f 5132//1814 5131//1814 2106//420 
f 6391//13 208//2 972//1 
f 208//54 6391//123 339//123 
f 359//121 6392//2528 271//32 
f 271//1 6392//2 1414//1 
f 6393//1526 6394//2529 6395//2529 
f 1973//1 6394//2 6393//2 
f 3871//423 6396//2530 544//13 
f 6396//2531 3871//1222 3870//1222 
f 6397//2532 6058//2279 6054//2279 
f 6058//1 6397//1 174//7 
f 5697//2299 6398//2298 6092//2298 
f 6398//1 5697//1 5699//1 
f 4826//1 3381//1 5602//1 
f 5602//2533 3381//2534 6399//2534 
f 3375//1 3377//1 5598//1 
f 6400//2535 3993//1291 3992//1291 
f 901//2 6401//2 6402//2 
f 6402//2536 6401//2537 6403//2537 
f 5043//746 6404//2538 1148//84 
f 6404//631 6405//129 5622//129 
f 6406//631 646//130 645//129 
f 5038//1 6406//1 1302//7 
f 1726//385 1724//1579 4763//1579 
f 1724//13 1726//1 4487//1 
f 6407//2539 6408//2540 6409//2541 
f 6356//2 2862//2 6407//2 
f 6410//2542 1586//2543 2858//2543 
f 1584//1 1586//1 6410//1 
f 2081//543 4953//1705 6347//1705 
f 518//62 2082//62 519//62 
f 634//2 6411//1 3631//2 
f 6411//607 6333//2493 6332//2493 
f 548//1237 3829//1191 3896//1191 
f 547//7 3829//2 548//2 
f 5151//496 2134//568 5149//568 
f 2134//1 5151//1 6209//1 
f 565//94 414//94 3267//94 
f 3269//1015 6159//2362 6158//2362 
f 6412//649 1566//2514 4806//2514 
f 1564//1 1566//1 6412//1 
f 3614//1 6371//1 3615//1 
f 3615//1000 6371//2515 6370//2515 
f 2569//2544 1433//313 5081//313 
f 1434//1 1433//56 2569//1 
f 6413//2545 4592//1494 6414//2546 
f 4594//62 6415//62 1776//62 
f 1727//385 3423//384 1725//384 
f 3423//1 1727//13 1496//13 
f 6416//1726 6417//2547 6418//2547 
f 1849//1 1851//1 6416//1 
f 2444//1 4959//1 4958//1 
f 6104//2304 2444//2302 2938//2302 
f 6419//2111 3085//944 3305//944 
f 3085//1 6419//1 169//1 
f 609//2 5214//1 4600//13 
f 4600//1567 5214//1567 4746//1567 
f 2828//6 1411//6 1295//6 
f 1413//308 5098//308 1411//307 
f 2047//1 6420//1 3983//1 
f 6421//1670 6420//2548 5990//2549 
f 6422//579 6395//2529 6394//2529 
f 4661//13 6395//1 2140//13 
f 1826//407 1567//408 1827//408 
f 794//13 1827//2 1567//2 
f 5696//2059 1638//358 5694//358 
f 1638//1 3939//1 697//1 
f 3627//1147 5908//2185 3625//1146 
f 515//94 517//94 4954//94 
f 2147//320 3602//320 2932//903 
f 1815//1 3602//1 2147//2 
f 1965//1 3601//1 1470//2 
f 1470//320 3601//320 1468//320 
f 6423//2550 6018//2551 6424//2551 
f 2603//1 6018//1 6423//1 
f 5768//13 2051//13 2383//13 
f 2383//1798 2051//803 5112//803 
f 1153//2 5611//1 2663//1 
f 2663//1497 5611//1497 4599//1497 
f 3290//1 6325//1 3263//1 
f 6425//1010 6325//2483 2786//2483 
f 6426//698 6418//2547 6417//2547 
f 556//50 6418//1 6426//1 
f 233//13 5726//79 2089//79 
f 2089//549 5726//547 2087//547 
f 6084//1047 4971//2485 6326//2484 
f 6083//1 4971//1 6084//1 
f 2254//606 1860//606 2252//606 
f 1859//13 1860//13 2254//7 
f 2106//420 1846//420 5132//1814 
f 5132//7 1846//7 1414//1 
f 3312//464 1953//464 5129//1812 
f 5129//3 1953//3 1402//5 
f 5126//13 1403//13 972//1 
f 1404//303 1403//303 5126//1810 
f 3619//1085 3387//1085 5389//1811 
f 5389//3 3387//3 1402//5 
f 5152//1089 3394//1089 5154//1826 
f 5154//2 3394//2 1414//1 
f 5392//31 3276//6 1295//6 
f 3275//1020 3276//1020 5392//1815 
f 5390//13 2780//1 972//1 
f 3618//845 2780//845 5390//1894 
f 410//2 2257//1 6427//1 
f 6427//2309 2257//610 1541//610 
f 4101//1351 443//2552 723//216 
f 443//2552 4101//1351 4098//1350 
f 5165//1833 3016//963 5163//963 
f 3014//1 3016//1 5165//1 
f 4892//498 6428//2553 6429//2553 
f 2346//1 6428//1 4892//1 
f 608//2 6430//1 2011//2 
f 6430//801 6431//2554 1446//2554 
f 5134//1817 621//572 5160//1830 
f 133//53 621//52 5134//52 
f 2101//1 698//1 3302//1 
f 3302//2491 698//2491 697//2491 
f 624//120 6432//2555 5887//2556 
f 6432//80 201//61 5887//80 
f 5136//1818 363//328 5135//1816 
f 78//7 363//13 5136//13 
f 3193//7 3195//1 3194//7 
f 3194//1063 3195//1063 3352//1063 
f 2253//1881 5393//1881 4109//1881 
f 3194//7 5393//7 2253//1 
f 794//2012 4599//2012 5611//2012 
f 4599//441 794//13 4600//13 
f 6433//1 6434//1 2094//1 
f 6434//1343 6433//2557 4089//2557 
f 6435//37 10//7 12//9 
f 1491//2 10//7 1489//37 
f 2933//1902 4061//1902 5403//1902 
f 4061//1029 2933//1 2932//7 
f 4060//1 1469//1 1468//13 
f 1469//1901 4060//1901 5402//1901 
f 6436//2558 4936//1685 4934//1685 
f 232//2 4936//1 6436//1 
f 5055//62 201//61 6437//62 
f 5053//1250 6438//2559 6439//2559 
f 5892//2 5403//2 2770//2 
f 2770//2309 5403//2309 4061//2309 
f 5898//2 5402//2 2742//2 
f 2742//2311 5402//2311 4060//2311 
f 5164//1948 2317//1948 5498//1948 
f 1567//2 2317//1 5164//1 
f 2731//1 844//2 6440//2 
f 844//173 2731//172 182//172 
f 6441//2531 4781//1829 5159//1829 
f 4781//1 3870//1 4779//1 
f 2088//548 4762//1578 2839//867 
f 4762//7 2088//7 6442//7 
f 6252//1 4089//1 1289//1 
f 6443//1729 4089//2557 6433//2557 
f 54//35 149//216 148//28 
f 33//19 32//28 149//216 
f 4721//1555 125//28 127//2560 
f 22//19 148//28 125//28 
f 5111//1798 3687//1172 5508//1172 
f 76//43 3687//1174 5111//1796 
f 5153//6 2828//6 1295//6 
f 5391//862 2828//862 5153//1826 
f 3680//1168 3075//1168 3679//1168 
f 3680//13 2352//13 3075//1 
f 3684//1171 3904//1170 3682//1170 
f 234//1 3904//13 3684//13 
f 2119//1 696//1 2103//1 
f 2103//555 696//555 2101//555 
f 3860//112 4875//137 3858//137 
f 3322//1051 5582//1050 3320//1050 
f 659//13 4442//13 6444//13 
f 6444//2477 4442//2561 5033//2561 
f 6445//2477 4439//2561 4802//2561 
f 701//2 4439//13 6445//1 
f 4122//1 6446//1 1389//2 
f 6446//2478 4122//2562 6047//2562 
f 1384//2 4127//1 6447//1 
f 6447//2478 4127//2562 6048//2562 
f 6448//631 2454//221 2453//221 
f 6449//2 2454//1 6448//1 
f 3353//1895 4109//1895 5393//1895 
f 4107//13 4109//2 3353//1 
f 4475//1 2309//1 5821//13 
f 6450//2563 4475//2135 5816//2135 
f 6451//1708 5820//2137 5819//2137 
f 1202//7 5820//13 6451//13 
f 6452//2564 5828//2142 5827//2141 
f 1587//1 6452//1 4456//1 
f 6453//2565 5810//2131 4456//2131 
f 256//2 5810//2 6453//2 
f 4526//1 6454//1 1589//1 
f 6454//2566 5813//2133 5812//2133 
f 6455//2567 5839//2144 5837//2144 
f 4452//1 5839//1 6455//1 
f 50//13 5423//7 619//1 
f 619//329 5423//1917 3441//1116 
f 6456//2567 5832//2144 5831//2144 
f 5832//1 6456//1 6457//1 
f 6458//2568 4468//2140 5824//2140 
f 4468//1 3170//1 666//1 
f 5845//2 256//2 1863//2 
f 256//2567 5845//2153 1204//2153 
f 6459//2569 5579//1996 5578//1996 
f 1587//1 4473//1 2294//1 
f 6460//2570 4033//2151 5842//2151 
f 2152//1 4033//1 4641//1 
f 5135//117 1484//52 133//53 
f 1484//330 5135//1816 363//328 
f 565//94 5593//94 4029//94 
f 4028//1052 5222//1871 5221//1871 
f 5899//2179 3676//737 5897//737 
f 2021//1 3676//1 5899//1 
f 2864//880 4899//1657 5218//1869 
f 4047//94 4900//94 2867//94 
f 515//94 3646//94 5584//94 
f 5583//1882 3647//1155 4120//1155 
f 2144//2 3666//84 761//1 
f 3666//1165 2144//1165 3664//1165 
f 2039//518 4746//1867 5214//1867 
f 5139//1 4746//1 2039//1 
f 1958//94 5412//94 5411//94 
f 5226//1872 1954//465 5224//465 
f 3275//7 5133//7 1414//1 
f 5392//1815 5133//1815 3275//1020 
f 3618//3 5128//5 1402//5 
f 5390//1894 5128//1813 3618//845 
f 5400//1899 5399//1899 3397//1021 
f 3397//6 5399//6 1295//6 
f 3898//1238 5786//1238 3395//1088 
f 3395//13 5786//7 1414//1 
f 5419//1910 5420//1910 3386//1084 
f 3386//3 5420//3 1402//5 
f 5389//1811 5127//1811 3619//1085 
f 3619//1 5127//1 972//1 
f 2781//1 5417//1 972//1 
f 5416//1908 5417//1908 2781//844 
f 2038//516 1152//515 2036//515 
f 1153//2 1152//2 2038//2 
f 5504//2571 1429//578 596//578 
f 3073//13 1429//1 5504//13 
f 5591//1870 1236//243 1235//243 
f 565//94 2916//94 5592//94 
f 6075//1 6110//1 6461//1 
f 6461//405 6110//2572 6462//2572 
f 6463//2309 5105//2042 5672//2042 
f 5105//2 1541//2 6020//2 
f 802//402 6464//2573 978//401 
f 801//1 1721//1 802//1 
f 6465//2574 4749//1568 1720//1568 
f 4749//1 6465//1 2128//1 
f 2253//1 2252//1 609//2 
f 609//518 2252//517 1860//517 
f 6466//2575 5577//1994 5445//1994 
f 267//1 5577//13 6466//13 
f 5120//1 1061//1 3890//1 
f 6467//202 6468//2576 6442//2577 
f 515//94 5585//94 2918//94 
f 1238//245 5239//1883 5238//1883 
f 1965//1 1964//1 3600//1 
f 3600//1135 1964//1884 2002//1884 
f 3316//1 6469//1 1825//1 
f 6470//619 6469//2578 6471//2578 
f 1815//1 1814//1 3603//1 
f 3603//1136 1814//1885 2084//1885 
f 1535//94 2868//94 1533//94 
f 1871//431 2863//879 1869//429 
f 3669//1166 3148//1166 3667//1166 
f 3148//13 3669//13 2362//13 
f 6472//2579 5449//1928 5447//1928 
f 5718//1 5449//1 6472//1 
f 5410//1906 3598//1131 5409//1904 
f 50//13 3598//1 5410//1 
f 133//53 3441//117 5408//52 
f 5408//1905 3441//1116 5423//1917 
f 3982//1336 1828//2324 4073//2324 
f 3980//1 1828//1 3982//1 
f 1444//1 1446//1 6473//1 
f 6473//1803 1446//2554 6431//2554 
f 2011//2 6474//423 634//2 
f 6474//1802 6429//2553 6428//2553 
f 1720//1 3924//1 4750//1 
f 6475//2191 3924//1249 3923//1249 
f 1955//466 5616//581 2141//581 
f 5439//94 1957//94 3087//94 
f 4762//7 6442//7 6476//7 
f 6476//1804 6442//2577 6468//2576 
f 3232//1 3233//1 2661//2 
f 2661//794 3233//995 2660//793 
f 2143//2 2944//1 2943//2 
f 2943//2326 6477//2325 6121//2325 
f 2057//52 6299//52 6478//52 
f 6297//2460 6478//2580 6299//2458 
f 6479//2158 2717//2581 3932//2581 
f 2717//1 6479//1 2080//1 
f 3652//1159 3167//962 3650//1157 
f 50//13 3650//1 3167//13 
f 2629//1 6480//7 1609//1 
f 6480//2582 2629//1721 4978//1721 
f 133//53 3651//117 2015//117 
f 2014//1941 2015//1941 3651//1158 
f 3396//6 5152//6 1295//6 
f 3394//1089 5152//1089 3396//1088 
f 4490//94 5608//94 3807//94 
f 3810//1186 5607//2010 5413//1907 
f 112//1 114//1 266//1 
f 266//557 114//337 1573//337 
f 2661//2 5440//423 1572//2 
f 1572//2356 5440//2356 6153//2356 
f 1374//94 5617//94 1372//94 
f 5407//1903 3805//1184 5405//1184 
f 1437//2583 6481//2584 4130//2584 
f 4444//1 6481//1 1437//1 
f 6482//2585 2127//566 2126//566 
f 2127//1 6482//1 2128//1 
f 6483//2317 3257//1009 3256//1009 
f 112//1 3257//1 6483//1 
f 565//94 5627//94 4694//94 
f 4696//1541 5628//2019 6108//2308 
f 6484//2586 2366//1220 3204//1220 
f 2366//1 6484//1 2367//1 
f 4129//2587 6485//2588 6486//2588 
f 3932//1 4131//1 4129//1 
f 6123//2 5243//2 1569//2 
f 1569//680 5243//1887 5241//1887 
f 3365//1074 3809//1185 3363//1072 
f 2595//94 3808//94 2593//94 
f 3412//1 5588//1 3413//1 
f 3413//2589 5588//2003 4791//2002 
f 50//13 5505//7 1910//7 
f 1910//446 5505//1952 1909//444 
f 2659//794 6153//1925 5440//1925 
f 265//2 6153//2 2659//1 
f 1908//445 5409//1904 3598//1131 
f 133//53 5409//117 1908//117 
f 3393//1087 5632//1086 3391//1086 
f 4729//94 3804//94 4727//94 
f 515//94 6262//94 2920//94 
f 1171//226 6261//225 1169//225 
f 2586//769 415//88 2584//768 
f 565//94 2917//94 5626//94 
f 6162//62 4024//62 103//62 
f 103//213 4024//27 1278//27 
f 92//62 4098//62 4637//62 
f 4098//1350 92//2590 443//2552 
f 6123//2 6487//2 5243//2 
f 6487//2591 6123//2327 2099//2327 
f 4523//94 5620//94 586//94 
f 416//89 5619//1918 5427//1918 
f 515//94 2921//94 2414//94 
f 5431//1919 2413//732 5429//732 
f 373//1 2739//1 2020//1 
f 2020//2260 2739//818 4043//818 
f 295//74 6136//2051 2//1 
f 601//1407 600//2592 295//1405 
f 6488//2593 1902//443 1901//443 
f 1902//7 6488//2 1609//1 
f 5478//1940 5507//1953 3166//961 
f 50//13 3166//7 5507//7 
f 6138//2424 4653//1520 4652//1520 
f 6137//1 4653//1 6138//1 
f 4119//1 3259//1 6489//1 
f 6489//2594 3259//1316 4037//1316 
f 3167//962 3652//1159 3165//960 
f 133//53 3165//52 3652//52 
f 4433//52 3975//52 2436//72 
f 3973//1412 3975//2339 4433//1410 
f 2126//1 5198//1 1720//1 
f 6490//2574 5198//1856 5197//1856 
f 5416//3 2782//3 1402//5 
f 2781//844 2782//844 5416//1908 
f 5496//3 6491//3 1402//5 
f 637//124 6491//124 5496//1911 
f 5419//13 3385//7 972//1 
f 3386//1084 3385//1084 5419//1910 
f 3397//1021 3274//1021 5400//1899 
f 5400//2 3274//2 1414//1 
f 5490//1945 2246//603 5488//1943 
f 50//13 2246//1 5490//1 
f 1909//52 5489//52 133//53 
f 5489//1944 1909//444 5505//1952 
f 5394//1 3418//1 2827//13 
f 6492//1471 5394//2595 5934//2595 
f 6493//726 6494//2596 6495//2596 
f 4843//1 6493//1 2131//1 
f 5441//1970 1571//1970 5540//1970 
f 1571//2 5441//2 1572//2 
f 1164//502 361//327 2016//500 
f 50//13 2016//1 361//7 
f 1165//52 5478//117 133//53 
f 5507//1953 5478//1940 1165//501 
f 6496//102 6497//2597 6498//2597 
f 6499//1 6497//1 6496//1 
f 6500//1 6501//1 6502//1 
f 6502//747 6501//2598 6503//2598 
f 2400//473 6504//2599 6505//2599 
f 4960//13 6340//779 2400//13 
f 2851//1 5036//1 2852//1 
f 2852//2360 5036//2359 6156//2359 
f 1892//131 6506//2600 6507//2600 
f 4964//779 6342//2601 1892//1 
f 1900//1 6508//1 1903//1 
f 6508//2582 5194//1854 5193//1854 
f 6509//2602 5210//1864 5209//1864 
f 4627//2 5210//1 6509//1 
f 181//1 5455//1 6510//1 
f 6510//2603 5455//1930 5453//1930 
f 6511//2604 5207//1864 5205//1864 
f 5480//2 5207//1 6511//2 
f 5458//1 6512//1 539//1 
f 6512//2603 5458//1930 5457//1930 
f 6513//2604 5461//1864 5460//1864 
f 5101//1 5461//13 6513//13 
f 6514//1475 4605//1476 5462//1476 
f 4605//1 4608//1 4566//1 
f 3930//1 5473//1 6515//1 
f 6515//2605 5473//1936 5472//1936 
f 6516//1865 6322//2482 6321//2482 
f 6322//2 6516//1 552//2 
f 4537//1 5208//1 4556//1 
f 4556//2606 5487//1791 5485//1791 
f 5205//1 5483//1 2388//2 
f 6517//2606 5483//1791 5481//1791 
f 6518//2607 5470//1934 5469//1934 
f 5470//7 6518//7 3335//2 
f 5524//13 3224//7 5527//1 
f 5527//2216 3224//991 5952//991 
f 5954//2218 3228//993 4967//993 
f 4912//1 3228//1 4589//1 
f 50//13 5535//13 2247//7 
f 2247//604 5535//1966 3681//1169 
f 6519//2608 2351//682 1462//682 
f 4648//1 2351//1 4651//1 
f 2248//605 5488//1943 2246//603 
f 133//53 5488//52 2248//52 
f 2653//1135 1468//1134 3601//1134 
f 1300//7 1468//13 2653//13 
f 5084//1 2792//1 1495//1 
f 2792//851 5084//1781 5083//1780 
f 3604//1135 2932//1134 3602//1134 
f 2932//7 3604//1 2084//2 
f 6520//2609 5176//692 5175//692 
f 5453//1 5176//1 1439//1 
f 4582//1 5456//1 4606//1 
f 4606//2609 2375//692 537//692 
f 6218//2 5101//1 1605//1 
f 5101//2390 6218//2409 6217//2409 
f 6521//2606 5104//1791 5102//1791 
f 5460//1 5104//1 1602//2 
f 205//13 6224//13 6522//13 
f 6522//2610 6224//1877 6223//1877 
f 6226//1 4444//1 1437//1 
f 4444//2611 6226//2410 4546//2410 
f 902//2610 5232//1877 5231//1877 
f 901//2 5232//2 902//1 
f 1438//2 5450//1 2123//1 
f 6523//2612 5450//2408 6214//2407 
f 2745//823 4966//1715 2790//1715 
f 4966//7 2745//1 2747//1 
f 522//2610 345//2411 6228//2411 
f 2132//2277 345//1 522//2 
f 6524//2613 6221//174 6220//174 
f 5201//1 6221//1 1646//2 
f 6525//2614 5142//1821 5141//1821 
f 5468//1 6525//1 2298//1 
f 4572//13 5471//1 4844//1 
f 4844//2615 5236//1880 5235//1880 
f 6526//2616 6232//2413 6229//2413 
f 5466//1 6526//1 2303//1 
f 4549//2 6527//2 2120//85 
f 6527//2617 6238//2415 4142//2387 
f 4619//1 5477//1 4530//1 
f 4530//2612 6236//2414 6234//2414 
f 5474//1 4563//1 2319//1 
f 6528//2614 4563//1482 4562//1482 
f 3252//1007 5545//1973 5543//1972 
f 5545//1 3252//1 3863//1 
f 3894//1236 5526//1961 5525//1961 
f 346//1 5526//7 3894//7 
f 6529//1853 6462//2572 6110//2572 
f 1825//1 6462//1 3290//1 
f 4985//2422 4004//2422 6247//2422 
f 4004//13 4985//441 3197//13 
f 1580//1855 6471//2578 6469//2578 
f 1579//1 6471//1 1580//1 
f 4577//7 6530//2 3335//2 
f 6530//2419 4577//1490 4576//1490 
f 4566//1 6198//1 2301//1 
f 6531//1938 4566//1485 4564//1484 
f 4550//1 6532//1 4549//2 
f 6532//2618 6533//1499 6534//1499 
f 4472//2 4532//2 6535//1 
f 6535//714 4532//1465 4529//1465 
f 133//53 1483//52 1164//52 
f 361//327 1164//502 1483//325 
f 4558//1 5794//1 5460//1 
f 6536//2604 5794//1506 5793//1506 
f 4554//1 6537//1 5474//1 
f 6538//2035 6537//2619 6539//2619 
f 6540//1857 6541//146 6542//146 
f 2611//1 6541//1 5201//1 
f 671//1 6542//1 6543//1 
f 6543//1474 6542//146 6541//146 
f 1440//1 2416//1 5450//1 
f 6544//733 1440//166 6545//166 
f 5786//1238 3898//1238 5516//1959 
f 5516//6 3898//6 1295//6 
f 6546//7 6547//7 552//2 
f 6547//1501 6546//2620 6548//2620 
f 205//13 6534//13 6549//13 
f 6549//2621 6534//1499 6533//1499 
f 6033//1550 6550//2622 6551//2622 
f 6550//2 6033//2 6032//2 
f 4618//1 4615//1 4619//1 
f 4619//1466 6548//2620 6546//2620 
f 6552//2416 4540//1470 4539//1470 
f 4627//2 4540//1 6552//1 
f 6539//1 6553//1 1605//1 
f 6553//1477 6539//2619 6537//2619 
f 6554//2418 4580//1490 4579//1490 
f 4580//1 6554//1 6200//1 
f 6555//2623 6556//1178 6557//1178 
f 4547//1 6555//1 5466//1 
f 6545//1 6558//1 1437//1 
f 6558//1472 6545//166 1440//166 
f 6559//2 6030//2 6031//2 
f 6030//1548 6559//2622 6560//2622 
f 6561//2418 4585//1490 4583//1490 
f 181//1 4585//1 6561//1 
f 6562//1475 4609//1499 4608//1498 
f 540//7 4609//2 6562//2 
f 6563//2604 4626//1505 4624//1505 
f 4529//1 4626//1 5205//1 
f 4560//1 6564//1 5468//1 
f 6564//2607 3334//336 3333//336 
f 6557//7 6565//7 2365//2 
f 6565//2624 6557//1178 6556//1178 
f 4572//2605 4777//146 4775//146 
f 4571//13 4573//1 4572//13 
f 4537//2602 4630//1506 4628//1506 
f 4536//1 4538//1 4537//1 
f 1010//2 6566//1 4079//2 
f 6566//2625 1010//197 1009//197 
f 6567//2626 5942//2208 5940//2207 
f 2152//1 6568//1 5025//2 
f 6569//2603 2398//716 842//716 
f 4583//1 2398//1 5453//1 
f 4581//1 4578//1 4582//1 
f 4582//2603 4832//716 4831//716 
f 2857//1 5059//1 2858//1 
f 2858//2543 5059//2542 6410//2542 
f 901//2 6570//1 6409//1 
f 6409//2541 6570//2539 6407//2539 
f 50//13 3689//1 5530//13 
f 5530//1964 3689//1175 5529//1962 
f 50//13 362//7 5730//1 
f 5503//1951 5730//2074 362//326 
f 5528//1963 3681//1169 5535//1966 
f 133//53 3681//117 5528//117 
f 3879//1227 3927//1252 3926//1251 
f 3882//62 201//61 5054//62 
f 5506//2627 1866//621 848//621 
f 1866//1 5506//1 594//1 
f 5529//117 2390//117 133//53 
f 2390//703 5529//1962 3689//1175 
f 50//13 5731//7 2391//13 
f 2391//703 5731//2073 2389//702 
f 6288//2452 6571//2451 6286//2451 
f 410//2 6571//2 6288//2 
f 6572//1447 6424//2551 6018//2551 
f 2358//7 4502//1 2844//1 
f 5167//2593 2632//791 2631//791 
f 5166//2 2632//2628 5167//2 
f 1725//1 2791//1 2746//1 
f 2746//823 2791//850 2744//822 
f 2773//1 6258//1 2774//1 
f 6258//2432 2773//2629 3617//2431 
f 3251//1 5525//1 5527//1 
f 5525//1961 3251//1006 3894//1236 
f 5850//62 4902//62 1776//62 
f 3347//1060 4904//1659 4957//1659 
f 5170//1 3905//1 1609//1 
f 3905//2630 5170//1834 5166//1834 
f 1573//337 2109//557 266//557 
f 1572//2 2109//1 1573//1 
f 6573//2631 6574//2632 6575//2632 
f 6574//1 6573//1 345//1 
f 5934//1 6576//1 5935//1 
f 6576//1896 5934//2595 5394//2595 
f 901//2 6577//7 6578//7 
f 6578//2633 6577//2634 6353//2634 
f 2951//1 4610//1 4632//1 
f 4632//1507 4610//1507 4631//1507 
f 6579//2585 2831//864 2830//864 
f 801//1 2831//1 2126//1 
f 291//52 5625//52 3310//52 
f 3310//1044 5625//2018 5624//2017 
f 5172//1 3868//1 2128//1 
f 3868//2635 5172//1835 801//1835 
f 6580//2636 4974//1719 4973//1719 
f 3281//1 6580//1 6099//1 
f 85//6 68//39 83//39 
f 6164//2365 2451//39 2450//39 
f 6163//1633 27//24 26//23 
f 103//62 314//61 6162//62 
f 5701//1 4888//1 350//7 
f 4888//1993 5701//1992 5574//1992 
f 2117//7 1062//85 1641//7 
f 1062//207 2117//205 700//205 
f 2871//2 2873//1 2872//2 
f 6403//2537 2871//2536 6402//2536 
f 2793//1 5083//1 3865//1 
f 5083//1780 2793//851 2792//851 
f 904//2 6581//1 6399//1 
f 6399//2534 6581//2533 5602//2533 
f 1474//1 6582//1 906//13 
f 6582//2637 5635//2024 5634//2024 
f 6583//2638 5638//2025 5637//2025 
f 5638//2 6583//2 6584//2 
f 6585//2639 6457//2640 6586//2640 
f 5832//1 6457//1 6585//1 
f 5644//1 6587//1 51//1 
f 6587//2641 5644//2030 5642//2029 
f 5228//1875 3930//1255 3929//1254 
f 3930//1 5228//1 5473//1 
f 6588//2642 5648//2031 5645//2031 
f 4825//13 5648//171 2348//13 
f 1511//1 6589//1 864//1 
f 6590//2643 6589//2644 6591//2644 
f 346//1 3253//7 5543//7 
f 5543//1972 3253//1007 3252//1007 
f 4871//1 1998//1 3280//2 
f 6592//485 4871//2645 6132//2645 
f 6593//2313 3404//1113 3436//1113 
f 3404//1 5121//1 2775//1 
f 6158//2362 2312//648 2311//647 
f 6343//62 1233//80 1232//62 
f 3212//985 5846//984 3210//984 
f 6594//62 5849//62 1776//62 
f 1973//1 6595//2 6596//1 
f 6596//865 6595//2646 6597//2646 
f 4130//1 4883//1 3933//1 
f 6598//2647 4130//2584 6481//2584 
f 3302//1 4698//1 4697//1 
f 4697//2648 4698//2649 5467//2649 
f 3258//2427 4119//1365 4118//1365 
f 4119//1 3258//1 3259//1 
f 5754//2090 3878//1226 5568//1988 
f 5752//62 201//61 3881//62 
f 6599//2650 206//65 6215//2651 
f 6215//2 206//55 6214//7 
f 4711//1547 6560//2652 3845//441 
f 6600//1198 6560//2622 6559//2622 
f 6601//1198 6551//2622 6550//2622 
f 4715//1 6551//1 3842//1 
f 172//13 2601//13 4512//13 
f 4512//1453 2601//777 4510//777 
f 1719//7 5396//1 5394//1 
f 6602//2340 1719//383 1273//383 
f 5502//2653 656//628 1174//628 
f 656//13 5502//1 4735//1 
f 3626//1147 6347//1705 4953//1705 
f 6346//62 3629//62 3628//62 
f 1641//7 4890//1 5575//1 
f 4890//1649 1641//1649 4889//1648 
f 3403//1 6603//1 1496//13 
f 6603//2429 3403//1094 3402//1093 
f 699//362 4889//362 1641//361 
f 350//7 4889//1 699//1 
f 1174//1 1176//1 5501//1 
f 5501//2654 1176//669 2340//669 
f 6604//1569 6597//2646 6595//2646 
f 2834//13 6597//55 4661//13 
f 127//2560 4722//1556 4721//1555 
f 6350//94 4722//94 127//94 
f 1822//1 1821//1 4995//1 
f 4995//1645 1821//403 6289//2453 
f 6605//1189 3175//2522 6381//2521 
f 839//1 3175//1 6605//1 
f 6606//1189 2251//2522 6379//2521 
f 1506//1 2251//1 6606//1 
f 1009//13 5444//1 2099//1 
f 6607//2591 5444//1926 5443//1926 
f 6608//2655 5609//2374 6181//2374 
f 5609//1 2327//1 1992//1 
f 2826//1 6609//1 4743//1 
f 6609//2341 2826//861 2825//861 
f 4106//1 5702//1 3337//1 
f 3337//1056 5702//1699 4950//1699 
f 6610//1023 6132//2645 4871//2645 
f 6132//2 6610//2 1570//2 
f 6038//2656 3375//2656 4819//2656 
f 3375//1 6038//1 3376//1 
f 6611//2657 4822//2657 2870//2657 
f 5637//1 4822//441 4941//1 
f 3820//820 5651//2033 5649//2033 
f 3821//1 6378//1 3820//1 
f 3828//820 5654//2033 5653//2033 
f 3824//13 6380//2658 3828//79 
f 5642//2 4828//1 1473//2 
f 6612//2659 4828//2659 4002//2660 
f 6613//62 6614//62 1776//62 
f 5847//2154 1778//392 6089//392 
f 4826//1 3379//1 3381//1 
f 3379//2661 4826//2661 4825//2661 
f 3885//1234 4115//1233 3883//1233 
f 5013//1 4115//1 3885//1 
f 1832//1 2840//13 1175//56 
f 2840//2662 1832//627 2360//627 
f 1976//13 5547//1 4785//7 
f 5547//2663 1976//469 2409//469 
f 6615//2575 4079//1339 4078//1339 
f 1010//2 4079//2 6615//2 
f 5546//2664 1389//622 511//622 
f 4122//1 1389//2 5546//1 
f 3338//1056 5675//1055 3336//1055 
f 605//2 5675//1 3338//1 
f 4125//2664 1384//622 2306//622 
f 1384//2 4125//1 4127//1 
f 5542//2665 1812//711 2396//711 
f 3963//1 1812//1 5542//1 
f 5645//1 5647//1 6616//1 
f 6616//2666 5647//2667 6617//2667 
f 6618//2668 5564//1987 5563//1987 
f 5634//1 5564//1 6618//1 
f 6231//2669 2365//2670 6619//2670 
f 2363//7 2365//2 6231//2412 
f 5549//2671 2323//623 1388//623 
f 2323//2 5549//7 353//2 
f 5548//2671 2278//623 1392//623 
f 2278//7 5548//7 658//7 
f 232//2 3047//1 6620//1 
f 6620//2672 3047//937 3046//936 
f 6621//2535 5599//2008 5598//2008 
f 1585//1 5599//1 6621//1 
f 976//1 3836//1 5614//1 
f 5614//2013 3836//2013 5613//2013 
f 4010//62 201//61 5751//62 
f 1179//228 5753//2089 6107//2307 
f 6622//2441 2667//796 2664//796 
f 2667//1 2758//1 2761//1 
f 349//1062 2599//775 3349//775 
f 2599//1 349//1 351//1 
f 5217//1868 3202//1868 5215//1868 
f 3202//1 5217//1 1979//1 
f 5524//13 2750//13 3224//7 
f 2750//825 5524//824 2749//824 
f 5386//7 3835//1 2834//13 
f 6623//2361 3835//1195 3834//1195 
f 1973//1 5388//1 850//1 
f 850//2673 5388//1893 5386//1893 
f 4487//1440 2790//1715 4966//1715 
f 1726//1 2790//1 4487//1 
f 4519//2674 6624//2675 6440//2676 
f 535//2 5570//1 4519//1 
f 1655//366 5668//365 1653//365 
f 346//1 5668//7 1655//7 
f 6625//1663 4896//1655 6294//1655 
f 4896//1 1887//1 3227//1 
f 3832//1667 4897//1656 4912//1656 
f 3831//13 4897//13 3832//13 
f 6294//1655 4907//1663 6625//1663 
f 6293//7 4907//7 6294//7 
f 4912//1656 4911//1667 3832//1667 
f 1140//1 4911//1 4912//1 
f 2337//13 499//13 1139//13 
f 499//98 2337//97 497//97 
f 6249//13 6626//13 4495//13 
f 6626//2677 6249//2678 6627//2678 
f 3931//1 6628//1 3928//1 
f 5228//1875 6628//2679 3931//1873 
f 692//2680 4094//1346 4093//1346 
f 82//2 4094//1 692//1 
f 977//476 5685//476 561//476 
f 976//1 5685//1 977//1 
f 1862//701 6247//2435 4004//2435 
f 256//2 6247//2 1862//2 
f 4003//700 5662//2037 5661//2037 
f 4002//1 5662//1 4003//1 
f 124//94 4877//136 4876//94 
f 4877//36 124//212 166//212 
f 1041//199 1694//198 1039//198 
f 4996//1 1694//1 1041//1 
f 2606//781 3920//780 2604//780 
f 2607//1 3920//1 2606//13 
f 2140//13 5011//1 2605//441 
f 2605//781 5011//1742 3296//1742 
f 6415//62 6613//62 1776//62 
f 1779//393 6413//2545 5056//1767 
f 346//1 6295//7 2748//7 
f 2748//825 6295//1432 4476//1432 
f 6629//2399 6630//2681 6631//2681 
f 410//2 6630//2 6629//2 
f 4488//1440 4898//1439 4486//1439 
f 4898//13 4488//7 3230//13 
f 561//1 5612//7 5993//7 
f 5612//2053 561//2053 5685//2053 
f 17//14 255//68 5552//1977 
f 5815//2682 5552//1976 255//2683 
f 841//173 3335//1793 3144//1793 
f 840//171 3335//2 841//2 
f 74//41 6//4 5//4 
f 6308//94 515//94 1457//94 
f 1654//366 6293//1441 4489//1441 
f 6293//7 1654//7 4907//7 
f 4637//62 374//62 92//62 
f 31//16 4638//1509 6351//2504 
f 4811//13 678//13 680//13 
f 678//2351 4811//669 4809//669 
f 2597//2349 4808//1597 4807//1597 
f 1986//13 4808//13 2597//13 
f 1724//13 6296//1 498//1 
f 498//98 6296//1193 3831//1193 
f 6439//94 1311//112 3925//94 
f 6439//2559 3925//1250 5053//1250 
f 5861//2161 1178//227 3091//947 
f 5859//62 201//61 4009//62 
f 256//2 3200//7 3361//7 
f 3361//2684 3200//2684 3199//2684 
f 822//1 5690//1 5689//1 
f 5690//2685 822//2685 5615//2685 
f 3208//1 3209//1 6088//1 
f 6088//2294 3209//2294 6087//2294 
f 6395//1 6422//1 2140//13 
f 2140//580 6422//579 1975//579 
f 4933//1 6632//1 4934//1 
f 6632//2686 4933//1892 5385//1892 
f 2607//1 3295//1 3919//2 
f 3919//1246 3295//2034 597//2034 
f 6151//1 2028//1 4027//1 
f 4027//1311 2028//511 4025//1309 
f 5024//1310 2025//511 5022//1309 
f 6150//1 2025//1 5024//1 
f 3280//2 5541//423 5540//1 
f 5541//2687 3280//2687 3231//2687 
f 5004//1736 2308//644 5003//1737 
f 2308//645 5004//84 298//1 
f 546//1 2322//2 5002//2 
f 5002//1736 2322//644 5001//644 
f 3161//2022 3874//1223 5633//1223 
f 3874//13 3161//13 3163//13 
f 1056//2476 1191//653 6313//653 
f 1191//1 1056//13 1058//1 
f 821//1 602//1 5695//1 
f 5695//2059 602//113 3939//113 
f 6633//2594 5178//1838 4975//1838 
f 559//1 5178//1 6633//1 
f 3350//1062 5574//1992 5701//1992 
f 5574//1 3350//1 5147//1 
f 2827//13 6019//1 1822//1 
f 1822//404 6019//695 2382//695 
f 1218//1 4026//13 1216//1 
f 4026//1310 1218//2056 5758//2056 
f 5023//1310 5691//2056 5756//2056 
f 546//1 5691//1 5023//1 
f 256//2 1049//2 4990//2 
f 4990//981 1049//2055 5687//2055 
f 3199//2684 3197//2684 3361//2684 
f 3197//13 3199//1 3198//1 
f 2094//1 6634//1 1406//13 
f 6634//629 2094//1744 2286//1744 
f 6047//2562 6317//2478 6446//2478 
f 6317//1 6047//1 702//13 
f 1392//2 6315//1 5033//1 
f 5033//2561 6315//2477 6444//2477 
f 4802//2561 6316//2477 6445//2477 
f 6316//1 4802//1 1388//2 
f 3677//7 6048//1 4128//1 
f 6048//2562 3677//2478 6447//2478 
f 4739//2688 1319//643 513//643 
f 1319//2 4739//1 4741//1 
f 6635//1989 6440//2676 6624//2675 
f 2731//1 6440//2 6635//2 
f 5872//7 3000//7 3001//13 
f 3000//1725 5872//2052 5681//2052 
f 2026//13 5756//13 2433//2 
f 2433//1735 5756//2056 5691//2056 
f 2027//1 5758//1 2431//2 
f 2431//1736 5758//2056 1218//2056 
f 4951//1 6636//1 6324//1 
f 6636//1717 4951//1703 593//1703 
f 5479//2689 3303//2689 5575//2689 
f 3300//1 3303//1 5479//1 
f 6637//1718 4952//1704 4731//1704 
f 184//1 4952//2 6637//2 
f 605//2 4950//1 1040//1 
f 1040//199 4950//1699 5702//1699 
f 5574//1 5147//1 5575//1 
f 5575//2689 5147//2689 5479//2689 
f 4970//13 4731//1 4733//1 
f 4731//1704 4970//1718 6637//1718 
f 2838//2021 700//205 2117//205 
f 350//7 700//1 2838//13 
f 4969//1 593//2 594//1 
f 593//1703 4969//1717 6636//1717 
f 853//175 5894//2181 851//174 
f 234//1 5894//13 853//13 
f 1012//1 4983//1 1013//1 
f 1013//2690 4983//1723 4981//1723 
f 2070//538 5929//2201 2068//536 
f 5933//62 4593//62 1776//62 
f 3837//1197 981//2691 3917//1245 
f 976//1 981//1 3837//1 
f 205//13 4567//7 6534//13 
f 6638//2692 205//64 75//458 
f 255//2683 1201//773 5815//2682 
f 5815//7 1201//7 5816//7 
f 2942//2693 1202//708 13//707 
f 218//1 1202//7 2942//2 
f 6639//62 201//61 5858//62 
f 4007//1300 5860//2160 5017//1748 
f 4093//1346 693//2680 692//2680 
f 6077//1 693//1 4093//1 
f 82//2 5700//1 4989//1 
f 4989//1345 5700//2061 5698//2061 
f 3371//1078 5856//1738 2034//1738 
f 605//2 5856//1 3371//1 
f 4988//1725 2019//509 4987//1724 
f 234//1 2019//13 4988//13 
f 1973//1 3296//1 1974//2 
f 1974//580 3296//1742 5011//1742 
f 2605//441 2604//2694 2836//7 
f 2836//1246 2604//780 3920//780 
f 3340//2047 3336//1055 5675//1055 
f 3337//1 3336//1 3340//1 
f 3373//1079 5689//1077 3372//1077 
f 822//1 5689//1 3373//1 
f 596//578 3678//2571 5504//2571 
f 3677//7 3678//2 596//2 
f 6640//717 6641//2695 6642//2695 
f 6641//1 6640//1 6643//1 
f 6644//1 6645//1 6646//1 
f 6645//149 6644//2696 6647//2696 
f 1653//7 5669//13 6070//7 
f 5669//2040 1653//365 5668//365 
f 6599//157 6091//2295 1472//321 
f 6215//2651 6091//2297 6599//2650 
f 6275//94 2071//94 565//94 
f 2450//39 6165//2365 6164//2365 
f 6068//62 5086//62 1776//62 
f 5089//1783 6066//2285 6152//2285 
f 821//1 5708//1 603//1 
f 603//114 5708//2064 3940//2064 
f 3939//113 5696//2059 5695//2059 
f 1638//1 5696//1 3939//1 
f 3000//7 4987//1 852//1 
f 852//175 4987//1724 2019//509 
f 346//1 497//13 5667//13 
f 5667//2040 497//97 2337//97 
f 2997//1 4755//1 1131//1 
f 6281//2443 4755//2443 2997//925 
f 3426//62 5932//62 1776//62 
f 5930//2202 3427//1106 6148//2353 
f 1324//283 6014//2253 1322//282 
f 546//1 6014//1 1324//1 
f 389//1 6011//2252 388//84 
f 388//283 6011//282 1425//282 
f 5604//1 3273//1 3046//1 
f 6648//2672 3273//1019 1848//1019 
f 5872//7 3001//13 5873//13 
f 5873//2272 3001//926 6049//926 
f 2146//2 5049//1 3815//1 
f 5049//1766 2146//467 5048//467 
f 1967//2 5052//1 3819//1 
f 5052//1766 1967//467 5051//467 
f 776//441 6647//487 4964//779 
f 6649//1983 6647//2696 6644//2696 
f 6650//1982 6642//2695 6641//2695 
f 1327//13 6642//1 4960//13 
f 2021//1 5798//1 5050//1 
f 5050//1766 5798//2104 3819//2104 
f 1215//13 5797//1 5047//1 
f 5047//1766 5797//2104 3815//2104 
f 4995//1 6651//1 3437//1 
f 6627//2678 6651//2677 6626//2677 
f 5065//1 5067//1 1721//1 
f 6652//2697 5065//2221 5958//2221 
f 6653//62 201//61 6639//62 
f 5905//2183 4006//1299 6172//2368 
f 3875//1224 4939//1308 4022//1308 
f 4939//13 3875//13 4719//13 
f 605//2 3372//1 5676//1 
f 5676//2046 3372//1077 5689//1077 
f 5885//2176 4051//1324 6160//2363 
f 5888//62 201//61 4049//62 
f 6654//1 6499//1 6496//1 
f 6499//409 6654//2698 6655//2698 
f 2280//625 5088//1782 3235//997 
f 5087//62 2282//62 1776//62 
f 5945//62 3425//62 1776//62 
f 3428//1107 5946//2210 4774//1584 
f 3995//84 5019//84 169//1 
f 5019//1751 3995//1293 3994//1293 
f 3086//1 5795//1 4020//1 
f 5795//1750 3086//945 3084//945 
f 3818//1188 3191//977 3816//977 
f 3191//1 3818//1 2021//1 
f 3814//1188 3341//1057 3812//977 
f 1215//13 3341//1 3814//1 
f 546//1 1227//1 3083//84 
f 3083//1292 1227//240 5723//240 
f 5021//1 3994//2 6114//1 
f 3994//1293 5021//1751 5019//1751 
f 4958//2699 4852//1616 4850//1615 
f 4959//1 4852//1 4958//1 
f 5947//2211 2279//624 6161//2364 
f 2283//62 5944//62 1776//62 
f 6656//2700 870//1754 5027//1754 
f 868//2 870//1 6656//13 
f 605//2 992//1 997//1 
f 997//191 992//188 995//188 
f 1310//279 5904//2182 1308//277 
f 5903//62 201//61 6657//62 
f 4052//1325 5923//2195 4725//1557 
f 4050//62 201//61 5926//62 
f 1823//404 6289//2453 1821//403 
f 6289//13 1823//13 5508//13 
f 3370//1 4150//1 4151//1 
f 4150//2586 3370//1076 3367//1076 
f 599//2 5624//13 2//1 
f 5624//2017 599//612 3310//1044 
f 2412//2701 5606//2009 5604//2009 
f 5606//1 2412//1 351//1 
f 2137//1 5531//1 757//1 
f 5531//2702 2137//571 1320//571 
f 267//1 3435//13 6658//13 
f 6658//2703 3435//1112 3434//1112 
f 1695//377 6277//2486 5692//2057 
f 2759//1 6277//1 1695//1 
f 6659//1521 4590//1492 6102//1492 
f 4590//7 6659//1 204//1 
f 5924//2196 2408//730 6179//2373 
f 5927//62 201//61 5902//62 
f 5916//2704 5080//1778 5077//1778 
f 3368//1 5916//2 3369//1 
f 5623//2 3277//13 2//1 
f 3277//1022 5623//2016 5710//2065 
f 4668//2705 2617//2706 6660//2706 
f 2617//1 4668//2 6661//1 
f 6662//2707 5706//2062 5705//2062 
f 5920//1 5706//1 6662//1 
f 2760//1 5385//1 2667//1 
f 6663//2708 2760//2067 5718//2067 
f 5763//2097 2336//668 2335//667 
f 2336//13 5763//2 2//1 
f 863//2709 5741//2081 5740//2081 
f 5741//1 863//1 865//1 
f 6664//2710 5737//2079 5567//2079 
f 6354//1 5737//1 662//13 
f 234//1 4496//13 5720//779 
f 5720//2068 4496//1445 4138//1445 
f 4947//2 2350//106 4820//1 
f 6665//2711 4947//2085 5747//2085 
f 5745//1 871//2 873//2 
f 871//1900 5745//2083 5744//2083 
f 6666//2712 5157//1827 5156//1827 
f 5157//1 6054//1 5041//1 
f 5750//13 3968//2 2//1 
f 3968//1279 5750//2088 5748//2087 
f 5710//2065 2334//666 3277//1022 
f 291//52 2334//52 5710//52 
f 1875//1 4055//1 2729//1 
f 4055//1327 1875//434 4054//434 
f 3082//1327 6419//2111 2845//2111 
f 6419//1 3082//746 169//1 
f 6079//2291 4016//1303 6078//1303 
f 4015//1 4016//1 3285//1 
f 3819//1 3817//779 3816//13 
f 3817//1188 3819//2104 5798//2104 
f 6667//2713 3284//1026 3283//1026 
f 6667//1 1613//1 3284//1 
f 3815//1 3813//779 3812//13 
f 3813//1188 3815//2104 5797//2104 
f 1426//283 5003//1737 2308//644 
f 6267//1 5003//2 1426//1 
f 6268//1 5001//2 1323//1 
f 1323//283 5001//644 2322//644 
f 2335//667 5749//2086 5763//2097 
f 291//52 5749//52 2335//52 
f 5775//2106 3969//1278 3979//1285 
f 3969//13 5775//13 2//1 
f 291//52 3970//52 5748//52 
f 5748//2087 3970//1280 3968//1279 
f 5151//1 3895//1 3897//1 
f 3895//1237 5151//496 5150//496 
f 2332//898 5762//2096 5760//2095 
f 5762//2 2332//13 2//1 
f 3876//1225 5633//1223 3874//1223 
f 233//13 5633//55 3876//13 
f 3979//1285 5761//2094 5775//2106 
f 291//52 5761//52 3979//52 
f 2304//2 5569//1 4773//1 
f 5569//2714 2304//642 1396//642 
f 5150//496 548//1237 3895//1237 
f 546//1 548//2 5150//2 
f 2333//1 5783//1 2//1 
f 5783//2112 2333//897 2923//1408 
f 5760//2095 2922//899 2332//898 
f 291//52 2922//52 5760//52 
f 2662//2343 2735//815 2734//815 
f 4906//1 2735//1 2662//1 
f 3877//2715 3163//958 6668//958 
f 3874//13 3163//13 3877//13 
f 5804//2125 5803//2124 2060//1067 
f 2//1 2060//13 5803//13 
f 294//1406 5778//2109 5776//2108 
f 5778//1 294//2 2//1 
f 291//52 5777//52 2923//52 
f 2923//1408 5777//2107 5783//2112 
f 2386//2440 4072//1337 793//1337 
f 2003//1 4072//1 2386//1 
f 4499//1 1876//1 4500//1 
f 1876//435 4499//2105 5774//2105 
f 2438//1409 2059//1068 5784//2113 
f 2//1 5784//2 2059//1 
f 6669//1 3198//1 5687//1 
f 5687//2055 3198//981 4990//981 
f 546//1 2736//2 5182//2 
f 5182//1839 2736//817 5180//817 
f 2060//1067 2437//1066 5804//2125 
f 5804//117 2437//52 2436//72 
f 291//52 601//52 5776//52 
f 5776//2108 601//1407 294//1406 
f 2//1 3974//1 5122//2 
f 5123//1808 5122//1807 3974//1411 
f 5123//117 4433//52 2436//72 
f 3974//1411 4433//1410 5123//1808 
f 2436//72 2438//52 5124//117 
f 5784//2113 5124//1809 2438//1409 
f 823//1 2034//1 996//1 
f 996//190 2034//1738 5856//1738 
f 6414//2546 5056//1767 6413//2545 
f 5056//137 6414//137 1461//112 
f 546//1 5863//1 5081//1 
f 5081//313 5863//2163 2569//2544 
f 1229//2 1434//1 6246//2 
f 1434//314 1229//241 1228//241 
f 4747//1 4906//1 2662//1 
f 6096//2300 4747//1958 6095//1958 
f 4717//1 3164//1 3300//1 
f 6668//958 4717//1552 3877//2715 
f 4519//1 3236//1 4520//1 
f 4520//1458 6021//2256 1543//2256 
f 615//7 1419//7 1899//7 
f 1899//1192 1419//2120 2133//2120 
f 5738//1 4944//1 4825//13 
f 6670//2716 5738//2506 5034//2506 
f 3355//2717 6356//2508 6354//2508 
f 6356//2 3355//2 2862//2 
f 6669//2718 5688//2509 6358//2509 
f 5688//1 6669//1 5687//1 
f 4820//1 5743//1 5742//1 
f 5742//2719 6360//2510 5057//2510 
f 82//2 691//1 3185//1 
f 3185//974 691//139 3183//973 
f 5723//240 1874//1292 3083//1292 
f 1874//2 5723//1 1431//1 
f 3400//1091 5978//1090 3398//1090 
f 2339//1 5978//1 3400//1 
f 1966//1 3190//1 2021//1 
f 3190//978 1966//2119 1965//2119 
f 3342//1058 1816//2720 1815//2118 
f 1215//13 1816//7 3342//1 
f 2569//1 5179//1 6254//1 
f 5179//1839 2569//2544 5863//2163 
f 5020//1 3084//1 169//1 
f 3084//945 5020//1750 5795//1750 
f 5078//1 6337//1 6671//1 
f 6671//2721 6337//2495 6336//2495 
f 6281//2722 4658//2722 4756//2723 
f 4658//1 6281//1 1613//1 
f 5862//94 1311//112 5017//94 
f 5862//2162 5017//1748 5860//2160 
f 1494//1 1157//1 4092//1 
f 4092//1344 1157//223 4091//223 
f 3305//944 2845//2111 6419//2111 
f 2845//1 3305//1 2843//1 
f 5719//2068 851//174 5894//2181 
f 851//1 5719//1 5987//1 
f 606//377 1039//198 1694//198 
f 605//2 1039//1 606//1 
f 1877//435 4054//434 1875//434 
f 172//13 4054//1328 1877//746 
f 6266//2049 6672//2724 6673//2724 
f 6265//1 6672//1 6266//1 
f 6270//2049 6674//2724 6675//2724 
f 6269//1 6674//1 6270//1 
f 5467//2649 6290//2454 4697//2648 
f 5709//1 6290//1 5467//1 
f 3184//974 5100//1789 5789//1789 
f 5099//1 5100//1 3184//1 
f 5698//2061 4058//1345 4989//1345 
f 4056//1 4058//1 5698//1 
f 3187//1 5928//1 3189//1 
f 3189//1344 5928//2200 5875//2170 
f 82//2 5789//1 3399//1 
f 3399//1091 5789//1789 5100//1789 
f 3940//2064 604//114 603//114 
f 3939//1 604//1 3940//1 
f 2087//7 5727//13 6186//13 
f 5727//2072 2087//547 5726//547 
f 6363//1 4841//1 4838//1 
f 4841//2725 6363//2511 6362//2511 
f 6027//2 6676//2 6677//2 
f 6676//2704 6027//2259 6024//2259 
f 6366//1 4834//1 4836//1 
f 4834//2726 6366//2512 6365//2512 
f 3896//1 3830//1 2133//1 
f 3830//1192 3896//1191 3829//1191 
f 848//621 3073//2627 5506//2627 
f 3073//13 848//1 1429//1 
f 2152//1 5027//1 6568//1 
f 6678//2727 2152//1999 5581//1998 
f 3241//496 4803//1595 6189//1595 
f 4804//1 4803//1 3241//1 
f 4069//1335 6679//2728 6302//2463 
f 6679//1 4069//1 6203//2 
f 2136//569 5149//568 2134//568 
f 546//1 5149//2 2136//2 
f 216//2 4066//7 217//2 
f 4066//1334 216//2729 354//2466 
f 6392//2528 359//121 5785//1900 
f 5785//6 359//3 1295//6 
f 5618//1909 5415//1909 339//123 
f 339//6 5415//3 1402//5 
f 5517//122 626//122 5515//1959 
f 5515//7 626//7 1414//1 
f 637//13 5418//13 972//1 
f 5496//1911 5418//1911 637//124 
f 2135//569 5180//817 2736//817 
f 5180//1 2135//1 3307//1 
f 520//7 6486//1 521//79 
f 6486//2588 520//2587 4129//2587 
f 545//1452 6680//2730 6681//2730 
f 6680//423 545//106 544//13 
f 3683//1171 5203//1861 5202//1860 
f 5203//13 3683//13 4598//13 
f 641//127 6655//2698 6654//2698 
f 6655//1 641//1 174//7 
f 979//1 3408//1 980//1 
f 980//2731 4622//1504 4620//1504 
f 1158//224 3405//2159 5857//2159 
f 6253//1 3405//1 1158//1 
f 3812//13 3343//1 1815//1 
f 3343//1058 3812//977 3341//1057 
f 3816//13 3192//1 1965//1 
f 3192//978 3816//977 3191//977 
f 1232//62 6682//62 6343//62 
f 6683//2732 1234//242 2072//242 
f 3628//62 6684//62 6346//62 
f 6685//2733 4705//1544 4704//1544 
f 5661//2037 1863//700 4003//700 
f 1864//2 1863//2 5661//2 
f 2339//2169 1288//262 5874//262 
f 1285//1 1288//1 2339//1 
f 2972//1 2962//1 2973//1 
f 2973//2734 5146//1822 5145//1822 
f 5612//7 5613//2735 3838//7 
f 3838//1197 5613//1196 3836//1196 
f 3827//13 6686//2736 3824//13 
f 6686//1277 6673//2724 6672//2724 
f 6687//1277 6675//2724 6674//2724 
f 1467//7 6687//1 3821//1 
f 5202//1860 3684//1171 3683//1171 
f 234//1 3684//13 5202//13 
f 234//1 5681//13 3903//13 
f 3903//1240 5681//2052 5872//2052 
f 5068//13 6688//13 6008//13 
f 6688//2697 5068//1774 5067//1774 
f 6689//1274 6643//2737 6690//2737 
f 6641//1 6643//1 3962//1 
f 3959//1 6644//1 6646//1 
f 6691//1270 6646//2738 6692//2738 
f 1204//1 5808//1 666//1 
f 6693//1422 5808//2739 6694//2739 
f 6351//2504 19//16 31//16 
f 127//94 584//94 6350//94 
f 5800//13 5801//2 1864//2 
f 1864//1431 5801//2740 6695//2740 
f 5898//2179 2740//819 2738//819 
f 2740//2 5898//2 2742//2 
f 1205//1463 6696//2741 6697//2741 
f 5821//13 5818//1 1205//1 
f 2769//2 5892//2 2770//2 
f 5892//2180 2769//1318 5891//1318 
f 6698//1462 2380//2742 6699//2742 
f 2380//1 6698//1 2381//2 
f 6700//2743 5823//2744 5480//2745 
f 5823//1 4471//1 4473//1 
f 6701//2746 6702//2747 6703//2747 
f 4456//1 6702//1 4458//1 
f 6704//1427 866//2748 6705//2748 
f 4453//1 866//2 6704//1 
f 256//2 6706//2 6707//2 
f 6707//1424 6706//2749 6708//2749 
f 6709//1 6710//1 554//1 
f 6710//1429 6709//2750 4473//2750 
f 6711//1428 6712//2751 6713//2751 
f 4465//1 6711//1 1587//1 
f 1600//979 6714//2752 6715//2753 
f 5836//1 5833//1 1600//1 
f 107//2 6716//7 6717//7 
f 6717//1312 6716//2754 6718//2754 
f 6719//1428 6720//2751 6721//2751 
f 5837//1 6720//1 2153//1 
f 6183//1 5631//1 3433//1 
f 3433//2703 5631//2020 5630//2020 
f 6464//2573 1721//1979 1849//1979 
f 1721//1 6464//1 802//1 
f 1204//1 6722//1 4462//1 
f 6723//1425 6722//2755 6724//2755 
f 6725//1 1045//1 5829//2 
f 1045//1427 6725//2756 6726//2757 
f 1202//7 6727//13 6728//13 
f 6728//1420 6727//2758 6729//2758 
f 6730//2759 5559//2520 6374//2519 
f 5559//1 6730//1 4965//1 
f 2021//1 5051//1 1969//1 
f 1969//468 5051//467 1967//467 
f 1215//13 5048//1 2148//1 
f 2148//468 5048//467 2146//467 
f 4962//1 5558//1 6731//1 
f 6731//2759 5558//2519 6376//2519 
f 1281//1273 6732//1272 389//1 
f 6732//2759 1281//256 1280//255 
f 4155//85 6733//2 549//2 
f 6733//2759 4155//255 4153//255 
f 546//1 1435//1 1228//1 
f 1228//241 1435//314 1434//314 
f 2429//2760 2428//2761 624//120 
f 624//120 2428//2761 623//119 
f 1215//13 2423//1 5890//1 
f 5890//2179 2423//737 5896//737 
f 6734//2608 5009//1741 4651//1741 
f 267//1 5009//13 6734//7 
f 6735//2762 5556//1981 5555//1980 
f 5556//1 6735//1 345//1 
f 5768//2100 2382//695 6019//695 
f 2382//13 5768//13 2383//13 
f 233//13 4022//13 5725//13 
f 5725//2072 4022//1308 4939//1308 
f 1968//468 5897//737 3676//737 
f 5898//2 5897//1 1968//2 
f 5892//2 5896//1 2145//2 
f 2145//468 5896//737 2423//737 
f 6736//2763 2006//495 1465//495 
f 267//1 2006//7 6736//7 
f 1159//224 4091//223 1157//223 
f 5016//1 4091//1 1159//1 
f 2991//1 1174//1 5501//1 
f 1174//628 2991//2653 5502//2653 
f 3683//13 3682//1 3685//13 
f 3685//1240 3682//1170 3904//1170 
f 5603//2764 1044//201 1043//201 
f 1044//1 5603//1 3046//1 
f 2738//819 5899//2179 5898//2179 
f 2021//1 5899//1 2738//1 
f 4042//2 4043//1 2740//2 
f 4043//818 4042//2260 2020//2260 
f 4040//2 4041//1 2769//2 
f 4041//1319 4040//2260 4156//1386 
f 2340//669 4737//2654 5501//2654 
f 1596//13 4737//1 2340//13 
f 4444//1 5734//1 6737//1 
f 6737//2765 5734//2077 5733//2076 
f 6738//1 6739//1 174//7 
f 6739//2278 6738//2766 6055//2766 
f 6740//423 6741//423 544//13 
f 6741//1221 6740//2767 3872//2767 
f 1216//1 5893//2 1980//1 
f 1980//472 5893//397 5910//397 
f 1805//1 4634//1 1808//13 
f 4634//1508 1805//397 5911//2186 
f 1410//2169 3398//1090 5978//1090 
f 82//2 3398//1 1410//1 
f 4141//13 6742//1 6743//1 
f 4862//1622 6742//2768 4141//1376 
f 4865//1624 6744//2769 4144//1379 
f 2942//2 4144//2 2393//2 
f 4081//1341 2648//2198 2001//2198 
f 2648//1 4081//1 4080//1 
f 6384//1 4080//1 4636//1 
f 4636//1508 4080//1340 4635//1340 
f 4086//1342 2645//2199 1217//2199 
f 2645//1 4086//1 4085//1 
f 1982//472 4085//471 1981//471 
f 6383//1 4085//1 1982//1 
f 3418//1 3417//1 2827//13 
f 2827//2100 3417//1101 2050//1101 
f 2744//1 3864//1 2747//1 
f 2747//2770 3864//1216 4589//1216 
f 5953//2771 3226//1213 3254//1213 
f 3226//1 5953//1 5952//1 
f 295//1405 600//2592 6136//2772 
f 6745//2773 6136//2774 600//2775 
f 4064//2655 2328//658 2327//658 
f 4063//1 2328//1 4064//1 
f 2360//627 4789//2662 2840//2662 
f 4789//13 2360//13 656//13 
f 4635//1 4082//1 1808//13 
f 4082//1341 4635//1340 4080//1340 
f 4087//1342 1981//471 4085//471 
f 1216//1 1981//1 4087//1 
f 2409//469 4784//2663 5547//2663 
f 1970//1 4784//7 2409//2 
f 2030//398 4025//1309 2028//511 
f 4025//55 2030//2 1216//1 
f 1806//398 5022//1309 2025//511 
f 546//1 5022//1 1806//1 
f 511//622 3661//2664 5546//2664 
f 3660//1 3661//1 511//1 
f 4786//13 2306//13 658//7 
f 2306//622 4786//2664 4125//2664 
f 2396//711 4782//2665 5542//2665 
f 1809//1 4782//1 2396//1 
f 543//1319 5891//1318 2769//1318 
f 1215//13 5891//1 543//79 
f 6746//2776 3998//1295 3997//1295 
f 3998//1 6746//1 5523//1 
f 4001//1 6747//1 5520//1 
f 6747//2776 4001//1297 4000//1295 
f 3421//1104 4916//2205 5938//2205 
f 3422//1 4916//1 3421//1 
f 1388//623 4799//2671 5549//2671 
f 4802//1 4799//1 1388//2 
f 107//2 6694//7 6748//7 
f 6748//2128 6694//2739 5808//2739 
f 1392//623 2812//2671 5548//2671 
f 2812//1 1392//2 5033//1 
f 1600//1 4527//1 4526//1 
f 4526//2777 6699//2742 2380//2742 
f 6749//2778 6703//2747 6702//2747 
f 256//2 6703//2 6749//2 
f 1587//1 6750//1 6452//1 
f 6750//2779 6726//2757 6725//2756 
f 6025//1 5984//1 6026//2 
f 6026//2780 5984//2237 1529//2237 
f 4462//1 6695//1 4475//1 
f 6751//2134 6695//2740 5801//2740 
f 6752//2136 6697//2741 6696//2741 
f 1202//7 6697//13 6752//13 
f 6753//2143 6713//2751 6712//2751 
f 6713//1 6753//1 1046//2 
f 6715//1 6754//1 866//2 
f 6754//2145 6715//2753 6714//2752 
f 2153//1 6705//1 4468//1 
f 6755//2139 6705//2748 866//2748 
f 6756//2147 6721//2751 6720//2751 
f 4452//1 6721//1 6756//1 
f 4473//1 5579//1 2294//1 
f 6757//2781 4473//2750 6709//2750 
f 6724//2 6758//2 1863//2 
f 6758//2152 6724//2755 6722//2755 
f 4458//1 6708//1 1588//1 
f 6759//2782 6708//2749 6706//2749 
f 4447//2155 6729//2758 6727//2758 
f 1205//1 4448//1 4447//2 
f 666//1 6718//1 4033//1 
f 6760//2150 6718//2754 6716//2754 
f 4096//1348 5875//2170 5928//2200 
f 1494//1 5875//1 4096//1 
f 3918//2783 1992//478 1530//478 
f 3917//1 1992//1 3918//7 
f 5161//1 2940//1 5769//1 
f 2940//2423 5161//1831 6248//1831 
f 6761//1 6660//1 6762//1 
f 6660//2706 6761//2705 4668//2705 
f 2394//1104 4095//1347 3420//1103 
f 1494//1 4095//1 2394//1 
f 4075//1531 2951//1530 4674//1530 
f 2951//1 4075//1 1978//1 
f 6763//2707 4745//1566 4743//1566 
f 6764//1 6763//1 3286//1028 
f 3865//1217 5085//2224 5962//2224 
f 5083//1 5085//1 3865//1 
f 3254//1213 5527//2771 5953//2771 
f 3251//1 5527//1 3254//1 
f 3228//1 5954//1 4589//1 
f 4589//1216 5954//2770 2747//2770 
f 5964//1 3862//1 3226//1 
f 3862//1214 5964//2226 5963//2226 
f 2029//398 5910//397 5893//397 
f 4011//1 5910//1 2029//1 
f 1807//398 5911//2186 1805//397 
f 4013//1 5911//1 1807//1 
f 5895//1779 856//176 855//176 
f 856//1 5895//1 1495//1 
f 4097//1348 3420//1103 4095//1347 
f 6390//1 3420//1 4097//1 
f 5544//1971 5901//1971 1658//367 
f 5901//1 5545//1 1658//1 
f 6207//1 5957//1 6765//1 
f 6765//2784 5957//2220 5955//2220 
f 6353//2634 6766//2633 6578//2633 
f 5741//1 865//1 6353//1 
f 6586//2640 6767//2785 6585//2639 
f 6359//1 6767//1 5058//1 
f 6591//2644 6768//2643 6590//2643 
f 901//2 6768//2 6591//2 
f 994//189 995//188 992//188 
f 5937//1 995//1 994//1 
f 3247//2 2291//2 2292//1 
f 2291//2474 3247//1002 3246//871 
f 6449//2474 2846//871 4633//871 
f 2846//2 6449//2 6448//1 
f 2048//2786 3908//1242 3906//1242 
f 3908//1 2048//1 2049//1 
f 5441//2 3231//1 2661//2 
f 3231//2687 5441//2687 5541//2687 
f 5099//1 5968//1 3400//1 
f 5968//2227 5099//1823 4015//1823 
f 4876//94 477//94 124//94 
f 26//23 4878//1633 6163//1633 
f 3917//1 4794//1 5609//1 
f 6769//1591 3917//1245 981//2691 
f 1287//261 2073//260 1285//260 
f 2074//1 2073//1 1287//1 
f 5713//1 6362//1 1327//13 
f 6770//2725 5713//2066 5712//2066 
f 5980//2233 2064//529 5979//529 
f 2064//1 5986//1 2999//1 
f 6771//2725 5716//2066 5714//2066 
f 5716//441 6365//441 776//441 
f 2287//2235 1129//214 4134//2234 
f 2286//1 1129//1 2287//1 
f 6772//2488 2815//859 2814//858 
f 2815//56 6772//56 389//1 
f 1991//2 6773//2 549//2 
f 6773//2487 1991//475 1990//475 
f 1810//2473 3963//2523 6061//2523 
f 3963//1 1810//1 1812//1 
f 6774//1 6775//1 1979//1 
f 6775//2222 6774//2787 6776//2787 
f 5866//1 1697//1 1696//1 
f 1697//2788 5866//2164 5865//2164 
f 5987//2238 4137//1372 5985//1372 
f 5719//1 4137//1 5987//1 
f 2249//32 2321//620 1190//620 
f 509//1 2321//1 2249//1 
f 2999//1 4135//1 5982//1 
f 5982//2239 4135//1371 4813//1371 
f 3985//1 3984//1 2762//1 
f 2762//976 3984//1287 3187//975 
f 5780//1 2097//1 1532//1 
f 2097//553 5780//552 2095//552 
f 4770//1 4769//1 513//2 
f 513//643 4769//2688 4739//2688 
f 993//189 5938//2205 4916//2205 
f 605//2 5938//1 993//1 
f 976//1 4993//1 5674//1 
f 976//1099 5674//2045 6141//2045 
f 2774//836 5857//2159 3405//2159 
f 6258//1 5857//1 2774//1 
f 1042//1 6777//1 2049//1 
f 2049//2063 6777//2789 5709//2790 
f 1847//1 5422//1 351//1 
f 5422//1912 1847//1363 2119//1363 
f 6747//1 3841//1 5520//1 
f 5520//1960 3841//1201 5519//1200 
f 5523//379 3846//1200 5522//1201 
f 6746//1 3846//1 5523//1 
f 2098//1 2797//56 1009//13 
f 6778//2625 2797//853 2794//853 
f 3944//2439 3946//1263 6272//1263 
f 3943//2 3946//1 3944//2 
f 2600//776 3349//775 2599//775 
f 3349//1 2600//1 3977//1 
f 5918//1 1529//1 1531//1 
f 6779//2780 5918//2189 5917//2189 
f 6681//1 6500//1 6502//1 
f 6500//424 6681//2730 6680//2730 
f 1998//1 4872//1 3280//2 
f 3280//2102 4872//1630 5771//1630 
f 3977//1 5421//1 2119//1 
f 5421//1912 3977//2242 6000//2242 
f 6279//85 5521//56 389//1 
f 5521//379 6279//2255 6017//2255 
f 6278//2 5518//2 549//2 
f 5518//379 6278//2442 6016//2255 
f 5537//1967 838//168 4595//168 
f 838//79 5537//55 544//13 
f 5539//1969 6034//168 3966//1968 
f 6034//1 5539//1 174//7 
f 6000//1 2598//1 351//1 
f 2598//776 6000//2242 3977//2242 
f 6617//2667 6780//2666 6616//2666 
f 904//2 6780//13 6617//1 
f 4611//2209 2952//2209 5943//2209 
f 2951//1 2952//1 4611//1 
f 5638//2 6584//2 4823//2 
f 6619//2670 6584//2669 6231//2669 
f 301//76 6177//2371 6175//2370 
f 6389//62 519//62 1776//62 
f 6437//62 201//61 413//61 
f 6438//2559 307//78 306//78 
f 5709//2790 5707//2063 2049//2063 
f 3940//1 5707//1 5709//1 
f 4520//1 4521//1 6006//1 
f 6006//2791 4521//2791 4670//2791 
f 6269//1 5538//1 6674//1 
f 5538//1969 6269//2005 5590//2005 
f 6265//1 5536//1 6672//1 
f 5536//1967 6265//2257 6022//2257 
f 4670//2791 3945//2792 6006//2791 
f 3943//2 3945//2 4670//2 
f 5188//52 2057//52 1704//52 
f 5189//1851 5188//1850 1704//2793 
f 5780//1 1532//1 6115//1 
f 6115//2243 1532//338 113//338 
f 1640//360 5694//358 1638//358 
f 821//1 5694//1 1640//1 
f 3610//1141 6032//1140 3609//1140 
f 6550//2 6032//2 3610//1 
f 6559//2 6031//2 3613//1 
f 3613//1143 6031//1142 3612//1142 
f 18//15 6285//2450 5183//1840 
f 5183//1843 6285//2448 5799//2121 
f 6284//2446 5186//1848 12//9 
f 5186//1846 6284//2447 5802//2123 
f 5790//2117 4139//1373 5791//2115 
f 11//8 5791//2296 4139//1374 
f 17//14 5551//1978 3934//1256 
f 5800//2122 3934//1260 5551//1975 
f 4076//1338 5215//1338 3202//1338 
f 5215//1 4076//1 4674//2 
f 795//1387 5589//2004 1151//618 
f 2036//13 5589//1 795//1 
f 6051//2273 837//85 544//13 
f 837//169 6051//182 3174//182 
f 1507//169 974//182 1505//182 
f 974//1 1507//1 174//7 
f 5963//2226 3863//1215 3862//1214 
f 5545//1 3863//1 5963//1 
f 5962//2224 3866//1218 3865//1217 
f 4589//1 3866//1 5962//1 
f 6259//1 5883//1 2964//1 
f 5883//2175 6259//2261 6029//2261 
f 4859//2213 2295//166 1993//166 
f 4858//1 2295//1 4859//1 
f 4847//1612 4853//1181 4845//146 
f 901//2 4853//2 4847//7 
f 172//13 4512//13 5673//13 
f 5673//2044 4512//1453 4511//1453 
f 4943//2 4845//2 4855//2 
f 4855//1617 4845//146 4853//1181 
f 2096//1027 5540//1027 1571//1027 
f 5540//1 2096//1 2095//1 
f 6781//1148 5510//1954 6782//1954 
f 1451//1 5510//2 6781//1 
f 4868//1684 4869//1627 4932//1627 
f 4867//1 4869//1 4868//1 
f 1320//571 4741//2702 5531//2702 
f 1319//2 4741//1 1320//1 
f 5107//13 4511//13 6783//13 
f 4511//1453 5107//2044 5673//2044 
f 5522//56 3611//56 389//1 
f 3611//1143 5522//1201 3846//1200 
f 1639//359 2119//1363 1847//1363 
f 2119//1 1639//1 1638//1 
f 5519//2 3608//2 549//2 
f 3608//1141 5519//1200 3841//1201 
f 2998//1 6050//1 6049//1 
f 6050//2794 2998//2794 3686//2794 
f 839//170 4595//168 838//168 
f 4595//1 839//1 6605//1 
f 1506//170 3966//1968 6034//168 
f 3966//1 1506//1 6606//1 
f 5012//1745 3885//1234 3884//1234 
f 5013//1 3885//1 5012//1 
f 1409//1 2285//1 2286//1 
f 2286//1744 2285//629 6634//629 
f 515//94 2919//94 6784//94 
f 6785//2733 1237//244 2937//244 
f 565//94 4695//94 6786//94 
f 6787//2732 4515//1456 4514//1455 
f 2602//778 5774//2105 4499//2105 
f 172//13 5774//746 2602//779 
f 3954//1 6086//1 3286//1028 
f 6086//2795 3954//2795 5912//2795 
f 3886//1 3884//1 3883//1 
f 3884//1234 3886//1745 5012//1745 
f 1913//1 4772//1 1396//2 
f 1396//642 4772//2714 5569//2714 
f 4713//2 1425//1 6013//2 
f 6013//2251 1425//282 6011//282 
f 6015//2254 1322//282 6014//2253 
f 4716//2 1322//1 6015//2 
f 6189//1595 1443//496 3241//496 
f 1441//1 1443//1 6189//1 
f 1542//1 4522//1 1543//2 
f 1543//2256 4522//1459 4520//1458 
f 4156//171 6028//85 544//13 
f 6028//183 4156//1386 4040//2260 
f 2020//1 973//1 174//7 
f 973//183 2020//2260 4042//2260 
f 2603//778 4510//777 2601//777 
f 4510//7 2603//1 6788//1 
f 5952//1 3225//1 4896//1 
f 3225//992 5952//991 3224//991 
f 3230//994 4967//993 3228//993 
f 4488//7 4967//13 3230//13 
f 6789//2765 3933//1419 4445//1419 
f 6790//1 3933//1 6789//1 
f 4756//2723 4755//2723 6281//2722 
f 4755//1 4756//1 4659//1 
f 6060//1 4657//1 1613//1 
f 4657//1524 6060//2281 6059//2281 
f 4114//1361 4104//1354 3339//1354 
f 4105//1 4104//1 4114//1 
f 3227//1 6071//1 1140//1 
f 1140//218 6071//217 1138//217 
f 1888//440 6070//439 1886//439 
f 1653//7 6070//7 1888//7 
f 3686//2794 5873//2794 6050//2794 
f 3685//13 5873//13 3686//13 
f 4597//1496 6065//2284 6063//2284 
f 6065//1 4597//1 2998//1 
f 6791//1 6126//1 6792//1 
f 6792//2783 6126//2328 6125//2328 
f 3955//2796 3950//1266 3949//1266 
f 3950//1 3955//1 3286//1028 
f 3926//1251 3880//1228 3879//1227 
f 3926//94 1311//112 3880//94 
f 6077//2797 4057//2797 3285//2797 
f 4057//1 6077//1 4093//1 
f 4444//1 4884//1 6793//1 
f 6793//2647 4884//1640 4883//1640 
f 3223//992 6294//1655 4896//1655 
f 4476//7 6294//7 3223//7 
f 4912//1 3229//1 3228//1 
f 3229//994 4912//1656 4897//1656 
f 6176//137 3348//137 1461//112 
f 3348//1061 6176//1059 3346//1059 
f 4918//2000 3207//2000 3286//2000 
f 2045//1 3207//1 4918//1 
f 6493//1 4842//1 2131//1 
f 2131//2798 6575//2632 6574//2632 
f 1774//2 5480//2 1775//2 
f 1775//1643 5480//2745 5823//2744 
f 3631//2 5511//1 609//2 
f 6782//1954 3631//1148 6781//1148 
f 6012//2251 3612//1142 6031//1142 
f 3612//56 6012//56 389//1 
f 3609//2 1618//2 549//2 
f 1618//2254 3609//1140 6032//1140 
f 4113//2306 5690//2306 6105//2306 
f 5690//1 4113//1 3340//1 
f 2973//1 4631//1 4612//1 
f 4612//1500 4631//1500 4610//1500 
f 6392//2 5401//2 1414//1 
f 5785//1900 5401//1900 6392//2528 
f 339//123 6391//123 5618//1909 
f 5618//13 6391//13 972//1 
f 1887//440 6625//1663 4907//1663 
f 4896//1 6625//1 1887//1 
f 1139//218 3832//1667 4911//1667 
f 499//13 3832//13 1139//13 
f 6119//2516 6794//2799 6795//2799 
f 580//1 1539//1 6119//1 
f 5655//183 3174//182 6051//182 
f 3174//1 5655//1 5652//1 
f 1505//1 975//1 5650//1 
f 975//183 1505//182 974//182 
f 1151//618 4157//1387 795//1387 
f 4157//2 1151//2 1153//2 
f 5550//2 5815//7 5817//2 
f 5552//1976 5815//2682 5550//1974 
f 4567//1844 6638//2692 5184//1842 
f 205//13 6638//1 4567//7 
f 5187//1847 2942//2693 5185//1845 
f 2942//2 5187//2 5802//2 
f 136//13 6215//2 6213//7 
f 6091//2297 6215//2651 136//2116 
f 1861//1 823//1 996//1 
f 823//160 1861//527 2047//526 
f 5615//2685 6105//2685 5690//2685 
f 4114//1 6105//1 5615//1 
f 5871//1 6178//1 2941//1 
f 2941//2101 6178//2330 6128//2330 
f 6109//1 1868//1 1867//1 
f 1868//602 6109//601 2245//601 
f 6075//1 6111//1 2005//1 
f 2005//491 6111//490 189//490 
f 3164//1 5670//1 3300//1 
f 3300//2093 5670//2041 2118//2041 
f 5568//1988 5755//2091 5754//2090 
f 5568//94 1311//112 5755//94 
f 901//2 903//1 2850//7 
f 2850//874 903//838 2848//838 
f 3351//1825 3978//1942 3301//1942 
f 3349//1 3978//1 3351//1 
f 1147//1921 6796//32 6797//32 
f 1146//7 6796//2 1147//13 
f 1300//7 6798//2 1301//2 
f 1301//1800 6798//18 6799//18 
f 6800//1922 6799//18 6798//18 
f 643//1 6799//1 6800//1 
f 6801//2800 6797//32 6796//32 
f 4508//1 6797//1 6801//1 
f 4731//1 1578//1 4732//1 
f 1578//602 4731//1704 4952//1704 
f 593//2 188//7 190//1 
f 188//491 593//1703 4951//1703 
f 3211//985 4957//1659 4904//1659 
f 4957//137 3211//137 1461//112 
f 5994//2801 4761//1576 4760//1576 
f 4761//1 5994//1 5991//1 
f 5990//2549 4915//1670 6421//1670 
f 4915//1 5990//1 4916//1 
f 2937//244 6685//2733 6785//2733 
f 6346//62 6684//62 2936//62 
f 5697//1 4056//1 5698//1 
f 4056//1330 5697//2299 6093//2299 
f 4016//1 6079//1 3285//1 
f 3285//2797 6079//2797 6077//2797 
f 6098//1 3222//1 5998//1 
f 3222//990 6098//989 3221//989 
f 3217//987 6097//986 3215//986 
f 184//1 6097//1 3217//1 
f 5554//1 3220//1 192//58 
f 3220//990 5554//1949 5500//1949 
f 5532//13 3216//1 3215//1 
f 3216//987 5532//1212 3861//1212 
f 5999//1 6273//1 793//1 
f 793//1337 6273//2440 2386//2440 
f 6101//1 6802//1 4983//1 
f 6802//2636 6101//2301 6100//2301 
f 3236//1 6021//1 4520//1 
f 6021//2256 3236//998 6020//998 
f 1045//1 1047//1 5829//2 
f 5829//2054 1047//479 872//479 
f 5031//2323 847//351 2258//351 
f 4485//2 847//1 5031//2 
f 2//1 5028//13 6803//2 
f 5030//1757 6803//2802 5028//1755 
f 3260//2292 2783//846 6081//846 
f 2783//1 3260//1 3262//1 
f 184//1 1699//1 6085//1 
f 6085//2293 1699//599 6083//599 
f 4514//1455 6683//2732 6787//2732 
f 6343//62 6682//62 4516//62 
f 1641//7 5575//1 3304//1 
f 3304//1038 5575//1038 3303//1037 
f 75//458 5184//1842 6638//2692 
f 18//15 5184//1841 75//42 
f 2090//1 5770//1 2094//1 
f 5770//2101 2090//550 5769//550 
f 3414//2 6076//2 1867//1 
f 6076//2289 3414//1262 1581//1262 
f 3936//1 6075//1 6461//1 
f 6075//2288 3936//1261 6073//1261 
f 6004//2 829//1 2358//7 
f 6804//2369 6004//2803 6783//2803 
f 4850//1615 6667//2804 4958//2699 
f 6667//1 4850//1 1613//1 
f 3221//1 6080//1 192//58 
f 6080//2292 3221//989 6098//989 
f 3215//1 6082//1 3319//1 
f 6082//2293 3215//986 6097//986 
f 2444//1 6104//1 4959//1 
f 4959//1614 6104//2304 6103//2303 
f 5185//1849 13//10 12//9 
f 13//707 5185//1845 2942//2693 
f 3208//1 6088//1 5912//1 
f 5912//2795 6088//2795 6086//2795 
f 6107//2307 1180//229 1179//228 
f 6107//94 1311//112 1180//94 
f 1887//1 1886//1 3227//1 
f 3227//80 1886//439 6070//439 
f 5669//13 1138//13 6069//13 
f 6069//80 1138//217 6071//217 
f 5479//1 5148//1 3301//1 
f 5148//1825 5479//1824 5147//1824 
f 233//13 3902//55 1928//55 
f 1928//453 3902//1859 6154//2358 
f 2784//847 6636//1717 4969//1717 
f 6636//1 2784//1 6324//1 
f 1698//600 6637//1718 4970//1718 
f 184//1 6637//2 1698//1 
f 6805//2805 6806//2806 6807//2806 
f 827//13 6806//7 6805//7 
f 1055//1 582//1 2718//7 
f 2718//1493 582//111 581//111 
f 4654//1 6102//1 4591//1 
f 6102//1492 4654//1521 6659//1521 
f 4717//1 6668//1 3164//1 
f 3164//807 6668//958 3163//958 
f 1578//1 2245//1 1579//1 
f 1579//2289 2245//601 6109//601 
f 6074//2288 189//490 6111//490 
f 189//7 6074//2 190//1 
f 5848//2154 3210//984 5846//984 
f 3210//137 5848//137 1461//112 
f 6329//1 5006//1 3344//7 
f 5006//2232 6329//2232 5977//2232 
f 5639//2028 6808//2312 2385//2312 
f 75//42 6808//2807 5639//2026 
f 2785//847 6081//846 2783//846 
f 6081//1 2785//1 192//58 
f 2244//600 6083//599 1699//599 
f 6083//1 2244//1 4971//1 
f 3980//1 5641//1 2385//1 
f 5641//2028 3980//1286 5640//1286 
f 6087//1 4919//1 3286//1028 
f 4919//1673 6087//1673 3209//1673 
f 6072//2287 231//265 1291//264 
f 82//2 231//1 6072//1 
f 3204//1 3205//2 5007//2 
f 5007//1739 3205//1739 5005//1739 
f 4659//1 6059//1 2435//1 
f 6059//2281 4659//1525 4657//1524 
f 4747//1 6096//1 4906//1 
f 185//2808 4906//1662 6096//2300 
f 6114//2316 1430//310 6113//2315 
f 3994//2 1430//2 6114//1 
f 2734//815 6140//2343 2662//2343 
f 184//1 6140//13 2734//13 
f 306//94 1311//112 6439//94 
f 306//78 6439//2559 6438//2559 
f 302//112 6175//112 1461//112 
f 6175//2370 302//77 301//76 
f 6063//2284 4598//1496 4597//1496 
f 5203//13 4598//13 6063//13 
f 5664//2038 3653//1160 5497//1160 
f 3653//1162 5664//2334 76//43 
f 4019//1306 6307//2127 3306//2127 
f 2844//1 6307//1 4019//1 
f 5083//1 5082//1 855//1 
f 855//176 5082//1779 5895//1779 
f 2378//1 2377//1 5871//1 
f 5871//2167 2377//693 5013//693 
f 1658//367 1657//367 5544//1971 
f 346//1 5544//2 1657//2 
f 5146//1822 2962//915 5144//915 
f 2962//1 5146//1 2973//1 
f 4815//2316 4018//2809 5796//2342 
f 4019//1 4018//1 4815//1 
f 1458//318 6152//2285 6066//2285 
f 6152//112 1458//136 1461//112 
f 4674//2 5884//1 6029//2 
f 5884//2175 4674//1530 2951//1530 
f 4656//1522 6659//1521 4654//1521 
f 6659//1 4656//1 204//1 
f 3937//29 1581//1262 3414//1262 
f 1581//1 3937//1 1582//1 
f 3938//29 6073//1261 3936//1261 
f 6073//2 3938//2 190//1 
f 2117//7 2118//13 3162//13 
f 3162//959 2118//2041 5670//2041 
f 3091//94 1311//112 5862//94 
f 3091//947 5862//2162 5861//2161 
f 4655//1522 6300//2103 5773//2103 
f 6300//1 4655//1 4654//1 
f 4591//1 581//1 580//1 
f 581//111 4591//1493 2718//1493 
f 1055//1 1537//1 6149//1 
f 6149//110 1537//340 6118//340 
f 2385//1 5663//1 5498//1 
f 5663//2038 2385//2312 77//2333 
f 5615//1 824//1 2047//1 
f 2047//526 824//161 823//160 
f 5684//62 5683//62 401//62 
f 6809//41 403//4 401//4 
f 5729//2365 83//39 68//39 
f 83//61 5729//62 5728//61 
f 267//1 185//2 6094//2 
f 185//2808 6096//2300 6094//2300 
f 3283//1026 4958//2810 6667//2713 
f 5881//1 4958//1 3283//1 
f 5795//1 5796//1 4020//1 
f 4020//1306 5796//1305 4018//1305 
f 4860//2314 3203//2314 3344//2314 
f 1608//2 3203//1 4860//1 
f 6134//2335 792//532 3981//532 
f 75//42 792//155 6134//2336 
f 1978//1 2948//1 2971//1 
f 2971//918 2948//911 2969//911 
f 6133//2335 2003//488 6135//488 
f 2003//1 6133//1 3981//1 
f 5773//1 202//1 204//1 
f 202//422 5773//2103 6300//2103 
f 2004//489 5500//1949 5554//1949 
f 3222//1 5500//1 2004//1 
f 75//42 5640//2027 791//154 
f 791//533 5640//1286 3980//1286 
f 191//489 6135//488 2003//488 
f 75//42 6135//2337 191//57 
f 4880//1638 3015//1161 76//43 
f 3015//934 4880//933 3013//933 
f 6089//137 1780//137 1461//112 
f 1780//393 6089//392 1778//392 
f 4069//1335 6301//2464 3935//1259 
f 17//14 3935//1257 6301//2461 
f 4864//1626 4146//2445 12//9 
f 4146//1381 4864//1623 4144//1379 
f 11//8 4068//1375 6303//2465 
f 4066//1334 6303//2467 4068//1332 
f 4143//1378 4863//1621 4141//1376 
f 18//15 4863//1620 4143//2449 
f 5139//1819 1858//427 5138//427 
f 1858//1 5139//1 2039//1 
f 639//62 6067//62 1776//62 
f 638//125 1459//318 639//126 
f 6676//2 5561//1 6677//2 
f 6677//2811 5869//2165 5868//2165 
f 1700//1 1153//2 2663//1 
f 1153//1540 1700//379 4693//379 
f 753//1 6810//2 2929//1 
f 2929//728 6810//2812 1192//2812 
f 6811//1 2837//1 2657//1 
f 2837//2813 6811//2813 6812//2813 
f 6264//447 6813//2814 6814//2814 
f 6813//2 6264//1 1396//2 
f 1396//2 1397//2 2656//2 
f 2656//2815 1397//2816 756//2816 
f 5534//1965 3861//1212 5532//1212 
f 184//1 3861//1 5534//1 
f 2067//533 3981//532 792//532 
f 3981//1 2067//1 3980//1 
f 184//1 6023//13 4692//13 
f 4692//1540 6023//2258 3214//2258 
f 5533//1965 3214//2258 6023//2258 
f 3214//2 5533//1029 5532//13 
f 1431//311 5724//1599 4814//1599 
f 5723//1 5724//1 1431//1 
f 979//1 1852//1 6300//1 
f 1852//422 979//421 203//421 
f 2662//1 1701//1 1700//1 
f 1701//380 2662//2343 6140//2343 
f 4829//2036 51//33 183//33 
f 4827//1 51//1 4829//1 
f 4008//94 1311//112 6172//94 
f 4008//1301 6172//2368 4006//1299 
f 6314//1 4718//1 4717//1 
f 4718//1553 6314//1689 4940//1689 
f 6093//2299 4059//1330 4056//1330 
f 3285//1 4059//1 6093//1 
f 3014//934 5497//1160 3653//1160 
f 5497//1 3014//1 5165//1 
f 267//1 6095//13 5137//13 
f 5137//1819 6095//1958 4747//1958 
f 5802//2 4145//1 4144//2 
f 4145//1380 5802//2123 6284//2447 
f 4140//1377 5799//2121 6285//2448 
f 5799//1 4140//1 6237//1 
f 184//1 4693//13 1702//13 
f 1702//380 4693//379 1700//379 
f 107//2 5790//2 1270//7 
f 4139//1373 5790//2117 107//1333 
f 181//1 5800//13 1864//2 
f 3934//1260 5800//2122 181//1258 
f 4012//84 6348//2817 5767//2503 
f 5767//2099 6348//2502 6151//2355 
f 6268//1 1305//2 5001//2 
f 1305//270 6268//269 1303//269 
f 1891//270 6267//269 1889//269 
f 6267//1 1891//2 5003//2 
f 5765//2098 6345//2502 6150//2354 
f 4014//1 6345//1 5765//1 
f 3188//976 5016//1747 5015//1747 
f 5016//1 3188//1 4091//1 
f 6128//1 5870//1 2094//1 
f 5870//2167 6128//2330 6178//2330 
f 203//1 3058//1 204//1 
f 976//1099 3058//1099 203//421 
f 2069//537 6414//2546 4592//1494 
f 6414//137 2069//137 1461//112 
f 6815//2818 6495//2596 6494//2596 
f 6495//1 6815//1 345//1 
f 5906//94 1311//112 1308//94 
f 5906//2184 1308//277 5904//2182 
f 4851//1 6103//1 1613//1 
f 6103//2303 4851//1614 4959//1614 
f 5765//1 5764//1 1304//7 
f 1304//270 5764//512 2026//512 
f 1890//270 5766//512 2027//512 
f 5767//2503 5766//2819 1890//2 
f 5757//2099 2026//512 5764//512 
f 2026//13 5757//1 5756//13 
f 2027//1 5759//1 5758//1 
f 5759//2099 2027//512 5766//512 
f 5886//137 1311//112 2427//94 
f 5886//2177 2427//739 2426//738 
f 6118//340 580//110 6149//110 
f 580//1 6118//1 1539//1 
f 4652//1520 6250//2424 6138//2424 
f 76//43 6250//2426 4652//1518 
f 1309//278 6179//2373 2408//730 
f 1309//94 1311//112 6179//94 
f 4053//1326 6160//2363 4051//1324 
f 4053//112 1311//112 6160//137 
f 3235//136 5090//136 1461//112 
f 5090//1784 3235//997 5088//1782 
f 1432//312 6113//2315 1430//310 
f 4815//1 6113//1 1432//1 
f 2068//137 5931//137 1461//112 
f 5931//2203 2068//536 5929//2201 
f 5788//1 6212//1 3308//1 
f 3308//1040 6212//1039 3307//1039 
f 5925//2197 4725//1557 5923//2195 
f 5925//94 1311//112 4725//112 
f 2571//1040 6209//2114 5787//2114 
f 2134//1 6209//1 2571//1 
f 6168//2366 2430//1706 6166//1706 
f 2430//1 6168//1 1426//1 
f 2432//1 6171//1 1323//1 
f 6171//2366 2432//1707 6170//1706 
f 6566//1 2794//1 2796//1 
f 2794//853 6566//2625 6778//2625 
f 2098//1 5143//1 2797//56 
f 5143//852 2098//2376 6183//2376 
f 2281//626 6161//2364 2279//624 
f 6161//94 2281//94 1461//112 
f 3875//13 3877//13 4719//13 
f 4719//1553 3877//2715 4717//1552 
f 6148//137 3429//137 1461//112 
f 3429//1108 6148//2353 3427//1106 
f 3896//1 4758//1 3897//1 
f 3897//1282 4758//1281 3971//1281 
f 4774//112 5948//112 1461//112 
f 5948//2212 4774//1584 5946//2210 
f 5069//1 5693//1 5070//1 
f 5070//2494 5693//2058 6334//2058 
f 5969//1 4778//1 5970//1 
f 5970//2496 4778//1585 6338//1585 
f 410//2 4483//1 6271//1 
f 6271//2438 4483//1436 5032//1436 
f 2775//837 3890//835 2442//835 
f 5121//1 3890//1 2775//1 
f 2581//1 5855//1 3932//1 
f 3932//2581 5855//2158 6479//2158 
f 6340//2498 4961//1711 6339//1711 
f 4960//13 4961//1 6340//779 
f 4964//779 4963//2820 6342//2601 
f 6342//2500 4963//1713 6341//1713 
f 5005//1 4861//1 3344//7 
f 4861//1618 5005//1618 3205//1618 
f 6777//2789 2441//745 2440//744 
f 2760//1 2441//1 6777//1 
f 4653//1520 1275//1519 3953//1519 
f 1273//1 1275//1 4653//1 
f 6167//2366 1889//269 6267//269 
f 1890//2 1889//1 6167//2367 
f 1304//7 1303//1 6169//1 
f 6169//2366 1303//269 6268//269 
f 5101//1 5792//13 4559//13 
f 4559//1480 5792//1479 4557//1479 
f 5936//1702 804//523 4542//523 
f 76//43 804//158 5936//2425 
f 2359//1282 5787//2114 6209//2114 
f 3308//1 5787//1 2359//13 
f 3930//1 4776//1 4575//1 
f 4575//1489 4776//1488 4573//1488 
f 4508//54 6147//2352 6145//2350 
f 6147//1 4508//1 6801//1 
f 643//1 6800//1 6144//1 
f 643//54 6144//2350 6143//2350 
f 2940//2423 5881//2423 3282//1025 
f 3282//1 5881//1 3283//1 
f 5782//2110 2095//552 5780//552 
f 2095//1 5782//1 6251//1 
f 3246//871 6310//2474 2291//2474 
f 6310//85 3246//79 544//13 
f 4633//871 6311//2475 6449//2474 
f 6311//1 4633//1 174//7 
f 980//1 4793//1 981//1 
f 981//2691 4793//1591 6769//1591 
f 4088//1832 6252//2174 5882//2174 
f 6252//1 4088//1 4089//1 
f 4612//1 5943//1 2970//1 
f 2970//918 5943//2434 2952//2434 
f 5145//1822 4632//2734 2973//2734 
f 2951//1 4632//1 5145//1 
f 5935//1702 6138//2424 6250//2424 
f 6576//1 6138//1 5935//1 
f 759//741 1311//741 3008//18 
f 758//94 3008//94 1311//112 
f 1156//1 6188//1 6314//1 
f 6188//2378 1156//222 6187//222 
f 6816//2821 6817//2822 6818//2822 
f 6817//1 6816//1 1979//1 
f 5015//1747 2762//976 3188//976 
f 2762//1 5015//1 5014//1 
f 6258//1 5854//1 5857//1 
f 5854//1746 6258//2432 6257//2432 
f 565//94 6786//94 2915//94 
f 2072//242 6787//2732 6683//2732 
f 2779//1 1990//1 1989//1 
f 1990//475 2779//2487 6773//2487 
f 2814//858 2582//2488 6772//2488 
f 2582//1 2814//1 2813//1 
f 6130//2490 5977//2490 6329//2490 
f 3204//1 5977//2 6130//2 
f 5162//1832 6248//1831 5161//1831 
f 5881//1 6248//1 5162//1 
f 1287//1 5967//1 4015//1 
f 5967//2227 1287//261 1286//261 
f 2730//1 6274//1 2355//1 
f 2355//685 6274//1641 2570//1641 
f 4759//1574 1421//2396 1420//2396 
f 2133//1 1421//1 4759//1 
f 112//1 5996//1 113//1 
f 113//338 5996//2243 6115//2243 
f 6742//2768 4862//1622 117//457 
f 18//15 117//49 4862//1619 
f 4843//1 6819//1 6493//1 
f 6819//2818 5514//1957 5512//1957 
f 278//1 6679//1 279//13 
f 6679//2728 278//455 116//774 
f 216//2729 2392//704 110//765 
f 216//2 2393//2 2392//2 
f 6744//2769 4865//1624 111//706 
f 111//47 4865//1625 12//9 
f 2569//1 6254//1 2356//1 
f 2356//686 6254//684 2354//684 
f 515//94 6784//94 4706//94 
f 4704//1544 6785//2733 6685//2733 
f 6131//2331 3987//1289 6129//1289 
f 3987//1 6131//1 3344//7 
f 3282//1025 3430//1025 2940//2423 
f 2940//1 3430//1 1613//1 
f 5968//1 1286//1 3400//1 
f 1286//261 5968//2227 5967//2227 
f 5181//2406 3307//1039 6212//1039 
f 5180//1 3307//1 5181//1 
f 803//524 5112//803 2051//803 
f 76//43 5112//1797 803//157 
f 2761//1 6283//1 4105//1 
f 4105//1355 6283//2372 5703//2372 
f 6184//2223 859//177 858//177 
f 855//1 859//1 6184//1 
f 6078//1 3186//1 3183//1 
f 3186//1304 6078//1303 4016//1303 
f 2331//2233 5987//2238 5986//2238 
f 851//1 5987//1 2331//1 
f 1143//1 6185//1 5964//1 
f 6185//2225 1143//219 1142//219 
f 3339//1 4106//1 3337//1 
f 4106//1355 3339//1354 4104//1354 
f 6256//2430 1407//305 5988//305 
f 1407//1 6256//1 1406//13 
f 5982//1 5981//1 4134//1 
f 5981//2235 5982//2239 5989//2239 
f 4498//1446 4138//1445 4496//1445 
f 4138//1 4498//1 4136//1 
f 5986//2238 5980//2233 2331//2233 
f 2064//1 5980//1 5986//1 
f 6174//2043 827//163 826//163 
f 827//13 6174//13 6806//7 
f 1409//1 2287//1 5989//1 
f 5989//2239 2287//2235 5981//2235 
f 1432//1 4814//1 2730//1 
f 2730//2421 4814//1599 5724//1599 
f 4812//1 6255//1 5988//1 
f 6255//2430 4812//1598 6263//1598 
f 5919//1 3213//2 3215//1 
f 3213//1388 5919//2190 6005//2190 
f 6099//1 6820//1 2100//1 
f 6820//2801 1540//343 1011//343 
f 6660//1 1466//1 6762//1 
f 6762//681 6821//2823 6822//2823 
f 4497//1446 6263//1598 4812//1598 
f 6263//1 4497//1 1406//13 
f 2963//916 2972//2433 6260//2433 
f 2972//1 2963//1 2962//1 
f 6312//2375 4650//1517 4649//1517 
f 4650//1 6312//1 2098//1 
f 5999//2245 3291//1030 5998//1030 
f 3263//1 3291//1 5999//1 
f 2758//1 2757//1 2761//1 
f 2761//1730 2757//830 2035//830 
f 2795//1 6183//1 3433//1 
f 6183//2376 2795//852 5143//852 
f 2065//530 6049//926 3001//926 
f 6049//1 2065//1 2064//1 
f 2355//1 2354//1 5788//1 
f 5788//2406 2354//684 6254//684 
f 1130//215 6280//925 2997//925 
f 1613//1 6280//1 1130//1 
f 5155//1 5072//1 174//7 
f 5072//1776 5155//1775 5069//1775 
f 6634//1 1408//1 1406//13 
f 1408//306 6634//629 2285//629 
f 6823//2228 5158//1828 5969//1828 
f 5158//441 6823//423 544//13 
f 6824//766 3928//1253 6825//2824 
f 3928//1 2581//1 3932//1 
f 6825//2824 2079//766 6824//766 
f 2079//1 6825//1 2080//1 
f 5162//1 5882//1 2074//1 
f 2074//540 5882//2174 6252//2174 
f 2143//2 6826//1 2944//1 
f 6826//2825 6776//2787 6774//2787 
f 3419//1 4542//1 2044//1 
f 2044//524 4542//523 804//523 
f 4015//1 4017//1 4016//1 
f 4017//1304 4015//1823 5099//1823 
f 1291//264 5699//2060 6072//2287 
f 6398//1 5699//1 1291//1 
f 1284//259 4817//257 1282//257 
f 4817//423 1284//79 544//13 
f 4646//1515 2787//848 4644//848 
f 2787//1 4646//1 174//7 
f 3972//1574 3971//1281 4758//1281 
f 2359//13 3971//1 3972//13 
f 3318//1 795//1 4158//85 
f 4158//1388 795//1387 4157//1387 
f 5727//13 4940//13 6186//13 
f 6186//2377 4940//1689 6314//1689 
f 5703//1 4996//1 1041//1 
f 4996//1730 5703//2372 6283//2372 
f 1409//306 5988//305 1407//305 
f 5988//1 1409//1 5989//1 
f 1434//1 2570//1 6246//2 
f 6246//2420 2570//1641 6274//1641 
f 5499//2245 2386//2440 6273//2440 
f 2004//1 2386//1 5499//1 
f 4484//1437 6288//2452 6287//2452 
f 410//2 6288//2 4484//1 
f 3944//2 5032//2826 4485//2 
f 5032//1436 3944//2439 6271//2438 
f 852//1 5979//1 2066//1 
f 2066//531 5979//529 2064//529 
f 872//479 5686//2054 5829//2054 
f 5746//1 5686//1 872//1 
f 4498//1 4813//1 4136//1 
f 4136//54 4813//1371 4135//1371 
f 2258//351 6007//2248 5031//2323 
f 6006//1 6007//1 2258//2 
f 2999//54 5985//1372 4137//1372 
f 5986//1 5985//1 2999//1 
f 4755//1 4134//1 1131//1 
f 1131//215 4134//2234 1129//214 
f 2075//540 1285//260 2073//260 
f 1285//1 2075//1 1288//1 
f 531//105 4838//104 529//104 
f 6363//1 4838//1 531//1 
f 6366//1 4836//1 774//1 
f 774//148 4836//147 391//147 
f 267//1 6822//7 6827//7 
f 6827//494 6822//2823 6821//2823 
f 6282//2444 5889//2178 2266//762 
f 2//1 2266//2 5889//2 
f 3319//1049 6084//1047 3317//1047 
f 6082//1 6084//1 3319//1 
f 2//1 3181//2 2265//13 
f 2263//971 2265//763 3181//969 
f 2379//1 3311//1 4116//1 
f 4116//1362 3311//2827 1613//2305 
f 1623//52 5029//52 6282//52 
f 5889//2178 6282//2444 5029//1756 
f 1929//13 6154//13 6063//13 
f 6154//2358 1929//453 1928//453 
f 3931//2828 6790//2829 6828//2830 
f 6790//1 3931//1 3933//1 
f 6325//1 6425//1 3263//1 
f 3263//1011 6425//1010 3262//1010 
f 1993//166 5949//2213 4859//2213 
f 1585//1 5949//1 1993//1 
f 4849//1 6037//1 4846//1029 
f 4846//1612 6037//2264 6036//2264 
f 2265//763 2263//971 2572//761 
f 1623//52 2572//117 2263//52 
f 904//2 6041//2 4931//2 
f 4931//1684 6041//2267 3380//2267 
f 6818//2822 6829//2821 6816//2821 
f 2944//1 6818//1 2943//2 
f 2667//1 6622//1 2758//1 
f 2758//831 6622//2441 6276//2441 
f 901//2 6045//2 4854//2 
f 4854//1617 6045//2270 6044//2269 
f 2291//2 1283//1 1150//1 
f 1283//258 2291//2474 6310//2474 
f 4645//1514 6449//2474 6311//2475 
f 6449//2 4645//1 2454//1 
f 4858//1 4856//1 2295//1 
f 4856//638 4858//2469 6304//2469 
f 1623//52 2264//52 3180//117 
f 1625//2472 3180//2831 2264//970 
f 6807//2806 2357//2805 6805//2805 
f 2357//13 6003//1029 6004//2 
f 1585//1 6386//1 5950//1 
f 5950//2214 6386//2265 6039//2265 
f 2729//813 2842//869 2727//812 
f 4055//1 2842//1 2729//1 
f 6830//2763 4643//1513 3990//1513 
f 1052//1 1054//1 6830//1 
f 4873//1 5972//1 1442//1 
f 1442//497 5972//2229 6042//2229 
f 1876//1 2296//1 4500//1 
f 4500//1448 2296//1991 5573//1991 
f 1978//1 3599//1 2949//1 
f 2949//912 3599//2428 2965//2428 
f 5037//2230 3415//1100 5973//1100 
f 3416//1 3415//1 5037//1 
f 5976//1 6328//1 607//2 
f 607//2230 6328//2479 6318//2479 
f 4867//1628 2853//2470 6306//2470 
f 4866//1 2853//1 4867//1 
f 6005//2832 3318//1 4158//85 
f 3318//1048 6005//2190 5919//2190 
f 6424//1 6572//1 4502//1 
f 4502//1448 6572//1447 4501//1447 
f 5976//2231 4005//1298 5974//1298 
f 3169//1 4005//1 5976//1 
f 2930//902 6372//2492 6331//2492 
f 410//2 6372//2 2930//2 
f 6098//1 5998//1 3261//1 
f 3261//1011 5998//1030 3291//1030 
f 390//148 6772//2488 2582//2488 
f 6772//56 390//85 389//1 
f 530//105 6773//2487 2779//2487 
f 6773//2 530//2 549//2 
f 4508//54 6831//54 545//1452 
f 545//106 6831//2517 389//1 
f 6191//1 6832//1 3344//7 
f 6832//2811 6191//2379 6190//2379 
f 643//54 6833//54 641//127 
f 641//1 6833//1 174//7 
f 3379//1 4868//1 3380//1 
f 3380//2267 4868//1684 4931//1684 
f 6349//2266 3384//1083 3383//1083 
f 904//2 3384//1 6349//1 
f 6036//2264 4847//1612 4846//1612 
f 901//2 4847//7 6036//7 
f 5951//2214 4859//2213 5949//2213 
f 6038//1 4859//1 5951//1 
f 4849//2263 2872//884 3374//884 
f 4848//2 2872//2 4849//1 
f 4502//1 5573//1 2728//1 
f 2728//813 5573//1991 2296//1991 
f 4870//1628 4932//1627 4869//1627 
f 902//1 4932//1 4870//1 
f 4881//1 6318//1 5975//1 
f 5975//2231 6318//2479 6328//2479 
f 3440//1115 5076//1114 3438//1114 
f 5076//13 3440//13 5074//13 
f 2759//831 2035//830 2757//830 
f 2035//1 2759//1 1695//1 
f 1542//902 2256//609 2931//609 
f 1541//2 2256//1 1542//1 
f 4855//2 6044//1 6043//1 
f 6044//2269 4855//1617 4854//1617 
f 6304//2469 1994//638 4856//638 
f 1585//1 1994//1 6304//1 
f 6834//1532 4720//1554 4724//2833 
f 4722//1556 4724//2833 4720//1554 
f 2859//2468 2854//875 4164//875 
f 2858//1 2854//1 2859//1 
f 6367//2513 2861//877 3356//877 
f 901//2 2861//2 6367//2 
f 2255//608 6411//607 1453//607 
f 6411//1 2255//1 3631//2 
f 3241//1 2010//1 6042//1 
f 2010//497 3241//496 1443//496 
f 6022//79 4816//423 544//13 
f 4816//1600 6022//2257 6265//2257 
f 5590//1 2788//1 174//7 
f 2788//849 5590//2005 6269//2005 
f 1147//13 2446//1 2445//746 
f 2445//2496 6503//2598 6501//2598 
f 2452//2494 6498//2597 6497//2597 
f 1301//2 526//1 2452//1 
f 6505//13 4152//1 4154//1 
f 4152//2498 6505//2599 6504//2599 
f 2583//2499 6507//2600 6506//2600 
f 1279//1 6507//13 2583//1 
f 561//1 5993//7 2325//13 
f 2325//2690 5993//2241 5992//2241 
f 3883//1 4117//1 1613//1 
f 4117//1362 3883//1233 4115//1233 
f 4649//1517 5010//2375 6312//2375 
f 5010//1 4649//1 4651//1 
f 6055//1 644//1 6056//1 
f 6056//1760 644//128 5038//128 
f 5014//1 6257//1 3617//1 
f 6257//2432 5014//1746 5854//1746 
f 4780//2497 5042//2834 5043//746 
f 5043//2480 5042//1762 3873//1762 
f 5038//128 5039//1760 6056//1760 
f 5040//1 5039//1 5038//1 
f 5164//1 5163//1 3169//1 
f 3169//964 5163//963 3016//963 
f 2848//1 2777//1 2853//1 
f 2777//839 2848//838 903//838 
f 3247//2 2292//1 5622//1 
f 5622//129 2292//631 6404//631 
f 1585//1 3991//1 3378//1 
f 3378//1081 3991//1080 3377//1080 
f 6002//2247 4917//1672 6001//2246 
f 410//2 4917//1 6002//7 
f 2843//870 3306//2127 6307//2127 
f 3305//1 3306//1 2843//1 
f 6835//2721 5562//1985 5079//1985 
f 5562//1 6336//1 6335//1 
f 5715//1 6017//1 4835//1 
f 4835//1609 6017//2255 6279//2255 
f 4839//1610 6016//2255 6278//2442 
f 5711//1 6016//1 4839//1 
f 1452//608 6781//1148 3631//1148 
f 1451//1 6781//1 1452//1 
f 1190//1 1192//1 4986//1 
f 4986//1267 1192//2812 6810//2812 
f 2778//1 3615//1 3244//1 
f 3244//1001 3615//1000 3242//1000 
f 6309//1 6812//1 1811//1 
f 1811//710 6812//2813 6811//2813 
f 2654//570 756//2816 1397//2816 
f 756//1 2654//1 757//1 
f 749//2 6814//1 5398//2 
f 5398//868 6814//2814 6813//2814 
f 6180//7 4062//7 6181//2 
f 4062//687 6836//2835 4979//2836 
f 1146//7 3852//2 6796//2 
f 3852//1914 1146//1913 2646//1913 
f 3853//1916 1300//1915 2649//1915 
f 1300//7 3853//7 6798//2 
f 6383//1 4084//1 4085//1 
f 4084//1914 6383//2275 6053//2275 
f 4083//1916 6384//2274 6052//2274 
f 6384//1 4083//1 4080//1 
f 2316//650 6412//649 2314//649 
f 1564//1 6412//1 2316//1 
f 3168//964 5974//1298 4005//1298 
f 3013//1 5974//1 3168//1 
f 3851//1209 4011//1208 3849//1208 
f 4011//1 3851//1 5910//1 
f 4013//1 3856//1 5911//1 
f 3856//1209 4013//1208 3854//1208 
f 4485//2 6287//1 847//1 
f 6287//2452 4485//1438 4484//1437 
f 5814//2837 6837//2838 6568//2839 
f 2380//1 6837//13 5814//13 
f 4710//1546 5073//1545 4708//1545 
f 5073//13 4710//1 5959//13 
f 4669//2247 6331//2492 6372//2492 
f 1542//1 6331//2840 4669//2 
f 183//33 5660//2036 4829//2036 
f 1864//2 5660//2 183//56 
f 4709//1546 6382//2505 5959//2505 
f 556//50 6382//1 4709//1 
f 2776//839 6306//2470 2853//2470 
f 902//1 6306//1 2776//1 
f 6010//2250 3206//983 6009//983 
f 556//50 3206//1 6010//1 
f 3208//1 3956//1 3949//1 
f 3949//1266 3956//2796 3955//2796 
f 6325//2483 4937//1686 6324//1686 
f 3290//1 4937//1 6325//1 
f 2315//650 5973//1100 3415//1100 
f 607//2 5973//1 2315//1 
f 1282//1 4818//1 5679//1 
f 4818//1600 1282//257 4817//257 
f 4644//1 2789//1 5594//1 
f 2789//849 4644//848 2787//848 
f 6333//2493 634//1697 3407//1697 
f 634//2 6333//1 6411//1 
f 3374//884 6035//2263 4849//2263 
f 901//2 6035//2 3374//2 
f 3440//13 2054//13 5074//13 
f 5074//1777 2054//696 6106//696 
f 904//2 6399//1 3644//1 
f 3644//1082 6399//2534 3381//2534 
f 3380//1 6040//1 3383//1 
f 3383//1083 6040//2266 6349//2266 
f 6688//13 5959//13 6008//13 
f 6008//2250 5959//2505 6382//2505 
f 3376//1081 6039//2265 6386//2265 
f 5951//1 6039//1 3376//1 
f 2871//2 6403//1 2873//1 
f 2873//885 6403//2537 6401//2537 
f 4970//13 4733//1 4971//1 
f 4971//2485 4733//1560 6327//1560 
f 3852//2 6053//1 3850//2276 
f 3850//1209 6053//2275 6383//2275 
f 3853//7 6052//1 3855//1 
f 3855//1210 6052//2274 6384//2274 
f 6838//2206 6568//2839 6837//2838 
f 6568//1 5942//1 5025//2 
f 556//50 4708//1 5075//1 
f 5075//1777 4708//1545 5073//1545 
f 2844//870 2727//812 2842//869 
f 2728//1 2727//1 2844//1 
f 3243//1001 6042//2229 5972//2229 
f 6042//1 3243//1 3242//1 
f 6371//2515 4671//1528 6369//1528 
f 3614//1 4671//1 6371//1 
f 1566//2514 4968//1716 6368//1716 
f 1565//1 4968//1 1566//1 
f 901//2 6409//1 2860//2 
f 2860//878 6409//2541 6408//2540 
f 4855//2 6043//1 3356//2 
f 3356//877 6043//2268 6367//2513 
f 2858//1 2855//1 2854//1 
f 2855//876 2858//2543 1586//2543 
f 1585//1 6305//1 4164//1 
f 4164//875 6305//2468 2859//2468 
f 1607//354 6025//353 1053//353 
f 6025//1 2616//1 5984//1 
f 410//2 6272//1 3947//1 
f 3947//1264 6272//1263 3946//1263 
f 5969//1828 5971//2228 6823//2228 
f 1857//1 5971//1 5969//1 
f 5071//1776 1831//410 1830//410 
f 1831//1 5071//1 5069//1 
f 6420//2548 2046//525 5937//2204 
f 2047//1 2046//1 6420//1 
f 2852//1 2849//1 2848//1 
f 2849//874 2852//2360 6155//2360 
f 2647//1302 6150//2354 6345//2502 
f 6150//1 2647//1 2025//1 
f 2644//1302 6151//2355 6348//2502 
f 6151//1 2644//1 2028//1 
f 391//84 4837//85 389//1 
f 4837//1609 391//147 4836//147 
f 4840//1610 529//104 4838//104 
f 529//2 4840//2 549//2 
f 1538//341 6795//2799 6794//2799 
f 1055//1 6795//1 1538//1 
f 1451//1 1453//1 6332//1 
f 6332//2493 1453//607 6411//607 
f 2786//2483 3262//1010 6425//1010 
f 2783//1 3262//1 2786//1 
f 6390//1 3422//1 3420//1 
f 3422//1671 6390//2527 6046//2271 
f 2315//1 2314//1 4806//1 
f 4806//2514 2314//649 6412//649 
f 2970//1 2969//1 2950//1 
f 2950//912 2969//911 2948//911 
f 3318//1 3317//1 6326//85 
f 6326//2484 3317//1047 6084//1047 
f 3408//1503 6839//2841 6840//2841 
f 6119//1 3409//1 3408//1 
f 6669//1 3196//1 3198//1 
f 3196//1696 6669//1696 4946//1695 
f 5742//1 4945//1 6116//1 
f 4945//1694 5742//1694 2857//1693 
f 3355//2 4943//2 3356//2 
f 4943//1691 3355//1691 4942//1690 
f 5738//1 6670//1 4944//1 
f 4944//1692 6670//1692 2851//1692 
f 2939//2489 2063//528 2062//528 
f 2938//1 2063//1 2939//1 
f 3943//1264 6001//2246 4917//1672 
f 4669//2 6001//74 3943//2 
f 3242//1 6370//1 6369//1 
f 6370//2515 3242//1000 3615//1000 
f 4672//1529 6473//1803 608//1803 
f 1444//1 6473//1 4672//1 
f 6474//423 4948//2518 634//2 
f 4948//1698 6474//1802 5117//1802 
f 2384//699 6426//698 1851//698 
f 556//50 6426//1 2384//1 
f 4012//1302 3849//1208 4011//1208 
f 3850//2276 3849//2842 4012//84 
f 4014//1302 3854//1208 4013//1208 
f 3855//1 3854//1 4014//1 
f 1931//1 6330//1 6065//1 
f 6330//2283 1931//454 1930//454 
f 1850//699 6009//983 3206//983 
f 5553//13 6009//7 1850//7 
f 6508//1 4979//2 6841//1 
f 6841//2471 4979//2836 6836//2835 
f 5995//2244 6483//2317 5781//2317 
f 112//1 6483//1 5995//1 
f 556//50 4992//1 6418//1 
f 6418//2547 4992//1726 6416//1726 
f 6420//1 6421//1 3983//1 
f 3983//1671 6421//1670 4915//1670 
f 1565//1 6189//1 4805//1 
f 4805//1596 6189//1595 4803//1595 
f 6842//1575 6791//2843 6661//2843 
f 6791//1 6842//1 6126//1 
f 1648//1 6843//1 4843//1 
f 6843//2762 6844//2844 671//2844 
f 5709//1 2440//1 3891//1 
f 2440//744 5709//2790 6777//2789 
f 6417//2547 1851//698 6426//698 
f 1851//1 6417//1 6416//1 
f 6845//164 6788//2845 2358//2845 
f 4510//7 6788//1 6845//1 
f 5447//1928 6436//2558 6472//2579 
f 232//2 6436//1 5447//1 
f 2964//916 5144//915 2962//915 
f 5883//1 5144//1 2964//1 
f 5937//2204 5990//2549 6420//2548 
f 5990//1 5937//1 994//1 
f 5449//1928 3045//935 5448//1927 
f 5717//1 3045//1 5449//1 
f 556//50 6141//1 4991//1 
f 4991//1727 6141//2045 5674//2045 
f 4673//1529 6369//1528 4671//1528 
f 6369//1 4673//1 608//2 
f 4949//1698 3407//1697 634//1697 
f 3406//1 3407//1 4949//1 
f 232//2 4035//1 4936//1 
f 4936//1685 4035//1314 4935//1314 
f 4806//1 6368//1 4804//1 
f 4804//1596 6368//1716 4968//1716 
f 1300//7 1302//7 5677//7 
f 5677//2282 1302//220 4647//220 
f 1148//84 5680//2051 2084//2 
f 5680//2282 1148//220 1813//220 
f 4934//1685 6472//2579 6436//2558 
f 6632//1 6472//1 4934//1 
f 5997//2244 6115//2243 5996//2243 
f 6115//1 5997//1 5781//1 
f 4993//1727 6416//1726 4992//1726 
f 978//1 6416//1 4993//1 
f 3986//1288 3187//975 3984//1287 
f 3187//1 3986//1 5928//1 
f 3992//1291 6621//2535 6400//2535 
f 1585//1 6621//1 3992//1 
f 4089//2557 4090//1343 6434//1343 
f 2092//1 4090//1 4089//1 
f 5874//1 1290//1 1406//13 
f 1290//263 5874//262 1288//262 
f 2716//13 6244//1 4571//13 
f 6244//2397 2716//804 2080//804 
f 5175//692 6846//2609 6520//2609 
f 181//1 6846//1 5175//1 
f 139//1 537//1 539//1 
f 537//692 139//2609 4606//2609 
f 6217//2409 6847//2390 5101//2390 
f 1509//1 6217//1 4554//1 
f 5101//1 6848//1 5102//2 
f 5102//1791 6848//2606 6521//2606 
f 6220//174 6849//2613 6524//2613 
f 671//1 6849//1 6220//1 
f 4546//2410 6850//2611 4444//2611 
f 1439//1 1545//1 4546//1 
f 6214//2407 2737//2612 6523//2612 
f 206//55 2737//7 6214//7 
f 6228//2411 6851//2610 522//2610 
f 2303//1 6228//1 2611//1 
f 6196//2385 1601//2384 410//2384 
f 1601//1 6196//1 6245//1 
f 5235//1880 5229//2615 4844//2615 
f 5228//1 5229//2 5235//1 
f 1270//7 6229//2 108//7 
f 6229//2413 1270//2616 6526//2616 
f 3620//7 6234//7 3621//2 
f 6234//2414 3620//2612 4530//2612 
f 6194//713 6852//2383 6192//2383 
f 1773//1 6194//56 4529//1 
f 4562//1482 1604//2614 6528//2614 
f 1604//1 4562//1 1605//1 
f 1722//1 5231//1 4605//1 
f 5231//1877 6853//2610 902//2610 
f 4142//2387 6743//2617 6527//2617 
f 4141//13 6743//1 4142//13 
f 540//7 6854//2 6199//2 
f 6199//2387 6854//2615 6197//2386 
f 6240//1 6201//1 4536//1 
f 6201//2389 6240//2388 4833//2388 
f 5141//1821 6855//2614 6525//2614 
f 6855//7 5141//7 3335//2 
f 1438//2 6223//1 6222//1 
f 6223//1877 1438//2610 6522//2610 
f 6242//1 6202//1 4581//1 
f 6202//2391 6242//2390 5484//2390 
f 6204//2391 6856//2390 6203//2390 
f 2120//85 6204//1 4583//1 
f 2298//1 6233//1 4558//1 
f 6233//713 4048//1323 141//1323 
f 1289//263 6443//1729 2093//1729 
f 4089//1 6443//1 1289//1 
f 6398//2298 1292//266 2443//266 
f 1292//1 6398//1 1291//1 
f 1461//112 2105//94 834//112 
f 640//22 2105//51 1461//826 
f 2093//1 6433//1 2094//1 
f 6433//2557 2093//1729 6443//1729 
f 4034//1315 5692//2057 6277//2486 
f 232//2 5692//1 4034//1 
f 6857//2550 2358//2845 6788//2845 
f 2358//7 6424//1 4502//1 
f 1574//2 6259//1 6260//1 
f 6259//2261 1574//470 1977//470 
f 3290//1687 6529//1853 5191//1853 
f 6462//1 6529//1 3290//1 
f 4828//1 6612//1 1473//2 
f 1473//2321 6612//2321 4984//2321 
f 69//1 6297//746 50//13 
f 6478//2580 6297//2460 69//905 
f 4857//2318 6038//2318 6116//2318 
f 6038//1 4857//1 4859//1 
f 4941//2320 6611//2320 4848//2319 
f 4822//441 6611//1 4941//1 
f 3379//1 4866//1 4868//1 
f 4866//2322 3379//2322 6117//2322 
f 1445//1 2715//1 1446//1 
f 1446//2554 2715//801 6430//801 
f 6429//2553 2011//498 4892//498 
f 2011//2 6429//1 6474//423 
f 4732//1561 1580//1855 5195//1855 
f 1578//1 1580//1 4732//1 
f 5161//1 5769//1 2092//1 
f 2092//551 5769//550 2090//550 
f 17//14 6302//2462 116//48 
f 116//774 6302//2463 6679//2728 
f 110//765 354//2466 216//2729 
f 354//81 110//46 12//9 
f 111//706 2393//705 6744//2769 
f 4144//2 6744//1 2393//2 
f 6742//1 1932//1 280//1 
f 117//457 1932//456 6742//2768 
f 2665//1 4935//1 2666//1 
f 2666//1315 4935//1314 4035//1314 
f 5960//2171 760//2846 3952//2846 
f 760//1 5960//2 761//1 
f 901//2 2850//7 6155//7 
f 6155//2360 2850//874 2849//874 
f 2444//2302 1612//355 1611//355 
f 2076//1 1612//1 2444//1 
f 6690//2737 3961//1274 6689//1274 
f 3961//2 6690//2 549//2 
f 6692//2738 3957//1270 6691//1270 
f 3957//1273 6692//85 389//1 
f 5511//1955 6782//1954 5510//1954 
f 3631//2 6782//1328 5511//1 
f 3257//1009 4036//1008 3255//1008 
f 112//1 4036//1 3257//1 
f 858//177 5961//2223 6184//2223 
f 5962//1 5961//1 858//1 
f 6487//2 5576//2 5243//2 
f 5243//1887 5576//1886 5242//1886 
f 1142//219 5900//2225 6185//2225 
f 5900//1 1142//1 1658//1 
f 1585//1 2856//1 1586//1 
f 1586//2543 2856//876 2855//876 
f 6408//2540 2862//878 2860//878 
f 2862//2 6408//2826 6407//2 
f 2091//551 6434//1343 4090//1343 
f 6434//1 2091//1 2094//1 
f 6858//1097 6840//2841 6839//2841 
f 1055//1 6840//1 6858//1 
f 612//13 826//1 613//1 
f 826//163 612//2043 6174//2043 
f 3983//1 6046//1 3985//1 
f 3985//1288 6046//2271 6390//2527 
f 901//2 2874//2 6401//2 
f 6401//2537 2874//885 2873//885 
f 3383//1 3382//1 3381//1 
f 3381//2534 3382//1082 3644//1082 
f 3377//1 3993//1 6400//1 
f 3993//1291 3377//1080 3991//1080 
f 3870//1 3869//1 3872//1 
f 3872//2767 3869//1221 6741//1221 
f 6055//2766 6057//2278 6739//2278 
f 6054//1 6057//1 6055//1 
f 608//2 6431//1 6430//1 
f 6431//2554 608//1803 6473//1803 
f 5036//2359 4754//1571 4753//1571 
f 5035//1 4754//1 5036//1 
f 6428//2553 5117//1802 6474//1802 
f 2346//1 5117//1 6428//1 
f 410//2 2931//1 2257//1 
f 2257//610 2931//609 2256//609 
f 4938//1687 6324//1686 4937//1686 
f 4951//1 6324//1 4938//1 
f 1541//610 6463//2309 6427//2309 
f 5105//2 6463//1 1541//2 
f 5105//2042 5106//1792 5671//1792 
f 3144//2 5106//1 5105//2 
f 3316//1561 6327//1560 4733//1560 
f 6326//85 6327//2530 3316//1 
f 5672//2042 6427//2309 6463//2309 
f 410//2 6427//1 5672//1 
f 267//1 1051//13 5241//13 
f 5241//1887 1051//559 1569//680 
f 3924//1249 4748//1248 2832//1248 
f 1720//1 4748//1 3924//1 
f 1451//1 1456//1 5509//7 
f 5509//1955 1456//980 3193//980 
f 3208//1 3923//1 2045//1 
f 3923//1249 3208//2191 6475//2191 
f 3144//1793 844//173 841//173 
f 844//2 3144//2 3146//2 
f 5121//1805 6593//2313 6112//2313 
f 3404//1 6593//1 5121//1 
f 6442//2577 1059//202 6467//202 
f 2088//7 1059//7 6442//7 
f 5480//2 6859//2 5481//2 
f 5481//1791 6859//2606 6517//2606 
f 5484//2 6860//1 5485//2 
f 5485//1791 6860//2606 4556//2606 
f 5779//1 5781//1 3256//1 
f 3256//1009 5781//2317 6483//2317 
f 5212//1866 1645//1865 901//1865 
f 1645//1 5212//1 6320//1 
f 6323//1 6321//1 4618//1 
f 6321//2482 6323//2611 6516//1865 
f 1720//1568 6490//2574 6465//2574 
f 5198//1 6490//1 1720//1 
f 4764//1806 6476//1804 5120//1804 
f 4762//7 6476//7 4764//7 
f 5120//1 6468//1 6467//1 
f 6468//2576 5120//1804 6476//1804 
f 4133//1 2717//1 521//79 
f 2717//2581 4133//1370 4132//1370 
f 3976//1283 6136//2772 6745//2847 
f 3973//1412 6136//2774 3976//2338 
f 2366//1220 4980//1219 3867//1219 
f 4978//1 4980//1 2366//1 
f 2087//7 6187//13 1060//7 
f 1060//203 6187//222 1156//222 
f 3335//1793 5671//1792 5106//1792 
f 410//2 5671//1 3335//2 
f 6486//1 5173//1 521//79 
f 5173//1369 6486//2588 6485//2588 
f 4132//1370 3932//2581 2717//2581 
f 3932//1 4132//1 4131//1 
f 5600//1 3375//1 5598//1 
f 3375//208 5600//2023 1474//1601 
f 4749//1568 2832//1248 4748//1248 
f 2832//1 4749//1 2128//1 
f 5642//2 5643//1 4828//1 
f 4828//1608 5643//1607 4827//1607 
f 3204//1220 4150//2586 6484//2586 
f 4150//1 3204//1 6130//2 
f 5059//2542 5060//1768 5565//1768 
f 5058//1 5060//1 5059//1 
f 4822//1604 5636//1603 4821//1603 
f 5637//1 5636//2848 4822//441 
f 4826//1606 5646//1605 4824//1605 
f 5646//1 4826//1 5093//1 
f 901//2 5063//2 6570//1 
f 6570//2539 5063//1771 5566//1771 
f 2099//2327 6607//2591 6487//2591 
f 5444//1 6607//1 2099//1 
f 1061//204 6467//202 1059//202 
f 5120//1 6467//1 1061//1 
f 5445//1994 6615//2575 6466//2575 
f 5442//2 6615//2 5445//2 
f 3258//1 5779//1 3256//1 
f 5779//2110 3258//2427 6251//2427 
f 6508//1 4978//1 4979//2 
f 4978//1721 6508//2582 6480//2582 
f 6462//2572 1824//405 6461//405 
f 1825//1 1824//1 6462//1 
f 6471//2578 1583//619 6470//619 
f 1579//1 1583//1 6471//1 
f 2126//1 2125//1 5198//1 
f 5198//1856 2125//565 5196//565 
f 2831//1 6579//1 2126//1 
f 2126//566 6579//2585 6482//2585 
f 2714//1 4892//1 2013//1 
f 2013//29 4892//498 2011//498 
f 6430//1 2012//1 2011//2 
f 2012//29 6430//801 2715//801 
f 3867//1 2629//1 1608//2 
f 2629//1721 3867//1219 4980//1219 
f 1901//443 5167//2593 6488//2593 
f 5167//2 1901//1 1903//1 
f 6576//1 5397//1 6138//1 
f 5397//1897 6576//1896 5395//1896 
f 1813//220 6062//2282 5680//2282 
f 1282//1 6062//1 1813//1 
f 4647//220 5595//2006 5677//2282 
f 4644//1 5595//1 4647//1 
f 267//1 5242//13 5577//13 
f 5577//1994 5242//1886 5576//1886 
f 5197//1856 6465//2574 6490//2574 
f 6465//1 5197//1 2128//1 
f 4730//2 6123//2 1569//2 
f 6123//2327 4730//1559 6122//1559 
f 1902//443 5192//442 1900//442 
f 5192//7 1902//7 1609//1 
f 1900//1 5194//1 6508//1 
f 5194//1854 1900//442 5192//442 
f 2127//566 5196//565 2125//565 
f 5196//1 2127//1 2128//1 
f 904//2 5092//1 6581//1 
f 6581//2533 5092//1785 5601//1785 
f 2870//2 5094//2 2871//2 
f 2871//2536 5094//1787 5213//1787 
f 1719//7 6602//1 5396//1 
f 5396//1897 6602//2340 6137//2340 
f 4119//1365 4972//1364 3281//1364 
f 4972//1 4119//1 6489//1 
f 6110//2572 5191//1853 6529//1853 
f 2005//1 5191//1 6110//1 
f 3316//1 5195//1 6469//1 
f 6469//2578 5195//1855 1580//1855 
f 2380//1 6861//1029 6862//2 
f 6862//2626 6861//2849 5025//2850 
f 5457//1930 4582//2603 6512//2603 
f 4582//1 5457//1 5456//1 
f 5453//1930 6569//2603 6510//2603 
f 2398//1 6569//1 5453//1 
f 6553//1 4555//1 1605//1 
f 4555//1478 6553//1477 4553//1477 
f 5460//1864 6536//2604 6513//2604 
f 5794//1 6536//1 5460//1 
f 6547//7 4617//7 552//2 
f 4617//1502 6547//1501 4615//1501 
f 3332//7 4577//7 3335//2 
f 4577//1490 3332//1054 4560//1054 
f 5209//1864 4537//2602 6509//2602 
f 4537//1 5209//1 5208//1 
f 6565//7 4614//7 2365//2 
f 4614//1473 6565//2624 4547//1472 
f 5205//1864 6563//2604 6511//2604 
f 4626//1 6563//1 5205//1 
f 205//13 6549//13 4552//13 
f 4552//1476 6549//2621 4550//1475 
f 1440//1 6544//1 2416//1 
f 2416//734 6544//733 1436//733 
f 6541//1 6540//1 5201//1 
f 5201//1858 6540//1857 5199//1857 
f 671//1 6543//1 672//1 
f 672//787 6543//1474 4548//1474 
f 5462//1476 6562//1475 6514//1475 
f 540//7 6562//2 5462//2 
f 4572//13 5472//1 5471//1 
f 5472//1936 4572//2605 6515//2605 
f 4472//2 4625//2 4532//2 
f 4532//1465 4625//1464 4531//1464 
f 6558//1 4545//1 1437//1 
f 4545//1473 6558//1472 4543//1472 
f 5474//1937 6538//2035 5659//2035 
f 6537//1 6538//1 5474//1 
f 6555//1 2726//1 5466//1 
f 2726//811 6555//2623 2364//809 
f 4566//1485 4607//1483 4565//1483 
f 4608//1 4607//1 4566//1 
f 6560//2652 6600//2851 3845//441 
f 3845//1199 6600//1198 3843//1198 
f 4585//1490 843//715 4584//715 
f 181//1 843//1 4585//1 
f 4580//1490 4830//715 4578//715 
f 4830//1 4580//1 6200//1 
f 2632//791 5169//790 2630//790 
f 5166//2 5169//1 2632//2628 
f 4627//2 4629//1 4540//1 
f 4540//1470 4629//1469 4538//1469 
f 4570//1487 6532//2618 4569//1486 
f 6532//1 4570//1 4549//2 
f 3842//1199 6601//1198 3840//1198 
f 6551//1 6601//1 3842//1 
f 4535//1468 4619//1466 4534//1466 
f 4619//1 4535//1 5477//1 
f 6564//1 5469//1 5468//1 
f 5469//1934 6564//2607 6518//2607 
f 538//1 5458//1 539//1 
f 5458//1930 538//691 5456//691 
f 4574//1489 4571//2398 6206//2398 
f 4571//13 4574//1 4573//1 
f 5455//1930 5174//691 5454//691 
f 181//1 5174//1 5455//1 
f 4554//1478 6216//1799 5113//1799 
f 6217//1 6216//1 4554//1 
f 6245//1 4576//1 4560//1 
f 4576//1490 6245//2419 6530//2419 
f 5101//1 5103//1 5461//13 
f 5461//1864 5103//1790 5459//1790 
f 4616//1502 4618//1862 5204//1862 
f 4618//1 4616//1 4615//1 
f 5484//2 5486//1 5210//1 
f 5210//1864 5486//1790 5208//1790 
f 4551//1476 6222//1876 5452//1876 
f 6222//1 4551//1 4550//1 
f 6320//1 4613//1 4547//1 
f 4613//1473 6320//2481 6127//2329 
f 5480//2 5482//1 5207//1 
f 5207//1864 5482//1863 5206//1863 
f 5200//1858 6219//1932 5465//1932 
f 671//1 6219//1 5200//1 
f 532//734 6213//1929 5451//1929 
f 136//13 6213//7 532//7 
f 5231//1 5230//1 4605//1 
f 4605//1476 5230//1876 5463//1876 
f 2611//787 6227//786 673//786 
f 6228//1 6227//1 2611//1 
f 5473//1936 5234//1879 5471//1935 
f 5228//1 5234//1 5473//1 
f 6194//56 6239//2852 4529//1 
f 4529//1465 6239//714 6535//714 
f 4544//1473 6225//2329 5464//1931 
f 4546//1 6225//1 4544//1 
f 4561//1 5476//1 1605//1 
f 5476//1937 4561//1481 5475//1481 
f 540//7 6241//1 4564//1 
f 4564//1484 6241//2417 6531//1938 
f 6230//7 2363//7 6231//2412 
f 2363//810 6230//1933 5466//1933 
f 4581//1 4579//1 4578//1 
f 4579//1490 4581//2418 6554//2418 
f 4583//1490 6243//2418 6561//2418 
f 6204//1 6243//1 4583//1 
f 4539//1470 4536//2416 6552//2416 
f 4536//1 4539//1 4538//1 
f 4568//1487 6237//1938 4549//1938 
f 5799//1 6237//1 4568//13 
f 6233//1 2397//1 4558//1 
f 4558//1480 2397//714 1605//714 
f 6235//7 4533//7 552//2 
f 4533//1467 6235//1939 5477//1939 
f 5470//1934 5140//1820 5468//1820 
f 5140//7 5470//7 3335//2 
f 6566//1 2796//1 4079//2 
f 4079//1339 2796//1111 4077//1111 
f 6480//7 5193//7 1609//1 
f 5193//1854 6480//2582 6508//2582 
f 410//2 525//1 6828//2853 
f 6828//2830 525//2854 3931//2828 
f 3835//1 6623//1 2834//13 
f 2834//866 6623//2361 6157//2361 
f 4595//1 6605//1 3826//1 
f 3826//1190 6605//1189 3824//1189 
f 3966//1 6606//1 3823//1 
f 3823//1190 6606//1189 3821//1189 
f 4541//1 5934//1 4542//1 
f 5934//2595 4541//1471 6492//1471 
f 5563//1987 6863//2668 6618//2668 
f 662//13 6863//7 5563//7 
f 5101//1 4559//13 1605//1 
f 1605//714 4559//1480 4558//1480 
f 2831//864 5171//863 2829//863 
f 801//1 5171//1 2831//1 
f 3844//1199 6746//2776 6210//2403 
f 6746//1 3844//1 3846//1 
f 6747//1 3839//1 3841//1 
f 3839//1199 6747//2776 6211//2405 
f 3930//1 4575//1 6206//1 
f 6206//2398 4575//1489 4574//1489 
f 551//2 6864//2 552//2 
f 6864//2855 551//1642 5822//2138 
f 50//13 2610//13 5190//7 
f 2608//785 5190//1852 2610//783 
f 410//2 412//2 6571//2 
f 6571//2451 412//541 845//541 
f 6865//13 2152//1 4641//1 
f 6866//1997 6865//2856 552//2856 
f 2631//791 6488//2593 5167//2593 
f 6488//2 2631//1 1609//1 
f 6485//2588 4131//1369 5173//1369 
f 4131//1 6485//1 4129//1 
f 5444//1926 1008//196 5442//196 
f 1009//13 1008//1 5444//1 
f 4792//1592 6182//2011 5610//2011 
f 5586//1 6182//1 4792//1 
f 6686//2736 3825//2857 3824//13 
f 3825//1190 6686//1277 4596//1277 
f 6687//1 3822//1 3821//1 
f 3822//1190 6687//1277 3967//1277 
f 901//2 6156//7 4753//7 
f 4753//1571 6156//2359 5036//2359 
f 5034//1 6353//1 5035//1 
f 5035//1570 6353//2634 6577//2634 
f 5394//2595 5395//1896 6576//1896 
f 5396//1 5395//1 5394//1 
f 6609//1 5920//1 6662//1 
f 5920//2192 6609//2341 6139//2341 
f 4711//1547 4712//1 6560//2652 
f 6560//2622 4712//1548 6030//1548 
f 4715//1 4714//1 6551//1 
f 6551//2622 4714//1550 6033//1550 
f 4078//1339 6466//2575 6615//2575 
f 267//1 6466//13 4078//13 
f 4819//2656 6116//2656 6038//2656 
f 6116//1 4819//1 1474//1 
f 4984//1 4002//1 4004//13 
f 4002//2660 4984//2660 6612//2659 
f 4560//1 3334//1 6564//1 
f 3334//336 4560//1054 3332//1054 
f 3333//336 6518//2607 6564//2607 
f 6518//7 3333//7 3335//2 
f 5793//1506 6513//2604 6536//2604 
f 5101//1 6513//13 5793//13 
f 4558//1 4557//1 5794//1 
f 5794//1506 4557//1479 5792//1479 
f 4626//1505 4531//1464 4625//1464 
f 4529//1 4531//1 4626//1 
f 4624//1505 6511//2604 6563//2604 
f 5480//2 6511//2 4624//2 
f 2870//2657 4848//2657 6611//2657 
f 4848//2 2870//2 2872//2 
f 2611//1 4548//1 6541//1 
f 6541//146 4548//1474 6543//1474 
f 671//1 5199//1 6542//1 
f 6542//146 5199//1857 6540//1857 
f 4573//1 4777//1 4572//13 
f 4777//146 4573//1488 4776//1488 
f 181//1 6510//1 842//1 
f 842//716 6510//2603 6569//2603 
f 5453//1 5454//1 5176//1 
f 5176//692 5454//691 5174//691 
f 5659//1 6539//1 1605//1 
f 6539//2619 5659//2035 6538//2035 
f 2375//692 5456//691 538//691 
f 5456//1 2375//1 4606//1 
f 2398//716 4584//715 843//715 
f 4583//1 4584//1 2398//1 
f 3930//1 6515//1 4775//1 
f 4775//146 6515//2605 4572//2605 
f 4608//1498 6514//1475 6562//1475 
f 4605//1 6514//1 4608//1 
f 540//7 4565//2 4609//2 
f 4609//1499 4565//1483 4607//1483 
f 2416//1 5451//1 5450//1 
f 5450//2408 5451//1929 6213//1929 
f 6537//2619 4553//1477 6553//1477 
f 4554//1 4553//1 6537//1 
f 4567//7 4569//13 6534//13 
f 6534//1499 4569//1486 6532//2618 
f 5634//2024 6867//2858 6582//2637 
f 6867//1 5634//1 6618//1 
f 4547//1 6556//1 6555//1 
f 6556//1178 4547//1472 6565//2624 
f 2364//7 6557//7 2365//2 
f 6557//1178 2364//809 6555//2623 
f 4538//1 4630//1 4537//1 
f 4630//1506 4538//1469 4629//1469 
f 6512//1 4831//1 539//1 
f 4831//716 6512//2603 4582//2603 
f 4627//2 6509//1 4628//1 
f 4628//1506 6509//2602 4537//2602 
f 4578//1 4832//1 4582//1 
f 4832//716 4578//715 4830//715 
f 4944//1 6117//1 4825//13 
f 4825//2661 6117//2661 3379//2661 
f 5104//1791 5459//1790 5103//1790 
f 5460//1 5459//1 5104//1 
f 4550//1 6533//1 6532//1 
f 6533//1499 4550//1475 6549//2621 
f 5464//1 6226//1 1437//1 
f 6226//2410 5464//1931 6225//2329 
f 5113//2 6218//2 1605//1 
f 6218//2409 5113//1799 6216//1799 
f 5637//2025 6868//2638 6583//2638 
f 553//1 555//1 5637//1 
f 4534//7 6546//7 552//2 
f 6546//2620 4534//1466 4619//1466 
f 5201//1 5465//1 6221//1 
f 6221//174 5465//1932 6219//1932 
f 6548//2620 4615//1501 6547//1501 
f 4615//1 6548//1 4619//1 
f 5205//1 5206//1 5483//1 
f 5483//1791 5206//1863 5482//1863 
f 5487//1791 5208//1790 5486//1790 
f 5208//1 5487//1 4556//1 
f 6127//7 5211//7 5095//645 
f 5211//1866 6127//2329 6320//2481 
f 5471//1 5236//1 4844//1 
f 5236//1880 5471//1935 5234//1879 
f 6322//2482 5204//1862 4618//1862 
f 5204//7 6322//2 552//2 
f 1440//166 4543//1472 6558//1472 
f 4544//1 4543//1 1440//1 
f 3412//1 5166//2 5168//1 
f 5166//1834 3412//2630 3905//2630 
f 345//2411 673//786 6227//786 
f 671//1 673//1 345//1 
f 1436//1 6545//1 1437//1 
f 6545//166 1436//733 6544//733 
f 4549//2 6238//1 6527//2 
f 6238//2415 4549//1938 6237//1938 
f 4563//1482 5475//1481 4561//1481 
f 5474//1 5475//1 4563//1 
f 4472//2 6535//1 6193//1 
f 6193//713 6535//714 6239//714 
f 5466//1 6232//1 6526//1 
f 6232//2413 5466//1933 6230//1933 
f 6200//2389 6552//2416 4536//2416 
f 4627//2 6552//1 6200//1 
f 540//7 5463//2 5232//2 
f 5232//1877 5463//1876 5230//1876 
f 5142//1821 5468//1820 5140//1820 
f 5468//1 5142//1 6525//1 
f 6482//1 2830//1 2128//1 
f 2830//864 6482//2585 6579//2585 
f 2835//866 6596//865 2833//865 
f 1973//1 6596//1 2835//1 
f 6530//2 6195//2 3335//2 
f 6195//2385 6530//2419 6245//2419 
f 5642//2029 6869//2641 6587//2641 
f 905//2 5642//2 906//13 
f 6236//2414 5477//1939 6235//1939 
f 5477//1 6236//1 4530//1 
f 6198//2387 6531//1938 6241//2417 
f 4566//1 6531//1 6198//1 
f 4627//2391 6554//2418 4581//2418 
f 6554//1 4627//2 6200//1 
f 6224//1877 5452//1876 6222//1876 
f 205//13 5452//13 6224//13 
f 4037//1316 6633//2594 6489//2594 
f 559//1 6633//1 4037//1 
f 4118//1365 6251//2427 3258//2427 
f 6251//1 4118//1 3281//1 
f 4070//2391 6561//2418 6243//2418 
f 181//1 6561//1 4070//2 
f 6870//1 5645//1 6616//1 
f 5645//2031 6870//2642 6588//2642 
f 622//118 6432//2555 624//120 
f 622//80 201//61 6432//80 
f 3360//1069 1311//112 2429//2859 
f 624//120 3360//1070 2429//2760 
f 661//13 663//7 5599//1 
f 5599//2008 663//1986 5597//1986 
f 5565//1768 6410//2542 5059//2542 
f 1584//1 6410//1 5565//1 
f 5058//1769 6586//2640 6457//2640 
f 6767//1 6586//1 5058//1 
f 3175//2522 5652//2032 6380//2032 
f 3174//1 5652//1 3175//1 
f 1505//1 5650//1 2251//1 
f 2251//2522 5650//2032 6378//2032 
f 6395//2529 4660//1526 6393//1526 
f 4661//13 4660//1 6395//1 
f 5062//1772 6591//2644 6589//2644 
f 901//2 6591//2 5062//2 
f 1582//406 6461//405 1824//405 
f 3936//1 6461//1 1582//1 
f 5566//1771 6407//2539 6570//2539 
f 5736//1 6407//2 5566//1 
f 3924//1 6475//1 4750//1 
f 4750//2192 6475//2191 3208//2191 
f 6603//1 5721//1 1496//13 
f 5721//2070 6603//2429 6253//2429 
f 6394//2529 1975//579 6422//579 
f 1973//1 1975//2 6394//2 
f 6469//1 6470//1 1825//1 
f 1825//406 6470//619 1583//619 
f 3419//1102 2050//1101 3417//1101 
f 2050//1 3419//1 2044//1 
f 5722//2071 1494//2069 2376//2069 
f 1494//1 5722//1 6253//1 
f 2439//1 2773//1 2442//1 
f 2773//2629 2439//743 3616//743 
f 6559//2622 3843//1198 6600//1198 
f 3843//1 6559//2 3613//1 
f 3840//1 6550//2 3610//1 
f 6550//2622 3840//1198 6601//1198 
f 4661//1527 6604//1569 4751//1569 
f 6597//55 6604//1 4661//13 
f 2630//1 5170//1 1609//1 
f 5170//1834 2630//790 5169//790 
f 5738//2506 5739//2080 6352//2080 
f 5740//1 5739//1 5738//1 
f 6356//2508 5736//2078 6355//2507 
f 5736//1 6356//2 6407//2 
f 3950//1266 5704//1265 3948//1265 
f 5704//1 3950//1 3286//1028 
f 6360//2510 5743//2082 6359//2082 
f 5743//1 6360//1 5742//1 
f 5746//1 5688//1 5686//1 
f 5688//2509 5746//2084 6357//2084 
f 6487//2 5443//2 5576//2 
f 5443//1926 6487//2591 6607//2591 
f 3424//7 3403//1 1496//13 
f 3403//1094 3424//1092 3401//1092 
f 1274//1 2826//1 4744//1 
f 2826//861 1274//382 2824//382 
f 3259//1316 3255//1008 4036//1008 
f 3256//1 3255//1 3259//1 
f 801//1835 560//2635 3868//2635 
f 560//1 801//1 561//1 
f 3279//1024 6122//1559 4730//1559 
f 2099//1 6122//1 3279//1 
f 6610//2 1568//2 1570//2 
f 1568//1024 6610//1023 3278//1023 
f 5386//7 5387//1 3835//1 
f 3835//1195 5387//1194 3833//1194 
f 3824//13 6381//2860 6380//2658 
f 6381//2521 3824//1189 6605//1189 
f 6379//2521 3821//1189 6606//1189 
f 3821//1 6379//1 6378//1 
f 1973//1 6393//2 4662//2 
f 4662//1527 6393//1526 4660//1526 
f 6132//2645 1996//485 6592//485 
f 1996//2 6132//2 4021//1 
f 141//1323 1606//713 6233//713 
f 140//1 1606//1 141//1 
f 6253//1 3402//1 3405//1 
f 3402//1093 6253//2429 6603//2429 
f 3418//1102 6492//1471 4541//1471 
f 5394//1 6492//1 3418//1 
f 2080//804 6205//2397 6244//2397 
f 3930//1 6205//1 2080//1 
f 4794//1592 6769//1591 4793//1591 
f 3917//1 6769//1 4794//1 
f 6628//1 3929//1 3928//1 
f 3929//1254 6628//2679 5228//1875 
f 4750//1 6139//2861 2825//79 
f 2825//861 6139//2341 6609//2341 
f 4871//2645 3278//1023 6610//1023 
f 3279//1 3278//1 4871//1 
f 6597//2646 2833//865 6596//865 
f 2834//13 2833//2852 6597//55 
f 2078//767 6479//2158 5855//2158 
f 6479//1 2078//1 2080//1 
f 6169//1 6170//1 4715//1 
f 4715//1551 6170//1706 2432//1707 
f 2378//694 1613//1045 3311//1045 
f 2940//1 1613//1 2378//1 
f 6167//2367 6166//2862 4711//1547 
f 4711//1549 6166//1706 2430//1706 
f 4973//1719 6802//2636 6580//2636 
f 6802//1 4973//1 5177//1 
f 3436//1113 6112//2313 6593//2313 
f 4763//7 6112//7 3436//7 
f 5091//1786 6617//2667 5647//2667 
f 904//2 6617//1 5091//1 
f 901//2 6402//2 5213//2 
f 5213//1787 6402//2536 2871//2536 
f 5598//2008 6400//2535 6621//2535 
f 3377//1 6400//1 5598//1 
f 5601//1785 5602//2533 6581//2533 
f 5602//1 5601//1 5093//1 
f 4823//1632 6619//2670 2365//2670 
f 6584//2 6619//1 4823//2 
f 2829//1 5172//1 2128//1 
f 5172//1835 2829//863 5171//863 
f 4155//255 796//1385 4154//1385 
f 796//2 4155//85 549//2 
f 4810//84 1281//1273 389//1 
f 1281//256 4810//254 1279//254 
f 3930//1255 6825//2824 3928//1253 
f 6825//1 3930//1 2080//1 
f 5649//2033 2741//820 3820//820 
f 4042//2 2741//2 5649//1 
f 5653//2033 2771//820 3828//820 
f 4040//2 2771//2 5653//1 
f 2062//528 2435//2280 2939//2489 
f 2435//1 2062//1 2061//1 
f 3834//1195 6157//2361 6623//2361 
f 1973//1 6157//1 3834//1 
f 3404//1113 3401//1092 3424//1092 
f 3402//1 3401//1 3404//1 
f 1273//383 6137//2340 6602//2340 
f 6137//1 1273//1 4653//1 
f 1973//1 4751//2 6595//2 
f 6595//2646 4751//1569 6604//1569 
f 2731//1 6635//2 5572//2 
f 5572//1990 6635//1989 5570//1989 
f 2797//56 6778//2840 1009//13 
f 1009//197 6778//2625 6566//2625 
f 5771//1 1995//1 1997//1 
f 1995//486 5771//1630 4872//1630 
f 1929//13 6064//13 1930//13 
f 1930//454 6064//2283 6330//2283 
f 3928//1 6824//1 2581//1 
f 2581//767 6824//766 2079//766 
f 4716//1551 6033//1550 4714//1550 
f 6033//2 4716//2 6015//2 
f 6030//2 4713//2 6013//2 
f 4713//1549 6030//1548 4712//1548 
f 5571//1990 535//2168 1544//2168 
f 535//2 5571//1 5570//1 
f 1719//383 2824//382 1274//382 
f 2825//79 2824//1 1719//7 
f 3439//1115 3432//1110 2052//1110 
f 3437//1 3432//1 3439//1 
f 901//2 4752//7 6577//7 
f 6577//2634 4752//1570 5035//1570 
f 3437//2393 6627//2678 6249//2678 
f 6651//1 6627//1 3437//1 
f 2052//1110 3440//1115 3439//1115 
f 3440//13 2052//13 2054//13 
f 4871//1 6592//1 1998//1 
f 1998//486 6592//485 1996//485 
f 1584//1 5061//1 6457//1 
f 6457//2640 5061//1770 5058//1769 
f 5651//2033 6378//2032 5650//2032 
f 6378//1 5651//1 3820//1 
f 6380//2658 5654//2863 3828//79 
f 5654//2033 6380//2032 5652//2032 
f 6871//1 5064//7 6589//1 
f 6589//2644 5064//1772 5062//1772 
f 5386//1893 1854//2673 850//2673 
f 1854//7 5386//7 597//2 
f 4974//1719 3281//1364 4972//1364 
f 3281//1 4974//1 6580//1 
f 4062//7 4064//1 6181//2 
f 6181//2374 4064//2655 6608//2655 
f 844//2 3146//2 6440//2 
f 6440//2676 3146//951 4519//2674 
f 559//1 4982//1 5178//1 
f 5178//1838 4982//1722 5177//1722 
f 6495//2596 344//726 6493//726 
f 344//1 6495//1 345//1 
f 1010//197 5442//196 1008//196 
f 5442//2 1010//2 6615//2 
f 4995//1 4887//1 6651//1 
f 6651//2677 4887//1646 4494//1646 
f 3431//13 6249//13 2053//13 
f 6249//2678 3431//1109 3437//2393 
f 2760//1 6663//1 5385//1 
f 5385//1892 6663//2708 6632//2686 
f 2443//266 6092//2298 6398//2298 
f 6093//1 6092//1 2443//1 
f 2664//796 6276//2441 6622//2441 
f 6276//1 2664//1 6277//1 
f 2665//1 4933//1 4935//1 
f 4933//1892 2665//795 5384//1891 
f 6029//2 1977//2 1976//13 
f 1977//470 6029//2261 6259//2261 
f 4972//1 6489//1 4975//1 
f 4975//1838 6489//2594 6633//2594 
f 6624//2675 5570//1989 6635//1989 
f 5570//1 6624//1 4519//1 
f 2667//796 5384//1891 2665//795 
f 5385//1 5384//1 2667//1 
f 1042//1 2760//1 6777//1 
f 2760//2067 1042//200 5717//200 
f 2446//1 6503//1 2445//746 
f 6503//2598 2446//747 6502//747 
f 6505//2599 1986//473 2400//473 
f 1986//13 6505//13 4808//13 
f 6498//2597 526//102 6496//102 
f 526//1 6498//1 2452//1 
f 4811//13 680//13 6507//13 
f 6507//2600 680//131 1892//131 
f 5013//1 2379//1 4115//1 
f 2379//694 5013//693 2377//693 
f 69//905 2934//904 6478//2580 
f 2057//52 6478//52 2934//52 
f 6632//1 5718//1 6472//1 
f 5718//2067 6632//2686 6663//2708 
f 5388//1893 3833//1194 5387//1194 
f 1973//1 3833//1 5388//1 
f 1611//355 2938//2302 2444//2302 
f 2938//1 1611//1 2063//1 
f 3988//1290 6335//1384 4151//1384 
f 6335//1 3988//1 3344//7 
f 645//129 6448//631 6406//631 
f 2846//2 6448//1 645//1 
f 6319//2480 5622//129 6405//129 
f 5621//1 5622//1 6319//1 
f 1052//354 2620//789 2616//789 
f 2620//1 1052//1 6830//1 
f 559//1 2325//13 4981//1 
f 4981//1723 2325//2690 1013//2690 
f 2445//746 6338//2864 4780//2497 
f 4780//1586 6338//1585 4778//1585 
f 5040//1761 6334//2058 5693//2058 
f 2452//1 6334//1 5040//1 
f 5043//746 6405//2865 6404//2538 
f 6405//129 5043//2480 6319//2480 
f 3145//952 6020//998 3236//998 
f 5105//2 6020//2 3145//2 
f 646//130 5038//128 644//128 
f 5038//1 646//1 6406//1 
f 4456//2131 6872//2565 6453//2565 
f 6452//1 2342//1 4456//1 
f 5821//13 5819//1 5818//1 
f 5819//2137 5821//1708 6451//1708 
f 1201//7 1203//7 5816//7 
f 5816//2135 1203//2563 6450//2563 
f 5812//2133 6873//2566 6454//2566 
f 6873//1 5812//1 5814//13 
f 5578//1996 661//2569 6459//2569 
f 661//13 5578//13 662//13 
f 5822//2138 6874//2855 6864//2855 
f 1589//1 5822//1 5823//1 
f 5831//2144 5830//2567 6456//2567 
f 5830//1 5831//1 4465//1 
f 5827//2141 1048//2564 6452//2564 
f 1048//1 5827//1 5829//2 
f 256//2 6875//1 5824//1 
f 5824//2140 6875//2866 6458//2568 
f 2365//2670 5095//1632 4823//1632 
f 6127//7 5095//645 2365//2 
f 1204//2153 6876//2867 256//2567 
f 665//1 1204//1 666//1 
f 107//2 6877//7 5842//7 
f 5842//2151 6877//2570 6460//2570 
f 5598//1 5597//1 5564//1 
f 5564//1987 5597//1986 663//1986 
f 5837//2144 6878//2567 6455//2567 
f 5025//2 2149//1 5837//1 
f 5647//2667 5093//1786 5091//1786 
f 5646//1 5093//1 5647//1 
f 4794//1 5610//1 5609//1 
f 5609//2374 5610//2011 6182//2011 
f 4779//1586 3873//1762 5042//1762 
f 3870//1 3873//1 4779//1 
f 6054//1 6056//1 5041//1 
f 5041//1761 6056//1760 5039//1760 
f 1280//255 6730//2759 6732//2759 
f 6730//1 1280//1 6341//1 
f 4153//255 6731//2759 6733//2759 
f 6339//1 6731//1 4153//1 
f 4983//1723 5177//1722 4982//1722 
f 6802//1 5177//1 4983//1 
f 5606//2009 3272//1018 5605//1018 
f 3272//1 5606//1 351//1 
f 1327//13 2399//1 6642//1 
f 6642//2695 2399//717 6640//717 
f 4965//1714 6341//1713 4963//1713 
f 6730//1 6341//1 4965//1 
f 6339//1 4962//1 6731//1 
f 4962//1712 6339//1711 4961//1711 
f 776//441 775//2868 6647//487 
f 6647//2696 775//149 6645//149 
f 5078//1 3370//1 6337//1 
f 3370//1076 5078//1075 3368//1075 
f 2617//1 6661//1 2618//1 
f 2618//2236 6661//2843 6791//2843 
f 6641//2695 5557//1982 6650//1982 
f 5557//1 6641//1 3962//1 
f 3959//1 5560//1 6644//1 
f 6644//2696 5560//1983 6649//1983 
f 6647//487 6649//1 4964//779 
f 4964//1714 6649//1983 5560//1983 
f 5603//1 1696//1 5604//1 
f 5604//2009 1696//2701 2412//2701 
f 5034//2506 2851//2716 6670//2716 
f 2851//1 5034//1 5036//1 
f 6642//1 6650//1 4960//13 
f 4960//1712 6650//1982 5557//1982 
f 5578//13 4942//13 6354//1 
f 6354//2508 4942//2717 3355//2717 
f 6358//2509 4946//2718 6669//2718 
f 1473//2 4946//1 6358//1 
f 2857//1 5057//1 5059//1 
f 5057//2510 2857//2719 5742//2719 
f 4519//1 3147//1 3236//1 
f 3147//952 4519//2674 3146//951 
f 1311//741 759//741 2428//740 
f 2428//2869 759//145 1020//145 
f 232//2 6620//1 1848//1 
f 1848//1019 6620//2672 6648//2672 
f 776//150 6364//309 1424//309 
f 6365//441 6364//2870 776//441 
f 6362//1 6361//1 1327//13 
f 1327//285 6361//284 1325//284 
f 3273//1019 5605//1018 3272//1018 
f 5604//1 5605//1 3273//1 
f 2616//789 1607//354 1052//354 
f 6025//1 1607//1 2616//1 
f 6640//1 1326//1 1989//1 
f 1326//285 6640//717 2399//717 
f 777//150 6645//149 775//149 
f 6645//1 777//1 2813//1 
f 6660//1 1464//1 1466//1 
f 1464//788 6660//2706 2617//2706 
f 3367//1076 6484//2586 4150//2586 
f 6484//1 3367//1 6879//1 
f 232//2 5448//1 3047//1 
f 3047//937 5448//1927 3045//935 
f 6790//2829 6880//2871 6881//2872 
f 6880//1 6790//1 6789//1 
f 5635//2024 1474//1601 5600//2023 
f 1474//1 5635//1 6582//1 
f 4821//2 5638//2 4823//2 
f 5638//2025 4821//1603 5636//1603 
f 4827//1 5644//1 51//1 
f 5644//2030 4827//1607 5643//1607 
f 4825//13 4824//2873 5648//171 
f 5648//2031 4824//1605 5646//1605 
f 4494//1646 6626//2677 6651//2677 
f 6626//13 4494//13 4495//13 
f 3273//1 6648//1 3046//1 
f 3046//936 6648//2672 6620//2672 
f 6500//1 1857//1 6501//1 
f 1857//426 6500//424 1856//424 
f 6499//1 1831//1 6497//1 
f 1831//410 6499//409 1829//409 
f 5740//2081 6882//2709 863//2709 
f 1512//13 5740//1 5738//1 
f 5567//2079 6871//2710 6664//2710 
f 6871//1 5567//13 5064//7 
f 5744//2083 4820//1900 871//1900 
f 4820//1 5744//1 5743//1 
f 5747//2085 6883//2711 6665//2711 
f 6883//1 5747//1 872//1 
f 1202//7 6884//13 5851//13 
f 5851//2156 6884//2874 6385//2524 
f 6676//2 5077//1 5561//1 
f 5077//1778 6676//2704 5916//2704 
f 5834//2146 5836//2525 6387//2525 
f 5836//1 5834//1 5833//1 
f 5958//2221 6688//2697 6652//2697 
f 6688//13 5958//13 5959//13 
f 5840//2149 867//2526 6388//2526 
f 256//2 867//2 5840//2 
f 1206//1 5806//1 5808//1 
f 5806//2129 6885//2525 4067//2525 
f 4150//1 6129//2 3989//1 
f 3989//1290 6129//1289 3987//1289 
f 4129//1 1873//1 4130//1 
f 4130//2584 6886//2583 1437//2583 
f 2616//1 2619//1 2617//1 
f 2617//2706 2619//788 1464//788 
f 4648//1 6761//1 2351//1 
f 6761//2705 4648//1516 4667//1516 
f 4511//13 6173//13 6783//13 
f 6783//2803 6173//2369 6804//2369 
f 5065//2221 3438//1114 5076//1114 
f 3439//1 3438//1 5065//1 
f 3368//1 5080//1 5916//2 
f 5080//1778 3368//1075 5078//1075 
f 2972//2433 763//554 1575//554 
f 763//1 2972//1 2965//1 
f 6819//1 6494//1 6493//1 
f 6494//2596 6819//2818 6815//2818 
f 2328//658 1531//477 2326//477 
f 5918//1 1531//1 2328//1 
f 6287//1 6286//1 845//1 
f 845//541 6286//2451 6571//2451 
f 5068//1774 5553//1773 5066//1773 
f 5553//13 5068//13 6009//7 
f 6497//2597 5070//2494 2452//2494 
f 1831//1 5070//1 6497//1 
f 1857//1 5970//1 6501//1 
f 6501//2598 5970//2496 2445//2496 
f 6631//1 5732//1 5957//1 
f 5957//2220 5732//2075 5956//2219 
f 6504//2599 6340//2498 4152//2498 
f 6340//779 6504//2875 2400//13 
f 6506//2600 6342//2500 2583//2499 
f 6342//2601 6506//2876 1892//1 
f 1053//1 6027//2 6677//2 
f 6027//2259 1053//353 6025//353 
f 5065//1 6652//1 5067//1 
f 5067//1774 6652//2697 6688//2697 
f 3433//1 3434//1 2796//1 
f 3434//1112 3433//2703 6658//2703 
f 5955//2220 6887//2784 6765//2784 
f 4444//1 6887//1 5955//1 
f 5679//2050 6266//2049 3827//2049 
f 4818//1 6266//1 5679//1 
f 2789//1 6270//1 5594//1 
f 5594//2007 6270//2049 1467//2048 
f 267//1 4077//13 3435//13 
f 3435//1112 4077//1111 2796//1111 
f 5631//2020 5008//1740 5629//1740 
f 5010//1 5008//1 5631//1 
f 5916//2 6024//2 6026//2 
f 6024//2259 5916//2704 6676//2704 
f 3617//1 3616//1 2441//1 
f 3616//743 3617//2431 2773//2629 
f 5657//474 6690//2737 6643//2737 
f 6690//2 5657//2 549//2 
f 5609//1 6608//1 2327//1 
f 2327//658 6608//2655 4064//2655 
f 267//1 6658//13 5630//13 
f 5630//2020 6658//2703 3433//2703 
f 6645//1 2813//1 6646//1 
f 6646//2738 2813//857 5656//857 
f 6740//2767 3245//873 5621//2015 
f 3245//79 6740//423 544//13 
f 5656//857 6692//2738 6646//2738 
f 6692//85 5656//85 389//1 
f 6640//1 1989//1 6643//1 
f 6643//2737 1989//474 5657//474 
f 2847//1 6738//1 174//7 
f 6738//2766 2847//873 1504//872 
f 6750//1 5828//1 6452//1 
f 5828//2142 6750//2779 5826//2139 
f 5705//2062 6763//2707 6662//2707 
f 6763//1 5705//1 3286//1028 
f 107//2 6748//7 5807//7 
f 5807//2129 6748//2128 5805//2128 
f 5810//2131 6749//2778 5809//2130 
f 256//2 6749//2 5810//2 
f 5820//2137 6752//2136 5818//2136 
f 1202//7 6752//13 5820//13 
f 6708//1 6759//1 1588//1 
f 1588//2149 6759//2782 5841//2148 
f 5813//2133 4526//2777 5811//2132 
f 4526//1 5813//1 6454//1 
f 6695//1 6751//1 4475//1 
f 4475//2135 6751//2134 5817//2134 
f 2351//1 6519//1 4651//1 
f 4651//1741 6519//2608 6734//2608 
f 4447//2 5853//1 6385//2 
f 5853//2156 4447//2155 5852//2155 
f 6694//2739 4451//1422 6693//1422 
f 107//2 4451//7 6694//7 
f 6054//2279 6666//2712 6397//2532 
f 5157//1 6666//1 6054//1 
f 6377//2 3960//2 549//2 
f 3960//1275 6377//2039 5666//2039 
f 6754//1 5835//1 866//2 
f 5835//2146 6754//2145 5833//2145 
f 4473//1 6757//1 5579//1 
f 5579//1996 6757//2781 553//1995 
f 5832//2144 6753//2143 4465//2143 
f 6753//1 5832//1 6585//1 
f 6705//1 6755//1 4468//1 
f 4468//2140 6755//2139 5825//2139 
f 5839//2144 6756//2147 5838//2147 
f 4452//1 6756//1 5839//1 
f 6758//2 5845//2 1863//2 
f 5845//2153 6758//2152 5844//2152 
f 6718//1 6760//1 4033//1 
f 4033//2151 6760//2150 5843//2150 
f 3958//1271 6375//1000 5665//1000 
f 6375//2518 3958//1272 389//1 
f 1587//1 6726//1 6750//1 
f 6726//2757 1587//1427 1045//1427 
f 4453//1 6715//1 866//2 
f 6715//2753 4453//979 1600//979 
f 4467//1 6713//1 1046//2 
f 6713//2751 4467//1428 6711//1428 
f 4781//1 6441//1 3870//1 
f 3870//1222 6441//2531 6396//2531 
f 4473//2750 4470//1429 6710//1429 
f 4471//1 4470//1 4473//1 
f 2153//1 4469//1 6705//1 
f 6705//2748 4469//1427 6704//1427 
f 6697//2741 4528//1463 1205//1463 
f 1202//7 4528//13 6697//13 
f 5562//1 6835//1 6336//1 
f 6336//2495 6835//2721 6671//2721 
f 6699//2742 4527//1462 6698//1462 
f 4527//1 6699//1 4526//1 
f 256//2 4525//2 6703//2 
f 6703//2747 4525//1461 6701//2746 
f 4452//1 4454//1 6721//1 
f 6721//2751 4454//1428 6719//1428 
f 6708//2749 4457//1424 6707//1424 
f 4458//1 4457//1 6708//1 
f 6695//2740 4474//1431 1864//1431 
f 4462//1 4474//1 6695//1 
f 6365//2512 6771//2725 4834//2726 
f 5716//441 6771//2877 6365//441 
f 5713//1 6770//1 6362//1 
f 6362//2511 6770//2725 4841//2725 
f 666//1 4031//1 6718//1 
f 6718//2754 4031//1312 6717//1312 
f 6724//2755 4460//1425 6723//1425 
f 4460//2 6724//2 1863//2 
f 1849//1979 978//401 6464//2573 
f 978//1 1849//1 6416//1 
f 5480//2745 4623//2286 6700//2743 
f 4623//2 5480//2 4624//2 
f 4448//1 6729//1 4447//2 
f 6729//2758 4448//1420 6728//1420 
f 5009//1741 5629//1740 5008//1740 
f 267//1 5629//13 5009//13 
f 3959//1 6646//1 6691//1 
f 3959//1271 6691//1270 3957//1270 
f 3962//1275 6689//1274 3961//1274 
f 6643//1 6689//1 3962//1 
f 6739//1 6058//1 174//7 
f 6058//2279 6739//2278 6057//2278 
f 5677//7 5596//1 1467//7 
f 5596//2007 5677//2282 5595//2006 
f 5678//2050 5680//2282 6062//2282 
f 5680//2051 5678//1 3827//13 
f 5167//2 6291//1 5168//1 
f 5168//2001 6291//2455 5586//2878 
f 6741//423 3871//423 544//13 
f 3871//1222 6741//1221 3869//1221 
f 6732//1272 6374//2517 389//1 
f 6374//2519 6732//2759 6730//2759 
f 6733//2 6376//2 549//2 
f 6376//2519 6733//2759 6731//2759 
f 4781//1829 5969//1828 5158//1828 
f 5969//1 4781//1 4778//1 
f 5157//1827 5069//1775 5155//1775 
f 5069//1 5157//1 5693//1 
f 5808//2739 5805//2128 6748//2128 
f 5806//1 5805//1 5808//1 
f 1325//1 6363//1 531//1 
f 6363//2511 1325//284 6361//284 
f 6366//2512 1424//309 6364//309 
f 1424//1 6366//1 774//1 
f 6714//2752 5833//2145 6754//2145 
f 5833//1 6714//1 1600//1 
f 5826//1 6725//1 5829//2 
f 6725//2756 5826//2139 6750//2779 
f 6712//2751 4465//2143 6753//2143 
f 4465//1 6712//1 6711//1 
f 6702//2747 5809//2130 6749//2778 
f 4456//1 5809//1 6702//1 
f 5811//1 2380//1 5814//13 
f 2380//2742 5811//2132 4526//2777 
f 553//1 6709//1 554//1 
f 6709//2750 553//1995 6757//2781 
f 5818//1 6696//1 1205//1 
f 6696//2741 5818//2136 6752//2136 
f 256//2 5825//1 866//2 
f 866//2748 5825//2139 6755//2139 
f 256//2 5841//2 6706//2 
f 6706//2749 5841//2148 6759//2782 
f 107//2 5843//7 6716//7 
f 6716//2754 5843//2150 6760//2150 
f 5550//2 5817//2 5801//2 
f 5801//2740 5817//2134 6751//2134 
f 6722//2755 5844//2152 6758//2152 
f 1204//1 5844//1 6722//1 
f 6720//2751 5838//2147 6756//2147 
f 5837//1 5838//1 6720//1 
f 5559//2520 5665//1000 6375//1000 
f 3959//1 5665//1 5559//1 
f 5823//2744 4885//1644 1775//1643 
f 5822//1 4885//1 5823//1 
f 6396//2530 5159//106 544//13 
f 5159//1829 6396//2531 6441//2531 
f 1202//7 5852//13 6727//13 
f 6727//2758 5852//2155 4447//2155 
f 3962//1 5666//1 5558//1 
f 5558//2519 5666//2039 6377//2039 
f 5156//1827 6397//2532 6666//2712 
f 6397//1 5156//1 174//7 
f 5072//1 1830//1 174//7 
f 1830//410 5072//1776 5071//1776 
f 5067//1 5066//1 1721//1 
f 1721//1979 5066//1773 5553//1773 
f 6146//106 4809//85 389//1 
f 4809//669 6146//2351 678//2351 
f 6823//423 1855//423 544//13 
f 1855//425 6823//2228 5971//2228 
f 4807//1597 6142//2349 2597//2349 
f 174//7 6142//1 4807//779 
f 5536//1 4596//1 6672//1 
f 6672//2724 4596//1277 6686//1277 
f 6850//2611 1545//611 534//611 
f 1545//1 6850//1 4546//1 
f 2388//672 6517//2606 6859//2606 
f 5483//1 6517//1 2388//2 
f 6516//1 550//1 552//2 
f 550//611 6516//1865 6323//2611 
f 668//672 4556//2606 6860//2606 
f 4556//1 668//2 1509//1 
f 1509//1 6847//1 6217//1 
f 6847//2390 1509//561 764//561 
f 540//673 901//1865 1645//1865 
f 901//2 540//7 5232//2 
f 6674//2724 3967//1277 6687//1277 
f 5538//1 3967//1 6674//1 
f 6848//2606 766//672 1602//672 
f 764//2 766//2 6848//1 
f 1642//2 1644//1 6849//1 
f 6849//2613 1644//563 1646//563 
f 1270//2616 2302//481 2725//481 
f 5790//2 2302//7 1270//7 
f 6851//2610 2303//564 138//564 
f 2303//1 6851//1 6228//1 
f 283//1 1601//1 1603//1 
f 1601//2384 283//561 523//561 
f 53//2 139//1 141//1 
f 139//2609 53//34 52//34 
f 109//7 3620//7 259//7 
f 3620//2612 109//481 861//481 
f 6846//2609 2732//34 1439//34 
f 181//1 2732//1 6846//1 
f 2131//1 2130//13 2716//13 
f 2716//804 2130//564 521//564 
f 6854//2615 1723//563 2301//563 
f 540//7 1723//7 6854//2 
f 6856//2390 2120//561 279//561 
f 2120//85 6856//2879 6204//1 
f 6242//2390 2300//561 542//561 
f 2301//1 2300//1 6242//1 
f 525//1 524//2 5229//2 
f 5229//2615 524//563 282//563 
f 6852//2383 1773//652 554//652 
f 1773//1 6852//1 6194//56 
f 6853//2610 1722//564 904//564 
f 1722//1 6853//1 5231//1 
f 1438//2610 2122//564 3059//564 
f 1438//2 2123//1 2122//1 
f 137//7 520//7 138//2 
f 520//2587 137//432 2580//432 
f 6240//2388 2318//652 539//652 
f 2318//1 6240//1 2319//1 
f 1604//2614 140//34 2319//34 
f 140//1 1604//1 1606//1 
f 2737//2612 2124//481 2123//481 
f 205//13 2124//7 2737//7 
f 6743//2617 280//563 2121//562 
f 6742//1 280//1 6743//1 
f 6855//2614 840//640 2299//640 
f 840//171 6855//7 3335//2 
f 4048//1323 2298//639 409//639 
f 2298//1 4048//1 6233//1 
f 6055//1 1504//1 644//1 
f 1504//872 6055//2766 6738//2766 
f 5621//2015 3872//2767 6740//2767 
f 3872//1 5621//1 6319//1 
f 5716//2066 3996//1294 5715//1296 
f 3997//2404 3996//2880 5716//441 
f 5713//2066 3999//1296 5711//1296 
f 4000//1 3999//1 5713//1 
f 3827//13 6673//2881 6686//2736 
f 6673//2724 3827//2049 6266//2049 
f 6675//2724 1467//2048 6270//2049 
f 1467//7 6675//1 6687//1 
f 5733//2076 6789//2765 6737//2765 
f 6880//1 6789//1 5733//1 
f 6481//2584 6793//2647 6598//2647 
f 4444//1 6793//1 6481//1 
f 3370//1 4151//1 6337//1 
f 6337//2495 4151//1384 6335//1384 
f 4841//1 5712//1 4839//1 
f 5712//2066 4841//2725 6770//2725 
f 4834//1 5714//1 4835//1 
f 5714//2066 4834//2726 6771//2725 
f 3907//1 5866//1 1696//1 
f 5866//2164 3907//1241 5864//1241 
f 5865//2164 821//2788 1697//2788 
f 821//1 5865//1 5708//1 
f 4032//1313 6717//1312 4031//1312 
f 107//2 6717//7 4032//7 
f 4459//181 6707//1424 4457//1424 
f 256//2 6707//2 4459//2 
f 666//1313 6693//1422 4451//1422 
f 5808//1 6693//1 666//1 
f 4458//1176 6701//2746 4525//1461 
f 6702//1 6701//1 4458//1 
f 1600//1 4455//1 4527//1 
f 4455//1423 1600//979 4453//979 
f 4471//146 6700//2743 4623//2286 
f 5823//1 6700//1 4471//1 
f 4452//166 6698//1462 4527//1462 
f 6698//1 4452//1 2381//2 
f 4450//1421 6728//1420 4448//1420 
f 1202//7 6728//13 4450//13 
f 3906//1242 5603//2764 2048//2786 
f 5603//1 3906//1 1696//1 
f 4449//1421 1205//1463 4528//1463 
f 1205//1 4449//1 4448//1 
f 6711//1 4463//1 1587//1 
f 4463//336 6711//1428 4467//1428 
f 4466//336 6704//1427 4469//1427 
f 4453//1 6704//1 4466//1 
f 6722//1 6723//1 4462//1 
f 4462//1426 6723//1425 4460//1425 
f 6720//1 6719//1 2153//1 
f 2153//336 6719//1428 4454//1428 
f 4461//1426 1864//1431 4474//1431 
f 1864//2 4461//7 1863//2 
f 6710//1 4472//2 554//1 
f 4472//1430 6710//1429 4470//1429 
f 1045//1 4464//1 1046//2 
f 4464//336 1045//1427 1587//1427 
f 343//727 6573//2631 4842//1611 
f 6573//1 343//1 345//1 
f 5865//1 5864//1 3908//1 
f 3908//1242 5864//1241 3907//1241 
f 1530//478 6792//2783 3918//2783 
f 5983//1 6792//1 1530//1 
f 6864//2 5580//13 552//2 
f 552//2856 5580//1997 6866//1997 
f 671//2844 6735//2762 6843//2762 
f 6735//1 671//1 345//1 
f 1044//201 5717//200 1042//200 
f 5717//1 1044//1 3045//1 
f 1043//201 2048//2786 5603//2764 
f 2048//1 1043//1 1042//1 
f 6147//1 6801//1 679//1 
f 679//132 6801//2800 5434//1922 
f 2447//748 1147//1921 4509//1921 
f 1147//13 2447//1 2446//1 
f 1987//132 6800//1922 5433//1922 
f 6800//1 1987//1 6144//1 
f 1301//2 527//1 526//1 
f 527//103 1301//1800 2596//1800 
f 2057//52 2609//52 6299//52 
f 6298//2459 6299//2458 2609//784 
f 3997//1295 6210//2403 6746//2776 
f 3845//441 6210//2882 3997//2404 
f 4000//1295 6211//2405 6747//2776 
f 3842//1 6211//1 4000//1 
f 50//13 6298//1 2610//13 
f 2609//784 2610//783 6298//2459 
f 5706//2062 3948//1265 5704//1265 
f 5920//1 3948//1 5706//1 
f 5741//2081 6352//2080 5739//2080 
f 6352//1 5741//1 6353//1 
f 6354//1 6355//1 5737//1 
f 5737//2079 6355//2507 5736//2078 
f 6359//1 5745//1 6767//1 
f 5745//2083 6359//2082 5743//2082 
f 4947//2085 6357//2084 5746//2084 
f 6358//1 6357//1 4947//2 
f 5188//52 2608//117 2057//52 
f 5190//1852 2608//785 5188//1850 
f 1704//2793 1703//2883 5189//1851 
f 50//13 5189//1 1703//13 
f 6879//1331 3369//2188 6888//2188 
f 3367//1 3369//1 6879//1 
f 2946//1 6889//1 1979//1 
f 6889//2825 2946//909 2945//909 
f 2327//1 2326//1 1992//1 
f 1992//478 2326//477 1531//477 
f 6888//2188 4063//1331 6879//1331 
f 4063//1 5918//1 2328//1 
f 4444//1 5956//1 5734//1 
f 5734//2077 5956//2219 5732//2075 
f 6767//2785 873//480 1046//480 
f 5745//1 873//2 6767//1 
f 6768//2643 1272//484 864//484 
f 901//2 1272//2 6768//2 
f 6766//2633 865//483 1271//483 
f 865//1 6766//1 6353//1 
f 6580//1 6100//1 6099//1 
f 6100//2301 6580//2636 6802//2636 
f 5715//1 3998//1 6017//1 
f 3998//1295 5715//1296 3996//1294 
f 5711//1 4001//1 6016//1 
f 4001//1297 5711//1296 3999//1296 
f 5562//1985 5867//1984 5561//1984 
f 5867//1 5562//1 3344//7 
f 835//167 638//2884 305//2884 
f 1460//828 638//828 835//827 
f 4444//1 4446//1 4884//1 
f 4884//1640 4446//1418 4882//1418 
f 4667//1516 4668//2705 6761//2705 
f 4668//2 4667//1 4650//1 
f 4761//1 5991//1 6126//1 
f 6126//2328 5991//2240 6124//2240 
f 1279//1 4811//13 6507//13 
f 4811//669 1279//254 4810//254 
f 4808//1597 4154//1385 796//1385 
f 6505//13 4154//1 4808//13 
f 6584//2669 862//482 108//482 
f 6583//2 862//1 6584//2 
f 6780//2666 906//493 341//493 
f 904//2 906//13 6780//13 
f 6863//2668 1513//637 874//637 
f 662//13 1513//13 6863//7 
f 6003//1029 5110//1 6004//2 
f 6004//2803 5110//1795 5108//1795 
f 1149//221 6404//631 2292//631 
f 6404//2538 1149//2885 1148//84 
f 6406//1 2453//1 1302//7 
f 2453//221 6406//631 6448//631 
f 4130//1 6598//1 4883//1 
f 4883//1640 6598//2647 6793//2647 
f 3918//7 6125//1 6124//7 
f 6125//2328 3918//2783 6792//2783 
f 6493//1 2406//1 4842//1 
f 2406//727 6493//726 344//726 
f 6764//1 4745//1 6763//1 
f 4745//1566 6764//1565 4744//1565 
f 5079//1985 6671//2721 6835//2721 
f 5078//1 6671//1 5079//1 
f 2440//1 2442//1 3891//1 
f 3891//1235 2442//835 3890//835 
f 5216//2886 2943//2326 6120//2326 
f 2943//2 5216//1 5215//1 
f 1574//2 6260//1 1575//1 
f 1575//554 6260//2433 2972//2433 
f 2448//748 6502//747 2446//747 
f 6681//1 6502//1 2448//1 
f 1988//132 2400//473 1986//473 
f 2400//13 1988//1 5433//2 
f 1892//1 681//1 5434//2 
f 681//133 1892//131 680//131 
f 6654//1 6496//1 528//1 
f 528//103 6496//102 526//102 
f 4883//1 4882//1 3933//1 
f 3933//1419 4882//1418 4446//1418 
f 811//13 389//1 298//1 
f 389//1 811//13 1144//1 
f 4444//1 6737//1 4445//1 
f 4445//1419 6737//2765 6789//2765 
f 1156//1 4697//1 2104//1 
f 2104//1235 4697//2648 6290//2454 
f 1012//1 6101//1 4983//1 
f 6101//2301 1012//342 6099//342 
f 3952//2846 5876//2171 5960//2171 
f 5876//1 3952//1 1979//1 
f 6385//2 2043//2 1206//1 
f 2043//521 6385//2524 6884//2874 
f 6003//1794 6807//2806 6806//2806 
f 2357//13 6807//2887 6003//1029 
f 5107//13 6783//13 5108//13 
f 5108//1795 6783//2803 6004//2803 
f 2338//13 882//2 1615//2 
f 1145//2 2338//13 297//13 
f 6655//2698 1829//409 6499//409 
f 1829//1 6655//1 174//7 
f 6680//2730 1856//424 6500//424 
f 1856//423 6680//423 544//13 
f 6609//1 6662//1 4743//1 
f 4743//1566 6662//2707 6763//2707 
f 305//2884 836//167 835//167 
f 836//94 305//94 304//94 
f 1589//1 6874//1 5822//1 
f 6874//2855 1589//633 868//633 
f 5480//2 1774//2 6859//2 
f 6859//2606 1774//672 2388//672 
f 2388//2 2395//2888 6323//1 
f 6323//2611 2395//611 550//611 
f 542//2 541//1 6860//1 
f 6860//2606 541//672 668//672 
f 764//561 5101//2390 6847//2390 
f 5101//1 764//2 6848//1 
f 5104//1 6521//1 1602//2 
f 1602//672 6521//2606 6848//2606 
f 1646//563 6524//2613 6849//2613 
f 6221//1 6524//1 1646//2 
f 1645//1865 669//673 540//673 
f 669//1 1645//1 670//1 
f 534//611 4444//2611 6850//2611 
f 4444//1 534//2 6887//1 
f 5176//1 6520//1 1439//1 
f 1439//34 6520//2609 6846//2609 
f 2725//481 6526//2616 1270//2616 
f 6526//1 2725//1 2303//1 
f 52//34 4606//2609 139//2609 
f 1722//1 4606//1 52//1 
f 520//7 522//2 138//2 
f 138//564 522//2610 6851//2610 
f 523//561 410//2384 1601//2384 
f 410//2 523//7 525//1 
f 1773//1 4530//1 861//1 
f 861//481 4530//2612 3620//2612 
f 2301//563 6197//2386 6854//2615 
f 6198//1 6197//1 2301//1 
f 6679//1 6203//2 279//13 
f 279//561 6203//2390 6856//2390 
f 5484//2 542//2 6860//1 
f 542//561 5484//2390 6242//2390 
f 282//563 4844//2615 5229//2615 
f 1648//1 4844//1 282//1 
f 6527//2 2121//2 2120//85 
f 2121//562 6527//2617 6743//2617 
f 6868//2638 555//657 860//657 
f 555//1 6868//1 5637//1 
f 2309//1 2042//13 5821//13 
f 5821//1708 2042//520 2041//520 
f 1202//7 2040//7 1203//7 
f 1203//2563 2040//519 2309//519 
f 6867//2858 342//492 2353//683 
f 342//1 6867//1 874//1 
f 1588//1 6388//1 2374//1 
f 2374//690 6388//2526 867//2526 
f 6574//2632 2132//2798 2131//2798 
f 2132//2277 6574//1 345//1 
f 554//652 6192//2383 6852//2383 
f 4472//2 6192//1 554//1 
f 904//564 902//2610 6853//2610 
f 902//1 904//2 4932//1 
f 2580//432 4129//2587 520//2587 
f 4129//1 2580//1 1873//1 
f 4831//1 4833//1 539//1 
f 539//652 4833//2388 6240//2388 
f 205//13 6522//13 3059//13 
f 3059//564 6522//2610 1438//2610 
f 4563//1 6528//1 2319//1 
f 2319//34 6528//2614 1604//2614 
f 5450//1 6523//1 2123//1 
f 2123//481 6523//2612 2737//2612 
f 1598//689 6387//2525 5836//2525 
f 6387//1 1598//1 866//2 
f 1585//1 661//13 5599//1 
f 661//2569 1585//635 2294//635 
f 5830//2567 2293//634 1584//634 
f 2293//1 5830//1 2294//1 
f 6873//2566 869//632 2372//632 
f 869//2 6873//1 5814//13 
f 256//2 258//1 1048//1 
f 1048//2564 258//671 2343//671 
f 6875//2866 1843//671 3170//671 
f 1841//7 1843//1 6875//1 
f 6869//2641 905//641 660//641 
f 905//2 6869//1 5642//2 
f 6877//2570 667//632 4641//632 
f 107//2 667//7 6877//7 
f 1873//1 6886//1 4130//1 
f 6886//2583 1873//433 533//433 
f 6876//2867 665//634 1841//634 
f 665//1 6876//1 1204//1 
f 2299//640 6525//2614 6855//2614 
f 6525//1 2299//1 2298//1 
f 6870//2642 340//636 2348//636 
f 340//1 6870//1 341//1 
f 6872//2565 2342//670 257//670 
f 2342//1 6872//1 4456//1 
f 6878//2567 2149//582 2381//582 
f 2149//1 6878//1 5837//1 
f 5942//1 6567//1 5025//2 
f 5025//2850 6567//2626 6862//2626 
f 217//498 4067//2525 6885//2525 
f 4066//7 4067//7 217//2 
f 5581//1998 6656//2700 6678//2727 
f 868//2 6656//13 5581//13 
f 1283//1 1813//1 1150//1 
f 1150//221 1813//220 1148//220 
f 4645//1 4647//1 2454//1 
f 2454//221 4647//220 1302//220 
f 6799//18 2596//1800 1301//1800 
f 643//1 2596//1 6799//1 
f 3853//7 5433//2 6798//2 
f 6798//18 5433//1922 6800//1922 
f 6797//32 4509//1921 1147//1921 
f 4508//1 4509//1 6797//1 
f 6796//32 5434//1922 6801//2800 
f 3852//2 5434//2 6796//2 
f 2152//1999 6866//1997 5580//1997 
f 6865//13 6866//1 2152//1 
f 6806//2806 5109//1794 6003//1794 
f 6174//13 5109//13 6806//7 
f 410//2 6828//2853 6890//2 
f 6890//2889 6828//2830 6790//2829 
f 6575//2632 4842//1611 6573//2631 
f 4842//1 6575//1 2131//1 
f 5586//1 6292//1 6180//7 
f 6292//1149 5586//2878 6291//2455 
f 6681//2730 4507//1452 545//1452 
f 4507//1 6681//1 2448//1 
f 6147//2352 678//2351 6146//2351 
f 678//13 6147//1 679//1 
f 642//1 6654//1 528//1 
f 6654//2698 642//127 641//127 
f 6144//2350 2597//2349 6142//2349 
f 1987//1 2597//13 6144//1 
f 1046//480 6585//2639 6767//2785 
f 6753//1 6585//1 1046//2 
f 1271//483 6578//2633 6766//2633 
f 901//2 6578//7 1271//2 
f 6589//1 6590//1 864//1 
f 864//484 6590//2643 6768//2643 
f 870//1754 5814//2837 5026//1753 
f 869//2 5814//13 870//1 
f 6145//2350 6831//54 4508//54 
f 6831//2517 6145//106 389//1 
f 174//7 6833//1 6143//1 
f 6143//2350 6833//54 643//54 
f 5513//1 5556//1 345//1 
f 5556//1981 5513//1956 4843//1956 
f 1648//1 6844//1 6843//1 
f 6844//2890 1648//725 1642//725 
f 2152//1 6678//1 5027//1 
f 5027//1754 6678//2727 6656//2700 
f 108//482 6231//2669 6584//2669 
f 6229//2 6231//2412 108//7 
f 6870//1 6616//1 341//1 
f 341//493 6616//2666 6780//2666 
f 6867//1 6618//1 874//1 
f 874//637 6618//2668 6863//2668 
f 1422//13 2357//13 1420//13 
f 2357//2805 1422//514 2032//514 
f 5217//1 6120//1 1979//1 
f 6120//2326 5217//2886 5216//2886 
f 6818//1 6477//1 2943//2 
f 6477//2325 6818//2822 6817//2822 
f 5916//2 6026//2 5917//1 
f 5917//2189 6026//2780 6779//2780 
f 2006//495 6827//494 1466//494 
f 267//1 6827//7 2006//7 
f 5918//2189 6888//2188 3369//2188 
f 4063//1 6888//1 5918//1 
f 1465//495 6830//2763 6736//2763 
f 2620//1 6830//1 1465//1 
f 6829//2821 2944//908 3201//908 
f 2944//1 6829//1 6818//1 
f 6871//2710 1511//656 662//655 
f 1511//1 6871//1 6589//1 
f 6882//2709 1512//654 1510//654 
f 1512//13 6882//1 5740//1 
f 2350//106 2349//2891 4820//1 
f 4820//1900 2349//678 1475//678 
f 6883//2711 1476//679 2350//679 
f 1476//1 6883//1 872//1 
f 2143//2 6776//1 6826//1 
f 6776//2787 2143//2222 6775//2222 
f 6889//1 6774//1 1979//1 
f 6774//2787 6889//2825 6826//2825 
f 6121//1 6817//1 1979//1 
f 6817//2822 6121//2325 6477//2325 
f 1011//343 5994//2801 6820//2801 
f 5994//1 1011//1 5992//1 
f 267//1 1463//7 6822//7 
f 6822//2823 1463//681 6762//681 
f 1055//1 3413//1 6891//1 
f 6891//2731 3413//2589 6892//2589 
f 980//1 4791//1 4793//1 
f 6892//2589 980//2731 6891//2731 
f 5878//2172 5960//2171 5876//2171 
f 5960//2 5878//1 2143//2 
f 2616//1 2618//1 5984//1 
f 5984//2237 2618//2236 5983//2236 
f 6803//2802 5030//1757 1622//2892 
f 1622//52 5030//52 1623//52 
f 5877//2172 6775//2222 2143//2222 
f 6775//1 5877//1 1979//1 
f 6832//1 5868//1 3344//7 
f 5868//2165 6832//2811 6677//2811 
f 5555//1980 6843//2762 6735//2762 
f 6843//1 5555//1 4843//1 
f 6099//1 1540//1 6820//1 
f 1540//343 6099//342 1012//342 
f 1466//1 6821//1 6762//1 
f 6821//2823 1466//494 6827//494 
f 1202//7 218//1 6884//13 
f 6884//2874 218//522 2043//521 
f 504//3 104//3 367//3 
f 367//3 104//3 106//3 
f 42//6 41//6 90//6 
f 42//6 90//6 264//6 
f 6826//1 2945//1 2944//1 
f 2945//909 6826//2825 6889//2825 
f 5869//2165 5561//1984 5867//1984 
f 5561//1 5869//1 6677//2 
f 1529//2237 6779//2780 6026//2780 
f 5918//1 6779//1 1529//1 
f 4761//1576 6842//1575 2100//1575 
f 6842//1 4761//1 6126//1 
f 267//1 6734//7 1462//7 
f 1462//682 6734//2608 6519//2608 
f 6582//1 2353//1 906//13 
f 2353//683 6582//2637 6867//2858 
f 868//633 6864//2855 6874//2855 
f 6864//2 868//2 5580//13 
f 4642//1 6191//1 3344//7 
f 6191//2379 4642//1512 1054//1512 
f 623//119 304//1 303//1 
f 998//94 1020//137 200//112 
f 860//657 6583//2638 6868//2638 
f 6583//2 860//1 862//1 
f 6587//1 660//1 51//1 
f 660//641 6587//2641 6869//2641 
f 2309//519 6450//2563 1203//2563 
f 4475//1 6450//1 2309//1 
f 1202//7 6451//13 2041//13 
f 2041//520 6451//1708 5821//1708 
f 5836//2525 2373//689 1598//689 
f 2374//1 2373//1 5836//1 
f 867//2526 1599//690 2374//690 
f 866//2 1599//1 867//2 
f 304//94 623//137 1020//137 
f 1020//145 623//2893 2428//2869 
f 5579//1 6459//1 2294//1 
f 2294//635 6459//2569 661//2569 
f 1584//634 6456//2567 5830//2567 
f 6456//1 1584//1 6457//1 
f 2343//671 6452//2564 1048//2564 
f 6452//1 2343//1 2342//1 
f 6454//1 2372//1 1589//1 
f 2372//632 6454//2566 6873//2566 
f 3170//671 6458//2568 6875//2866 
f 4468//1 6458//1 3170//1 
f 4641//632 6460//2570 6877//2570 
f 4033//1 6460//1 4641//1 
f 533//433 1437//2583 6886//2583 
f 532//7 1437//1 533//13 
f 1841//634 256//2567 6876//2867 
f 256//2 1841//7 6875//1 
f 257//670 6453//2565 6872//2565 
f 256//2 6453//2 257//2 
f 2348//636 6588//2642 6870//2642 
f 5648//171 6588//1 2348//13 
f 2381//582 6455//2567 6878//2567 
f 4452//1 6455//1 2381//2 
f 3201//908 6816//2821 6829//2821 
f 6816//1 3201//1 1979//1 
f 6761//1 6762//1 2351//1 
f 2351//682 6762//681 1463//681 
f 6820//1 4760//1 2100//1 
f 4760//1576 6820//2801 5994//2801 
f 1053//1 6677//2 6190//1 
f 6190//2379 6677//2811 6832//2811 
f 1206//1 6885//1 5806//1 
f 6885//2525 1206//498 217//498 
f 3990//1513 6736//2763 6830//2763 
f 267//1 6736//7 3990//7 
f 6508//1 6841//1 1903//1 
f 1903//2456 6841//2471 6180//2471 
f 1054//1 4643//1 6830//1 
f 4643//1513 1054//1512 4642//1512 
f 6568//1 6838//1 5942//1 
f 5942//2208 6838//2206 5941//2206 
f 6795//2799 6373//2516 6119//2516 
f 1055//1 6373//1 6795//1 
f 6815//1 5512//1 345//1 
f 5512//1957 6815//2818 6819//2818 
f 1539//1 6794//1 6119//1 
f 6794//2799 1539//341 1538//341 
f 2380//1 6862//2 5940//13 
f 5940//2207 6862//2626 6567//2626 
f 2366//1 2368//2 4979//2 
f 4979//2836 2368//687 4062//687 
f 3411//1098 6858//1097 3409//1097 
f 1055//1 6858//1 3411//1 
f 3410//1098 6119//2516 6373//2516 
f 6119//1 3410//1 3409//1 
f 6180//7 6836//2894 4062//7 
f 6836//2835 6180//2471 6841//2471 
f 6568//2839 5026//1753 5814//2837 
f 5027//1 5026//1 6568//1 
f 1055//1 4621//1 6840//1 
f 6840//2841 4621//1503 3408//1503 
f 5586//2878 5587//2001 5168//2001 
f 4791//1 5587//1 5586//1 
f 264//6 261//3 42//6 
f 261//18 264//18 263//18 
f 505//29 504//29 224//22 
f 367//3 224//6 504//3 
f 2358//7 6857//1 6424//1 
f 6424//2551 6857//2550 6423//2550 
f 6484//1 6879//1 2367//1 
f 2367//688 6879//1331 4063//1331 
f 671//1 1642//2 6849//1 
f 1642//725 671//2890 6844//2890 
f 3409//1 6839//1 3408//1 
f 6839//2841 3409//1097 6858//1097 
f 4499//1 4501//1 6018//1 
f 6018//2551 4501//1447 6572//1447 
f 2358//2845 828//164 6845//164 
f 829//1 828//1 2358//7 
f 4843//1 5514//1 6819//1 
f 5514//1957 4843//1956 5513//1956 
f 6837//2838 5941//2206 6838//2206 
f 2380//1 5941//13 6837//13 
f 2032//514 6805//2805 2357//2805 
f 827//13 6805//7 2032//7 
f 4062//7 2369//1 4063//1 
f 2369//688 4062//687 2368//687 
f 6788//2845 6423//2550 6857//2550 
f 2603//1 6423//1 6788//1 
f 829//165 6804//2369 6173//2369 
f 6004//2 6804//1 829//1 
f 830//165 6845//164 828//164 
f 4510//7 6845//1 830//13 
f 863//1 1510//1 864//1 
f 1510//654 863//2709 6882//2709 
f 662//655 6664//2710 6871//2710 
f 5737//1 6664//1 662//13 
f 1475//678 871//1900 4820//1900 
f 871//2 1475//2 872//1 
f 4947//2 6665//1 2350//106 
f 2350//679 6665//2711 6883//2711 
f 1622//2892 676//2895 6803//2802 
f 676//2 2//1 6803//2 
f 2380//1 2151//1 6861//1029 
f 6861//2849 2151//584 2150//583 
f 3927//1252 5054//2896 5055//2897 
f 5054//2896 3927//1252 3879//1227 
f 5983//1 6791//1 6792//1 
f 6791//2843 5983//2236 2618//2236 
f 1055//1 6891//1 4620//1 
f 4620//1504 6891//2731 980//2731 
f 5612//7 6124//7 5993//7 
f 5993//2241 6124//2240 5991//2240 
f 4622//1504 3408//1503 4621//1503 
f 3408//1 4622//1 980//1 
f 980//1 6892//1 4791//1 
f 4791//2002 6892//2589 3413//2589 
f 3412//1 5168//1 5588//1 
f 5588//2003 5168//2001 5587//2001 
f 4668//2 2100//1 6661//1 
f 6661//2843 2100//1575 6842//1575 
f 6887//2784 536//352 1594//352 
f 534//2 536//2 6887//1 
f 4903//2898 4902//2899 3347//1060 
f 4904//1659 3347//1060 4902//2899 
f 5992//2241 1013//2690 2325//2690 
f 1011//1 1013//1 5992//1 
f 3879//1227 3882//2900 5054//2896 
f 3882//2900 3879//1227 3878//1226 
f 5025//2 2150//85 2149//1 
f 2150//583 5025//2850 6861//2849 
f 410//2 6208//2 411//2 
f 411//2901 6208//2400 846//2400 
f 6631//1 5735//1 5732//1 
f 5735//2902 6631//2681 6630//2681 
f 3878//1226 3881//2903 3882//2900 
f 3881//2903 3878//1226 5754//2090 
f 410//2 6890//2 6881//2 
f 6881//2872 6890//2889 6790//2829 
f 6437//2904 6438//2559 5053//1250 
f 6438//2559 6437//2904 413//87 
f 5053//1250 5055//2897 6437//2904 
f 5055//2897 5053//1250 3927//1252 
f 5754//2090 5752//2905 3881//2903 
f 5752//2905 5754//2090 5753//2089 
f 4902//2899 5850//2906 4904//1659 
f 3212//985 4904//1659 5850//2906 
f 6207//1 6765//1 1594//1 
f 1594//352 6765//2784 6887//2784 
f 5751//2907 5753//2089 1179//228 
f 5753//2089 5751//2907 5752//2905 
f 5850//2906 5849//2908 3212//985 
f 5846//984 3212//985 5849//2908 
f 546//1 171//2 549//2 
f 549//2 171//2 1299//7 
f 6389//2909 4903//2898 3346//1059 
f 3347//1060 3346//1059 4903//2898 
f 519//101 6389//2909 6177//2371 
f 3346//1059 6177//2371 6389//2909 
f 6//4 2449//6 4//3 
f 2451//39 4//3 2449//6 
f 5849//2908 6594//2910 5846//984 
f 5847//2154 5846//984 6594//2910 
f 4010//2911 1179//228 1178//227 
f 1179//228 4010//2911 5751//2907 
f 172//13 348//13 347//2 
f 347//2 232//2 172//13 
f 6594//2910 6893//2912 5847//2154 
f 1778//392 5847//2154 6893//2912 
f 1178//227 4009//2913 4010//2911 
f 4009//2913 1178//227 5861//2161 
f 6893//2912 6614//2914 1778//392 
f 1779//393 1778//392 6614//2914 
f 2056//894 133//782 1705//891 
f 2055//896 2056//894 1705//891 
f 6413//2545 1779//393 6613//2915 
f 6614//2914 6613//2915 1779//393 
f 3//1 16//13 78//2 
f 3//1 1491//2 16//13 
f 6894//2902 6881//2872 6880//2871 
f 410//2 6881//2 6630//2 
f 3953//1268 6764//1 3286//1028 
f 6764//1565 3953//1519 1275//1519 
f 2362//13 2361//1 2841//2 
f 2841//1041 2361//1041 486//1041 
f 6415//2916 4594//2917 4592//1494 
f 2070//538 4592//1494 4594//2917 
f 936//29 94//29 240//29 
f 94//54 936//54 92//54 
f 331//29 129//29 245//29 
f 239//22 129//22 331//22 
f 325//18 43//18 236//18 
f 244//18 43//18 325//18 
f 236//18 101//18 942//18 
f 103//138 942//138 101//138 
f 248//18 58//18 322//18 
f 322//18 58//18 244//18 
f 240//22 147//22 156//22 
f 156//29 147//29 239//29 
f 5860//2160 5858//2918 5859//2919 
f 5858//2918 5860//2160 4007//1300 
f 6207//1 6631//1 5957//1 
f 6631//2681 6207//2399 6629//2399 
f 230//51 229//51 130//51 
f 142//54 130//54 229//54 
f 6881//2 6894//1 6630//2 
f 6630//2681 6894//2902 5735//2902 
f 44//32 6895//32 6896//32 
f 6895//32 44//32 60//32 
f 6865//2856 1839//416 3621//416 
f 1839//13 6865//13 4641//1 
f 4594//2917 4593//2920 2070//538 
f 5929//2201 2070//538 4593//2920 
f 845//1 2077//13 846//1 
f 846//2400 2077//2901 411//2901 
f 600//2775 2058//2773 6745//2773 
f 6745//2847 2436//72 3976//1283 
f 6896//32 45//32 44//32 
f 235//32 154//32 45//32 
f 146//51 145//51 237//51 
f 145//54 157//54 241//54 
f 6613//2915 6415//2916 6413//2545 
f 4592//1494 6413//2545 6415//2916 
f 59//32 356//32 355//32 
f 356//32 59//32 122//32 
f 4007//1300 6639//2921 5858//2918 
f 6639//2921 4007//1300 4006//1299 
f 6208//2400 6629//2399 6207//2399 
f 410//2 6629//2 6208//2 
f 130//51 228//51 230//51 
f 228//54 146//54 238//54 
f 4593//2920 5933//2922 5929//2201 
f 5930//2202 5929//2201 5933//2922 
f 5859//2919 5861//2161 5860//2160 
f 5861//2161 5859//2919 4009//2913 
f 2436//742 674//892 2913//894 
f 2436//742 6745//2923 2058//2923 
f 1274//1 4744//1 1275//1 
f 1275//1519 4744//1565 6764//1565 
f 4006//1299 6653//2924 6639//2921 
f 6653//2924 4006//1299 5905//2183 
f 3427//1106 5930//2202 5932//2925 
f 5933//2922 5932//2925 5930//2202 
f 6235//7 552//2 3621//2 
f 3621//416 552//2856 6865//2856 
f 5905//2183 6897//2926 6653//2924 
f 6897//2926 5905//2183 5904//2182 
f 5932//2925 3426//2927 3427//1106 
f 3428//1107 3427//1106 3426//2927 
f 6897//62 201//61 6653//62 
f 6657//62 201//61 6897//62 
f 743//1041 3309//1042 1970//1042 
f 485//7 3309//2 743//7 
f 6657//2928 5904//2182 1310//279 
f 5904//2182 6657//2928 6897//2926 
f 3426//2927 3425//2929 3428//1107 
f 5946//2210 3428//1107 3425//2929 
f 1378//2187 4677//1322 6898//1321 
f 6898//1321 4677//1322 4676//1320 
f 291//52 2259//52 4929//52 
f 291//52 3310//52 2259//52 
f 6899//20 6900//1320 4676//1320 
f 4676//1320 6900//1320 6898//1321 
f 298//1 297//13 1615//2 
f 1615//2 297//13 2338//13 
f 5903//2930 1310//279 2408//730 
f 1310//279 5903//2930 6657//2928 
f 305//2 639//126 303//1 
f 303//61 639//62 1776//62 
f 3425//2929 5945//2931 5946//2210 
f 5947//2211 5946//2210 5945//2931 
f 4676//1320 4099//1349 6899//20 
f 4101//1351 6899//20 4099//1349 
f 6901//412 6902//411 1835//411 
f 4503//1451 1835//411 6902//411 
f 6903//323 6904//322 1479//322 
f 4481//1434 1479//322 6904//322 
f 6905//1558 6906//292 3158//292 
f 3159//293 3158//292 6906//292 
f 5902//2932 2408//730 5924//2196 
f 2408//730 5902//2932 5903//2930 
f 6902//411 6907//1451 4503//1451 
f 3388//1558 4503//1451 6907//1451 
f 1478//323 5446//1924 6908//1924 
f 6909//293 6908//1924 5446//1924 
f 2615//6 2614//6 380//5 
f 158//54 380//54 2614//51 
f 180//31 2613//3 2612//3 
f 2613//32 180//32 175//32 
f 3158//292 3388//1558 6905//1558 
f 6907//1451 6905//1558 3388//1558 
f 5945//2931 5944//2933 5947//2211 
f 2279//624 5947//2211 5944//2933 
f 6906//292 6909//293 3159//293 
f 5446//1924 3159//293 6909//293 
f 6910//772 2755//772 2754//2934 
f 5426//1460 2755//772 6910//772 
f 6911//1016 4518//1016 798//1946 
f 4601//1015 4518//1016 6911//1016 
f 1378//2187 6912//2187 6913//339 
f 6898//1321 6912//2187 1378//2187 
f 6914//2935 6915//107 2589//107 
f 797//108 2589//107 6915//107 
f 5924//2196 5927//2936 5902//2932 
f 5927//2936 5924//2196 5923//2195 
f 4701//1443 4700//2937 6916//2937 
f 6913//339 6916//2937 4700//2937 
f 6917//1146 6918//92 4765//92 
f 1166//1581 4765//92 6918//92 
f 2754//2934 6919//2934 6910//772 
f 6920//1443 6919//2934 2754//2934 
f 798//1946 797//108 6921//108 
f 6915//107 6921//108 797//108 
f 2280//625 2279//624 2283//2938 
f 5944//2933 2283//2938 2279//624 
f 2754//2934 4701//1443 6920//1443 
f 6916//2937 6920//1443 4701//1443 
f 3913//2935 5426//1460 6922//1460 
f 6910//772 6922//1460 5426//1460 
f 4700//2937 1379//339 6913//339 
f 6913//339 1379//339 1378//2187 
f 2589//107 3913//2935 6914//2935 
f 6922//1460 6914//2935 3913//2935 
f 756//2816 2657//2815 2656//2815 
f 6811//1 2657//1 756//1 
f 1397//2816 1321//570 2654//570 
f 1319//2 1321//1 1397//2 
f 798//1946 6923//1946 6911//1016 
f 6921//108 6923//1946 798//1946 
f 6924//89 6925//1918 5425//1918 
f 5425//1918 6925//1918 6926//1074 
f 5923//2195 5926//2939 5927//2936 
f 5926//2939 5923//2195 4052//1325 
f 6927//2362 6343//2362 4601//1015 
f 6343//2362 6927//2362 6928//648 
f 2283//2938 2282//2940 2280//625 
f 5088//1782 2280//625 2282//2940 
f 6929//1186 4702//1186 3366//1185 
f 5414//2010 4702//1186 6929//1186 
f 6929//1186 6930//2010 5414//2010 
f 1380//431 5414//2010 6930//2010 
f 6931//880 4678//2941 1872//879 
f 5219//1657 4678//2941 6931//880 
f 1872//879 1380//431 6932//431 
f 6930//2010 6932//431 1380//431 
f 1405//3 1404//3 1402//5 
f 5118//3 1405//3 1402//5 
f 998//94 199//112 195//94 
f 195//60 199//59 193//59 
f 6933//772 6934//2934 2595//2934 
f 3806//1443 2595//2934 6934//2934 
f 6935//107 6936//2935 585//2935 
f 4523//1460 585//2935 6936//2935 
f 2313//646 1233//648 6928//648 
f 6928//648 1233//648 6343//2362 
f 5425//1918 5424//2942 6924//89 
f 6937//88 6924//89 5424//2942 
f 5428//2943 3390//1086 6938//1086 
f 6939//1087 6938//1086 3390//1086 
f 160//5 631//31 212//5 
f 208//54 631//54 160//54 
f 276//31 625//5 179//31 
f 179//32 625//32 271//32 
f 3859//1433 3858//30 6940//30 
f 5658//36 6940//30 3858//30 
f 6941//1443 6942//1442 4490//2937 
f 1534//339 4490//2937 6942//1442 
f 6926//1074 2756//1074 5425//1918 
f 3366//1185 2756//1074 6926//1074 
f 3366//1185 6943//1185 6929//1186 
f 6926//1074 6943//1185 3366//1185 
f 6944//1511 6945//1509 4637//2504 
f 374//16 4637//2504 6945//1509 
f 4052//1325 4050//2944 5926//2939 
f 4050//2944 4052//1325 4051//1324 
f 315//1 317//40 400//40 
f 5684//1878 400//40 317//40 
f 6940//30 6946//1433 3859//1433 
f 5411//1434 3859//1433 6946//1433 
f 4100//1511 5219//1657 6947//1657 
f 6931//880 6947//1657 5219//1657 
f 6932//431 6948//879 1872//879 
f 1872//879 6948//879 6931//880 
f 5438//1924 3087//323 6949//323 
f 6950//322 6949//323 3087//323 
f 375//2 275//2 274//2 
f 6951//17 275//17 375//18 
f 1777//62 197//62 196//61 
f 6952//40 1490//1 197//1 
f 3157//1184 5404//1903 6953//1903 
f 6954//581 6953//1903 5404//1903 
f 1959//322 5411//1434 6955//1434 
f 6946//1433 6955//1434 5411//1434 
f 516//92 5495//1581 6956//1581 
f 6957//412 6956//1581 5495//1581 
f 6958//411 6957//412 3179//412 
f 5495//1581 3179//412 6957//412 
f 2282//2940 5087//2945 5088//1782 
f 5089//1783 5088//1782 5087//2945 
f 5404//1903 2142//581 6954//581 
f 6959//466 6954//581 2142//581 
f 4490//2937 3806//1443 6941//1443 
f 6934//2934 6941//1443 3806//1443 
f 572//29 209//29 6960//29 
f 210//1 209//1 572//1 
f 6961//108 6935//107 567//107 
f 585//2935 567//107 6935//107 
f 6936//2935 6962//1460 4523//1460 
f 2594//772 4523//1460 6962//1460 
f 1705//117 2057//52 1706//117 
f 1706//117 2057//52 2935//52 
f 799//2946 4517//1541 6963//1541 
f 6964//1456 6963//1541 4517//1541 
f 6965//92 6966//91 517//1146 
f 4954//1147 517//1146 6966//91 
f 6967//465 6959//466 1477//466 
f 2142//581 1477//466 6959//466 
f 4601//1015 6968//1015 6927//2362 
f 6911//1016 6968//1015 4601//1015 
f 6947//1657 6944//1511 4100//1511 
f 4637//2504 4100//1511 6944//1511 
f 6942//1442 6969//295 1534//339 
f 1535//2187 1534//339 6969//295 
f 3328//386 4681//1391 6970//1391 
f 6971//1533 6970//1391 4681//1391 
f 2385//2312 6808//2312 77//2333 
f 75//42 77//44 6808//2807 
f 3357//387 3328//386 6972//386 
f 6970//1391 6972//386 3328//386 
f 3237//13 971//1 972//1 
f 4690//13 3237//13 972//1 
f 6963//1541 6973//2019 799//2946 
f 799//2946 6973//2019 6974//769 
f 3390//1086 3389//1087 6939//1087 
f 6975//1184 6939//1087 3389//1087 
f 6974//769 2587//769 799//2946 
f 2588//88 2587//769 6974//769 
f 6976//387 6977//386 1731//386 
f 4163//1391 1731//386 6977//386 
f 6978//2362 6979//1015 3267//1015 
f 3268//1016 3267//1015 6979//1015 
f 566//108 5492//1946 6980//1946 
f 6981//1016 6980//1946 5492//1946 
f 2866//1322 1535//2187 6982//296 
f 6969//295 6982//296 1535//2187 
f 3389//1087 3157//1184 6975//1184 
f 6953//1903 6975//1184 3157//1184 
f 2913//52 1623//52 3180//117 
f 1621//52 1623//52 2913//52 
f 4680//1533 2313//646 6983//646 
f 6928//648 6983//646 2313//646 
f 6984//1533 6985//646 2622//646 
f 2621//648 2622//646 6985//646 
f 4051//1324 4049//2947 4050//2944 
f 4049//2947 4051//1324 5885//2176 
f 237//6 41//6 40//31 
f 277//6 241//6 93//6 
f 6986//225 6987//1543 4956//1543 
f 3628//1544 4956//1543 6987//1543 
f 1833//732 5428//2943 6988//1919 
f 6938//1086 6988//1919 5428//2943 
f 518//1705 4954//1147 6989//1147 
f 6966//91 6989//1147 4954//1147 
f 5227//465 4480//2948 6990//1872 
f 6991//1050 6990//1872 4480//2948 
f 6992//1391 6984//1533 4162//1533 
f 2622//646 4162//1533 6984//1533 
f 6993//38 6976//387 1732//387 
f 1731//386 1732//387 6976//387 
f 6983//646 6971//1533 4680//1533 
f 4681//1391 4680//1533 6971//1533 
f 6994//832 6995//833 2926//833 
f 3345//1878 2926//833 6995//833 
f 6980//1946 6961//108 566//108 
f 567//107 566//108 6961//108 
f 2926//833 2925//832 6994//832 
f 6996//1413 6994//832 2925//832 
f 414//2362 2621//648 6997//648 
f 6985//646 6997//648 2621//648 
f 5098//6 5097//6 1295//6 
f 1411//6 5098//6 1295//6 
f 1490//1 1489//37 198//37 
f 1181//38 198//37 1489//37 
f 2612//3 383//5 180//31 
f 383//54 2612//54 690//54 
f 380//5 379//31 2615//6 
f 689//138 2615//138 379//138 
f 6998//1051 6991//1050 3325//1050 
f 4480//2948 3325//1050 6991//1050 
f 6999//244 7000//245 703//245 
f 5240//1883 703//245 7000//245 
f 1232//242 1231//243 7001//243 
f 7002//1870 7001//243 1231//243 
f 235//3 215//3 214//3 
f 106//3 6896//3 6895//3 
f 5087//2945 5086//2949 5089//1783 
f 6066//2285 5089//1783 5086//2949 
f 4162//1533 4163//1391 6992//1391 
f 6977//386 6992//1391 4163//1391 
f 5424//2942 2588//88 6937//88 
f 6974//769 6937//88 2588//88 
f 2082//142 518//1705 7003//1705 
f 6989//1147 7003//1705 518//1705 
f 1382//296 7004//1321 5922//1321 
f 7005//1320 5922//1321 7004//1321 
f 1480//322 4478//1434 7006//1434 
f 7007//1433 7006//1434 4478//1434 
f 214//3 102//3 235//3 
f 572//61 102//80 214//80 
f 2083//143 2082//142 7008//142 
f 7003//1705 7008//142 2082//142 
f 6972//386 7009//387 3357//387 
f 5728//38 3357//387 7009//387 
f 6988//1919 7010//732 1833//732 
f 1167//226 1833//732 7010//732 
f 4956//1543 1168//2950 6986//225 
f 7011//226 6986//225 1168//2950 
f 6964//1456 4516//1456 6682//2732 
f 4517//1541 4516//1456 6964//1456 
f 4434//1415 2083//143 7012//143 
f 7008//142 7012//143 2083//143 
f 2766//1156 4121//1155 7013//1155 
f 7014//1882 7013//1155 4121//1155 
f 7015//20 7005//1320 7016//1532 
f 7004//1321 7016//1532 7005//1320 
f 1168//2950 1167//226 7011//226 
f 7010//732 7011//226 1167//226 
f 7017//1052 3327//1052 3326//1053 
f 4682//1871 3327//1052 7017//1052 
f 6895//3 709//3 106//3 
f 357//3 364//5 355//3 
f 3628//1544 7018//1544 7019//2733 
f 6987//1543 7018//1544 3628//1544 
f 6997//648 6978//2362 414//2362 
f 3267//1015 414//2362 6978//2362 
f 1906//17 7020//17 7021//17 
f 7020//2 1906//2 570//2 
f 4663//1882 5240//1883 7022//1883 
f 7000//245 7022//1883 5240//1883 
f 3323//30 4482//1433 7007//1433 
f 7006//1434 7007//1433 4482//1433 
f 626//122 5517//122 268//61 
f 268//6 5517//6 1295//6 
f 1835//411 1834//412 6901//412 
f 7023//1581 6901//412 1834//412 
f 7024//1871 7002//1870 5223//1870 
f 1231//243 5223//1870 7002//1870 
f 6979//1015 6981//1016 3268//1016 
f 5492//1946 3268//1016 6981//1016 
f 4121//1155 4663//1882 7014//1882 
f 7022//1883 7014//1882 4663//1882 
f 7019//2733 6999//244 2936//244 
f 703//245 2936//244 6999//244 
f 7025//242 7026//2732 6682//2732 
f 6682//2732 7026//2732 6964//1456 
f 7012//143 7027//1415 4434//1415 
f 4435//1413 4434//1415 7027//1415 
f 1479//322 1478//323 6903//323 
f 6908//1924 6903//323 1478//323 
f 5683//41 2766//1156 7028//1156 
f 7013//1155 7028//1156 2766//1156 
f 7029//17 570//18 374//16 
f 570//2 7029//2 7020//2 
f 7007//1433 4023//30 3323//30 
f 4024//27 3323//30 4023//30 
f 1296//7 5119//7 1414//1 
f 3240//2 1296//7 1414//1 
f 4765//92 3630//1146 6917//1146 
f 7030//1147 6917//1146 3630//1146 
f 1489//37 6993//38 1181//38 
f 1732//387 1181//38 6993//38 
f 2936//244 6684//2733 7019//2733 
f 7019//2733 6684//2733 3628//1544 
f 314//24 1185//29 7031//29 
f 7031//1 1185//1 1905//1 
f 5086//2949 6068//2951 6066//2285 
f 1459//318 6066//2285 6068//2951 
f 6918//92 7023//1581 1166//1581 
f 1834//412 1166//1581 7023//1581 
f 1477//466 5227//465 6967//465 
f 6990//1872 6967//465 5227//465 
f 7017//1052 7024//1871 4682//1871 
f 5223//1870 4682//1871 7024//1871 
f 7032//143 7033//142 705//142 
f 705//142 7033//142 7034//1705 
f 7035//29 1905//29 1904//29 
f 1905//1 7035//1 7031//1 
f 3324//1051 6162//1633 7036//1633 
f 7036//1633 6162//1633 314//24 
f 2275//620 6444//2477 6315//2477 
f 659//13 6444//13 2275//2 
f 5885//2176 5888//2952 4049//2947 
f 5888//2952 5885//2176 2426//738 
f 5735//1 6880//1 5733//1 
f 6880//2871 5735//2902 6894//2902 
f 7037//2365 7038//1053 3326//1053 
f 3326//1053 7038//1053 7017//1052 
f 6962//1460 6933//772 2594//772 
f 2595//2934 2594//772 6933//772 
f 2925//832 4435//1413 6996//1413 
f 7027//1415 6996//1413 4435//1413 
f 375//18 1189//18 6951//17 
f 6951//6 1189//6 1907//6 
f 401//4 5683//41 6809//41 
f 7028//1156 6809//41 5683//41 
f 68//39 7037//2365 5729//2365 
f 3326//1053 5729//2365 7037//2365 
f 1907//6 7021//3 6951//6 
f 7021//17 1907//17 1906//17 
f 5728//38 7039//38 81//45 
f 7009//387 7039//38 5728//38 
f 93//6 270//6 277//6 
f 270//69 93//62 375//62 
f 7040//833 7041//832 2768//832 
f 4664//1413 2768//832 7041//832 
f 2768//832 2767//833 7040//833 
f 7042//1878 7040//833 2767//833 
f 701//2 6445//1 2270//1 
f 2270//620 6445//2477 6316//2477 
f 6922//1460 6910//772 2751//771 
f 2752//770 2751//771 6910//772 
f 6491//3 336//3 1402//5 
f 336//62 6491//124 637//124 
f 1392//2 1386//2 2276//1 
f 2276//620 1386//18 2274//32 
f 1387//2 2271//1 1388//2 
f 2271//620 1387//32 2269//32 
f 1777//40 3345//1878 7043//1878 
f 6995//833 7043//1878 3345//1878 
f 7041//832 7044//1413 4664//1413 
f 4665//1415 4664//1413 7044//1413 
f 3087//323 1959//322 6950//322 
f 6955//1434 6950//322 1959//322 
f 3629//1147 6346//1705 7034//1705 
f 7034//1705 6346//1705 705//142 
f 7045//1415 7032//143 704//143 
f 705//142 704//143 7032//143 
f 6682//2732 1232//242 7025//242 
f 7001//243 7025//242 1232//242 
f 704//143 4665//1415 7045//1415 
f 7044//1413 7045//1415 4665//1415 
f 509//1 6313//1 2321//1 
f 2321//620 6313//653 1191//653 
f 2250//1 1190//1 2407//1 
f 1190//620 2250//32 2249//32 
f 3630//1146 3629//1147 7030//1147 
f 7034//1705 7030//1147 3629//1147 
f 317//40 7042//1878 5684//1878 
f 2767//833 5684//1878 7042//1878 
f 7046//107 7047//2935 7048//1244 
f 7049//1947 7048//1244 7047//2935 
f 303//61 196//61 201//61 
f 1776//62 196//61 303//61 
f 2592//772 7050//2934 2590//770 
f 7051//1444 2590//770 7050//2934 
f 6945//1509 7052//16 374//16 
f 374//16 7052//16 7029//17 
f 6960//29 573//29 572//29 
f 573//3 6960//3 7053//3 
f 5887//2556 2426//738 624//120 
f 2426//738 5887//2556 5888//2952 
f 3325//1050 3324//1051 6998//1051 
f 7036//1633 6998//1051 3324//1051 
f 7054//1443 7055//2937 7056//1442 
f 7057//295 7056//1442 7055//2937 
f 7058//108 7046//107 7059//1243 
f 7048//1244 7059//1243 7046//107 
f 39//1 1195//1 1617//1 
f 1196//32 1195//32 39//32 
f 7053//3 1904//3 573//3 
f 1904//29 7053//29 7035//29 
f 1616//2 742//2 47//2 
f 47//51 742//51 688//51 
f 230//6 57//6 56//31 
f 40//31 238//31 237//6 
f 7043//1878 6952//40 1777//40 
f 197//1 1777//40 6952//40 
f 7055//2937 7060//339 7057//295 
f 7061//296 7057//295 7060//339 
f 1459//318 6067//2953 639//126 
f 6068//2951 6067//2953 1459//318 
f 7056//1442 7051//1444 7054//1443 
f 7050//2934 7054//1443 7051//1444 
f 7016//1532 1063//21 7015//20 
f 33//19 7015//20 1063//21 
f 1372//293 5438//1924 7062//1924 
f 6949//323 7062//1924 5438//1924 
f 7063//1321 6834//1532 4047//1320 
f 4724//2833 4047//1320 6834//1532 
f 6982//296 7063//1321 2866//1322 
f 4047//1320 2866//1322 7063//1321 
f 314//24 7064//24 7036//1633 
f 7031//29 7064//24 314//24 
f 3693//3 406//31 4167//3 
f 1219//3 406//31 3693//3 
f 3695//3 4168//3 370//31 
f 1222//3 3695//3 370//31 
f 6966//91 6965//92 475//92 
f 7065//1581 475//92 6965//92 
f 1373//292 1372//293 7066//293 
f 7062//1924 7066//293 1372//293 
f 4727//1558 1373//292 7067//292 
f 7066//293 7067//292 1373//292 
f 6912//2187 6898//1321 7004//1321 
f 7016//1532 7004//1321 6898//1321 
f 7068//1946 7058//108 7069//109 
f 7059//1243 7069//109 7058//108 
f 4045//1321 7061//296 5914//2187 
f 7060//339 5914//2187 7061//296 
f 7069//109 5909//156 7068//1946 
f 3270//1016 7068//1946 5909//156 
f 6898//1321 6900//1320 7016//1532 
f 1063//21 7016//1532 6900//1320 
f 2591//771 7049//1947 5965//1460 
f 7047//2935 5965//1460 7049//1947 
f 87//31 221//6 88//6 
f 88//6 221//6 144//6 
f 413//87 307//78 6438//2559 
f 308//54 307//78 413//87 
f 7067//292 7070//1558 4727//1558 
f 4728//1451 4727//1558 7070//1558 
f 120//3 287//3 100//3 
f 98//5 100//3 287//3 
f 47//2 7071//1 1616//2 
f 1616//29 7071//22 286//29 
f 219//18 7072//18 1617//18 
f 1617//1 7072//1 39//1 
f 5491//1946 4602//1016 5913//1016 
f 4604//1015 5913//1016 4602//1016 
f 210//54 2424//54 105//51 
f 105//3 2424//3 215//3 
f 6919//2934 6920//1443 4493//1444 
f 4699//1442 4493//1444 6920//1443 
f 91//32 2425//138 274//138 
f 277//6 2425//6 91//6 
f 7073//968 7074//1450 7075//1451 
f 7076//1558 7075//1451 7074//1450 
f 6275//2365 4030//1053 3331//1053 
f 4028//1052 3331//1053 4030//1053 
f 6916//2937 6913//339 1381//295 
f 1382//296 1381//295 6913//339 
f 4030//1053 4029//1052 4028//1052 
f 5222//1871 4028//1052 4029//1052 
f 7052//16 6945//1509 4638//1509 
f 4639//1510 4638//1509 6945//1509 
f 2415//411 4728//1451 7077//1451 
f 7070//1558 7077//1451 4728//1451 
f 3331//1053 6165//2365 6275//2365 
f 2071//539 6275//2365 6165//2365 
f 5593//1871 5592//1870 5591//1870 
f 1236//243 5591//1870 5592//1870 
f 5591//1870 5222//1871 5593//1871 
f 4029//1052 5593//1871 5222//1871 
f 3179//412 2415//411 6958//411 
f 7077//1451 6958//411 2415//411 
f 4696//1541 4515//1456 4695//1456 
f 6786//2732 4695//1456 4515//1456 
f 7078//1533 7079//646 7080//2954 
f 7081//647 7080//2954 7079//646 
f 6308//41 1457//317 6//4 
f 2449//6 6//4 1457//317 
f 7082//31 2071//539 2450//39 
f 6165//2365 2450//39 2071//539 
f 3646//1155 3645//1156 3648//1156 
f 74//41 3648//1156 3645//1156 
f 5592//1870 2916//243 1236//243 
f 2072//242 1236//243 2916//243 
f 1838//413 7073//968 1836//411 
f 7075//1451 1836//411 7073//968 
f 3271//1017 7083//2955 3269//1015 
f 6159//2362 3269//1015 7083//2955 
f 304//94 998//94 836//94 
f 1020//137 998//94 304//94 
f 6947//1657 6931//880 2865//881 
f 1869//429 2865//881 6931//880 
f 5583//1882 5239//1883 5585//1883 
f 2918//245 5585//1883 5239//1883 
f 6//4 74//41 6308//41 
f 3645//1156 6308//41 74//41 
f 7064//24 7031//29 35//29 
f 1182//2 35//2 7031//1 
f 6914//2935 6922//1460 5494//1947 
f 2751//771 5494//1947 6922//1460 
f 7084//292 7076//1558 7085//1449 
f 7074//1450 7085//1449 7076//1558 
f 3647//1155 5583//1882 5584//1882 
f 5585//1883 5584//1882 5583//1882 
f 5584//1882 3646//1155 3647//1155 
f 3648//1156 3647//1155 3646//1155 
f 2919//244 2918//245 1238//245 
f 5239//1883 1238//245 2918//245 
f 6921//108 6915//107 3914//1243 
f 3915//1244 3914//1243 6915//107 
f 4694//1541 5627//2019 5628//2019 
f 2586//769 5628//2019 5627//2019 
f 21//2 1187//1 7020//2 
f 7020//17 1187//18 1186//32 
f 6785//2733 4704//1544 4706//1544 
f 4707//1543 4706//1544 4704//1544 
f 4695//1456 4694//1541 4696//1541 
f 5628//2019 4696//1541 4694//1541 
f 3811//1187 5413//1907 6930//2010 
f 6932//431 6930//2010 5413//1907 
f 7086//142 7087//1705 7088//2956 
f 7089//2957 7088//2956 7087//1705 
f 7090//1391 7078//1533 7091//1390 
f 7080//2954 7091//1390 7078//1533 
f 7092//2501 7081//647 7093//648 
f 7079//646 7093//648 7081//647 
f 2753//770 5493//771 2751//771 
f 5494//1947 2751//771 5493//771 
f 224//22 503//22 505//29 
f 46//13 505//1 503//13 
f 6177//2371 301//76 519//101 
f 519//101 301//76 300//17 
f 261//18 86//18 222//18 
f 86//7 39//1 222//13 
f 415//88 2586//769 5626//769 
f 5627//2019 5626//769 2586//769 
f 4729//1086 2414//1919 5431//1919 
f 2413//732 5431//1919 2414//1919 
f 4703//1543 6261//225 6262//225 
f 2920//226 6262//225 6261//225 
f 6262//225 4707//1543 4703//1543 
f 4704//1544 4703//1543 4707//1543 
f 7091//1390 7094//1392 7090//1391 
f 7095//386 7090//1391 7094//1392 
f 1527//31 488//5 1528//31 
f 3448//3 488//5 1527//31 
f 4214//31 397//31 3549//3 
f 4371//5 397//31 4214//31 
f 7020//2 7029//2 21//2 
f 21//18 7029//17 7052//16 
f 4364//5 2677//5 394//5 
f 4277//3 4364//5 394//5 
f 12//9 15//12 170//2 
f 15//12 12//9 13//10 
f 1145//138 310//17 773//138 
f 773//6 310//3 296//6 
f 564//109 800//156 6923//1946 
f 6911//1016 6923//1946 800//156 
f 4515//1456 6787//2732 6786//2732 
f 2915//242 6786//2732 6787//2732 
f 6787//2732 2072//242 2915//242 
f 2916//243 2915//242 2072//242 
f 3364//1073 3363//1072 6943//1185 
f 6929//1186 6943//1185 3363//1072 
f 5218//1869 4639//1510 6944//1511 
f 6945//1509 6944//1511 4639//1510 
f 1523//31 1522//5 482//31 
f 3447//3 1523//31 482//31 
f 6950//322 6955//1434 7096//1434 
f 7097//1433 7096//1434 6955//1434 
f 6931//880 6948//879 1869//429 
f 1870//430 1869//429 6948//879 
f 1182//54 7035//29 7053//29 
f 7031//1 7035//1 1182//2 
f 7098//387 7095//386 7099//1064 
f 7094//1392 7099//1064 7095//386 
f 6261//225 1171//226 2920//226 
f 2921//732 2920//226 1171//226 
f 1196//6 569//6 1428//6 
f 39//32 569//32 1196//32 
f 7081//647 7092//2501 6978//2362 
f 6979//1015 6978//2362 7092//2501 
f 274//2 272//1 375//2 
f 375//62 272//61 268//61 
f 1238//245 1237//244 2919//244 
f 6784//2733 2919//244 1237//244 
f 4706//1544 6784//2733 6785//2733 
f 1237//244 6785//2733 6784//2733 
f 165//212 62//36 5658//36 
f 6940//30 5658//36 62//36 
f 1201//773 255//2683 14//709 
f 15//12 14//11 255//68 
f 184//1 2733//816 185//2 
f 185//2808 2733//814 4906//1662 
f 63//36 7100//25 61//30 
f 7097//1433 61//30 7100//25 
f 6946//1433 6940//30 61//30 
f 62//36 61//30 6940//30 
f 275//17 6951//17 568//18 
f 1186//3 568//6 6951//6 
f 2917//88 586//89 416//89 
f 5619//1918 416//89 586//89 
f 34//19 1063//21 6899//20 
f 6900//1320 6899//20 1063//21 
f 6435//37 7101//38 7102//2958 
f 7103//2959 7102//2958 7101//38 
f 5626//769 2917//88 415//88 
f 416//89 415//88 2917//88 
f 1457//317 7082//31 2449//6 
f 2450//39 2449//6 7082//31 
f 61//30 7097//1433 6946//1433 
f 6955//1434 6946//1433 7097//1433 
f 6926//1074 6925//1918 5427//1918 
f 417//90 5427//1918 6925//1918 
f 7101//38 7098//387 7103//2959 
f 7099//1064 7103//2959 7098//387 
f 882//62 9//69 1620//62 
f 8//6 1620//6 9//6 
f 1771//51 1427//51 1184//51 
f 1427//1 1771//1 478//1 
f 7104//1878 7105//833 7106//2960 
f 7107//900 7106//2960 7105//833 
f 7049//1947 2591//771 6933//772 
f 6934//2934 6933//772 2591//771 
f 2914//7 2055//896 1706//2 
f 2914//52 291//52 2055//52 
f 6435//37 7108//45 10//7 
f 7102//2958 7108//45 6435//37 
f 6920//1443 6916//2937 4699//1442 
f 1381//295 4699//1442 6916//2937 
f 7004//1321 1382//296 6912//2187 
f 6913//339 6912//2187 1382//296 
f 6930//2010 6929//1186 3811//1187 
f 3363//1072 3811//1187 6929//1186 
f 2865//881 5218//1869 6947//1657 
f 6944//1511 6947//1657 5218//1869 
f 5908//2185 4766//93 5907//92 
f 4768//1581 5907//92 4766//93 
f 7069//109 7059//1243 6935//107 
f 6936//2935 6935//107 7059//1243 
f 6933//772 6962//1460 7049//1947 
f 7048//1244 7049//1947 6962//1460 
f 2038//2012 2037//2012 794//2012 
f 794//13 2037//441 2036//13 
f 170//2 1619//2 171//2 
f 811//13 882//2 170//2 
f 6895//3 355//3 364//5 
f 60//32 355//32 6895//32 
f 6978//2362 6997//648 7081//647 
f 7080//2954 7081//647 6997//648 
f 7060//339 7055//2937 4491//1442 
f 4492//1443 4491//1442 7055//2937 
f 1184//51 1772//51 1771//51 
f 1772//3 1184//3 741//3 
f 1428//6 1769//6 1196//6 
f 1769//32 1428//138 1188//138 
f 6350//2504 584//16 19//16 
f 19//16 584//16 583//17 
f 5494//1947 3915//1244 6914//2935 
f 6915//107 6914//2935 3915//1244 
f 3365//1074 5619//1918 5620//1918 
f 586//89 5620//1918 5619//1918 
f 5413//1907 1870//430 6932//431 
f 6948//879 6932//431 1870//430 
f 7085//1449 7109//957 7084//292 
f 7110//293 7084//292 7109//957 
f 7065//1581 3176//412 7111//413 
f 3178//968 7111//413 3176//412 
f 5437//1924 3088//323 5435//324 
f 3090//946 5435//324 3088//323 
f 1481//323 7112//1924 5939//1923 
f 7113//294 5939//1923 7112//1924 
f 2414//1919 2921//732 2413//732 
f 1171//226 2413//732 2921//732 
f 6941//1443 6934//2934 2590//770 
f 2591//771 2590//770 6934//2934 
f 2590//770 7051//1444 6941//1443 
f 6942//1442 6941//1443 7051//1444 
f 4044//1320 23//20 4720//1554 
f 4721//1555 4720//1554 23//20 
f 7114//2185 7089//2957 7115//1147 
f 7087//1705 7115//1147 7089//2957 
f 6949//323 6950//322 3089//322 
f 7096//1434 3089//322 6950//322 
f 24//21 4675//1532 7005//1320 
f 5922//1321 7005//1320 4675//1532 
f 7056//1442 7057//295 6969//295 
f 6982//296 6969//295 7057//295 
f 68//39 8//6 4//3 
f 5//4 4//3 8//6 
f 595//567 2274//32 1386//18 
f 659//13 2274//2 595//2 
f 7053//3 6960//3 571//3 
f 571//54 6960//29 209//29 
f 88//6 143//6 229//31 
f 229//54 143//54 142//54 
f 3271//1017 5909//156 6980//1946 
f 6961//108 6980//1946 5909//156 
f 571//3 1183//3 7053//3 
f 7053//29 1183//54 1182//54 
f 1186//32 7021//17 7020//17 
f 6951//6 7021//3 1186//3 
f 6910//772 6919//2934 2752//770 
f 4493//1444 2752//770 6919//2934 
f 5427//1918 3364//1073 6926//1074 
f 6943//1185 6926//1074 3364//1073 
f 7061//296 4045//1321 7063//1321 
f 6834//1532 7063//1321 4045//1321 
f 768//2 2338//13 1145//2 
f 296//29 2338//29 768//29 
f 1145//2 769//1 768//2 
f 773//138 769//32 1145//138 
f 5880//40 7104//1878 5879//2173 
f 7106//2960 5879//2173 7104//1878 
f 6985//646 6984//1533 7091//1390 
f 7094//1392 7091//1390 6984//1533 
f 7116//2961 7107//900 7117//832 
f 7105//833 7117//832 7107//900 
f 6090//40 1614//40 17//14 
f 5682//1878 1614//40 6090//40 
f 7091//1390 7080//2954 6985//646 
f 6997//648 6985//646 7080//2954 
f 6980//1946 6981//1016 3271//1017 
f 7083//2955 3271//1017 6981//1016 
f 238//54 230//54 228//54 
f 57//6 230//6 238//31 
f 7099//1064 7094//1392 6992//1391 
f 6984//1533 6992//1391 7094//1392 
f 5608//2010 1533//431 1871//431 
f 2863//879 1871//431 1533//431 
f 5965//1460 7047//2935 3916//1244 
f 562//107 3916//1244 7047//2935 
f 5493//771 2753//770 7050//2934 
f 7054//1443 7050//2934 2753//770 
f 7088//2956 7118//543 7086//142 
f 7119//143 7086//142 7118//543 
f 1871//431 5607//2010 5608//2010 
f 3807//1186 5608//2010 5607//2010 
f 5607//2010 3810//1186 3807//1186 
f 3808//1185 3807//1186 3810//1186 
f 6992//1391 6977//386 7099//1064 
f 7103//2959 7099//1064 6977//386 
f 7092//2501 7083//2955 6979//1015 
f 6981//1016 6979//1015 7083//2955 
f 4073//1 1827//2 794//13 
f 1827//408 4073//408 1828//407 
f 7015//20 33//19 54//35 
f 149//216 54//35 33//19 
f 433//213 1278//27 30//27 
f 36//30 30//27 1278//27 
f 2584//768 417//90 6924//89 
f 6925//1918 6924//89 417//90 
f 357//3 356//3 121//3 
f 122//32 121//32 356//32 
f 45//32 6896//32 235//32 
f 215//3 235//3 6896//3 
f 7019//2733 7018//1544 4705//1544 
f 4955//1543 4705//1544 7018//1544 
f 882//2 1619//2 170//2 
f 1620//62 1619//62 882//62 
f 7115//1147 474//91 7114//2185 
f 476//93 7114//2185 474//91 
f 2311//647 6344//2501 6158//2362 
f 4603//1015 6158//2362 6344//2501 
f 4046//1322 5914//2187 1383//296 
f 1536//339 1383//296 5914//2187 
f 1383//296 5922//1321 4046//1322 
f 4675//1532 4046//1322 5922//1321 
f 7059//1243 7048//1244 6936//2935 
f 6962//1460 6936//2935 7048//1244 
f 6899//20 4101//1351 34//19 
f 723//216 34//19 4101//1351 
f 6969//295 6942//1442 7056//1442 
f 7051//1444 7056//1442 6942//1442 
f 7005//1320 7015//20 24//21 
f 54//35 24//21 7015//20 
f 7112//1924 1481//323 6903//323 
f 6904//322 6903//323 1481//323 
f 153//212 29//26 63//36 
f 7100//25 63//36 29//26 
f 6937//88 6974//769 2585//769 
f 6108//2308 2585//769 6974//769 
f 104//51 46//51 211//51 
f 46//13 48//1 211//1 
f 16//13 1491//2 1490//1 
f 1490//1 6952//40 16//13 
f 7120//1413 7121//1415 7122//1414 
f 7123//144 7122//1414 7121//1415 
f 37//7 273//2 38//2 
f 273//32 37//32 90//32 
f 6938//1086 6939//1087 3392//1087 
f 5405//1184 3392//1087 6939//1087 
f 6975//1184 6953//1903 5406//1903 
f 2141//581 5406//1903 6953//1903 
f 20//2 583//2 1770//2 
f 583//17 20//17 19//16 
f 6923//1946 6921//108 564//109 
f 3914//1243 564//109 6921//108 
f 2593//1074 3808//1185 3809//1185 
f 3810//1186 3809//1185 3808//1185 
f 4878//1633 26//23 477//24 
f 478//22 477//24 26//23 
f 3089//322 7096//1434 5921//1435 
f 7124//1211 5921//1435 7096//1434 
f 7109//957 7113//294 7110//293 
f 7112//1924 7110//293 7113//294 
f 7096//1434 7097//1433 7124//1211 
f 7100//25 7124//1211 7097//1433 
f 7121//1415 7119//143 7123//144 
f 7118//543 7123//144 7119//143 
f 2867//880 4900//1657 4899//1657 
f 4640//1511 4899//1657 4900//1657 
f 4875//1051 3860//1050 5582//1050 
f 5226//1872 5582//1050 3860//1050 
f 7022//1883 7000//245 1239//245 
f 2937//244 1239//245 7000//245 
f 5909//156 7069//109 6961//108 
f 6935//107 6961//108 7069//109 
f 6987//1543 6986//225 1169//225 
f 1170//226 1169//225 6986//225 
f 7026//2732 7025//242 1234//242 
f 1235//243 1234//242 7025//242 
f 688//51 741//51 47//51 
f 741//3 688//3 1772//3 
f 336//62 207//62 572//61 
f 572//1 207//2 210//1 
f 7063//1321 6982//296 7061//296 
f 7057//295 7061//296 6982//296 
f 23//20 22//19 4721//1555 
f 125//28 4721//1555 22//19 
f 96//13 7071//1 47//2 
f 286//29 7071//22 96//29 
f 7014//1882 7022//1883 5238//1883 
f 1239//245 5238//1883 7022//1883 
f 7108//45 7102//2958 6993//38 
f 6976//387 6993//38 7102//2958 
f 177//1 176//1 271//1 
f 271//32 176//32 179//32 
f 223//18 7072//18 219//18 
f 223//7 39//1 7072//1 
f 7002//1870 7024//1871 5221//1871 
f 3329//1052 5221//1871 7024//1871 
f 5238//1883 5237//1882 7014//1882 
f 7013//1155 7014//1882 5237//1882 
f 5429//732 1170//226 7011//226 
f 6986//225 7011//226 1170//226 
f 7010//732 6988//1919 5430//1919 
f 3391//1086 5430//1919 6988//1919 
f 208//2 159//2 161//2 
f 160//54 159//54 208//54 
f 7122//1414 7116//2961 7120//1413 
f 7117//832 7120//1413 7116//2961 
f 241//54 237//54 145//54 
f 41//6 237//6 241//6 
f 3626//1147 3625//1146 6917//1146 
f 6918//92 6917//1146 3625//1146 
f 7011//226 7010//732 5429//732 
f 5430//1919 5429//732 7010//732 
f 215//3 106//3 105//3 
f 6896//3 106//3 215//3 
f 7028//1156 7013//1155 4120//1155 
f 5237//1882 4120//1155 7013//1155 
f 7102//2958 7103//2959 6976//387 
f 6977//386 6976//387 7103//2959 
f 7038//1053 7037//2365 6164//2365 
f 2451//39 6164//2365 7037//2365 
f 768//29 790//29 296//29 
f 296//6 790//3 773//6 
f 675//52 291//52 2914//52 
f 675//893 2914//7 1621//895 
f 6344//2501 2311//647 6928//648 
f 6983//646 6928//648 2311//647 
f 3320//1050 5225//1872 6990//1872 
f 6967//465 6990//1872 5225//1872 
f 27//24 6163//1633 7036//1633 
f 6998//1051 7036//1633 6163//1633 
f 8//6 403//4 5//4 
f 73//41 5//4 403//4 
f 6809//41 7028//1156 3649//1156 
f 4120//1155 3649//1156 7028//1156 
f 706//142 6347//1705 7034//1705 
f 7030//1147 7034//1705 6347//1705 
f 7018//1544 6987//1543 4955//1543 
f 1169//225 4955//1543 6987//1543 
f 3392//1087 3391//1086 6938//1086 
f 6988//1919 6938//1086 3391//1086 
f 1770//2 1188//1 20//2 
f 1188//138 1770//18 1769//32 
f 563//108 562//107 7046//107 
f 7047//2935 7046//107 562//107 
f 193//5 7082//31 1457//317 
f 2071//539 7082//31 193//5 
f 6164//2365 3330//1053 7038//1053 
f 7017//1052 7038//1053 3330//1053 
f 3330//1053 3329//1052 7017//1052 
f 7024//1871 7017//1052 3329//1052 
f 7066//293 7062//1924 5437//1924 
f 3088//323 5437//1924 7062//1924 
f 7110//293 7112//1924 6908//1924 
f 6903//323 6908//1924 7112//1924 
f 7037//2365 68//39 2451//39 
f 4//3 2451//39 68//39 
f 7108//45 1489//37 10//7 
f 6993//38 1489//37 7108//45 
f 3649//1156 73//41 6809//41 
f 403//4 6809//41 73//41 
f 6974//769 6973//2019 6108//2308 
f 4513//1454 6108//2308 6973//2019 
f 227//5 357//3 100//3 
f 121//3 100//3 357//3 
f 7023//1581 6918//92 5907//92 
f 3625//1146 5907//92 6918//92 
f 6901//412 7023//1581 4768//1581 
f 5907//92 4768//1581 7023//1581 
f 7040//833 7042//1878 5682//1878 
f 1614//40 5682//1878 7042//1878 
f 5221//1871 5220//1870 7002//1870 
f 7001//243 7002//1870 5220//1870 
f 2058//52 291//52 674//52 
f 2436//742 2058//2923 674//892 
f 91//6 41//6 277//6 
f 241//6 277//6 41//6 
f 6939//1087 6975//1184 5405//1184 
f 5406//1903 5405//1184 6975//1184 
f 6968//1015 6911//1016 5913//1016 
f 800//156 5913//1016 6911//1016 
f 6990//1872 6991//1050 3320//1050 
f 3321//1051 3320//1050 6991//1050 
f 6991//1050 6998//1051 3321//1051 
f 6163//1633 3321//1051 6998//1051 
f 1533//431 2868//879 2863//879 
f 2864//880 2863//879 2868//879 
f 7042//1878 317//40 1614//40 
f 316//1 1614//40 317//40 
f 4491//1442 1536//339 7060//339 
f 5914//2187 7060//339 1536//339 
f 475//92 7065//1581 5966//1580 
f 7111//413 5966//1580 7065//1581 
f 4900//1657 4723//1511 4640//1511 
f 6351//2504 4640//1511 4723//1511 
f 4899//1657 2864//880 2867//880 
f 2868//879 2867//880 2864//880 
f 5582//1050 3322//1051 4875//1051 
f 4876//1633 4875//1051 3322//1051 
f 5632//1086 3393//1087 3804//1087 
f 1374//1184 3804//1087 3393//1087 
f 308//60 1493//60 1492//60 
f 565//6 1492//6 1493//6 
f 515//3 1240//3 194//3 
f 300//59 194//60 1240//59 
f 7046//107 7058//108 563//108 
f 5491//1946 563//108 7058//108 
f 55//31 57//6 40//31 
f 238//31 40//31 57//6 
f 3178//968 4505//1450 7074//1450 
f 7085//1449 7074//1450 4505//1450 
f 478//1 25//1 1427//1 
f 26//23 25//22 478//22 
f 7036//1633 7064//24 27//24 
f 35//29 27//24 7064//24 
f 7045//1415 7044//1413 4666//1413 
f 2763//832 4666//1413 7044//1413 
f 475//92 474//91 6966//91 
f 6989//1147 6966//91 474//91 
f 3177//411 3176//412 6957//412 
f 6956//1581 6957//412 3176//412 
f 1376//293 1375//292 7067//292 
f 7070//1558 7067//292 1375//292 
f 7067//292 7066//293 1376//293 
f 5437//1924 1376//293 7066//293 
f 3089//322 3088//323 6949//323 
f 7062//1924 6949//323 3088//323 
f 4602//1016 5491//1946 7068//1946 
f 7058//108 7068//1946 5491//1946 
f 1837//412 1836//411 6902//411 
f 6907//1451 6902//411 1836//411 
f 239//29 150//29 156//29 
f 331//22 150//22 239//22 
f 4045//1321 4044//1320 6834//1532 
f 4720//1554 6834//1532 4044//1320 
f 6904//322 7006//1434 4481//1434 
f 4482//1433 4481//1434 7006//1434 
f 7009//387 6972//386 3358//1064 
f 4161//1392 3358//1064 6972//386 
f 81//45 7039//38 65//38 
f 1730//387 65//38 7039//38 
f 7039//38 7009//387 1730//387 
f 3358//1064 1730//387 7009//387 
f 6970//1391 6971//1533 4679//1533 
f 2310//646 4679//1533 6971//1533 
f 5220//1870 1235//243 7001//243 
f 7025//242 7001//243 1235//243 
f 6928//648 6927//2362 6344//2501 
f 4604//1015 6344//2501 6927//2362 
f 211//1 48//1 209//1 
f 209//29 48//54 571//54 
f 10//7 1491//2 2//2 
f 1491//2 3//1 2//2 
f 6964//1456 7026//2732 6683//2732 
f 1234//242 6683//2732 7026//2732 
f 568//18 38//18 275//17 
f 275//2 38//2 273//2 
f 6917//1146 7030//1147 3626//1147 
f 6347//1705 3626//1147 7030//1147 
f 206//65 6599//2650 500//764 
f 500//99 6599//157 1472//321 
f 1384//2 6447//1 1385//1 
f 1385//567 6447//2478 3677//2478 
f 6995//833 6994//832 7117//832 
f 7120//1413 7117//832 6994//832 
f 4666//1413 4438//1415 7045//1415 
f 7032//143 7045//1415 4438//1415 
f 2056//894 293//890 133//782 
f 293//73 2056//52 291//52 
f 6953//1903 6954//581 2141//581 
f 1956//466 2141//581 6954//581 
f 6954//581 6959//466 1956//466 
f 5224//465 1956//466 6959//466 
f 6959//466 6967//465 5224//465 
f 5225//1872 5224//465 6967//465 
f 5913//1016 4604//1015 6968//1015 
f 6927//2362 6968//1015 4604//1015 
f 6683//2732 4514//1455 6964//1456 
f 6963//1541 6964//1456 4514//1455 
f 4514//1455 4513//1454 6963//1541 
f 6973//2019 6963//1541 4513//1454 
f 2585//769 2584//768 6937//88 
f 6924//89 6937//88 2584//768 
f 2753//770 4492//1443 7054//1443 
f 7055//2937 7054//1443 4492//1443 
f 4638//1509 31//16 7052//16 
f 7052//16 31//16 21//18 
f 3916//1244 4524//1460 5965//1460 
f 2592//772 5965//1460 4524//1460 
f 7122//1414 7123//144 708//144 
f 2081//543 708//144 7123//144 
f 7123//144 7118//543 2081//543 
f 4953//1705 2081//543 7118//543 
f 1838//413 4767//1580 5966//1580 
f 476//93 5966//1580 4767//1580 
f 5966//1580 7111//413 1838//413 
f 7073//968 1838//413 7111//413 
f 7111//413 3178//968 7073//968 
f 7074//1450 7073//968 3178//968 
f 4505//1450 4504//1449 7085//1449 
f 7109//957 7085//1449 4504//1449 
f 1377//294 5436//1923 5939//1923 
f 1482//324 5939//1923 5436//1923 
f 7068//1946 3270//1016 4602//1016 
f 4603//1015 4602//1016 3270//1016 
f 6994//832 6996//1413 7120//1413 
f 7121//1415 7120//1413 6996//1413 
f 4438//1415 707//143 7032//143 
f 7033//142 7032//143 707//143 
f 7034//1705 7033//142 706//142 
f 707//143 706//142 7033//142 
f 6999//244 7019//2733 6685//2733 
f 4705//1544 6685//2733 7019//2733 
f 4768//1581 1837//412 6901//412 
f 6902//411 6901//412 1837//412 
f 6905//1558 6907//1451 7075//1451 
f 1836//411 7075//1451 6907//1451 
f 1278//27 4023//30 36//30 
f 4477//1433 36//30 4023//30 
f 753//1 3951//1 6810//2 
f 6810//2812 3951//1267 4986//1267 
f 6814//2814 1911//447 6264//447 
f 749//2 1911//2 6814//1 
f 2764//833 2763//832 7041//832 
f 7044//1413 7041//832 2763//832 
f 6446//1 1471//1 1389//2 
f 1471//556 6446//2478 6317//2478 
f 6813//2814 1915//868 5398//868 
f 1915//2 6813//2 1396//2 
f 6972//386 6970//1391 4161//1392 
f 4679//1533 4161//1392 6970//1391 
f 7117//832 7105//833 6995//833 
f 7043//1878 6995//833 7105//833 
f 168//37 66//38 7101//38 
f 7098//387 7101//38 66//38 
f 2108//556 2269//32 1387//32 
f 2269//1 2108//1 702//13 
f 3627//1147 4953//1705 7088//2956 
f 7118//543 7088//2956 4953//1705 
f 7115//1147 7087//1705 7003//1705 
f 7008//142 7003//1705 7087//1705 
f 7086//142 7119//143 7012//143 
f 7027//1415 7012//143 7119//143 
f 7012//143 7008//142 7086//142 
f 7087//1705 7086//142 7008//142 
f 97//22 503//22 224//22 
f 503//13 97//7 47//2 
f 1192//2812 1058//728 2929//728 
f 1191//1 1058//1 1192//1 
f 72//40 5879//2173 5233//1878 
f 2765//833 5233//1878 5879//2173 
f 55//31 88//6 56//31 
f 229//31 56//31 88//6 
f 7116//2961 7122//1414 4437//1414 
f 708//144 4437//1414 7122//1414 
f 86//7 263//2 37//7 
f 263//18 86//18 261//18 
f 7095//386 7098//387 1729//387 
f 66//38 1729//387 7098//387 
f 5879//2173 7106//2960 2765//833 
f 2924//900 2765//833 7106//2960 
f 3660//2473 510//556 6309//556 
f 510//1 3660//1 511//1 
f 7119//143 7121//1415 7027//1415 
f 6996//1413 7027//1415 7121//1415 
f 7101//38 6435//37 168//37 
f 168//37 6435//37 12//9 
f 6952//40 5880//40 16//13 
f 7104//1878 5880//40 6952//40 
f 7088//2956 7089//2957 3627//1147 
f 5908//2185 3627//1147 7089//2957 
f 4767//1580 4766//93 476//93 
f 7114//2185 476//93 4766//93 
f 6952//40 7043//1878 7104//1878 
f 7105//833 7104//1878 7043//1878 
f 4159//1390 2623//646 7079//646 
f 7093//648 7079//646 2623//646 
f 755//1 6811//1 756//1 
f 6811//2813 755//710 1811//710 
f 19//16 6351//2504 6350//2504 
f 4723//1511 6350//2504 6351//2504 
f 6309//1 2250//1 2655//1 
f 2250//32 6309//556 510//556 
f 6158//2362 4603//1015 3269//1015 
f 3270//1016 3269//1015 4603//1015 
f 517//1146 516//92 6965//92 
f 6956//1581 6965//92 516//92 
f 7006//1434 6904//322 1480//322 
f 1481//323 1480//322 6904//322 
f 1482//324 5915//946 1480//322 
f 4478//1434 1480//322 5915//946 
f 1955//466 1954//465 1958//465 
f 5412//1872 1958//465 1954//465 
f 1958//465 1957//466 1955//466 
f 5616//581 1955//466 1957//466 
f 5620//1918 2593//1074 3365//1074 
f 3809//1185 3365//1074 2593//1074 
f 5617//1903 1374//1184 3805//1184 
f 3393//1087 3805//1184 1374//1184 
f 3805//1184 5407//1903 5617//1903 
f 5439//581 5617//1903 5407//1903 
f 5431//1919 5632//1086 4729//1086 
f 3804//1087 4729//1086 5632//1086 
f 72//40 6090//40 17//14 
f 5233//1878 6090//40 72//40 
f 1728//386 4160//1391 7090//1391 
f 7078//1533 7090//1391 4160//1391 
f 4436//1413 2924//900 7107//900 
f 7106//2960 7107//900 2924//900 
f 7089//2957 7114//2185 5908//2185 
f 4766//93 5908//2185 7114//2185 
f 4524//1460 5493//771 2592//772 
f 7050//2934 2592//772 5493//771 
f 6812//2813 2655//2813 2837//2813 
f 6309//1 2655//1 6812//1 
f 7093//648 6159//2362 7092//2501 
f 7083//2955 7092//2501 6159//2362 
f 5436//1923 5435//324 1482//324 
f 5915//946 1482//324 5435//324 
f 156//22 155//22 240//22 
f 240//29 155//29 936//29 
f 5921//1435 7124//1211 3857//1211 
f 28//25 3857//1211 7124//1211 
f 6965//92 6956//1581 7065//1581 
f 3176//412 7065//1581 6956//1581 
f 6957//412 6958//411 3177//411 
f 4506//1451 3177//411 6958//411 
f 6685//2733 2937//244 6999//244 
f 7000//245 6999//244 2937//244 
f 1375//292 4726//1558 7070//1558 
f 7077//1451 7070//1558 4726//1558 
f 7076//1558 7084//292 6906//292 
f 6909//293 6906//292 7084//292 
f 6908//1924 6909//293 7110//293 
f 7084//292 7110//293 6909//293 
f 65//38 64//37 81//45 
f 81//45 64//37 12//9 
f 367//3 709//3 364//5 
f 364//5 709//3 6895//3 
f 5682//1878 2764//833 7040//833 
f 7041//832 7040//833 2764//833 
f 1729//387 1728//386 7095//386 
f 7090//1391 7095//386 1728//386 
f 4437//1414 4436//1413 7116//2961 
f 7107//900 7116//2961 4436//1413 
f 6971//1533 6983//646 2310//646 
f 2311//647 2310//646 6983//646 
f 6159//2362 7093//648 2312//648 
f 2623//646 2312//648 7093//648 
f 7003//1705 6989//1147 7115//1147 
f 474//91 7115//1147 6989//1147 
f 4160//1391 4159//1390 7078//1533 
f 7079//646 7078//1533 4159//1390 
f 5435//324 3090//946 5915//946 
f 4479//1435 5915//946 3090//946 
f 5939//1923 7113//294 1377//294 
f 3160//957 1377//294 7113//294 
f 6958//411 7077//1451 4506//1451 
f 4726//1558 4506//1451 7077//1451 
f 7075//1451 7076//1558 6905//1558 
f 6906//292 6905//1558 7076//1558 
f 4478//1434 4477//1433 7007//1433 
f 4023//30 7007//1433 4477//1433 
f 3322//1051 4878//1633 4876//1633 
f 477//24 4876//1633 4878//1633 
f 1954//465 5226//1872 5412//1872 
f 3860//1050 5412//1872 5226//1872 
f 5407//1903 5616//581 5439//581 
f 1957//466 5439//581 5616//581 
f 4504//1449 3160//957 7109//957 
f 7113//294 7109//957 3160//957 
f 3090//946 5921//1435 4479//1435 
f 3857//1211 4479//1435 5921//1435 
f 29//26 28//25 7100//25 
f 7124//1211 7100//25 28//25 
f 236//18 151//18 325//18 
f 942//18 151//18 236//18 
f 126//22 245//22 144//22 
f 245//29 126//29 331//29 
f 325//18 163//18 244//18 
f 244//18 163//18 322//18 
f 120//18 248//18 123//18 
f 322//18 123//18 248//18 
f 1249//29 1248//29 456//29 
f 3537//29 1249//29 456//29 
f 5314//18 472//18 1685//18 
f 3109//18 472//18 5314//18 
f 1352//18 467//18 1353//18 
f 3597//18 467//18 1352//18 
f 1338//18 430//18 1339//18 
f 3594//18 430//18 1338//18 
f 5296//18 427//18 1660//18 
f 3127//18 427//18 5296//18 
f 1741//29 4264//29 463//29 
f 2232//29 1741//29 463//29 
f 4319//18 436//18 1791//18 
f 4318//18 436//18 4319//18 
f 1342//29 1341//29 423//29 
f 3586//29 1342//29 423//29 
f 1678//18 450//18 3747//18 
f 1677//18 450//18 1678//18 
f 3545//29 1244//29 446//29 
f 3496//29 3545//29 446//29 
f 4341//29 1788//29 420//29 
f 1788//29 3589//29 420//29 
f 1261//29 1553//29 440//29 
f 1262//29 1261//29 440//29 
f 6893//62 6594//62 1776//62 
f 6614//62 6893//62 1776//62 
# 14244 faces

